
/------------------------------------------------------------------------------------------\
BigWorld World Editor  (compiled at Oct  9 2010 at 05:55:08)starting on 04/20/16 20:42:24

INFO: Registering factory for binding
INFO: Registering factory for entity
INFO: Registering factory for flare
INFO: Registering factory for directionalLight
INFO: Registering factory for omniLight
INFO: Registering factory for spotLight
INFO: Registering factory for pulseLight
INFO: Registering factory for ambientLight
INFO: Registering factory for marker
INFO: Registering factory for marker_cluster
INFO: Registering factory for metaData
INFO: Registering factory for model
INFO: Registering factory for shell
INFO: Registering factory for particles
INFO: Registering factory for station
INFO: Registering factory for speedtree
INFO: Registering factory for UserDataObject
INFO: Registering factory for vlo
INFO: Registering factory for water
INFO: Registering factory for particles
INFO: AnimationChannel: registered type 5
INFO: AnimationChannel: registered type 0
INFO: AnimationChannel: registered type 1
INFO: AnimationChannel: registered type 3
INFO: AnimationChannel: registered type 4
INFO: AnimationChannel: registered type 7
INFO: AnimationChannel: registered type 2
INFO: AnimationChannel: registered type 6
INFO: Registering factory for terrain
INFO: Registering factory for vlo
INFO: Registering factory for flare
INFO: Registering factory for directionalLight
INFO: Registering factory for omniLight
INFO: Registering factory for spotLight
INFO: Registering factory for pulseLight
INFO: Registering factory for ambientLight
INFO: Registering factory for station
INFO: Registering factory for speedtree
INFO: Registering factory for model
INFO: Registering factory for shell
INFO: Registering factory for binding
INFO: Registering factory for marker
INFO: Registering factory for marker_cluster
INFO: Registering factory for overlapper
INFO: Registering factory for PyPhase
INFO: Registering factory for PyFilterQuad
INFO: Registering factory for PyCopyBackBuffer
INFO: Registering factory for PyVisualTransferMesh
INFO: Registering factory for PyPointSpriteTransferMesh
INFO: Registering factory for PyTransferQuad
INFO: Registering factory for flora
DEBUG: Loading.. E:/My data/BigWorld2.0/BigWorld/bwart/bigworld/tools/worldeditor/paths.xml
INFO: Added res path: "E:/My data/BigWorld2.0/BigWorld/bwart/fantasydemo/res" (from paths.xml).
INFO: Added res path: "E:/My data/BigWorld2.0/BigWorld/bwart/bigworld/res" (from paths.xml).
INFO: BWResource::initCommon: Version is 2.0.1
INFO: Options file is E:\My data\BigWorld2.0\BigWorld\bwart\bigworld\tools\worldeditor\options.xml
TRACE: DataResource::load: E:\My data\BigWorld2.0\BigWorld\bwart\bigworld\tools\worldeditor\options.xml
INFO: Added res path: "E:/My data/BigWorld2.0/BigWorld/bwart/bigworld/tools/worldeditor"
DEBUG: Joystick::init: Joystick not found
INFO: InputDevices::InputDevices: Joystick failed to initialise
INFO: GraphicsSetting::init - autodetection succeeded
INFO: This adapter supports A8R8G8B8 back buffers
INFO: RenderContext::createDevice - available texture memory after create: 1866465280
DEBUG: Moo: Changed mode: 1276 614
DEBUG: EffectManager::addIncludePaths - adding include path shaders/std_effects/
DEBUG: EffectManager::addIncludePaths - adding include path shaders/terrain/
INFO: Material Kinds loaded from system/data/material_kinds.xml
INFO: Created Font Texture Map system_tiny.font.dds [512 x 32]
INFO: Created Font Texture Map system_small.font.dds [512 x 32]
INFO: Created Font Texture Map system_medium.font.dds [512 x 32]
INFO: Created Font Texture Map system_large.font.dds [512 x 32]
INFO: Real path is E:/My data/BigWorld2.0/BigWorld/bwart/fantasydemo/res/audio\
INFO: SoundManager::initialise: Loaded sound project fd_sound
INFO: SoundManager::initialise: Starting preload of sound bank main
TRACE: TextureManager : write DDS helpers/maps/col_red.dds
TRACE: TextureManager : write DDS helpers/maps/system/col_red.dds
TRACE: TextureManager : write DDS helpers/maps/col_orange.dds
INFO: FixedDictDataType::setCustomClassFunctions: AuctionDataTypes.auctionDataInstance
INFO: FixedDictDataType::setCustomClassFunctions: AuctionDataTypes.auctionsDataInstance
INFO: EntityDescription::parseProperties: property Guard.health is being overridden.
INFO: EntityDescription::parseProperties: property Guard.maxHealth is being overridden.
INFO: Highest exposed counts:
INFO: 	Avatar: client top-level property count = 21. Efficient to 61 (limit is 256)
INFO: 	Avatar: client method count = 49. Efficient to 62 (limit is 15872)
INFO: 	Avatar: base method count = 20. Efficient to 62 (limit is 15872)
INFO: 	Avatar: cell method count = 36. Efficient to 62 (limit is 15872)
INFO: 
INFO: EditorEntityType constructor - Importing editor entity scripts
INFO: EditorEntityType - no editor script found for Account
INFO: EditorEntityType - no editor script found for AuctionHouse
INFO: EditorEntityType - no editor script found for Avatar
INFO: EditorEntityType - no editor script found for Button
INFO: EditorEntityType - no editor script found for Fog
INFO: EditorEntityType - no editor script found for IndoorMapInfo
INFO: EditorEntityType - no editor script found for LightGuard
INFO: EditorEntityType - no editor script found for RespawnManager
INFO: EditorEntityType - no editor script found for Reverb
INFO: EditorEntityType - no editor script found for SoundEmitter
INFO: EditorEntityType - no editor script found for TED
INFO: EditorEntityType - no editor script found for TradingSupervisor
INFO: EditorEntityType - no editor script found for VehicleExample
INFO: EditorEntityType - no editor script found for XMPPEventNotifier
INFO: UserDataObjectDescription::parseProperties: property testItem.testOverrideProperty is being overridden.
INFO: EditorUserDataObjectType constructor - Importing editor UserDataObject scripts
ERROR: 082686E0
INFO: Flora::vbSize - reduced memory usage to 4987500, due to alignment requirements
INFO: Flora::vbSize - 133 triangles per flora block
INFO: Flora::vbSize - 4870 KB used for vertex buffer
INFO: FloraTexture::init - texture(8192,256), blocks(16,1), blocksize(512,256)
DEBUG: ChunkSpace::addMapping: Adding spaces/highlands at (0.000000,0.000000,0.000000) xaxis (1.000000,0.000000,0.000000) to space 1
TRACE: ChunkManager::autoBootstrapSeedChunk: seed chunk NULL so starting search
INFO: Initialising SimulationManager
DEBUG: cloud map darkness 0.65
INFO: Created Font Texture Map default_medium.font.dds [512 x 32]
TRACE: TextureManager : write DDS resources/maps/gui/3d_wait2.dds
SCRIPT: PostProcessing.init()
TRACE: TextureManager : write DDS resources/materials/flare_halo.dds
TRACE: TextureManager : write DDS resources/maps/gizmo/quads.dds
TRACE: DataResource::load: resources/data/terrain_paint_strengths.xml
TRACE: TextureManager : write DDS resources/maps/gizmo/alphatool.dds
TRACE: TextureManager : write DDS resources/maps/gizmo/heighttool.dds
TRACE: TextureManager : write DDS resources/maps/gizmo/filtertool.dds
TRACE: TextureManager : write DDS resources/maps/gizmo/pointer.dds
TRACE: TextureManager : write DDS resources/maps/gizmo/freepointer.dds
TRACE: TextureManager : write DDS helpers/maps/dashed_line.dds
INFO: Created Font Texture Map default_small.font.dds [512 x 32]
ACTION: 0824E930
ACTION: 082D90E0
INFO: Flora::vbSize - reduced memory usage to 4987500, due to alignment requirements
INFO: Flora::vbSize - 133 triangles per flora block
INFO: Flora::vbSize - 4870 KB used for vertex buffer
DEBUG: PythonAdapter was loaded correctly
INFO: EntityDescription::parseProperties: property Guard.health is being overridden.
INFO: EntityDescription::parseProperties: property Guard.maxHealth is being overridden.
INFO: Highest exposed counts:
INFO: 	Avatar: client top-level property count = 21. Efficient to 61 (limit is 256)
INFO: 	Avatar: client method count = 49. Efficient to 62 (limit is 15872)
INFO: 	Avatar: base method count = 20. Efficient to 62 (limit is 15872)
INFO: 	Avatar: cell method count = 36. Efficient to 62 (limit is 15872)
INFO: 
INFO: UserDataObjectDescription::parseProperties: property testItem.testOverrideProperty is being overridden.
TRACE: TextureManager : write DDS resources/maps/gizmo/chunktextures.dds
INFO: This adapter supports A8R8G8B8 back buffers
INFO: RenderContext::changeMode - trying to reset 
INFO: RenderContext::changeMode - available texture memory after reset: 1870659584
DEBUG: Moo: Changed mode: 971 550
INFO: Flora::vbSize - reduced memory usage to 4987500, due to alignment requirements
INFO: Flora::vbSize - 133 triangles per flora block
INFO: Flora::vbSize - 4870 KB used for vertex buffer
INFO: SoundManager::registerSoundBank: Sound bank 'main' registered successfully
INFO: ZAttenuationOccluder - sharing PostProcessing render target
TRACE: ChunkManager::autoBootstrapSeedChunk: seed chunk determined: 00000000o
TRACE: ChunkManager::autoBootstrapSeedChunk: seed chunk submitted for loading
SCRIPT: PostProcessing: computeBuffer1 (121 x 68)
SCRIPT: PostProcessing: computeBuffer2 (121 x 68)
SCRIPT: PostProcessing: backBufferCopy (971 x 550)
SCRIPT: PostProcessing: downSample1 (485 x 275)
SCRIPT: PostProcessing: downSample3 (121 x 68)
SCRIPT: PostProcessing: downSample2 (242 x 137)
SCRIPT: PostProcessing: total memory used by default RenderTargets : 5.53 MB
INFO: No node selected
TRACE: deleting tree type 
ERROR: 08261358
CRITICAL: 030C7250
TRACE: deleting tree type 
ERROR: 08261358
CRITICAL: 08261358
TRACE: deleting tree type 
ERROR: 030C7250
CRITICAL: 030C8608
TRACE: deleting tree type 
ERROR: 030C8608
CRITICAL: 030C8608
TRACE: deleting tree type 
ERROR: 08314BB8
CRITICAL: 083158D8
TRACE: deleting tree type 
ERROR: 083158D8
CRITICAL: 08314BB8
TRACE: deleting tree type 
ERROR: 08317AC0
CRITICAL: 08318150
TRACE: deleting tree type 
ERROR: 08318038
CRITICAL: 08317AC0
TRACE: deleting tree type 
ERROR: 08318150
CRITICAL: 083186C8
TRACE: deleting tree type 
ERROR: 08314BB8
CRITICAL: 083158D8
TRACE: deleting tree type 
ERROR: 08315130
CRITICAL: 08315248
TRACE: deleting tree type 
ERROR: 083158D8
CRITICAL: 08315478
TRACE: deleting tree type 
ERROR: 08315478
CRITICAL: 08314DE8
TRACE: deleting tree type 
ERROR: 08314DE8
CRITICAL: 0831B838
TRACE: deleting tree type 
ERROR: 0831BFE0
CRITICAL: 0831A370
TRACE: deleting tree type 
ERROR: 0831D610
CRITICAL: 0831D610
TRACE: deleting tree type 
ERROR: 0831D6E0
CRITICAL: 0831DC50
TRACE: deleting tree type 
ERROR: 0831DC50
CRITICAL: 0831DC50
TRACE: deleting tree type 
ERROR: 0831DC50
CRITICAL: 0831DC50
TRACE: deleting tree type 
ERROR: 0831DC50
CRITICAL: 0831DC50
TRACE: deleting tree type 
ERROR: 0831DC50
CRITICAL: 08321150
TRACE: deleting tree type 
ERROR: 0831E458
CRITICAL: 0831E458
TRACE: deleting tree type 
ERROR: 0831E458
CRITICAL: 0831D8F0
TRACE: deleting tree type 
ERROR: 0831E458
CRITICAL: 0831E458
TRACE: deleting tree type 
ERROR: 083251E8
CRITICAL: 08325920
TRACE: deleting tree type 
ERROR: 08325818
CRITICAL: 08325500
TRACE: deleting tree type 
ERROR: 083222A8
CRITICAL: 08322998
TRACE: deleting tree type 
ERROR: 0831F870
CRITICAL: 0831E808
TRACE: deleting tree type 
ERROR: 0831F1E0
CRITICAL: 0831F988
TRACE: ChunkManager::autoBootstrapSeedChunk: seed chunk NULL so starting search
TRACE: TextureManager : write DDS sets/temperate/props/map/fd_s_rock_smooth_large_dif.dds
TRACE: TextureManager : write DDS sets/temperate/props/map/fd_s_rock_smooth_large_norms.dds
TRACE: TextureManager : write DDS sets/temperate/props/map/fd_s_rock_smooth_large_spec.dds
TRACE: TextureManager : write DDS sets/temperate/props/map/fd_s_rock_sharp_high_dif.dds
TRACE: TextureManager : write DDS sets/temperate/props/map/fd_s_rock_sharp_high_norms.dds
TRACE: TextureManager : write DDS sets/temperate/props/map/fd_s_rock_sharp_high_spec.dds
TRACE: TextureManager : write DDS sets/temperate/props/map/fd_s_rock_sharp_medium_dif.dds
TRACE: TextureManager : write DDS sets/temperate/props/map/fd_s_rock_sharp_medium_norms.dds
TRACE: TextureManager : write DDS sets/temperate/props/map/fd_s_rock_sharp_medium_spec.dds
TRACE: TextureManager : write DDS resources/maps/gizmo/chunkmaxtextures.dds
TRACE: TextureManager : write DDS maps/landscape/hard_rock.dds
TRACE: TextureManager : write DDS maps/landscape/grasslands.dds
TRACE: TextureManager : write DDS maps/landscape/dirt.dds
TRACE: TextureManager : write DDS maps/landscape/rock_sand03.dds
TRACE: TextureManager : write DDS maps/landscape/darken.dds
INFO: UAL Manager - Waiting for the Thumbnail Manager to stop ...

/------------------------------------------------------------------------------------------\
BigWorld World Editor  (compiled at Oct  9 2010 at 05:55:08)starting on 04/20/16 20:43:03

INFO: Registering factory for binding
INFO: Registering factory for entity
INFO: Registering factory for flare
INFO: Registering factory for directionalLight
INFO: Registering factory for omniLight
INFO: Registering factory for spotLight
INFO: Registering factory for pulseLight
INFO: Registering factory for ambientLight
INFO: Registering factory for marker
INFO: Registering factory for marker_cluster
INFO: Registering factory for metaData
INFO: Registering factory for model
INFO: Registering factory for shell
INFO: Registering factory for particles
INFO: Registering factory for station
INFO: Registering factory for speedtree
INFO: Registering factory for UserDataObject
INFO: Registering factory for vlo
INFO: Registering factory for water
INFO: Registering factory for particles
INFO: AnimationChannel: registered type 5
INFO: AnimationChannel: registered type 0
INFO: AnimationChannel: registered type 1
INFO: AnimationChannel: registered type 3
INFO: AnimationChannel: registered type 4
INFO: AnimationChannel: registered type 7
INFO: AnimationChannel: registered type 2
INFO: AnimationChannel: registered type 6
INFO: Registering factory for terrain
INFO: Registering factory for vlo
INFO: Registering factory for flare
INFO: Registering factory for directionalLight
INFO: Registering factory for omniLight
INFO: Registering factory for spotLight
INFO: Registering factory for pulseLight
INFO: Registering factory for ambientLight
INFO: Registering factory for station
INFO: Registering factory for speedtree
INFO: Registering factory for model
INFO: Registering factory for shell
INFO: Registering factory for binding
INFO: Registering factory for marker
INFO: Registering factory for marker_cluster
INFO: Registering factory for overlapper
TRACE: TextureManager : write DDS maps/landscape/lev_drymoss.dds
INFO: UAL Manager - ... Thumbnail Manager stopped
TRACE: BgTaskManager::stopAll: Waiting for threads: 1
TRACE: TextureManager : write DDS maps/landscape/grass_patchy.dds
TRACE: TextureManager : write DDS maps/landscape/lev_grassflowers.dds
TRACE: ChunkLoader: Loaded chunk 'spaces/highlands/00000000o.chunk'
TRACE: BgTaskManager::onThreadFinished: Thread finished. 0 remaining
DEBUG: Calling WorldEditor Destructor
DEBUG: ChunkSpace::clear: Clearing space 1
DEBUG: ChunkSpace::delMapping: Comdemned spaces/highlands/ in space 1
DEBUG: DELETING LIGHT MAP afe8ed8
DEBUG: DELETING LIGHT MAP 31b0a60
WARNING: SimpleGUIComponent: Destroying GUI component before construction or after destruction of SimpleGUI, possible python leak.
INFO: Destroying SimulationManager
INFO: Registering factory for PyPhase
INFO: Registering factory for PyFilterQuad
INFO: Registering factory for PyCopyBackBuffer
INFO: Registering factory for PyVisualTransferMesh
INFO: Registering factory for PyPointSpriteTransferMesh
INFO: Registering factory for PyTransferQuad
INFO: Registering factory for flora
DEBUG: Loading.. E:/My data/BigWorld2.0/BigWorld/bwart/bigworld/tools/worldeditor/paths.xml
INFO: Added res path: "E:/My data/BigWorld2.0/BigWorld/bwart/fantasydemo/res" (from paths.xml).
INFO: Added res path: "E:/My data/BigWorld2.0/BigWorld/bwart/bigworld/res" (from paths.xml).
INFO: BWResource::initCommon: Version is 2.0.1
INFO: Options file is E:\My data\BigWorld2.0\BigWorld\bwart\bigworld\tools\worldeditor\options.xml
TRACE: DataResource::load: E:\My data\BigWorld2.0\BigWorld\bwart\bigworld\tools\worldeditor\options.xml
INFO: Added res path: "E:/My data/BigWorld2.0/BigWorld/bwart/bigworld/tools/worldeditor"
DEBUG: Joystick::init: Joystick not found
INFO: InputDevices::InputDevices: Joystick failed to initialise
INFO: GraphicsSetting::init - the graphics card/driver matches so we don't autodetect settings
INFO: This adapter supports A8R8G8B8 back buffers
INFO: RenderContext::createDevice - available texture memory after create: 1866465280
DEBUG: Moo: Changed mode: 1276 614
DEBUG: EffectManager::addIncludePaths - adding include path shaders/std_effects/
DEBUG: EffectManager::addIncludePaths - adding include path shaders/terrain/
INFO: Material Kinds loaded from system/data/material_kinds.xml
INFO: Created Font Texture Map system_tiny.font.dds [512 x 32]
INFO: Created Font Texture Map system_small.font.dds [512 x 32]
INFO: Created Font Texture Map system_medium.font.dds [512 x 32]
INFO: Created Font Texture Map system_large.font.dds [512 x 32]
INFO: Real path is E:/My data/BigWorld2.0/BigWorld/bwart/fantasydemo/res/audio\
INFO: SoundManager::initialise: Loaded sound project fd_sound
INFO: SoundManager::initialise: Starting preload of sound bank main
INFO: FixedDictDataType::setCustomClassFunctions: AuctionDataTypes.auctionDataInstance
INFO: FixedDictDataType::setCustomClassFunctions: AuctionDataTypes.auctionsDataInstance
INFO: EntityDescription::parseProperties: property Guard.health is being overridden.
INFO: EntityDescription::parseProperties: property Guard.maxHealth is being overridden.
INFO: Highest exposed counts:
INFO: 	Avatar: client top-level property count = 21. Efficient to 61 (limit is 256)
INFO: 	Avatar: client method count = 49. Efficient to 62 (limit is 15872)
INFO: 	Avatar: base method count = 20. Efficient to 62 (limit is 15872)
INFO: 	Avatar: cell method count = 36. Efficient to 62 (limit is 15872)
INFO: 
INFO: EditorEntityType constructor - Importing editor entity scripts
INFO: EditorEntityType - no editor script found for Account
INFO: EditorEntityType - no editor script found for AuctionHouse
INFO: EditorEntityType - no editor script found for Avatar
INFO: EditorEntityType - no editor script found for Button
INFO: EditorEntityType - no editor script found for Fog
INFO: EditorEntityType - no editor script found for IndoorMapInfo
INFO: EditorEntityType - no editor script found for LightGuard
INFO: EditorEntityType - no editor script found for RespawnManager
INFO: EditorEntityType - no editor script found for Reverb
INFO: EditorEntityType - no editor script found for SoundEmitter
INFO: EditorEntityType - no editor script found for TED
INFO: EditorEntityType - no editor script found for TradingSupervisor
INFO: EditorEntityType - no editor script found for VehicleExample
INFO: EditorEntityType - no editor script found for XMPPEventNotifier
INFO: UserDataObjectDescription::parseProperties: property testItem.testOverrideProperty is being overridden.
INFO: EditorUserDataObjectType constructor - Importing editor UserDataObject scripts
ERROR: 03B39430
INFO: Flora::vbSize - reduced memory usage to 4987500, due to alignment requirements
INFO: Flora::vbSize - 133 triangles per flora block
INFO: Flora::vbSize - 4870 KB used for vertex buffer
INFO: FloraTexture::init - texture(8192,256), blocks(16,1), blocksize(512,256)
DEBUG: ChunkSpace::addMapping: Adding spaces/highlands at (0.000000,0.000000,0.000000) xaxis (1.000000,0.000000,0.000000) to space 1
TRACE: ChunkManager::autoBootstrapSeedChunk: seed chunk NULL so starting search
INFO: Initialising SimulationManager
DEBUG: cloud map darkness 0.65
INFO: Created Font Texture Map default_medium.font.dds [512 x 32]
TRACE: TextureManager : write DDS resources/maps/gui/3d_wait2_cn.dds
SCRIPT: PostProcessing.init()
TRACE: DataResource::load: resources/data/terrain_paint_strengths.xml
INFO: Created Font Texture Map default_small.font.dds [512 x 32]
ACTION: 0019EA9C
ACTION: 03B6B2D0
INFO: Flora::vbSize - reduced memory usage to 4987500, due to alignment requirements
INFO: Flora::vbSize - 133 triangles per flora block
INFO: Flora::vbSize - 4870 KB used for vertex buffer
DEBUG: PythonAdapter was loaded correctly
INFO: EntityDescription::parseProperties: property Guard.health is being overridden.
INFO: EntityDescription::parseProperties: property Guard.maxHealth is being overridden.
INFO: Highest exposed counts:
INFO: 	Avatar: client top-level property count = 21. Efficient to 61 (limit is 256)
INFO: 	Avatar: client method count = 49. Efficient to 62 (limit is 15872)
INFO: 	Avatar: base method count = 20. Efficient to 62 (limit is 15872)
INFO: 	Avatar: cell method count = 36. Efficient to 62 (limit is 15872)
INFO: 
INFO: UserDataObjectDescription::parseProperties: property testItem.testOverrideProperty is being overridden.
INFO: This adapter supports A8R8G8B8 back buffers
INFO: RenderContext::changeMode - trying to reset 
INFO: RenderContext::changeMode - available texture memory after reset: 1870659584
DEBUG: Moo: Changed mode: 971 550
INFO: Flora::vbSize - reduced memory usage to 4987500, due to alignment requirements
INFO: Flora::vbSize - 133 triangles per flora block
INFO: Flora::vbSize - 4870 KB used for vertex buffer
INFO: SoundManager::registerSoundBank: Sound bank 'main' registered successfully
INFO: ZAttenuationOccluder - sharing PostProcessing render target
TRACE: ChunkManager::autoBootstrapSeedChunk: seed chunk determined: 00000000o
TRACE: ChunkManager::autoBootstrapSeedChunk: seed chunk submitted for loading
TRACE: deleting tree type 
ERROR: 032EF1E8
CRITICAL: 032EF1E8
TRACE: deleting tree type 
ERROR: 032EF1E8
CRITICAL: 032EF1E8
TRACE: deleting tree type 
ERROR: 03BB3D20
CRITICAL: 03BC2518
TRACE: deleting tree type 
ERROR: 03BB3D20
CRITICAL: 03BB3D20
TRACE: deleting tree type 
ERROR: 03BC2B00
CRITICAL: 03BC2B00
TRACE: deleting tree type 
ERROR: 03BC2B00
CRITICAL: 03BC2B00
TRACE: deleting tree type 
ERROR: 03BC5C90
CRITICAL: 03BC7440
TRACE: deleting tree type 
ERROR: 03BC5D60
CRITICAL: 03BC7630
TRACE: deleting tree type 
ERROR: 03BC5D60
CRITICAL: 03BC7B08
TRACE: deleting tree type 
ERROR: 03BC6318
CRITICAL: 03BC7440
TRACE: deleting tree type 
ERROR: 03BC6318
CRITICAL: 03BC7B08
TRACE: deleting tree type 
ERROR: 03BC6318
CRITICAL: 03BC7A10
TRACE: deleting tree type 
ERROR: 03BC6318
CRITICAL: 03BC7A10
TRACE: deleting tree type 
ERROR: 03BC6318
CRITICAL: 03BCBBF0
TRACE: deleting tree type 
ERROR: 03BCA258
CRITICAL: 03BCBFD0
TRACE: deleting tree type 
ERROR: 03BC6EB0
CRITICAL: 03BC6EB0
TRACE: deleting tree type 
ERROR: 03BC6318
CRITICAL: 03BC92C8
TRACE: deleting tree type 
ERROR: 03BC92C8
CRITICAL: 03BC92C8
TRACE: deleting tree type 
ERROR: 03BC92C8
CRITICAL: 03BC92C8
TRACE: deleting tree type 
ERROR: 03BC92C8
CRITICAL: 03BC92C8
TRACE: deleting tree type 
ERROR: 03BC92C8
CRITICAL: 03BC82B0
TRACE: deleting tree type 
ERROR: 03BC7E90
CRITICAL: 03BCC888
TRACE: deleting tree type 
ERROR: 03BC7F98
CRITICAL: 03BCC698
TRACE: deleting tree type 
ERROR: 03BC7650
CRITICAL: 03BCCB70
TRACE: deleting tree type 
ERROR: 03BC7A70
CRITICAL: 03BCC1C0
TRACE: deleting tree type 
ERROR: 03BC7B78
CRITICAL: 03BCCE58
TRACE: deleting tree type 
ERROR: 03BC6318
CRITICAL: 03BC7F98
TRACE: deleting tree type 
ERROR: 03BDB2C8
CRITICAL: 03BCCE58
TRACE: deleting tree type 
ERROR: 03BDA7D8
CRITICAL: 03BCCE58
INFO: No node selected
TRACE: ChunkLoader: Loaded chunk 'spaces/highlands/00000000o.chunk'
TRACE: ChunkManager::autoBootstrapSeedChunk: seed chunk NULL so starting search
SCRIPT: PostProcessing: computeBuffer1 (121 x 68)
SCRIPT: PostProcessing: computeBuffer2 (121 x 68)
SCRIPT: PostProcessing: backBufferCopy (971 x 550)
SCRIPT: PostProcessing: downSample1 (485 x 275)
SCRIPT: PostProcessing: downSample3 (121 x 68)
SCRIPT: PostProcessing: downSample2 (242 x 137)
SCRIPT: PostProcessing: total memory used by default RenderTargets : 5.53 MB
TRACE: ChunkManager::autoBootstrapSeedChunk: seed chunk determined: 0006fffdo
TRACE: ChunkManager::autoBootstrapSeedChunk: seed chunk submitted for loading
TRACE: ChunkManager::autoBootstrapSeedChunk: seed chunk NULL so starting search
TRACE: TextureManager : write DDS sets/temperate/props/trunk_d.dds
TRACE: TextureManager : write DDS sets/temperate/props/trunk_norms.dds
TRACE: TextureManager : write DDS sets/temperate/props/trunk_s.dds
TRACE: TextureManager : write DDS sets/temperate/props/map/fd_s_fence_stone_dif.dds
TRACE: TextureManager : write DDS sets/temperate/props/map/fd_s_fence_stone_norms.dds
TRACE: TextureManager : write DDS sets/temperate/props/map/fd_s_fence_stone_spec.dds
TRACE: TextureManager : write DDS sets/temperate/props/map/fd_s_magic_shrine_dif.dds
TRACE: TextureManager : write DDS sets/temperate/props/map/fd_s_magic_shrine_norms.dds
TRACE: TextureManager : write DDS sets/temperate/props/map/fd_s_magic_shrine_spec.dds
TRACE: deleting tree type 
ERROR: 03C58228
CRITICAL: 03BDBAC8
TRACE: deleting tree type 
ERROR: 03BDBDE0
CRITICAL: 03BD8358
TRACE: deleting tree type 
ERROR: 03BDBFF0
CRITICAL: 03BD8450
TRACE: deleting tree type 
ERROR: 03BDB9C0
CRITICAL: 03BD8C10
TRACE: deleting tree type 
ERROR: 03C588B8
CRITICAL: 03BD8928
TRACE: deleting tree type 
ERROR: 03C58458
CRITICAL: 03BD8450
TRACE: TextureManager : write DDS helpers/maps/col_white.dds
TRACE: TextureManager : write DDS particles/maps/magnolia_white_anim.dds
TRACE: deleting tree type 
ERROR: 03C57FF8
CRITICAL: 03BDBFF0
TRACE: deleting tree type 
ERROR: 03BDB7B0
CRITICAL: 03BD8B18
TRACE: deleting tree type 
ERROR: 03C58458
CRITICAL: 03BDBCD8
TRACE: deleting tree type 
ERROR: 03BDBDE0
CRITICAL: 03BD8B18
TRACE: deleting tree type 
ERROR: 03C57FF8
CRITICAL: 03BD8928
TRACE: deleting tree type 
ERROR: 03C58458
CRITICAL: 03BD8A20
TRACE: deleting tree type 
ERROR: 03BDB5A0
CRITICAL: 03C66C98
TRACE: TextureManager : write DDS sets/temperate/props/map/fd_s_watch_tower_dif.dds
TRACE: TextureManager : write DDS sets/temperate/props/map/fd_s_watch_tower_norms.dds
TRACE: TextureManager : write DDS sets/temperate/props/map/fd_s_watch_tower_spec.dds
TRACE: deleting tree type 
ERROR: 03C58228
CRITICAL: 03BD8738
TRACE: deleting tree type 
ERROR: 03C588B8
CRITICAL: 03BD8EF8
TRACE: deleting tree type 
ERROR: 03BDBDE0
CRITICAL: 03BD8640
TRACE: deleting tree type 
ERROR: 03C58458
CRITICAL: 03BD8EF8
TRACE: deleting tree type 
ERROR: 03C58110
CRITICAL: 03BD8358
TRACE: deleting tree type 
ERROR: 03C58458
CRITICAL: 03BD8830
TRACE: deleting tree type 
ERROR: 03BDB5A0
CRITICAL: 03BD8168
TRACE: deleting tree type 
ERROR: 03C58D18
CRITICAL: 03BD8A20
TRACE: deleting tree type 
ERROR: 03C58110
CRITICAL: 03BD8E00
TRACE: deleting tree type 
ERROR: 03BDBBD0
CRITICAL: 03BD8E00
TRACE: deleting tree type 
ERROR: 03C58688
CRITICAL: 03BD8830
TRACE: deleting tree type 
ERROR: 03C58D18
CRITICAL: 03BD8B18
TRACE: deleting tree type 
ERROR: 03C58110
CRITICAL: 03BD8260
TRACE: deleting tree type 
ERROR: 03BDB5A0
CRITICAL: 03BD8168
TRACE: deleting tree type 
ERROR: 03BDB7B0
CRITICAL: 03BD8640
TRACE: deleting tree type 
ERROR: 03C588B8
CRITICAL: 03BD8548
TRACE: deleting tree type 
ERROR: 03BDB9C0
CRITICAL: 03BD8EF8
TRACE: deleting tree type 
ERROR: 03BDB498
CRITICAL: 03C660D0
TRACE: TextureManager : write DDS particles/maps/fx_moth_01.dds
TRACE: TextureManager : write DDS particles/maps/fx_moth_02.dds
TRACE: TextureManager : write DDS particles/maps/fx_moth_03.dds
TRACE: deleting tree type 
ERROR: 03C58D18
CRITICAL: 03BDBCD8
TRACE: TextureManager : write DDS particles/maps/firefly01.dds
TRACE: deleting tree type 
ERROR: 03C588B8
CRITICAL: 03BD8168
TRACE: deleting tree type 
ERROR: 03BDB6A8
CRITICAL: 03BD8548
TRACE: deleting tree type 
ERROR: 03BDB180
CRITICAL: 03BD8548
TRACE: deleting tree type 
ERROR: 03C58110
CRITICAL: 03BD8738
TRACE: deleting tree type 
ERROR: 03BDBDE0
CRITICAL: 03BD8C10
TRACE: deleting tree type 
ERROR: 03C57FF8
CRITICAL: 03BD8548
TRACE: deleting tree type 
ERROR: 03C58D18
CRITICAL: 03BD8D08
TRACE: deleting tree type 
ERROR: 03BDBEE8
CRITICAL: 03BD8548
TRACE: deleting tree type 
ERROR: 03BDB390
CRITICAL: 03BD8FF0
TRACE: deleting tree type 
ERROR: 03BDBCD8
CRITICAL: 03C66C98
TRACE: deleting tree type 
ERROR: 03BDB390
CRITICAL: 03BD8A20
TRACE: deleting tree type 
ERROR: 03BDB9C0
CRITICAL: 03BD8EF8
TRACE: deleting tree type 
ERROR: 03BDBEE8
CRITICAL: 03BD8260
TRACE: deleting tree type 
ERROR: 03BDBBD0
CRITICAL: 03C66AC8
TRACE: deleting tree type 
ERROR: 03BDB6A8
CRITICAL: 03BD8168
TRACE: deleting tree type 
ERROR: 03BDBAC8
CRITICAL: 03C66C98
TRACE: TextureManager : write DDS sets/town/props/wall/maps/wall.dds
TRACE: TextureManager : write DDS sets/town/props/wall/maps/wall_norms.dds
TRACE: TextureManager : write DDS sets/town/props/wall/maps/wall_s.dds
TRACE: deleting tree type 
ERROR: 03C58AE8
CRITICAL: 03BDBAC8
TRACE: deleting tree type 
ERROR: 03BDB6A8
CRITICAL: 03BD8FF0
TRACE: deleting tree type 
ERROR: 03C58458
CRITICAL: 03BD8640
TRACE: deleting tree type 
ERROR: 03C588B8
CRITICAL: 03BD8548
TRACE: TextureManager : write DDS sets/town/props/gravestone/maps/grave_stone_d.dds
TRACE: TextureManager : write DDS sets/town/props/gravestone/maps/grave_stone_norms.dds
TRACE: TextureManager : write DDS sets/town/props/gravestone/maps/grave_stone_s.dds
TRACE: TextureManager : write DDS sets/town/props/gravestone/maps/gravestone_cross_d.dds
TRACE: TextureManager : write DDS sets/town/props/gravestone/maps/gravestone_cross_norms.dds
TRACE: TextureManager : write DDS sets/town/props/gravestone/maps/gravestone_cross_s.dds
TRACE: deleting tree type 
ERROR: 03BDB7B0
CRITICAL: 03BD8FF0
TRACE: TextureManager : write DDS sets/town/props/axe.dds
TRACE: TextureManager : write DDS sets/town/props/axe_spec.dds
TRACE: deleting tree type 
ERROR: 03C58D18
CRITICAL: 03BD8168
TRACE: deleting tree type 
ERROR: 03BDB7B0
CRITICAL: 03BD8E00
TRACE: deleting tree type 
ERROR: 03C58228
CRITICAL: 03BD8D08
TRACE: deleting tree type 
ERROR: 03BDB5A0
CRITICAL: 03BD8548
TRACE: deleting tree type 
ERROR: 03BDB8B8
CRITICAL: 03BD8640
TRACE: deleting tree type 
ERROR: 03C58570
CRITICAL: 03BD8A20
TRACE: deleting tree type 
ERROR: 03C58228
CRITICAL: 03BD8358
TRACE: TextureManager : write DDS sets/temperate/props/map/fd_s_village_statue_01_dif.dds
TRACE: TextureManager : write DDS sets/temperate/props/map/fd_s_village_statue_02_dif.dds
TRACE: TextureManager : write DDS sets/temperate/props/map/fd_s_village_statue_01_norms.dds
TRACE: TextureManager : write DDS sets/temperate/props/map/fd_s_village_statue_01_spec.dds
TRACE: TextureManager : write DDS sets/temperate/props/map/fd_s_village_statue_02_norms.dds
TRACE: TextureManager : write DDS sets/temperate/props/map/fd_s_village_statue_02_spec.dds
TRACE: TextureManager : write DDS sets/town/props/well_diffuse.dds
TRACE: TextureManager : write DDS sets/town/props/well_norms.dds
TRACE: TextureManager : write DDS sets/town/props/well_spec.dds
TRACE: TextureManager : write DDS maps/landscape/lev_path05.dds
TRACE: TextureManager : write DDS maps/landscape/lev_dirt01.dds
TRACE: TextureManager : write DDS maps/landscape/lev_path03.dds
TRACE: TextureManager : write DDS sets/t_ice/maps/terrain/ice_rock_01.dds
TRACE: TextureManager : write DDS maps/landscape/lev_path01.dds
TRACE: TextureManager : write DDS sets/temperate/props/map/fd_s_fountain_01_dif.dds
TRACE: TextureManager : write DDS sets/temperate/props/map/fd_s_fountain_02_dif.dds
TRACE: TextureManager : write DDS sets/temperate/props/map/fd_s_fountain_01_norms.dds
TRACE: TextureManager : write DDS sets/temperate/props/map/fd_s_fountain_02_norms.dds
TRACE: ChunkLoader: Loaded chunk 'spaces/highlands/0006fffdo.chunk'
TRACE: TextureManager : write DDS sets/town/props/stool/maps/stool_dif.dds
TRACE: TextureManager : write DDS sets/town/props/stool/maps/stool_norms.dds
TRACE: TextureManager : write DDS sets/town/props/stool/maps/stool_spec.dds
TRACE: ChunkLoader: Loaded chunk 'spaces/highlands/0008fffdo.chunk'
TRACE: TextureManager : write DDS sets/temperate/props/woodpile_d.dds
TRACE: TextureManager : write DDS sets/temperate/props/woodpile_norms.dds
TRACE: TextureManager : write DDS sets/temperate/props/woodpile_s.dds
TRACE: deleting tree type 
ERROR: 03C589D0
CRITICAL: 03BD8548
TRACE: deleting tree type 
ERROR: 03BDB6A8
CRITICAL: 03C66BB0
TRACE: deleting tree type 
ERROR: 03BDC340
CRITICAL: 03BDB498
TRACE: deleting tree type 
ERROR: 03C589D0
CRITICAL: 03BD8A20
TRACE: deleting tree type 
ERROR: 03C58AE8
CRITICAL: 03BD8450
TRACE: deleting tree type 
ERROR: 03BDC340
CRITICAL: 03BDBCD8
TRACE: deleting tree type 
ERROR: 03BDC340
CRITICAL: 03BDBAC8
TRACE: deleting tree type 
ERROR: 03BDC340
CRITICAL: 03BDB390
TRACE: deleting tree type 
ERROR: 03C57FF8
CRITICAL: 03BD8D08
TRACE: deleting tree type 
ERROR: 03BDB8B8
CRITICAL: 03BD8548
TRACE: deleting tree type 
ERROR: 03C588B8
CRITICAL: 03BD8D08
TRACE: deleting tree type 
ERROR: 03C58110
CRITICAL: 03BD8358
TRACE: deleting tree type 
ERROR: 03BDBEE8
CRITICAL: 03BD8358
TRACE: deleting tree type 
ERROR: 03BDC340
CRITICAL: 03BDB7B0
TRACE: deleting tree type 
ERROR: 03BDB7B0
CRITICAL: 03BD8548
TRACE: deleting tree type 
ERROR: 03C58110
CRITICAL: 03BD8358
TRACE: deleting tree type 
ERROR: 03C58C00
CRITICAL: 03BD8358
TRACE: deleting tree type 
ERROR: 03BDC340
CRITICAL: 03BDB7B0
TRACE: deleting tree type 
ERROR: 03BDBEE8
CRITICAL: 03C66470
TRACE: deleting tree type 
ERROR: 03BDC340
CRITICAL: 03BDB7B0
TRACE: deleting tree type 
ERROR: 03BDC340
CRITICAL: 03BDBEE8
TRACE: deleting tree type 
ERROR: 03BDC340
CRITICAL: 03BDBEE8
TRACE: deleting tree type 
ERROR: 1466CC28
CRITICAL: 03C669E0
TRACE: deleting tree type 
ERROR: 03C58C00
CRITICAL: 03BD8830
TRACE: deleting tree type 
ERROR: 03BDC340
CRITICAL: 1466CC28
TRACE: deleting tree type 
ERROR: 1466D570
CRITICAL: 03BD8548
TRACE: deleting tree type 
ERROR: 1466CA18
CRITICAL: 03BD8358
TRACE: deleting tree type 
ERROR: 1466C910
CRITICAL: 03BD8358
TRACE: deleting tree type 
ERROR: 03BDC340
CRITICAL: 1466C2E0
TRACE: deleting tree type 
ERROR: 03BDC340
CRITICAL: 1466D258
TRACE: deleting tree type 
ERROR: 03BDC340
CRITICAL: 1466D990
TRACE: deleting tree type 
ERROR: 1466E308
CRITICAL: 146703C8
TRACE: deleting tree type 
ERROR: 03BDBFF0
CRITICAL: 14670B88
TRACE: deleting tree type 
ERROR: 03BDBBD0
CRITICAL: 14671538
TRACE: deleting tree type 
ERROR: 03BDBFF0
CRITICAL: 146707A8
TRACE: deleting tree type 
ERROR: 03BDB7B0
CRITICAL: 03C66728
TRACE: deleting tree type 
ERROR: 146423F8
CRITICAL: 03BDB288
TRACE: TextureManager : write DDS sets/town/props/signpost_d.dds
TRACE: TextureManager : write DDS sets/town/props/signpost_norms.dds
TRACE: TextureManager : write DDS sets/town/props/signpost_s.dds
TRACE: TextureManager : write DDS sets/temperate/props/lamp.dds
TRACE: TextureManager : write DDS sets/temperate/props/lamp_norm.dds
TRACE: TextureManager : write DDS sets/minspec/props/lamp_post/maps/lamp_post_glow.dds
TRACE: TextureManager : write DDS sets/temperate/props/lamp_s.dds
TRACE: deleting tree type 
ERROR: 1466EF10
CRITICAL: 14670E70
TRACE: deleting tree type 
ERROR: 03BDB9C0
CRITICAL: 14670998
TRACE: deleting tree type 
ERROR: 03BDBFF0
CRITICAL: 14671EE8
TRACE: deleting tree type 
ERROR: 03BDBFF0
CRITICAL: 146706B0
TRACE: TextureManager : write DDS maps/landscape/bridge_stones.dds
TRACE: TextureManager : write DDS maps/landscape/sediment_hard_rock.dds
TRACE: TextureManager : write DDS maps/landscape/woodchips.dds
TRACE: TextureManager : write DDS maps/landscape/rock_sand.dds
TRACE: TextureManager : write DDS maps/landscape/clover.dds
TRACE: TextureManager : write DDS maps/landscape/pineneedles.dds
TRACE: ChunkLoader: Loaded chunk 'spaces/highlands/0005ffffo.chunk'
TRACE: TextureManager : write DDS maps/landscape/lev_litter03.dds
TRACE: TextureManager : write DDS maps/landscape/a_cracked_mud01.dds
TRACE: ChunkLoader: Loaded chunk 'spaces/highlands/0004fffco.chunk'
TRACE: deleting tree type 
ERROR: 03BDBDE0
CRITICAL: 03C66388
TRACE: deleting tree type 
ERROR: 1466F258
CRITICAL: 14670F68
TRACE: deleting tree type 
ERROR: 1466E308
CRITICAL: 146705B8
TRACE: deleting tree type 
ERROR: 1466FA00
CRITICAL: 14671348
TRACE: deleting tree type 
ERROR: 1466E538
CRITICAL: 14671060
TRACE: deleting tree type 
ERROR: 14642648
CRITICAL: 03BDBCD8
TRACE: deleting tree type 
ERROR: 1466E768
CRITICAL: 03BDBEE8
TRACE: deleting tree type 
ERROR: 1466E0D8
CRITICAL: 14671CF8
TRACE: deleting tree type 
ERROR: 1466E538
CRITICAL: 146700E0
TRACE: deleting tree type 
ERROR: 1466E1F0
CRITICAL: 14671B08
TRACE: TextureManager : write DDS maps/landscape/a_cracked_mud.dds
TRACE: ChunkLoader: Loaded chunk 'spaces/highlands/0005fffbo.chunk'
TRACE: deleting tree type 
ERROR: 1466E308
CRITICAL: 14671C00
TRACE: deleting tree type 
ERROR: 14643E90
CRITICAL: 03BDBBD0
TRACE: deleting tree type 
ERROR: 1466F7D0
CRITICAL: 14671918
TRACE: deleting tree type 
ERROR: 03BDB7B0
CRITICAL: 146707A8
TRACE: deleting tree type 
ERROR: 03BDB5A0
CRITICAL: 14671538
TRACE: deleting tree type 
ERROR: 14643E90
CRITICAL: 03BDBAC8
TRACE: deleting tree type 
ERROR: 03BDBEE8
CRITICAL: 146705B8
TRACE: deleting tree type 
ERROR: 1466FD48
CRITICAL: 14670F68
TRACE: deleting tree type 
ERROR: 1466EAB0
CRITICAL: 14671440
TRACE: deleting tree type 
ERROR: 14642C10
CRITICAL: 03BDB288
TRACE: deleting tree type 
ERROR: 03BDB8B8
CRITICAL: 14671250
TRACE: deleting tree type 
ERROR: 146423F8
CRITICAL: 03BDBBD0
TRACE: deleting tree type 
ERROR: 1466F7D0
CRITICAL: 146707A8
TRACE: deleting tree type 
ERROR: 1466E1F0
CRITICAL: 146703C8
TRACE: deleting tree type 
ERROR: 03BDB8B8
CRITICAL: 14670F68
TRACE: deleting tree type 
ERROR: 03BDB5A0
CRITICAL: 146706B0
TRACE: deleting tree type 
ERROR: 1466E998
CRITICAL: 14671918
TRACE: deleting tree type 
ERROR: 146431D8
CRITICAL: 03BDBAC8
TRACE: deleting tree type 
ERROR: 1466E1F0
CRITICAL: 146708A0
TRACE: deleting tree type 
ERROR: 1466F8E8
CRITICAL: 14671538
TRACE: deleting tree type 
ERROR: 146429C0
CRITICAL: 03BDBEE8
TRACE: deleting tree type 
ERROR: 1466F8E8
CRITICAL: 14670F68
TRACE: deleting tree type 
ERROR: 03BDBAC8
CRITICAL: 14670C80
TRACE: deleting tree type 
ERROR: 1466E420
CRITICAL: 146708A0
TRACE: deleting tree type 
ERROR: 146437A0
CRITICAL: 03BDBAC8
TRACE: deleting tree type 
ERROR: 146431D8
CRITICAL: 146BE6F8
TRACE: deleting tree type 
ERROR: 1466EDF8
CRITICAL: 14671348
TRACE: deleting tree type 
ERROR: 1466FD48
CRITICAL: 14670998
TRACE: TextureManager : write DDS sets/temperate/props/map/fd_s_rock_smooth_medium_dif.dds
TRACE: TextureManager : write DDS sets/temperate/props/map/fd_s_rock_smooth_medium_norms.dds
TRACE: TextureManager : write DDS sets/temperate/props/map/fd_s_rock_smooth_medium_spec.dds
TRACE: deleting tree type 
ERROR: 1466FA00
CRITICAL: 14670C80
TRACE: deleting tree type 
ERROR: 1466F028
CRITICAL: 14670B88
TRACE: deleting tree type 
ERROR: 1466E998
CRITICAL: 14671060
TRACE: deleting tree type 
ERROR: 146BD780
CRITICAL: 03C66388
TRACE: deleting tree type 
ERROR: 1466EDF8
CRITICAL: 146703C8
TRACE: deleting tree type 
ERROR: 1466E768
CRITICAL: 14671158
TRACE: deleting tree type 
ERROR: 146BDCA8
CRITICAL: 03C66388
TRACE: deleting tree type 
ERROR: 1466F5A0
CRITICAL: 146701D8
TRACE: deleting tree type 
ERROR: 1466E538
CRITICAL: 14670B88
TRACE: deleting tree type 
ERROR: 1466F8E8
CRITICAL: 14671918
TRACE: deleting tree type 
ERROR: 146BCF40
CRITICAL: 14671158
TRACE: deleting tree type 
ERROR: 146BD678
CRITICAL: 03C66AC8
TRACE: deleting tree type 
ERROR: 146429C0
CRITICAL: 146BE1D0
TRACE: deleting tree type 
ERROR: 1466F370
CRITICAL: 14670A90
TRACE: deleting tree type 
ERROR: 146BD048
CRITICAL: 146702D0
TRACE: deleting tree type 
ERROR: 1466FE60
CRITICAL: 14671C00
TRACE: deleting tree type 
ERROR: 14642770
CRITICAL: 146BD468
TRACE: deleting tree type 
ERROR: 146BDBA0
CRITICAL: 03C661B8
TRACE: deleting tree type 
ERROR: 146BEA10
CRITICAL: 03C66D80
TRACE: deleting tree type 
ERROR: 1466FD48
CRITICAL: 146701D8
TRACE: deleting tree type 
ERROR: 1466E538
CRITICAL: 14671440
TRACE: deleting tree type 
ERROR: 146BDA98
CRITICAL: 03C65F00
TRACE: deleting tree type 
ERROR: 146BE5F0
CRITICAL: 03C66388
TRACE: deleting tree type 
ERROR: 146BDEB8
CRITICAL: 14671C00
TRACE: deleting tree type 
ERROR: 1466FC30
CRITICAL: 146BDCA8
TRACE: deleting tree type 
ERROR: 1466F8E8
CRITICAL: 14671918
TRACE: deleting tree type 
ERROR: 146BCD30
CRITICAL: 146701D8
TRACE: deleting tree type 
ERROR: 1466E1F0
CRITICAL: 146706B0
TRACE: deleting tree type 
ERROR: 1466F8E8
CRITICAL: 14670F68
TRACE: deleting tree type 
ERROR: 1466FD48
CRITICAL: 146BD468
TRACE: deleting tree type 
ERROR: 1466E998
CRITICAL: 146BDDB0
TRACE: deleting tree type 
ERROR: 14642E60
CRITICAL: 146BD780
TRACE: TextureManager : write DDS sets/temperate/props/map/fd_s_fence_wood_dif.dds
TRACE: TextureManager : write DDS sets/temperate/props/map/fd_s_fence_wood_norms.dds
TRACE: TextureManager : write DDS sets/temperate/props/map/fd_s_fence_wood_spec.dds
TRACE: TextureManager : write DDS flora/wheat_1.dds
TRACE: TextureManager : write DDS sets/town/props/cart/maps/cart_d.dds
TRACE: TextureManager : write DDS sets/town/props/cart/maps/cart_norms.dds
TRACE: TextureManager : write DDS sets/town/props/cart/maps/cart_s.dds
TRACE: deleting tree type 
ERROR: 146BDA98
CRITICAL: 146700E0
TRACE: TextureManager : write DDS sets/town/props/t_objects_d.dds
TRACE: TextureManager : write DDS sets/town/props/t_objects_norms.dds
TRACE: TextureManager : write DDS sets/town/props/t_objects_s.dds
TRACE: deleting tree type 
ERROR: 1466F140
CRITICAL: 14671158
TRACE: TextureManager : write DDS sets/shared/props/dungeon/entrance/maps/entrance.dds
TRACE: TextureManager : write DDS sets/temperate/props/dungeon/entrance/maps/entrance_norms.dds
TRACE: TextureManager : write DDS sets/temperate/shells/dungeon/maps/entrance_spec.dds
TRACE: TextureManager : write DDS sets/temperate/shells/dungeon/maps/tunnel_001_norms1.dds
TRACE: TextureManager : write DDS sets/temperate/shells/dungeon/maps/tunnel_001_spec.dds
TRACE: TextureManager : write DDS maps/fx/firework.dds
TRACE: TextureManager : write DDS maps/fx/fireswirl.dds
TRACE: TextureManager : write DDS maps/fx/fireswirl2.dds
TRACE: TextureManager : write DDS maps/fx/afx_shieldhitgas.dds
TRACE: TextureManager : write DDS maps/landscape/a_burnt_ground.dds
TRACE: ChunkLoader: Loaded chunk 'spaces/highlands/0004fffeo.chunk'
TRACE: deleting tree type 
ERROR: 146BE3E0
CRITICAL: 03C65F00
TRACE: deleting tree type 
ERROR: 146BD048
CRITICAL: 03C66470
TRACE: deleting tree type 
ERROR: 146B9AA0
CRITICAL: 1466E3C0
TRACE: deleting tree type 
ERROR: 146BA590
CRITICAL: 1466EB80
TRACE: deleting tree type 
ERROR: 146B9870
CRITICAL: 1466E6A8
TRACE: deleting tree type 
ERROR: 146B9988
CRITICAL: 1466E990
TRACE: deleting tree type 
ERROR: 146BA590
CRITICAL: 1466EC78
TRACE: deleting tree type 
ERROR: 146BA478
CRITICAL: 146BE2D8
TRACE: deleting tree type 
ERROR: 146BA018
CRITICAL: 1466EC78
TRACE: deleting tree type 
ERROR: 146B9BB8
CRITICAL: 1466E898
TRACE: deleting tree type 
ERROR: 146B9988
CRITICAL: 1466E1D0
TRACE: deleting tree type 
ERROR: 146BA130
CRITICAL: 1466E1D0
TRACE: deleting tree type 
ERROR: 146BA130
CRITICAL: 1466EF60
TRACE: ChunkLoader: Loaded chunk 'spaces/highlands/0007fffbo.chunk'
TRACE: deleting tree type 
ERROR: 146BDFC0
CRITICAL: 03C66BB0
TRACE: deleting tree type 
ERROR: 146BA6A8
CRITICAL: 1466EE68
TRACE: deleting tree type 
ERROR: 146BA478
CRITICAL: 1466E2C8
TRACE: deleting tree type 
ERROR: 146BA478
CRITICAL: 1466ED70
TRACE: deleting tree type 
ERROR: 146B9BB8
CRITICAL: 146BD468
TRACE: TextureManager : write DDS maps/landscape/lev_grass_01.dds
TRACE: ChunkLoader: Loaded chunk 'spaces/highlands/0008fffco.chunk'
TRACE: ChunkLoader: Loaded chunk 'spaces/highlands/0004fffbo.chunk'
TRACE: ChunkLoader: Loaded chunk 'spaces/highlands/0008ffffo.chunk'
TRACE: deleting tree type 
ERROR: 146BA248
CRITICAL: 1466EF60
TRACE: deleting tree type 
ERROR: 146BA130
CRITICAL: 1466E4B8
TRACE: deleting tree type 
ERROR: 146430B0
CRITICAL: 1471A4B8
TRACE: deleting tree type 
ERROR: 1471A098
CRITICAL: 1466E990
TRACE: deleting tree type 
ERROR: 1471A1A0
CRITICAL: 1466E898
TRACE: deleting tree type 
ERROR: 14719D80
CRITICAL: 1466E898
TRACE: deleting tree type 
ERROR: 146BA360
CRITICAL: 1466E3C0
TRACE: deleting tree type 
ERROR: 146B9CD0
CRITICAL: 1466E1D0
TRACE: deleting tree type 
ERROR: 1471A098
CRITICAL: 1466EA88
TRACE: deleting tree type 
ERROR: 1471A5C0
CRITICAL: 1466ED70
TRACE: deleting tree type 
ERROR: 14670A50
CRITICAL: 1471A7D0
TRACE: deleting tree type 
ERROR: 14719D80
CRITICAL: 1466EC78
TRACE: deleting tree type 
ERROR: 146BA478
CRITICAL: 1466EC78
TRACE: deleting tree type 
ERROR: 146B9AA0
CRITICAL: 1466E1D0
TRACE: deleting tree type 
ERROR: 1466F330
CRITICAL: 1471A7D0
TRACE: deleting tree type 
ERROR: 14719D80
CRITICAL: 03C669E0
TRACE: deleting tree type 
ERROR: 14719D80
CRITICAL: 03C660D0
TRACE: deleting tree type 
ERROR: 14719D80
CRITICAL: 03C66AC8
TRACE: deleting tree type 
ERROR: 14719D80
CRITICAL: 03C668F8
TRACE: deleting tree type 
ERROR: 146BA478
CRITICAL: 1466E1D0
TRACE: deleting tree type 
ERROR: 146B9DE8
CRITICAL: 1466EE68
TRACE: deleting tree type 
ERROR: 14719D80
CRITICAL: 03C66C98
TRACE: deleting tree type 
ERROR: 146BA6A8
CRITICAL: 1466EE68
TRACE: deleting tree type 
ERROR: 146B9DE8
CRITICAL: 14730A60
TRACE: deleting tree type 
ERROR: 14670DC8
CRITICAL: 14692E30
TRACE: deleting tree type 
ERROR: 14670EF0
CRITICAL: 14692A10
TRACE: deleting tree type 
ERROR: 146B9AA0
CRITICAL: 14730F38
TRACE: deleting tree type 
ERROR: 14692F38
CRITICAL: 147301A8
TRACE: deleting tree type 
ERROR: 14692908
CRITICAL: 14731DC0
TRACE: deleting tree type 
ERROR: 146926F8
CRITICAL: 14731600
TRACE: deleting tree type 
ERROR: 14692C20
CRITICAL: 147317F0
TRACE: deleting tree type 
ERROR: 14693460
CRITICAL: 14731600
TRACE: deleting tree type 
ERROR: 14692A10
CRITICAL: 14730F38
TRACE: deleting tree type 
ERROR: 14693568
CRITICAL: 14731220
TRACE: deleting tree type 
ERROR: 146BA6A8
CRITICAL: 14731AD8
TRACE: deleting tree type 
ERROR: 146B9AA0
CRITICAL: 14730F38
TRACE: deleting tree type 
ERROR: 14737340
CRITICAL: 14731220
TRACE: deleting tree type 
ERROR: 14737458
CRITICAL: 14731600
TRACE: deleting tree type 
ERROR: 14737F48
CRITICAL: 14731EB8
TRACE: deleting tree type 
ERROR: 14737D18
CRITICAL: 14731DC0
TRACE: deleting tree type 
ERROR: 14738060
CRITICAL: 14730968
TRACE: deleting tree type 
ERROR: 14737458
CRITICAL: 14731CC8
TRACE: deleting tree type 
ERROR: 1466FD98
CRITICAL: 14693460
TRACE: deleting tree type 
ERROR: 14737570
CRITICAL: 14730E40
TRACE: deleting tree type 
ERROR: 1466FD98
CRITICAL: 14693460
TRACE: deleting tree type 
ERROR: 14670928
CRITICAL: 14693460
TRACE: deleting tree type 
ERROR: 14736738
CRITICAL: 14730968
TRACE: deleting tree type 
ERROR: 14693460
CRITICAL: 1473BCF0
TRACE: deleting tree type 
ERROR: 14670110
CRITICAL: 1471A2A8
TRACE: deleting tree type 
ERROR: 146B9DE8
CRITICAL: 1473A5B0
TRACE: deleting tree type 
ERROR: 14670110
CRITICAL: 1471A4B8
TRACE: deleting tree type 
ERROR: 146B9BB8
CRITICAL: 1473B530
TRACE: deleting tree type 
ERROR: 1471A6C8
CRITICAL: 03C668F8
TRACE: deleting tree type 
ERROR: 14719960
CRITICAL: 1473BCF0
TRACE: deleting tree type 
ERROR: 146B9AA0
CRITICAL: 1473AF60
TRACE: deleting tree type 
ERROR: 1466F580
CRITICAL: 1471A2A8
TRACE: deleting tree type 
ERROR: 1466F208
CRITICAL: 1471A098
TRACE: deleting tree type 
ERROR: 14719960
CRITICAL: 1473AF60
TRACE: deleting tree type 
ERROR: 146B9DE8
CRITICAL: 1473A2C8
TRACE: deleting tree type 
ERROR: 1466FA20
CRITICAL: 14719960
TRACE: deleting tree type 
ERROR: 14670EF0
CRITICAL: 14719F90
TRACE: deleting tree type 
ERROR: 1466FEC0
CRITICAL: 14719C78
TRACE: deleting tree type 
ERROR: 146BA130
CRITICAL: 1473A2C8
TRACE: deleting tree type 
ERROR: 14670800
CRITICAL: 14719A68
TRACE: deleting tree type 
ERROR: 146BA248
CRITICAL: 1473B530
TRACE: deleting tree type 
ERROR: 146BA248
CRITICAL: 1473A2C8
TRACE: deleting tree type 
ERROR: 146B9CD0
CRITICAL: 14731318
TRACE: deleting tree type 
ERROR: 146B9DE8
CRITICAL: 147318E8
TRACE: deleting tree type 
ERROR: 14670800
CRITICAL: 14719F90
TRACE: deleting tree type 
ERROR: 14719F90
CRITICAL: 03C65FE8
TRACE: deleting tree type 
ERROR: 14670EF0
CRITICAL: 14739770
TRACE: deleting tree type 
ERROR: 14726E30
CRITICAL: 147292E0
TRACE: deleting tree type 
ERROR: 14723588
CRITICAL: 14725148
TRACE: deleting tree type 
ERROR: 147243C0
CRITICAL: 147265A0
TRACE: deleting tree type 
ERROR: 14729808
CRITICAL: 14725528
TRACE: deleting tree type 
ERROR: 14722DE0
CRITICAL: 14725BF0
TRACE: deleting tree type 
ERROR: 14722BB0
CRITICAL: 14724D68
TRACE: deleting tree type 
ERROR: 14722BB0
CRITICAL: 14725810
TRACE: deleting tree type 
ERROR: 14722BB0
CRITICAL: 14725ED8
TRACE: deleting tree type 
ERROR: 14723588
CRITICAL: 14725620
TRACE: deleting tree type 
ERROR: 14722CC8
CRITICAL: 14725ED8
TRACE: deleting tree type 
ERROR: 1472A258
CRITICAL: 147265A0
TRACE: deleting tree type 
ERROR: 147245F0
CRITICAL: 14724988
TRACE: deleting tree type 
ERROR: 147245F0
CRITICAL: 14725FD0
TRACE: deleting tree type 
ERROR: 1472A570
CRITICAL: 14724D68
TRACE: deleting tree type 
ERROR: 14728BA8
CRITICAL: 14725FD0
TRACE: deleting tree type 
ERROR: 147245F0
CRITICAL: 14725620
TRACE: deleting tree type 
ERROR: 147295F8
CRITICAL: 14724D68
TRACE: deleting tree type 
ERROR: 14727AE8
CRITICAL: 147292E0
TRACE: deleting tree type 
ERROR: 14727F88
CRITICAL: 14729B20
TRACE: deleting tree type 
ERROR: 14729C28
CRITICAL: 14724D68
TRACE: deleting tree type 
ERROR: 14736B98
CRITICAL: 14724D68
TRACE: deleting tree type 
ERROR: 14727AE8
CRITICAL: 14729B20
TRACE: deleting tree type 
ERROR: 1472A048
CRITICAL: 1473BEE0
TRACE: deleting tree type 
ERROR: 147281D8
CRITICAL: 1472A570
TRACE: deleting tree type 
ERROR: 14737D18
CRITICAL: 1473B818
TRACE: deleting tree type 
ERROR: 147363F0
CRITICAL: 1473BA08
TRACE: deleting tree type 
ERROR: 147363F0
CRITICAL: 1473B530
TRACE: deleting tree type 
ERROR: 14736620
CRITICAL: 1473B720
TRACE: deleting tree type 
ERROR: 147363F0
CRITICAL: 1472A048
TRACE: TextureManager : write DDS sets/temperate/particles/maps/gnat.dds
TRACE: deleting tree type 
ERROR: 14726D08
CRITICAL: 03C58510
TRACE: deleting tree type 
ERROR: 146B9988
CRITICAL: 1471A500
TRACE: deleting tree type 
ERROR: 146BA248
CRITICAL: 1471A408
TRACE: deleting tree type 
ERROR: 146B9F00
CRITICAL: 14719A58
TRACE: TextureManager : write DDS maps/landscape/lev_litter02.dds
TRACE: ChunkLoader: Loaded chunk 'spaces/highlands/0004ffffo.chunk'
TRACE: deleting tree type 
ERROR: 03C581F8
CRITICAL: 14671570
TRACE: deleting tree type 
ERROR: 03C58828
CRITICAL: 14671740
TRACE: deleting tree type 
ERROR: 03C57EE0
CRITICAL: 14671658
TRACE: deleting tree type 
ERROR: 146BA018
CRITICAL: 14719960
TRACE: deleting tree type 
ERROR: 146B9CD0
CRITICAL: 14719960
TRACE: deleting tree type 
ERROR: 146BA360
CRITICAL: 1471A028
TRACE: ChunkLoader: Loaded chunk 'spaces/highlands/0008fffbo.chunk'
TRACE: TextureManager : write DDS sets/temperate/props/pillar/maps/dun_block.dds
TRACE: TextureManager : write DDS sets/town/props/t_wood_outer.dds
TRACE: TextureManager : write DDS sets/temperate/props/pillar/maps/dun_pillar.dds
TRACE: TextureManager : write DDS resources/maps/system/aid_waypoint.dds
TRACE: TextureManager : write DDS resources/materials/patrol_path.dds
TRACE: TextureManager : write DDS resources/materials/patrol_path_entity.dds
TRACE: TextureManager : write DDS resources/materials/patrol_path_chunk.dds
TRACE: TextureManager : write DDS flora/grasslands_flora.dds
TRACE: TextureManager : write DDS flora/drygrass_wildwheat.dds
TRACE: TextureManager : write DDS flora/wildflowers.dds
TRACE: TextureManager : write DDS sets/temperate/props/map/fd_s_peasant_hut_1_dif.dds
TRACE: TextureManager : write DDS sets/temperate/props/map/fd_s_peasant_hut_1_norms.dds
TRACE: TextureManager : write DDS sets/temperate/props/map/fd_s_peasant_hut_1_spec.dds
TRACE: TextureManager : write DDS sets/temperate/props/map/fd_s_peasant_hut_2_dif.dds
TRACE: TextureManager : write DDS sets/temperate/props/map/fd_s_peasant_hut_2_norms.dds
TRACE: TextureManager : write DDS sets/temperate/props/map/fd_s_peasant_hut_2_spec.dds
TRACE: TextureManager : write DDS sets/town/props/village_building/maps/fd_s_village_building_2_dif.dds
TRACE: TextureManager : write DDS sets/town/props/village_building/maps/fd_s_village_building_2_norms.dds
TRACE: TextureManager : write DDS sets/town/props/village_building/maps/fd_s_village_building_2_s.dds
TRACE: TextureManager : write DDS sets/town/props/village_building/maps/fd_s_village_building_1_dif.dds
TRACE: TextureManager : write DDS sets/town/props/village_building/maps/fd_s_village_building_1_norms.dds
TRACE: TextureManager : write DDS sets/town/props/village_building/maps/fd_s_village_building_1_s.dds
TRACE: TextureManager : write DDS sets/temperate/props/map/fd_s_boat_small_dif.dds
TRACE: TextureManager : write DDS sets/temperate/props/map/fd_s_boat_small_norms.dds
TRACE: TextureManager : write DDS sets/temperate/props/map/fd_s_boat_small_spec.dds
TRACE: deleting tree type 
ERROR: 146B9CD0
CRITICAL: 03C58510
TRACE: deleting tree type 
ERROR: 03C57EE0
CRITICAL: 1471A6F0
TRACE: deleting tree type 
ERROR: 03C58408
CRITICAL: 14719F30
TRACE: deleting tree type 
ERROR: 03C58408
CRITICAL: 14719960
TRACE: deleting tree type 
ERROR: 146BA130
CRITICAL: 1471A218
TRACE: deleting tree type 
ERROR: 03C58720
CRITICAL: 1471A120
TRACE: deleting tree type 
ERROR: 03C58D50
CRITICAL: 1471A218
TRACE: deleting tree type 
ERROR: 03C58930
CRITICAL: 1471A028
TRACE: deleting tree type 
ERROR: 03C58D50
CRITICAL: 1471A6F0
TRACE: deleting tree type 
ERROR: 03C58C48
CRITICAL: 1471A028
TRACE: deleting tree type 
ERROR: 146BA130
CRITICAL: 14719960
TRACE: deleting tree type 
ERROR: 03C57FE8
CRITICAL: 14719E38
TRACE: deleting tree type 
ERROR: 146B9CD0
CRITICAL: 1471A218
TRACE: deleting tree type 
ERROR: 03C58510
CRITICAL: 14719E38
TRACE: deleting tree type 
ERROR: 03C58D50
CRITICAL: 1471A218
TRACE: deleting tree type 
ERROR: 146B9988
CRITICAL: 14784ED8
TRACE: deleting tree type 
ERROR: 03C58D50
CRITICAL: 14784A00
TRACE: deleting tree type 
ERROR: 03C58510
CRITICAL: 14784430
TRACE: deleting tree type 
ERROR: 146B9F00
CRITICAL: 14784338
TRACE: deleting tree type 
ERROR: 03C58D50
CRITICAL: 14785980
TRACE: TextureManager : write DDS maps/fx/environment/dust.dds
TRACE: TextureManager : write DDS sets/town/props/wheel_barrow/maps/wheel_barrow_d.dds
TRACE: TextureManager : write DDS sets/town/props/wheel_barrow/maps/wheel_barrow_norms.dds
TRACE: TextureManager : write DDS sets/town/props/wheel_barrow/maps/wheel_barrow_s.dds
TRACE: TextureManager : write DDS sets/town/props/stock/maps/stock.dds
TRACE: TextureManager : write DDS sets/town/props/stock/maps/stock_norms.dds
TRACE: TextureManager : write DDS sets/town/props/stock/maps/stock_s.dds
TRACE: deleting tree type 
ERROR: 146B9870
CRITICAL: 14784050
TRACE: deleting tree type 
ERROR: 146B9988
CRITICAL: 14785A78
TRACE: deleting tree type 
ERROR: 146BA018
CRITICAL: 147850C8
TRACE: deleting tree type 
ERROR: 146BA248
CRITICAL: 14784528
TRACE: deleting tree type 
ERROR: 146B9870
CRITICAL: 14784148
TRACE: deleting tree type 
ERROR: 146B9870
CRITICAL: 14784240
TRACE: deleting tree type 
ERROR: 146BA018
CRITICAL: 14785D60
TRACE: deleting tree type 
ERROR: 146B9870
CRITICAL: 14784BF0
TRACE: deleting tree type 
ERROR: 146B9870
CRITICAL: 14784BF0
TRACE: deleting tree type 
ERROR: 146B9BB8
CRITICAL: 14785E58
TRACE: deleting tree type 
ERROR: 146B9870
CRITICAL: 147854A8
TRACE: deleting tree type 
ERROR: 146B9870
CRITICAL: 14785D60
TRACE: deleting tree type 
ERROR: 146B9870
CRITICAL: 14784CE8
TRACE: deleting tree type 
ERROR: 147A2C30
CRITICAL: 14784430
TRACE: deleting tree type 
ERROR: 147A21E0
CRITICAL: 14784528
TRACE: deleting tree type 
ERROR: 147A3158
CRITICAL: 14784240
TRACE: deleting tree type 
ERROR: 147A3158
CRITICAL: 147851C0
TRACE: deleting tree type 
ERROR: 147A19A0
CRITICAL: 14784718
TRACE: deleting tree type 
ERROR: 03C57FF8
CRITICAL: 14784240
TRACE: deleting tree type 
ERROR: 03C587A0
CRITICAL: 14785698
TRACE: deleting tree type 
ERROR: 03C57FF8
CRITICAL: 14785D60
TRACE: deleting tree type 
ERROR: 03C58228
CRITICAL: 14785980
TRACE: TextureManager : write DDS sets/temperate/props/map/pot_diffuse.dds
TRACE: TextureManager : write DDS sets/temperate/props/map/pot_norms.dds
TRACE: TextureManager : write DDS sets/temperate/props/map/pot_spec.dds
TRACE: deleting tree type 
ERROR: 03C57FF8
CRITICAL: 14785D60
TRACE: deleting tree type 
ERROR: 147A20D8
CRITICAL: 14785980
TRACE: deleting tree type 
ERROR: 03C589D0
CRITICAL: 14785980
TRACE: TextureManager : write DDS sets/town/props/chain.dds
TRACE: TextureManager : write DDS sets/town/props/sign_armoury.dds
TRACE: TextureManager : write DDS sets/temperate/props/map/fd_s_gibbet_dif.dds
TRACE: TextureManager : write DDS sets/temperate/props/map/fd_s_gibbet_norms.dds
TRACE: TextureManager : write DDS sets/temperate/props/map/fd_s_gibbet_spec.dds
TRACE: TextureManager : write DDS sets/town/props/market_stall/maps/market_stall_d.dds
TRACE: TextureManager : write DDS sets/town/props/market_stall/maps/market_stall_norms.dds
TRACE: TextureManager : write DDS sets/town/props/market_stall/maps/market_stall_s.dds
TRACE: deleting tree type 
ERROR: 03C58228
CRITICAL: 14784BF0
TRACE: deleting tree type 
ERROR: 03C58228
CRITICAL: 14784148
TRACE: TextureManager : write DDS sets/town/props/wall/maps/wall_gate.dds
TRACE: TextureManager : write DDS sets/town/props/wall/maps/wall_gate_norms.dds
TRACE: TextureManager : write DDS sets/town/props/wall/maps/wall_gate_s.dds
TRACE: TextureManager : write DDS sets/temperate/props/map/fd_s_guard_post_dif.dds
TRACE: TextureManager : write DDS sets/temperate/props/map/fd_s_guard_post_norms.dds
TRACE: TextureManager : write DDS sets/temperate/props/map/fd_s_guard_post_spec.dds
TRACE: deleting tree type 
ERROR: 03C589D0
CRITICAL: 14784148
INFO: UAL Manager - Waiting for the Thumbnail Manager to stop ...
INFO: UAL Manager - ... Thumbnail Manager stopped
TRACE: BgTaskManager::stopAll: Waiting for threads: 1
TRACE: TextureManager : write DDS sets/town/props/bridge/maps/bridge.dds
TRACE: TextureManager : write DDS sets/town/props/bridge/maps/bridge_norms.dds
TRACE: TextureManager : write DDS sets/town/props/bridge/maps/bridge_s.dds
TRACE: TextureManager : write DDS sets/shared/props/gargoyle/maps/grave_gargoyle_d.dds
TRACE: TextureManager : write DDS sets/shared/props/gargoyle/maps/grave_gargoyle_norms.dds
TRACE: TextureManager : write DDS system/maps/fx_arc.dds
TRACE: TextureManager : write DDS sets/town/props/grave_gargoyle/maps/grave_gargoyle_cracks.dds
TRACE: TextureManager : write DDS sets/town/props/grave_gargoyle/maps/grave_gargoyle_additive.dds
TRACE: TextureManager : write DDS sets/minspec/shells/dungeon/dungeon_chambers/dungeon_chamber_reflection.dds
TRACE: TextureManager : write DDS sets/town/props/grave_gargoyle/maps/grave_gargoyle_glow.dds
TRACE: TextureManager : write DDS characters/npc/fish/fish_spec.dds
TRACE: TextureManager : write DDS sets/of3d/work/Textures/Light_2_D.dds
TRACE: TextureManager : write DDS sets/of3d/work/Textures/Light_2_G.dds
TRACE: TextureManager : write DDS sets/of3d/work/Textures/Woodwall_D.dds
TRACE: TextureManager : write DDS sets/of3d/work/Textures/Door_D.dds
TRACE: TextureManager : write DDS sets/of3d/work/Textures/Door_normals.dds
TRACE: TextureManager : write DDS sets/of3d/work/Textures/Door_S.dds
TRACE: TextureManager : write DDS sets/of3d/work/Textures/Woodwindow_D.dds
TRACE: TextureManager : write DDS sets/of3d/work/Textures/Woodwindow_normals.dds
TRACE: TextureManager : write DDS sets/of3d/work/Textures/Woodwindow_S.dds
TRACE: TextureManager : write DDS sets/of3d/work/Textures/House_1_D.dds
TRACE: TextureManager : write DDS sets/of3d/work/Textures/House_1_normals.dds
TRACE: TextureManager : write DDS sets/of3d/work/Textures/House_1_S.dds
TRACE: TextureManager : write DDS sets/of3d/work/Textures/House_2_D.dds
TRACE: TextureManager : write DDS sets/of3d/work/Textures/House_2_normals.dds
TRACE: TextureManager : write DDS sets/of3d/work/Textures/House_2_S.dds
TRACE: TextureManager : write DDS sets/of3d/work/Textures/Stonewall_D.dds
TRACE: TextureManager : write DDS sets/of3d/work/Textures/Stonewall_normals.dds
TRACE: TextureManager : write DDS sets/of3d/work/Textures/Stonewall_S.dds
TRACE: TextureManager : write DDS sets/of3d/work/Textures/Wall_A_D.dds
TRACE: TextureManager : write DDS sets/of3d/work/Textures/Wall_A_normals.dds
TRACE: TextureManager : write DDS sets/of3d/work/Textures/Wall_A_S.dds
TRACE: TextureManager : write DDS sets/of3d/work/Textures/Stelae_D.dds
TRACE: TextureManager : write DDS sets/of3d/work/Textures/Stelae_normals.dds
TRACE: TextureManager : write DDS sets/of3d/work/Textures/Stelae_S.dds
TRACE: TextureManager : write DDS sets/of3d/work/Textures/House_4_D.dds
TRACE: TextureManager : write DDS sets/of3d/work/Textures/House_4_normals.dds
TRACE: TextureManager : write DDS sets/of3d/work/Textures/House_4_S.dds
TRACE: TextureManager : write DDS sets/of3d/work/Textures/House_3_D.dds
TRACE: TextureManager : write DDS sets/of3d/work/Textures/House_3_normals.dds
TRACE: TextureManager : write DDS sets/of3d/work/Textures/House_3_S.dds
TRACE: TextureManager : write DDS sets/of3d/work/Textures/Window_D.dds
TRACE: TextureManager : write DDS sets/of3d/work/Textures/Window_normals.dds
TRACE: TextureManager : write DDS sets/of3d/work/Textures/Window_S.dds
TRACE: TextureManager : write DDS sets/of3d/work/Textures/Shiban_D.dds
TRACE: TextureManager : write DDS sets/of3d/work/Textures/Shiban_normals.dds
TRACE: TextureManager : write DDS sets/of3d/work/Textures/Shiban_S.dds
TRACE: TextureManager : write DDS sets/of3d/work/Textures/Chain_D.dds
TRACE: TextureManager : write DDS sets/of3d/work/Textures/Chain_normals.dds
TRACE: TextureManager : write DDS sets/of3d/work/Textures/Chain_S.dds
TRACE: TextureManager : write DDS sets/of3d/work/Textures/Woodpillar_D.dds
TRACE: TextureManager : write DDS sets/of3d/work/Textures/Woodpillar_normals.dds
TRACE: TextureManager : write DDS sets/of3d/work/Textures/Wood2_D.dds
TRACE: TextureManager : write DDS sets/of3d/work/Textures/Wood_2_normals.dds
TRACE: TextureManager : write DDS sets/of3d/work/Textures/Pillar_D.dds
TRACE: TextureManager : write DDS sets/of3d/work/Textures/Pillar_normals.dds
TRACE: TextureManager : write DDS sets/of3d/work/Textures/Pillar_S.dds
TRACE: TextureManager : write DDS sets/of3d/work/Textures/Wall_D.dds
TRACE: TextureManager : write DDS sets/of3d/work/Textures/Wall_normals.dds
TRACE: TextureManager : write DDS sets/of3d/work/Textures/Wall_S.dds
TRACE: TextureManager : write DDS sets/of3d/work/Textures/Wood_2_D.dds
TRACE: TextureManager : write DDS sets/of3d/work/Textures/Door_2_D.dds
TRACE: TextureManager : write DDS sets/of3d/work/Textures/Door_2_normals.dds
TRACE: TextureManager : write DDS sets/of3d/work/Textures/Door_2_S.dds
TRACE: TextureManager : write DDS sets/of3d/work/Textures/Wood_wall_D.dds
TRACE: TextureManager : write DDS sets/of3d/work/Textures/Light_1_D.dds
TRACE: TextureManager : write DDS sets/of3d/work/Textures/Light_1_normals.dds
TRACE: TextureManager : write DDS sets/of3d/work/Textures/Light_1_S.dds
TRACE: TextureManager : write DDS sets/of3d/work/Textures/Desk_D.dds
TRACE: TextureManager : write DDS sets/of3d/work/Textures/Desk_normals.dds
TRACE: TextureManager : write DDS sets/of3d/work/Textures/Desk_S.dds
TRACE: TextureManager : write DDS sets/of3d/work/Textures/Prop_D.dds
TRACE: TextureManager : write DDS sets/of3d/work/Textures/Prop_normals.dds
TRACE: TextureManager : write DDS sets/of3d/work/Textures/Prop_S.dds
TRACE: TextureManager : write DDS sets/of3d/work/Textures/Chair_D.dds
TRACE: TextureManager : write DDS sets/of3d/work/Textures/Chair_normals.dds
TRACE: TextureManager : write DDS sets/of3d/work/Textures/Chair_S.dds
TRACE: TextureManager : write DDS sets/town/props/pot/maps/pot_d.dds
TRACE: TextureManager : write DDS sets/town/props/pot/maps/pot_norms.dds
TRACE: TextureManager : write DDS sets/town/props/pot/maps/pot_s.dds
TRACE: TextureManager : write DDS sets/of3d/sign/of3dsign.dds
TRACE: TextureManager : write DDS sets/of3d/sign/of3dsign_norms.dds
TRACE: TextureManager : write DDS sets/of3d/sign/of3dsign_s.dds
TRACE: TextureManager : write DDS flora/corn.dds
TRACE: ChunkLoader: Loaded chunk 'spaces/highlands/0006fffeo.chunk'
TRACE: BgTaskManager::onThreadFinished: Thread finished. 0 remaining
DEBUG: Calling WorldEditor Destructor
DEBUG: ChunkSpace::clear: Clearing space 1
DEBUG: ChunkSpace::delMapping: Comdemned spaces/highlands/ in space 1
DEBUG: DELETING LIGHT MAP b108b30
DEBUG: DELETING LIGHT MAP 3b57b90
WARNING: SimpleGUIComponent: Destroying GUI component before construction or after destruction of SimpleGUI, possible python leak.
INFO: Destroying SimulationManager

/------------------------------------------------------------------------------------------\
BigWorld World Editor  (compiled at Oct  9 2010 at 05:55:08)starting on 11/01/20 14:03:39

INFO: Registering factory for binding
INFO: Registering factory for entity
INFO: Registering factory for flare
INFO: Registering factory for directionalLight
INFO: Registering factory for omniLight
INFO: Registering factory for spotLight
INFO: Registering factory for pulseLight
INFO: Registering factory for ambientLight
INFO: Registering factory for marker
INFO: Registering factory for marker_cluster
INFO: Registering factory for metaData
INFO: Registering factory for model
INFO: Registering factory for shell
INFO: Registering factory for particles
INFO: Registering factory for station
INFO: Registering factory for speedtree
INFO: Registering factory for UserDataObject
INFO: Registering factory for vlo
INFO: Registering factory for water
INFO: Registering factory for particles
INFO: AnimationChannel: registered type 5
INFO: AnimationChannel: registered type 0
INFO: AnimationChannel: registered type 1
INFO: AnimationChannel: registered type 3
INFO: AnimationChannel: registered type 4
INFO: AnimationChannel: registered type 7
INFO: AnimationChannel: registered type 2
INFO: AnimationChannel: registered type 6
INFO: Registering factory for terrain
INFO: Registering factory for vlo
INFO: Registering factory for flare
INFO: Registering factory for directionalLight
INFO: Registering factory for omniLight
INFO: Registering factory for spotLight
INFO: Registering factory for pulseLight
INFO: Registering factory for ambientLight
INFO: Registering factory for station
INFO: Registering factory for speedtree
INFO: Registering factory for model
INFO: Registering factory for shell
INFO: Registering factory for binding
INFO: Registering factory for marker
INFO: Registering factory for marker_cluster
INFO: Registering factory for overlapper
INFO: Registering factory for PyPhase
INFO: Registering factory for PyFilterQuad
INFO: Registering factory for PyCopyBackBuffer
INFO: Registering factory for PyVisualTransferMesh
INFO: Registering factory for PyPointSpriteTransferMesh
INFO: Registering factory for PyTransferQuad
INFO: Registering factory for flora
DEBUG: Loading.. C:/BigWorld_2.0.1/BigWorld/bigworld/tools/worldeditor/paths.xml
INFO: Added res path: "C:/BigWorld_2.0.1/BigWorld/fantasydemo/res" (from paths.xml).
INFO: Added res path: "C:/BigWorld_2.0.1/BigWorld/bigworld/res" (from paths.xml).
INFO: BWResource::initCommon: Version is 2.0.1
INFO: Options file is C:\BigWorld_2.0.1\BigWorld\bigworld\tools\worldeditor\options.xml
TRACE: DataResource::load: C:\BigWorld_2.0.1\BigWorld\bigworld\tools\worldeditor\options.xml
INFO: Added res path: "C:/BigWorld_2.0.1/BigWorld/bigworld/tools/worldeditor"
DEBUG: Joystick::init: Joystick not found
INFO: InputDevices::InputDevices: Joystick failed to initialise
NOTICE: ATI compatibility selected
INFO: GraphicsSetting::init - autodetection succeeded
INFO: This adapter supports A8R8G8B8 back buffers
INFO: RenderContext::createDevice - available texture memory after create: 1830813696
DEBUG: Moo: Changed mode: 1596 795
DEBUG: EffectManager::addIncludePaths - adding include path shaders/std_effects/
DEBUG: EffectManager::addIncludePaths - adding include path shaders/terrain/
INFO: Material Kinds loaded from system/data/material_kinds.xml
INFO: Created Font Texture Map system_tiny.font.dds [512 x 32]
INFO: Created Font Texture Map system_small.font.dds [512 x 32]
INFO: Created Font Texture Map system_medium.font.dds [512 x 32]
INFO: Created Font Texture Map system_large.font.dds [512 x 32]
INFO: Real path is C:/BigWorld_2.0.1/BigWorld/fantasydemo/res/audio\
INFO: SoundManager::initialise: Loaded sound project fd_sound
INFO: SoundManager::initialise: Starting preload of sound bank main
INFO: FixedDictDataType::setCustomClassFunctions: AuctionDataTypes.auctionDataInstance
INFO: FixedDictDataType::setCustomClassFunctions: AuctionDataTypes.auctionsDataInstance
INFO: EntityDescription::parseProperties: property Guard.health is being overridden.
INFO: EntityDescription::parseProperties: property Guard.maxHealth is being overridden.
INFO: Highest exposed counts:
INFO: 	Avatar: client top-level property count = 21. Efficient to 61 (limit is 256)
INFO: 	Avatar: client method count = 49. Efficient to 62 (limit is 15872)
INFO: 	Avatar: base method count = 20. Efficient to 62 (limit is 15872)
INFO: 	Avatar: cell method count = 36. Efficient to 62 (limit is 15872)
INFO: 
INFO: EditorEntityType constructor - Importing editor entity scripts
INFO: EditorEntityType - no editor script found for Account
INFO: EditorEntityType - no editor script found for AuctionHouse
INFO: EditorEntityType - no editor script found for Avatar
INFO: EditorEntityType - no editor script found for Button
INFO: EditorEntityType - no editor script found for Fog
INFO: EditorEntityType - no editor script found for IndoorMapInfo
INFO: EditorEntityType - no editor script found for LightGuard
INFO: EditorEntityType - no editor script found for RespawnManager
INFO: EditorEntityType - no editor script found for Reverb
INFO: EditorEntityType - no editor script found for SoundEmitter
INFO: EditorEntityType - no editor script found for TED
INFO: EditorEntityType - no editor script found for TradingSupervisor
INFO: EditorEntityType - no editor script found for VehicleExample
INFO: EditorEntityType - no editor script found for XMPPEventNotifier
INFO: UserDataObjectDescription::parseProperties: property testItem.testOverrideProperty is being overridden.
INFO: EditorUserDataObjectType constructor - Importing editor UserDataObject scripts
INFO: Flora::vbSize - reduced memory usage to 4987500, due to alignment requirements
INFO: Flora::vbSize - 133 triangles per flora block
INFO: Flora::vbSize - 4870 KB used for vertex buffer
INFO: FloraTexture::init - texture(8192,256), blocks(16,1), blocksize(512,256)
DEBUG: ChunkSpace::addMapping: Adding spaces/highlands at (0.000000,0.000000,0.000000) xaxis (1.000000,0.000000,0.000000) to space 1
TRACE: ChunkManager::autoBootstrapSeedChunk: seed chunk NULL so starting search
INFO: Initialising SimulationManager
DEBUG: cloud map darkness 0.65
INFO: Created Font Texture Map default_medium.font.dds [512 x 32]
SCRIPT: PostProcessing.init()
TRACE: DataResource::load: resources/data/terrain_paint_strengths.xml
INFO: Created Font Texture Map default_small.font.dds [512 x 32]
ACTION: 0018EAA4
ACTION: 040A6C68
INFO: Flora::vbSize - reduced memory usage to 4987500, due to alignment requirements
INFO: Flora::vbSize - 133 triangles per flora block
INFO: Flora::vbSize - 4870 KB used for vertex buffer
DEBUG: PythonAdapter was loaded correctly
INFO: EntityDescription::parseProperties: property Guard.health is being overridden.
INFO: EntityDescription::parseProperties: property Guard.maxHealth is being overridden.
INFO: Highest exposed counts:
INFO: 	Avatar: client top-level property count = 21. Efficient to 61 (limit is 256)
INFO: 	Avatar: client method count = 49. Efficient to 62 (limit is 15872)
INFO: 	Avatar: base method count = 20. Efficient to 62 (limit is 15872)
INFO: 	Avatar: cell method count = 36. Efficient to 62 (limit is 15872)
INFO: 
INFO: UserDataObjectDescription::parseProperties: property testItem.testOverrideProperty is being overridden.
INFO: This adapter supports A8R8G8B8 back buffers
INFO: RenderContext::changeMode - trying to reset 
INFO: RenderContext::changeMode - available texture memory after reset: 1836056576
DEBUG: Moo: Changed mode: 1291 731
INFO: Flora::vbSize - reduced memory usage to 4987500, due to alignment requirements
INFO: Flora::vbSize - 133 triangles per flora block
INFO: Flora::vbSize - 4870 KB used for vertex buffer
INFO: SoundManager::registerSoundBank: Sound bank 'main' registered successfully
INFO: ZAttenuationOccluder - sharing PostProcessing render target
TRACE: ChunkManager::autoBootstrapSeedChunk: seed chunk determined: 00000000o
TRACE: ChunkManager::autoBootstrapSeedChunk: seed chunk submitted for loading
INFO: No node selected
WARNING: WinFileSystem: Case mismatch opening C:/BigWorld_2.0.1/BigWorld/fantasydemo/res/speedtree/Broadleaves/agarwoodcluster/compositemap_Diffuse.dds (CompositeMap_Diffuse.dds)
TRACE: ChunkManager::autoBootstrapSeedChunk: seed chunk NULL so starting search
SCRIPT: PostProcessing: computeBuffer1 (161 x 91)
SCRIPT: PostProcessing: computeBuffer2 (161 x 91)
SCRIPT: PostProcessing: backBufferCopy (1291 x 731)
SCRIPT: PostProcessing: downSample1 (645 x 365)
SCRIPT: PostProcessing: downSample3 (161 x 91)
SCRIPT: PostProcessing: downSample2 (322 x 182)
SCRIPT: PostProcessing: total memory used by default RenderTargets : 9.78 MB
WARNING: WinFileSystem: Case mismatch opening C:/BigWorld_2.0.1/BigWorld/fantasydemo/res/speedtree/Broadleaves/agarwoodcluster/compositemap_Normal.dds (CompositeMap_Normal.dds)
WARNING: WinFileSystem: Case mismatch opening C:/BigWorld_2.0.1/BigWorld/fantasydemo/res/speedtree/shrubs_flowers/cinnamon_fern/compositemap_Diffuse.dds (CompositeMap_Diffuse.dds)
WARNING: WinFileSystem: Case mismatch opening C:/BigWorld_2.0.1/BigWorld/fantasydemo/res/speedtree/shrubs_flowers/cinnamon_fern/compositemap_Normal.dds (CompositeMap_Normal.dds)
WARNING: WinFileSystem: Case mismatch opening C:/BigWorld_2.0.1/BigWorld/fantasydemo/res/speedtree/shrubs_flowers/american_boxwood/compositemap_Diffuse.dds (CompositeMap_Diffuse.dds)
WARNING: WinFileSystem: Case mismatch opening C:/BigWorld_2.0.1/BigWorld/fantasydemo/res/speedtree/shrubs_flowers/american_boxwood/compositemap_Normal.dds (CompositeMap_Normal.dds)
WARNING: WinFileSystem: Case mismatch opening C:/BigWorld_2.0.1/BigWorld/fantasydemo/res/speedtree/shrubs_flowers/boston_fern/compositemap_Diffuse.dds (CompositeMap_Diffuse.dds)
WARNING: WinFileSystem: Case mismatch opening C:/BigWorld_2.0.1/BigWorld/fantasydemo/res/speedtree/shrubs_flowers/boston_fern/compositemap_Normal.dds (CompositeMap_Normal.dds)
TRACE: ChunkLoader: Loaded chunk 'spaces/highlands/00000000o.chunk'
TRACE: ChunkManager::autoBootstrapSeedChunk: seed chunk determined: 0006fffdo
TRACE: ChunkManager::autoBootstrapSeedChunk: seed chunk submitted for loading
TRACE: ChunkManager::autoBootstrapSeedChunk: seed chunk NULL so starting search
TRACE: ChunkLoader: Loaded chunk 'spaces/highlands/0006fffdo.chunk'
TRACE: ChunkLoader: Loaded chunk 'spaces/highlands/0005fffco.chunk'
TRACE: ChunkLoader: Loaded chunk 'spaces/highlands/0006ffffo.chunk'
TRACE: ChunkLoader: Loaded chunk 'spaces/highlands/0004fffdo.chunk'
WARNING: WinFileSystem: Case mismatch opening C:/BigWorld_2.0.1/BigWorld/fantasydemo/res/speedtree/shrubs_flowers/elephant_ear/compositemap_Diffuse.dds (CompositeMap_Diffuse.dds)
WARNING: WinFileSystem: Case mismatch opening C:/BigWorld_2.0.1/BigWorld/fantasydemo/res/speedtree/shrubs_flowers/elephant_ear/compositemap_Normal.dds (CompositeMap_Normal.dds)
TRACE: ChunkLoader: Loaded chunk 'spaces/highlands/0006fffeo.chunk'
TRACE: ChunkLoader: Loaded chunk 'spaces/highlands/0005fffdo.chunk'
TRACE: ChunkLoader: Loaded chunk 'spaces/highlands/0007fffdo.chunk'
TRACE: ChunkLoader: Loaded chunk 'spaces/highlands/0006fffco.chunk'
TRACE: ChunkLoader: Loaded chunk 'spaces/highlands/0007fffeo.chunk'
TRACE: ChunkLoader: Loaded chunk 'spaces/highlands/0007fffco.chunk'
TRACE: ChunkLoader: Loaded chunk 'spaces/highlands/0005fffeo.chunk'
INFO: UAL Manager - Waiting for the Thumbnail Manager to stop ...

/------------------------------------------------------------------------------------------\
BigWorld World Editor  (compiled at Oct  9 2010 at 05:55:08)starting on 11/01/20 14:03:49

INFO: Registering factory for binding
INFO: Registering factory for entity
INFO: Registering factory for flare
INFO: Registering factory for directionalLight
INFO: Registering factory for omniLight
INFO: Registering factory for spotLight
INFO: Registering factory for pulseLight
INFO: Registering factory for ambientLight
INFO: Registering factory for marker
INFO: Registering factory for marker_cluster
INFO: Registering factory for metaData
INFO: Registering factory for model
INFO: Registering factory for shell
INFO: Registering factory for particles
INFO: Registering factory for station
INFO: Registering factory for speedtree
INFO: Registering factory for UserDataObject
INFO: Registering factory for vlo
INFO: Registering factory for water
INFO: Registering factory for particles
INFO: AnimationChannel: registered type 5
INFO: AnimationChannel: registered type 0
INFO: AnimationChannel: registered type 1
INFO: AnimationChannel: registered type 3
INFO: AnimationChannel: registered type 4
INFO: AnimationChannel: registered type 7
INFO: AnimationChannel: registered type 2
INFO: AnimationChannel: registered type 6
INFO: Registering factory for terrain
INFO: Registering factory for vlo
INFO: Registering factory for flare
INFO: Registering factory for directionalLight
INFO: Registering factory for omniLight
INFO: Registering factory for spotLight
INFO: Registering factory for pulseLight
INFO: Registering factory for ambientLight
INFO: Registering factory for station
INFO: Registering factory for speedtree
INFO: Registering factory for model
INFO: Registering factory for shell
INFO: Registering factory for binding
INFO: Registering factory for marker
INFO: Registering factory for marker_cluster
INFO: Registering factory for overlapper
INFO: UAL Manager - ... Thumbnail Manager stopped
TRACE: BgTaskManager::stopAll: Waiting for threads: 1
TRACE: BgTaskManager::onThreadFinished: Thread finished. 0 remaining
DEBUG: Calling WorldEditor Destructor
DEBUG: ChunkSpace::clear: Clearing space 1
DEBUG: ChunkSpace::delMapping: Comdemned spaces/highlands/ in space 1
DEBUG: DELETING LIGHT MAP cd491c8
DEBUG: DELETING LIGHT MAP 4073210
TRACE: deleting tree type speedtree/Broadleaves/agarwoodcluster/bwAgarwoodCluster_RT.spt
TRACE: deleting tree type speedtree/Broadleaves/crab_apple/bwcrabapple_rt_flowers.spt
TRACE: deleting tree type speedtree/Conifers/douglas_fir/DouglasFir_RT.spt
TRACE: deleting tree type speedtree/Conifers/douglas_fir_full/DouglasFir_RT_Full.spt
TRACE: deleting tree type speedtree/Conifers/italian_cypress/ItalianCypress_RT.spt
TRACE: deleting tree type speedtree/shrubs_flowers/american_boxwood/AmericanBoxwood_RT.spt
TRACE: deleting tree type speedtree/shrubs_flowers/boston_fern/BostonFern_RT.spt
TRACE: deleting tree type speedtree/shrubs_flowers/cinnamon_fern/CinnamonFern_RT.spt
WARNING: SimpleGUIComponent: Destroying GUI component before construction or after destruction of SimpleGUI, possible python leak.
INFO: Destroying SimulationManager
INFO: Registering factory for PyPhase
INFO: Registering factory for PyFilterQuad
INFO: Registering factory for PyCopyBackBuffer
INFO: Registering factory for PyVisualTransferMesh
INFO: Registering factory for PyPointSpriteTransferMesh
INFO: Registering factory for PyTransferQuad
INFO: Registering factory for flora
DEBUG: Loading.. C:/BigWorld_2.0.1/BigWorld/bigworld/tools/worldeditor/paths.xml
INFO: Added res path: "C:/BigWorld_2.0.1/BigWorld/fantasydemo/res" (from paths.xml).
INFO: Added res path: "C:/BigWorld_2.0.1/BigWorld/bigworld/res" (from paths.xml).
INFO: BWResource::initCommon: Version is 2.0.1
INFO: Options file is C:\BigWorld_2.0.1\BigWorld\bigworld\tools\worldeditor\options.xml
TRACE: DataResource::load: C:\BigWorld_2.0.1\BigWorld\bigworld\tools\worldeditor\options.xml
INFO: Added res path: "C:/BigWorld_2.0.1/BigWorld/bigworld/tools/worldeditor"
DEBUG: Joystick::init: Joystick not found
INFO: InputDevices::InputDevices: Joystick failed to initialise
NOTICE: ATI compatibility selected
INFO: GraphicsSetting::init - the graphics card/driver matches so we don't autodetect settings
INFO: This adapter supports A8R8G8B8 back buffers
INFO: RenderContext::createDevice - available texture memory after create: 1830813696
DEBUG: Moo: Changed mode: 1596 795
DEBUG: EffectManager::addIncludePaths - adding include path shaders/std_effects/
DEBUG: EffectManager::addIncludePaths - adding include path shaders/terrain/
INFO: Material Kinds loaded from system/data/material_kinds.xml
INFO: Created Font Texture Map system_tiny.font.dds [512 x 32]
INFO: Created Font Texture Map system_small.font.dds [512 x 32]
INFO: Created Font Texture Map system_medium.font.dds [512 x 32]
INFO: Created Font Texture Map system_large.font.dds [512 x 32]
INFO: Real path is C:/BigWorld_2.0.1/BigWorld/fantasydemo/res/audio\
INFO: SoundManager::initialise: Loaded sound project fd_sound
INFO: SoundManager::initialise: Starting preload of sound bank main
INFO: FixedDictDataType::setCustomClassFunctions: AuctionDataTypes.auctionDataInstance
INFO: FixedDictDataType::setCustomClassFunctions: AuctionDataTypes.auctionsDataInstance
INFO: EntityDescription::parseProperties: property Guard.health is being overridden.
INFO: EntityDescription::parseProperties: property Guard.maxHealth is being overridden.
INFO: Highest exposed counts:
INFO: 	Avatar: client top-level property count = 21. Efficient to 61 (limit is 256)
INFO: 	Avatar: client method count = 49. Efficient to 62 (limit is 15872)
INFO: 	Avatar: base method count = 20. Efficient to 62 (limit is 15872)
INFO: 	Avatar: cell method count = 36. Efficient to 62 (limit is 15872)
INFO: 
INFO: EditorEntityType constructor - Importing editor entity scripts
INFO: EditorEntityType - no editor script found for Account
INFO: EditorEntityType - no editor script found for AuctionHouse
INFO: EditorEntityType - no editor script found for Avatar
INFO: EditorEntityType - no editor script found for Button
INFO: EditorEntityType - no editor script found for Fog
INFO: EditorEntityType - no editor script found for IndoorMapInfo
INFO: EditorEntityType - no editor script found for LightGuard
INFO: EditorEntityType - no editor script found for RespawnManager
INFO: EditorEntityType - no editor script found for Reverb
INFO: EditorEntityType - no editor script found for SoundEmitter
INFO: EditorEntityType - no editor script found for TED
INFO: EditorEntityType - no editor script found for TradingSupervisor
INFO: EditorEntityType - no editor script found for VehicleExample
INFO: EditorEntityType - no editor script found for XMPPEventNotifier
INFO: UserDataObjectDescription::parseProperties: property testItem.testOverrideProperty is being overridden.
INFO: EditorUserDataObjectType constructor - Importing editor UserDataObject scripts
INFO: Flora::vbSize - reduced memory usage to 4987500, due to alignment requirements
INFO: Flora::vbSize - 133 triangles per flora block
INFO: Flora::vbSize - 4870 KB used for vertex buffer
INFO: FloraTexture::init - texture(8192,256), blocks(16,1), blocksize(512,256)
DEBUG: ChunkSpace::addMapping: Adding spaces/highlands at (0.000000,0.000000,0.000000) xaxis (1.000000,0.000000,0.000000) to space 1
TRACE: ChunkManager::autoBootstrapSeedChunk: seed chunk NULL so starting search
INFO: Initialising SimulationManager
DEBUG: cloud map darkness 0.65
INFO: Created Font Texture Map default_medium.font.dds [512 x 32]
SCRIPT: PostProcessing.init()
TRACE: DataResource::load: resources/data/terrain_paint_strengths.xml
INFO: Created Font Texture Map default_small.font.dds [512 x 32]
ACTION: 03F0F020
ACTION: 03FB2898
INFO: Flora::vbSize - reduced memory usage to 4987500, due to alignment requirements
INFO: Flora::vbSize - 133 triangles per flora block
INFO: Flora::vbSize - 4870 KB used for vertex buffer
DEBUG: PythonAdapter was loaded correctly
INFO: EntityDescription::parseProperties: property Guard.health is being overridden.
INFO: EntityDescription::parseProperties: property Guard.maxHealth is being overridden.
INFO: Highest exposed counts:
INFO: 	Avatar: client top-level property count = 21. Efficient to 61 (limit is 256)
INFO: 	Avatar: client method count = 49. Efficient to 62 (limit is 15872)
INFO: 	Avatar: base method count = 20. Efficient to 62 (limit is 15872)
INFO: 	Avatar: cell method count = 36. Efficient to 62 (limit is 15872)
INFO: 
INFO: UserDataObjectDescription::parseProperties: property testItem.testOverrideProperty is being overridden.
INFO: This adapter supports A8R8G8B8 back buffers
INFO: RenderContext::changeMode - trying to reset 
INFO: RenderContext::changeMode - available texture memory after reset: 1836056576
DEBUG: Moo: Changed mode: 1291 731
INFO: Flora::vbSize - reduced memory usage to 4987500, due to alignment requirements
INFO: Flora::vbSize - 133 triangles per flora block
INFO: Flora::vbSize - 4870 KB used for vertex buffer
INFO: SoundManager::registerSoundBank: Sound bank 'main' registered successfully
INFO: ZAttenuationOccluder - sharing PostProcessing render target
TRACE: ChunkManager::autoBootstrapSeedChunk: seed chunk determined: 00000000o
TRACE: ChunkManager::autoBootstrapSeedChunk: seed chunk submitted for loading
INFO: No node selected
WARNING: WinFileSystem: Case mismatch opening C:/BigWorld_2.0.1/BigWorld/fantasydemo/res/speedtree/Broadleaves/agarwoodcluster/compositemap_Diffuse.dds (CompositeMap_Diffuse.dds)
TRACE: ChunkManager::autoBootstrapSeedChunk: seed chunk NULL so starting search
SCRIPT: PostProcessing: computeBuffer1 (161 x 91)
SCRIPT: PostProcessing: computeBuffer2 (161 x 91)
SCRIPT: PostProcessing: backBufferCopy (1291 x 731)
SCRIPT: PostProcessing: downSample1 (645 x 365)
SCRIPT: PostProcessing: downSample3 (161 x 91)
SCRIPT: PostProcessing: downSample2 (322 x 182)
SCRIPT: PostProcessing: total memory used by default RenderTargets : 9.78 MB
WARNING: WinFileSystem: Case mismatch opening C:/BigWorld_2.0.1/BigWorld/fantasydemo/res/speedtree/Broadleaves/agarwoodcluster/compositemap_Normal.dds (CompositeMap_Normal.dds)
WARNING: WinFileSystem: Case mismatch opening C:/BigWorld_2.0.1/BigWorld/fantasydemo/res/speedtree/shrubs_flowers/cinnamon_fern/compositemap_Diffuse.dds (CompositeMap_Diffuse.dds)
WARNING: WinFileSystem: Case mismatch opening C:/BigWorld_2.0.1/BigWorld/fantasydemo/res/speedtree/shrubs_flowers/cinnamon_fern/compositemap_Normal.dds (CompositeMap_Normal.dds)
WARNING: WinFileSystem: Case mismatch opening C:/BigWorld_2.0.1/BigWorld/fantasydemo/res/speedtree/shrubs_flowers/american_boxwood/compositemap_Diffuse.dds (CompositeMap_Diffuse.dds)
WARNING: WinFileSystem: Case mismatch opening C:/BigWorld_2.0.1/BigWorld/fantasydemo/res/speedtree/shrubs_flowers/american_boxwood/compositemap_Normal.dds (CompositeMap_Normal.dds)
WARNING: WinFileSystem: Case mismatch opening C:/BigWorld_2.0.1/BigWorld/fantasydemo/res/speedtree/shrubs_flowers/boston_fern/compositemap_Diffuse.dds (CompositeMap_Diffuse.dds)
WARNING: WinFileSystem: Case mismatch opening C:/BigWorld_2.0.1/BigWorld/fantasydemo/res/speedtree/shrubs_flowers/boston_fern/compositemap_Normal.dds (CompositeMap_Normal.dds)
TRACE: ChunkLoader: Loaded chunk 'spaces/highlands/00000000o.chunk'
TRACE: ChunkManager::autoBootstrapSeedChunk: seed chunk determined: 0006fffdo
TRACE: ChunkManager::autoBootstrapSeedChunk: seed chunk submitted for loading
TRACE: ChunkManager::autoBootstrapSeedChunk: seed chunk NULL so starting search
TRACE: ChunkLoader: Loaded chunk 'spaces/highlands/0006fffdo.chunk'
WARNING: WinFileSystem: Case mismatch opening C:/BigWorld_2.0.1/BigWorld/fantasydemo/res/speedtree/shrubs_flowers/elephant_ear/compositemap_Diffuse.dds (CompositeMap_Diffuse.dds)
WARNING: WinFileSystem: Case mismatch opening C:/BigWorld_2.0.1/BigWorld/fantasydemo/res/speedtree/shrubs_flowers/elephant_ear/compositemap_Normal.dds (CompositeMap_Normal.dds)
TRACE: ChunkLoader: Loaded chunk 'spaces/highlands/0006fffeo.chunk'
TRACE: ChunkLoader: Loaded chunk 'spaces/highlands/0005fffdo.chunk'
TRACE: ChunkLoader: Loaded chunk 'spaces/highlands/0007fffdo.chunk'
TRACE: ChunkLoader: Loaded chunk 'spaces/highlands/0006fffco.chunk'
TRACE: ChunkLoader: Loaded chunk 'spaces/highlands/0005fffco.chunk'
TRACE: ChunkLoader: Loaded chunk 'spaces/highlands/0007fffeo.chunk'
TRACE: ChunkLoader: Loaded chunk 'spaces/highlands/0007fffco.chunk'
TRACE: ChunkLoader: Loaded chunk 'spaces/highlands/0005fffeo.chunk'
TRACE: ChunkLoader: Loaded chunk 'spaces/highlands/0006ffffo.chunk'
TRACE: ChunkLoader: Loaded chunk 'spaces/highlands/0004fffdo.chunk'
TRACE: ChunkLoader: Loaded chunk 'spaces/highlands/0006fffbo.chunk'
TRACE: ChunkLoader: Loaded chunk 'spaces/highlands/0008fffdo.chunk'
TRACE: ChunkLoader: Loaded chunk 'spaces/highlands/0005ffffo.chunk'
TRACE: ChunkLoader: Loaded chunk 'spaces/highlands/0007ffffo.chunk'
TRACE: ChunkLoader: Loaded chunk 'spaces/highlands/0004fffco.chunk'
TRACE: ChunkLoader: Loaded chunk 'spaces/highlands/0005fffbo.chunk'
TRACE: ChunkLoader: Loaded chunk 'spaces/highlands/0004fffeo.chunk'
TRACE: ChunkLoader: Loaded chunk 'spaces/highlands/0007fffbo.chunk'
TRACE: ChunkLoader: Loaded chunk 'spaces/highlands/0008fffco.chunk'
TRACE: ChunkLoader: Loaded chunk 'spaces/highlands/0008fffeo.chunk'
TRACE: ChunkLoader: Loaded chunk 'spaces/highlands/0004fffbo.chunk'
TRACE: TextureManager : write DDS characters/npc/fd_orc_guard/orc_guard_diff.dds
TRACE: TextureManager : write DDS characters/npc/fd_orc_guard/orc_guard_norms.dds
TRACE: TextureManager : write DDS characters/npc/fd_orc_guard/orc_guard_s.dds
TRACE: TextureManager : write DDS characters/npc/fd_orc_guard/orc_guard_chrome_mask.dds
TRACE: TextureManager : write DDS characters/npc/chicken/chicken.dds
TRACE: TextureManager : write DDS sets/items/platform_dif.dds
TRACE: TextureManager : write DDS sets/items/platform_norms.dds
TRACE: TextureManager : write DDS characters/npc/rat/maps/rat.dds
TRACE: TextureManager : write DDS resources/maps/system/col_orange.dds
TRACE: ChunkLoader: Loaded chunk 'spaces/highlands/00am0001i.chunk'
TRACE: ChunkLoader: Loaded chunk 'spaces/highlands/00am000ei.chunk'
TRACE: ChunkLoader: Loaded chunk 'spaces/highlands/00am0015i.chunk'
TRACE: ChunkLoader: Loaded chunk 'spaces/highlands/00am0017i.chunk'
TRACE: TextureManager : write DDS sets/shared/props/door/maps/door.dds
TRACE: TextureManager : write DDS sets/shared/props/door/maps/door_norms.dds
TRACE: TextureManager : write DDS sets/shared/props/door/maps/door_spec.dds
TRACE: ChunkLoader: Loaded chunk 'spaces/highlands/00am001bi.chunk'
TRACE: ChunkLoader: Loaded chunk 'spaces/highlands/01eb05d6i.chunk'
TRACE: ChunkLoader: Loaded chunk 'spaces/highlands/29250b5ei.chunk'
TRACE: ChunkLoader: Loaded chunk 'spaces/highlands/365b0562i.chunk'
TRACE: ChunkLoader: Loaded chunk 'spaces/highlands/3a37b2e1i.chunk'
TRACE: ChunkLoader: Loaded chunk 'spaces/highlands/3e2df304i.chunk'
TRACE: ChunkLoader: Loaded chunk 'spaces/highlands/4fc12c09i.chunk'
TRACE: ChunkLoader: Loaded chunk 'spaces/highlands/a570081bi.chunk'
TRACE: ChunkLoader: Loaded chunk 'spaces/highlands/00am0014i.chunk'
TRACE: ChunkLoader: Loaded chunk 'spaces/highlands/00am002bi.chunk'
TRACE: ChunkLoader: Loaded chunk 'spaces/highlands/00am0031i.chunk'
TRACE: ChunkLoader: Loaded chunk 'spaces/highlands/00am0033i.chunk'
TRACE: ChunkLoader: Loaded chunk 'spaces/highlands/0006fffao.chunk'
TRACE: ChunkLoader: Loaded chunk 'spaces/highlands/00am0035i.chunk'
TRACE: ChunkLoader: Loaded chunk 'spaces/highlands/0009fffdo.chunk'
TRACE: ChunkLoader: Loaded chunk 'spaces/highlands/0003fffdo.chunk'
TRACE: ChunkLoader: Loaded chunk 'spaces/highlands/00060000o.chunk'
DEBUG: Water::Water: using 2783 vertices out of 4947
TRACE: ChunkLoader: Loaded chunk 'spaces/highlands/00050000o.chunk'
TRACE: ChunkLoader: Loaded chunk 'spaces/highlands/00070000o.chunk'
TRACE: ChunkLoader: Loaded chunk 'spaces/highlands/00am0036i.chunk'
TRACE: ChunkLoader: Loaded chunk 'spaces/highlands/00am0038i.chunk'
WARNING: WinFileSystem: Case mismatch opening C:/BigWorld_2.0.1/BigWorld/fantasydemo/res/speedtree/Conifers/giant_redwood/compositemap_Diffuse.dds (CompositeMap_Diffuse.dds)
WARNING: WinFileSystem: Case mismatch opening C:/BigWorld_2.0.1/BigWorld/fantasydemo/res/speedtree/Conifers/giant_redwood/compositemap_Normal.dds (CompositeMap_Normal.dds)
TRACE: ChunkLoader: Loaded chunk 'spaces/highlands/0003fffeo.chunk'
TRACE: ChunkLoader: Loaded chunk 'spaces/highlands/0003fffco.chunk'
TRACE: ChunkLoader: Loaded chunk 'spaces/highlands/0005fffao.chunk'
TRACE: ChunkLoader: Loaded chunk 'spaces/highlands/00am003bi.chunk'
TRACE: ChunkLoader: Loaded chunk 'spaces/highlands/00am0004i.chunk'
TRACE: ChunkLoader: Loaded chunk 'spaces/highlands/00am0006i.chunk'
TRACE: ChunkLoader: Loaded chunk 'spaces/highlands/00am0009i.chunk'
TRACE: ChunkLoader: Loaded chunk 'spaces/highlands/00040000o.chunk'
TRACE: ChunkLoader: Loaded chunk 'spaces/highlands/00am000ci.chunk'
TRACE: ChunkLoader: Loaded chunk 'spaces/highlands/00am0010i.chunk'
TRACE: ChunkLoader: Loaded chunk 'spaces/highlands/00080000o.chunk'
TRACE: ChunkLoader: Loaded chunk 'spaces/highlands/00am001ei.chunk'
TRACE: ChunkLoader: Loaded chunk 'spaces/highlands/00am001fi.chunk'
TRACE: ChunkLoader: Loaded chunk 'spaces/highlands/00am0020i.chunk'
TRACE: ChunkLoader: Loaded chunk 'spaces/highlands/00am0021i.chunk'
TRACE: ChunkLoader: Loaded chunk 'spaces/highlands/00am0029i.chunk'
TRACE: ChunkLoader: Loaded chunk 'spaces/highlands/00am002di.chunk'
TRACE: ChunkLoader: Loaded chunk 'spaces/highlands/0008ffffo.chunk'
TRACE: ChunkLoader: Loaded chunk 'spaces/highlands/00070001o.chunk'
TRACE: ChunkLoader: Loaded chunk 'spaces/highlands/0005fff9o.chunk'
TRACE: ChunkLoader: Loaded chunk 'spaces/highlands/000afffco.chunk'
TRACE: ChunkLoader: Loaded chunk 'spaces/highlands/0004ffffo.chunk'
WARNING: WinFileSystem: Case mismatch opening C:/BigWorld_2.0.1/BigWorld/fantasydemo/res/speedtree/Broadleaves/american_elm_noleaves/compositemap_Diffuse.dds (CompositeMap_Diffuse.dds)
WARNING: WinFileSystem: Case mismatch opening C:/BigWorld_2.0.1/BigWorld/fantasydemo/res/speedtree/Broadleaves/american_elm_noleaves/compositemap_Normal.dds (CompositeMap_Normal.dds)
TRACE: ChunkLoader: Loaded chunk 'spaces/highlands/0002fffeo.chunk'
TRACE: ChunkLoader: Loaded chunk 'spaces/highlands/00090000o.chunk'
TRACE: TextureManager : write DDS characters/npc/beast/beast_d1.dds
TRACE: TextureManager : write DDS characters/npc/beast/beast1_norms.dds
TRACE: TextureManager : write DDS characters/npc/beast/beast_s1.dds
TRACE: TextureManager : write DDS characters/npc/beast/beast_sss1.dds
TRACE: TextureManager : write DDS characters/npc/beast/beast_d2.dds
TRACE: TextureManager : write DDS characters/npc/beast/beast2_norms.dds
TRACE: TextureManager : write DDS characters/npc/beast/beast_s2.dds
TRACE: TextureManager : write DDS characters/npc/beast/beast_sss2.dds
TRACE: ChunkLoader: Loaded chunk 'spaces/highlands/00030000o.chunk'
TRACE: ChunkLoader: Loaded chunk 'spaces/highlands/0008fffbo.chunk'
TRACE: ChunkLoader: Loaded chunk 'spaces/highlands/0003fffao.chunk'
TRACE: ChunkLoader: Loaded chunk 'spaces/highlands/0009fffeo.chunk'
TRACE: ChunkLoader: Loaded chunk 'spaces/highlands/0007fffao.chunk'
TRACE: ChunkLoader: Loaded chunk 'spaces/highlands/0008fff9o.chunk'
TRACE: ChunkLoader: Loaded chunk 'spaces/highlands/000afffbo.chunk'
TRACE: ChunkLoader: Loaded chunk 'spaces/highlands/000affffo.chunk'
TRACE: ChunkLoader: Loaded chunk 'spaces/highlands/0002fffbo.chunk'
TRACE: ChunkLoader: Loaded chunk 'spaces/highlands/0009fffco.chunk'
TRACE: ChunkLoader: Loaded chunk 'spaces/highlands/0004fffao.chunk'
TRACE: ChunkLoader: Loaded chunk 'spaces/highlands/0002ffffo.chunk'
TRACE: ChunkLoader: Loaded chunk 'spaces/highlands/0004fff9o.chunk'
TRACE: ChunkLoader: Loaded chunk 'spaces/highlands/00040001o.chunk'
TRACE: ChunkLoader: Loaded chunk 'spaces/highlands/0001fffdo.chunk'
TRACE: ChunkLoader: Loaded chunk 'spaces/highlands/00020000o.chunk'
TRACE: ChunkLoader: Loaded chunk 'spaces/highlands/0009fff9o.chunk'
TRACE: ChunkLoader: Loaded chunk 'spaces/highlands/00030001o.chunk'
TRACE: ChunkLoader: Loaded chunk 'spaces/highlands/0006fff8o.chunk'
TRACE: ChunkLoader: Loaded chunk 'spaces/highlands/00060002o.chunk'
TRACE: ChunkLoader: Loaded chunk 'spaces/highlands/000bfffdo.chunk'
TRACE: ChunkLoader: Loaded chunk 'spaces/highlands/0003fffbo.chunk'
TRACE: ChunkLoader: Loaded chunk 'spaces/highlands/0009ffffo.chunk'
TRACE: ChunkLoader: Loaded chunk 'spaces/highlands/0008fffao.chunk'
TRACE: ChunkLoader: Loaded chunk 'spaces/highlands/0009fffbo.chunk'
TRACE: ChunkLoader: Loaded chunk 'spaces/highlands/0003ffffo.chunk'
TRACE: ChunkLoader: Loaded chunk 'spaces/highlands/000afffdo.chunk'
TRACE: ChunkLoader: Loaded chunk 'spaces/highlands/0002fffdo.chunk'
TRACE: ChunkLoader: Loaded chunk 'spaces/highlands/00090001o.chunk'
TRACE: ChunkLoader: Loaded chunk 'spaces/highlands/000afffao.chunk'
TRACE: ChunkLoader: Loaded chunk 'spaces/highlands/0006fff9o.chunk'
TRACE: ChunkLoader: Loaded chunk 'spaces/highlands/0003fff9o.chunk'
TRACE: ChunkLoader: Loaded chunk 'spaces/highlands/00070002o.chunk'
TRACE: ChunkLoader: Loaded chunk 'spaces/highlands/0001fffco.chunk'
TRACE: ChunkLoader: Loaded chunk 'spaces/highlands/0005fff8o.chunk'
TRACE: ChunkLoader: Loaded chunk 'spaces/highlands/00050002o.chunk'
TRACE: ChunkLoader: Loaded chunk 'spaces/highlands/0007fff8o.chunk'
TRACE: ChunkLoader: Loaded chunk 'spaces/highlands/000bfffeo.chunk'
TRACE: ChunkLoader: Loaded chunk 'spaces/highlands/000bfffco.chunk'
TRACE: ChunkLoader: Loaded chunk 'spaces/highlands/0001fffeo.chunk'
TRACE: ChunkLoader: Loaded chunk 'spaces/highlands/00080002o.chunk'
TRACE: ChunkLoader: Loaded chunk 'spaces/highlands/000bffffo.chunk'
TRACE: ChunkLoader: Loaded chunk 'spaces/highlands/0004fff8o.chunk'
TRACE: ChunkLoader: Loaded chunk 'spaces/highlands/0001fffbo.chunk'
TRACE: ChunkLoader: Loaded chunk 'spaces/highlands/0008fff8o.chunk'
TRACE: ChunkLoader: Loaded chunk 'spaces/highlands/0001ffffo.chunk'
TRACE: ChunkLoader: Loaded chunk 'spaces/highlands/000bfffbo.chunk'
TRACE: ChunkLoader: Loaded chunk 'spaces/highlands/00040002o.chunk'
TRACE: ChunkLoader: Loaded chunk 'spaces/highlands/000a0001o.chunk'
TRACE: ChunkLoader: Loaded chunk 'spaces/highlands/00020001o.chunk'
TRACE: ChunkLoader: Loaded chunk 'spaces/highlands/0002fff9o.chunk'
TRACE: ChunkLoader: Loaded chunk 'spaces/highlands/000afff9o.chunk'
TRACE: ChunkLoader: Loaded chunk 'spaces/highlands/000b0000o.chunk'
TRACE: ChunkLoader: Loaded chunk 'spaces/highlands/00030002o.chunk'
TRACE: ChunkLoader: Loaded chunk 'spaces/highlands/00090002o.chunk'
TRACE: ChunkLoader: Loaded chunk 'spaces/highlands/0003fff8o.chunk'
TRACE: ChunkLoader: Loaded chunk 'spaces/highlands/0009fff8o.chunk'
TRACE: ChunkLoader: Loaded chunk 'spaces/highlands/0001fffao.chunk'
TRACE: ChunkLoader: Loaded chunk 'spaces/highlands/00060001o.chunk'
TRACE: ChunkLoader: Loaded chunk 'spaces/highlands/000bfffao.chunk'
TRACE: ChunkLoader: Loaded chunk 'spaces/highlands/0000fffdo.chunk'
TRACE: ChunkLoader: Loaded chunk 'spaces/highlands/000cfffdo.chunk'
TRACE: ChunkLoader: Loaded chunk 'spaces/highlands/0006fff7o.chunk'
TRACE: ChunkLoader: Loaded chunk 'spaces/highlands/00060003o.chunk'
TRACE: ChunkLoader: Loaded chunk 'spaces/highlands/0000fffeo.chunk'
TRACE: ChunkLoader: Loaded chunk 'spaces/highlands/0000fffco.chunk'
TRACE: ChunkLoader: Loaded chunk 'spaces/highlands/000cfffco.chunk'
TRACE: ChunkLoader: Loaded chunk 'spaces/highlands/0007fff7o.chunk'
TRACE: ChunkLoader: Loaded chunk 'spaces/highlands/0005fff7o.chunk'
TRACE: ChunkLoader: Loaded chunk 'spaces/highlands/00050003o.chunk'
TRACE: ChunkLoader: Loaded chunk 'spaces/highlands/00070003o.chunk'
TRACE: ChunkLoader: Loaded chunk 'spaces/highlands/000cfffeo.chunk'
TRACE: ChunkLoader: Loaded chunk 'spaces/highlands/0000fffbo.chunk'
TRACE: ChunkLoader: Loaded chunk 'spaces/highlands/00080003o.chunk'
TRACE: ChunkLoader: Loaded chunk 'spaces/highlands/0004fff7o.chunk'
TRACE: ChunkLoader: Loaded chunk 'spaces/highlands/000cffffo.chunk'
TRACE: ChunkLoader: Loaded chunk 'spaces/highlands/00050001o.chunk'
TRACE: ChunkLoader: Loaded chunk 'spaces/highlands/000cfffbo.chunk'
TRACE: ChunkLoader: Loaded chunk 'spaces/highlands/000afffeo.chunk'
TRACE: ChunkLoader: Loaded chunk 'spaces/highlands/000afff8o.chunk'
TRACE: ChunkLoader: Loaded chunk 'spaces/highlands/0002fff8o.chunk'
TRACE: ChunkLoader: Loaded chunk 'spaces/highlands/0007fff9o.chunk'
TRACE: ChunkLoader: Loaded chunk 'spaces/highlands/0002fffco.chunk'
TRACE: ChunkLoader: Loaded chunk 'spaces/highlands/000a0002o.chunk'
TRACE: ChunkLoader: Loaded chunk 'spaces/highlands/000b0001o.chunk'
TRACE: ChunkLoader: Loaded chunk 'spaces/highlands/00020002o.chunk'
TRACE: ChunkLoader: Loaded chunk 'spaces/highlands/00010001o.chunk'
TRACE: ChunkLoader: Loaded chunk 'spaces/highlands/0001fff9o.chunk'
TRACE: ChunkLoader: Loaded chunk 'spaces/highlands/0000fffao.chunk'
TRACE: ChunkLoader: Loaded chunk 'spaces/highlands/0009fffao.chunk'
TRACE: ChunkLoader: Loaded chunk 'spaces/highlands/00030003o.chunk'
TRACE: ChunkLoader: Loaded chunk 'spaces/highlands/000c0000o.chunk'
TRACE: ChunkLoader: Loaded chunk 'spaces/highlands/00090003o.chunk'
TRACE: ChunkLoader: Loaded chunk 'spaces/highlands/0009fff7o.chunk'
TRACE: ChunkLoader: Loaded chunk 'spaces/highlands/000cfffao.chunk'
TRACE: ChunkLoader: Loaded chunk 'spaces/highlands/fffffffdo.chunk'
TRACE: ChunkLoader: Loaded chunk 'spaces/highlands/00060004o.chunk'
TRACE: ChunkLoader: Loaded chunk 'spaces/highlands/0006fff6o.chunk'
TRACE: ChunkLoader: Loaded chunk 'spaces/highlands/000dfffdo.chunk'
TRACE: ChunkLoader: Loaded chunk 'spaces/highlands/0005fff6o.chunk'
TRACE: ChunkLoader: Loaded chunk 'spaces/highlands/00050004o.chunk'
TRACE: ChunkLoader: Loaded chunk 'spaces/highlands/00080001o.chunk'
TRACE: ChunkLoader: Loaded chunk 'spaces/highlands/000dfffeo.chunk'
TRACE: ChunkLoader: Loaded chunk 'spaces/highlands/00070004o.chunk'
TRACE: ChunkLoader: Loaded chunk 'spaces/highlands/000a0000o.chunk'
TRACE: ChunkLoader: Loaded chunk 'spaces/highlands/fffffffco.chunk'
TRACE: ChunkLoader: Loaded chunk 'spaces/highlands/fffffffeo.chunk'
TRACE: ChunkLoader: Loaded chunk 'spaces/highlands/0001fff8o.chunk'
TRACE: ChunkLoader: Loaded chunk 'spaces/highlands/000dfffco.chunk'
TRACE: ChunkLoader: Loaded chunk 'spaces/highlands/000bfff8o.chunk'
TRACE: ChunkLoader: Loaded chunk 'spaces/highlands/00010002o.chunk'
TRACE: ChunkLoader: Loaded chunk 'spaces/highlands/000b0002o.chunk'
TRACE: ChunkLoader: Loaded chunk 'spaces/highlands/0007fff6o.chunk'
TRACE: ChunkLoader: Loaded chunk 'spaces/highlands/000c0001o.chunk'
TRACE: ChunkLoader: Loaded chunk 'spaces/highlands/000a0003o.chunk'
TRACE: ChunkLoader: Loaded chunk 'spaces/highlands/0000fff9o.chunk'
TRACE: ChunkLoader: Loaded chunk 'spaces/highlands/000cfff9o.chunk'
TRACE: ChunkLoader: Loaded chunk 'spaces/highlands/0002fff7o.chunk'
TRACE: ChunkLoader: Loaded chunk 'spaces/highlands/00020003o.chunk'
TRACE: ChunkLoader: Loaded chunk 'spaces/highlands/00am0007i.chunk'
TRACE: ChunkLoader: Loaded chunk 'spaces/highlands/000dffffo.chunk'
TRACE: ChunkLoader: Loaded chunk 'spaces/highlands/00am000bi.chunk'
TRACE: ChunkLoader: Loaded chunk 'spaces/highlands/00am000di.chunk'
TRACE: ChunkLoader: Loaded chunk 'spaces/highlands/00am000fi.chunk'
TRACE: ChunkLoader: Loaded chunk 'spaces/highlands/00040004o.chunk'
TRACE: ChunkLoader: Loaded chunk 'spaces/highlands/0004fff6o.chunk'
TRACE: ChunkLoader: Loaded chunk 'spaces/highlands/fffffffbo.chunk'
TRACE: ChunkLoader: Loaded chunk 'spaces/highlands/00080004o.chunk'
TRACE: ChunkLoader: Loaded chunk 'spaces/highlands/000dfffao.chunk'
TRACE: ChunkLoader: Loaded chunk 'spaces/highlands/000d0000o.chunk'
TRACE: ChunkLoader: Loaded chunk 'spaces/highlands/fffffffao.chunk'
TRACE: ChunkLoader: Loaded chunk 'spaces/highlands/00am0011i.chunk'
TRACE: ChunkLoader: Loaded chunk 'spaces/highlands/00am0013i.chunk'
TRACE: ChunkLoader: Loaded chunk 'spaces/highlands/00am0016i.chunk'
TRACE: ChunkLoader: Loaded chunk 'spaces/highlands/0002fffao.chunk'
TRACE: ChunkLoader: Loaded chunk 'spaces/highlands/0009fff6o.chunk'
TRACE: ChunkLoader: Loaded chunk 'spaces/highlands/ffff0000o.chunk'
TRACE: ChunkLoader: Loaded chunk 'spaces/highlands/00090004o.chunk'
TRACE: ChunkLoader: Loaded chunk 'spaces/highlands/00030004o.chunk'
TRACE: ChunkLoader: Loaded chunk 'spaces/highlands/0001fff7o.chunk'
TRACE: ChunkLoader: Loaded chunk 'spaces/highlands/00010000o.chunk'
TRACE: TextureManager : write DDS characters/npc/fd_orc_guard/statue_body.dds
TRACE: ChunkLoader: Loaded chunk 'spaces/highlands/000cfff8o.chunk'
TRACE: ChunkLoader: Loaded chunk 'spaces/highlands/0000ffffo.chunk'
TRACE: ChunkLoader: Loaded chunk 'spaces/highlands/0008fff7o.chunk'
TRACE: ChunkLoader: Loaded chunk 'spaces/highlands/00040003o.chunk'
TRACE: ChunkLoader: Loaded chunk 'spaces/highlands/000bfff9o.chunk'
TRACE: ChunkLoader: Loaded chunk 'spaces/highlands/00060005o.chunk'
TRACE: ChunkLoader: Loaded chunk 'spaces/highlands/fffefffdo.chunk'
TRACE: ChunkLoader: Loaded chunk 'spaces/highlands/000efffdo.chunk'
TRACE: ChunkLoader: Loaded chunk 'spaces/highlands/0003fff7o.chunk'
TRACE: ChunkLoader: Loaded chunk 'spaces/highlands/00070005o.chunk'
TRACE: ChunkLoader: Loaded chunk 'spaces/highlands/00050005o.chunk'
TRACE: ChunkLoader: Loaded chunk 'spaces/highlands/0005fff5o.chunk'
TRACE: ChunkLoader: Loaded chunk 'spaces/highlands/ffff0001o.chunk'
TRACE: ChunkLoader: Loaded chunk 'spaces/highlands/0007fff5o.chunk'
TRACE: ChunkLoader: Loaded chunk 'spaces/highlands/00am0032i.chunk'
TRACE: ChunkLoader: Loaded chunk 'spaces/highlands/000afff6o.chunk'
TRACE: ChunkLoader: Loaded chunk 'spaces/highlands/0002fff6o.chunk'
TRACE: ChunkLoader: Loaded chunk 'spaces/highlands/00am0034i.chunk'
TRACE: ChunkLoader: Loaded chunk 'spaces/highlands/000afff7o.chunk'
TRACE: ChunkLoader: Loaded chunk 'spaces/highlands/fffefffco.chunk'
TRACE: ChunkLoader: Loaded chunk 'spaces/highlands/fffefffeo.chunk'
TRACE: ChunkLoader: Loaded chunk 'spaces/highlands/000d0001o.chunk'
TRACE: ChunkLoader: Loaded chunk 'spaces/highlands/00000001o.chunk'
TRACE: ChunkLoader: Loaded chunk 'spaces/highlands/000efffeo.chunk'
TRACE: ChunkLoader: Loaded chunk 'spaces/highlands/0008fff5o.chunk'
TRACE: ChunkLoader: Loaded chunk 'spaces/highlands/000dfffbo.chunk'
TRACE: ChunkLoader: Loaded chunk 'spaces/highlands/0008fff6o.chunk'
TRACE: ChunkLoader: Loaded chunk 'spaces/highlands/fffefffbo.chunk'
TRACE: ChunkLoader: Loaded chunk 'spaces/highlands/00080005o.chunk'
TRACE: ChunkLoader: Loaded chunk 'spaces/highlands/0004fff5o.chunk'
TRACE: ChunkLoader: Loaded chunk 'spaces/highlands/000cfff7o.chunk'
TRACE: TextureManager : write DDS maps/landscape/lev_dirt02.dds
TRACE: TextureManager : write DDS maps/landscape/gra_roots_02.dds
TRACE: ChunkLoader: Loaded chunk 'spaces/highlands/ffffffffo.chunk'
TRACE: ChunkLoader: Loaded chunk 'spaces/highlands/0003fff6o.chunk'
TRACE: ChunkLoader: Loaded chunk 'spaces/highlands/000c0002o.chunk'
TRACE: ChunkLoader: Loaded chunk 'spaces/highlands/00000002o.chunk'
TRACE: ChunkLoader: Loaded chunk 'spaces/highlands/00010003o.chunk'
TRACE: ChunkLoader: Loaded chunk 'spaces/highlands/0000fff7o.chunk'
TRACE: ChunkLoader: Loaded chunk 'spaces/highlands/00090005o.chunk'
TRACE: ChunkLoader: Loaded chunk 'spaces/highlands/fffefffao.chunk'
TRACE: ChunkLoader: Loaded chunk 'spaces/highlands/fffe0000o.chunk'
TRACE: ChunkLoader: Loaded chunk 'spaces/highlands/0003fff5o.chunk'
TRACE: ChunkLoader: Loaded chunk 'spaces/highlands/00030005o.chunk'
TRACE: ChunkLoader: Loaded chunk 'spaces/highlands/0009fff5o.chunk'
TRACE: ChunkLoader: Loaded chunk 'spaces/highlands/000efffao.chunk'
TRACE: ChunkLoader: Loaded chunk 'spaces/highlands/000e0000o.chunk'
TRACE: ChunkLoader: Loaded chunk 'spaces/highlands/000bfff7o.chunk'
TRACE: ChunkLoader: Loaded chunk 'spaces/highlands/0001fff6o.chunk'
TRACE: ChunkLoader: Loaded chunk 'spaces/highlands/000bfff6o.chunk'
TRACE: ChunkLoader: Loaded chunk 'spaces/highlands/000b0003o.chunk'
TRACE: ChunkLoader: Loaded chunk 'spaces/highlands/0000fff8o.chunk'
TRACE: ChunkLoader: Loaded chunk 'spaces/highlands/0006fff5o.chunk'
TRACE: ChunkLoader: Loaded chunk 'spaces/highlands/000dfff9o.chunk'
TRACE: ChunkLoader: Loaded chunk 'spaces/highlands/000dfff8o.chunk'
TRACE: ChunkLoader: Loaded chunk 'spaces/highlands/ffff0002o.chunk'
TRACE: ChunkLoader: Loaded chunk 'spaces/highlands/000afff5o.chunk'
TRACE: ChunkLoader: Loaded chunk 'spaces/highlands/000a0005o.chunk'
TRACE: ChunkLoader: Loaded chunk 'spaces/highlands/00020004o.chunk'
TRACE: ChunkLoader: Loaded chunk 'spaces/highlands/fffe0001o.chunk'
TRACE: ChunkLoader: Loaded chunk 'spaces/highlands/0002fff5o.chunk'
TRACE: ChunkLoader: Loaded chunk 'spaces/highlands/000a0004o.chunk'
TRACE: ChunkLoader: Loaded chunk 'spaces/highlands/fffffff9o.chunk'
TRACE: ChunkLoader: Loaded chunk 'spaces/highlands/000ffffdo.chunk'
TRACE: ChunkLoader: Loaded chunk 'spaces/highlands/0006fff4o.chunk'
TRACE: ChunkLoader: Loaded chunk 'spaces/highlands/fffdfffdo.chunk'
TRACE: ChunkLoader: Loaded chunk 'spaces/highlands/00060006o.chunk'
TRACE: ChunkLoader: Loaded chunk 'spaces/highlands/00050006o.chunk'
TRACE: ChunkLoader: Loaded chunk 'spaces/highlands/0005fff4o.chunk'
TRACE: ChunkLoader: Loaded chunk 'spaces/highlands/000ffffco.chunk'
TRACE: ChunkLoader: Loaded chunk 'spaces/highlands/00070006o.chunk'
TRACE: ChunkLoader: Loaded chunk 'spaces/highlands/000efffco.chunk'
TRACE: ChunkLoader: Loaded chunk 'spaces/highlands/fffdfffco.chunk'
TRACE: ChunkLoader: Loaded chunk 'spaces/highlands/fffeffffo.chunk'
TRACE: ChunkLoader: Loaded chunk 'spaces/highlands/00040005o.chunk'
TRACE: ChunkLoader: Loaded chunk 'spaces/highlands/fffdffffo.chunk'
TRACE: ChunkLoader: Loaded chunk 'spaces/highlands/000d0003o.chunk'
TRACE: ChunkLoader: Loaded chunk 'spaces/highlands/000efffbo.chunk'
TRACE: ChunkLoader: Loaded chunk 'spaces/highlands/000ffffbo.chunk'
TRACE: ChunkLoader: Loaded chunk 'spaces/highlands/000effffo.chunk'
TRACE: ChunkLoader: Loaded chunk 'spaces/highlands/000c0003o.chunk'
TRACE: ChunkLoader: Loaded chunk 'spaces/highlands/00000003o.chunk'
TRACE: ChunkLoader: Loaded chunk 'spaces/highlands/0004fff4o.chunk'
TRACE: ChunkLoader: Loaded chunk 'spaces/highlands/00040006o.chunk'
TRACE: ChunkLoader: Loaded chunk 'spaces/highlands/000d0002o.chunk'
TRACE: ChunkLoader: Loaded chunk 'spaces/highlands/fffffff8o.chunk'
TRACE: ChunkLoader: Loaded chunk 'spaces/highlands/00010004o.chunk'
TRACE: ChunkLoader: Loaded chunk 'spaces/highlands/000b0004o.chunk'
TRACE: ChunkLoader: Loaded chunk 'spaces/highlands/000fffffo.chunk'
TRACE: ChunkLoader: Loaded chunk 'spaces/highlands/fffefff8o.chunk'
TRACE: ChunkLoader: Loaded chunk 'spaces/highlands/000efff9o.chunk'
TRACE: ChunkLoader: Loaded chunk 'spaces/highlands/fffefff9o.chunk'
TRACE: ChunkLoader: Loaded chunk 'spaces/highlands/00020005o.chunk'
TRACE: ChunkLoader: Loaded chunk 'spaces/highlands/000e0001o.chunk'
TRACE: ChunkLoader: Loaded chunk 'spaces/highlands/0007fff4o.chunk'
TRACE: ChunkLoader: Loaded chunk 'spaces/highlands/000ffffeo.chunk'
TRACE: ChunkLoader: Loaded chunk 'spaces/highlands/000b0005o.chunk'
TRACE: ChunkLoader: Loaded chunk 'spaces/highlands/000e0002o.chunk'
TRACE: ChunkLoader: Loaded chunk 'spaces/highlands/fffdfffeo.chunk'
TRACE: ChunkLoader: Loaded chunk 'spaces/highlands/00080006o.chunk'
TRACE: ChunkLoader: Loaded chunk 'spaces/highlands/0000fff6o.chunk'
TRACE: ChunkLoader: Loaded chunk 'spaces/highlands/00000004o.chunk'
TRACE: ChunkLoader: Loaded chunk 'spaces/highlands/ffff0003o.chunk'
TRACE: ChunkLoader: Loaded chunk 'spaces/highlands/000dfff7o.chunk'
TRACE: ChunkLoader: Loaded chunk 'spaces/highlands/000ffff9o.chunk'
TRACE: ChunkLoader: Loaded chunk 'spaces/highlands/0008fff4o.chunk'
TRACE: ChunkLoader: Loaded chunk 'spaces/highlands/fffffff7o.chunk'
TRACE: ChunkLoader: Loaded chunk 'spaces/highlands/000c0004o.chunk'
TRACE: ChunkLoader: Loaded chunk 'spaces/highlands/000a0006o.chunk'
TRACE: ChunkLoader: Loaded chunk 'spaces/highlands/fffd0001o.chunk'
TRACE: ChunkLoader: Loaded chunk 'spaces/highlands/000afff4o.chunk'
TRACE: ChunkLoader: Loaded chunk 'spaces/highlands/00020006o.chunk'
TRACE: ChunkLoader: Loaded chunk 'spaces/highlands/0002fff4o.chunk'
TRACE: ChunkLoader: Loaded chunk 'spaces/highlands/fffdfff9o.chunk'
TRACE: ChunkLoader: Loaded chunk 'spaces/highlands/000cfff6o.chunk'
TRACE: ChunkLoader: Loaded chunk 'spaces/highlands/fffdfffbo.chunk'
TRACE: ChunkLoader: Loaded chunk 'spaces/highlands/fffe0002o.chunk'
TRACE: ChunkLoader: Loaded chunk 'spaces/highlands/000dfff6o.chunk'
TRACE: ChunkLoader: Loaded chunk 'spaces/highlands/000efff8o.chunk'
TRACE: ChunkLoader: Loaded chunk 'spaces/highlands/000bfff5o.chunk'
TRACE: ChunkLoader: Loaded chunk 'spaces/highlands/0001fff5o.chunk'
TRACE: ChunkLoader: Loaded chunk 'spaces/highlands/000cfff5o.chunk'
TRACE: ChunkLoader: Loaded chunk 'spaces/highlands/fffcfffdo.chunk'
TRACE: ChunkLoader: Loaded chunk 'spaces/highlands/0006fff3o.chunk'
TRACE: ChunkLoader: Loaded chunk 'spaces/highlands/fffefff7o.chunk'
TRACE: ChunkLoader: Loaded chunk 'spaces/highlands/00060007o.chunk'
TRACE: ChunkLoader: Loaded chunk 'spaces/highlands/fffe0003o.chunk'
TRACE: ChunkLoader: Loaded chunk 'spaces/highlands/000efff7o.chunk'
TRACE: ChunkLoader: Loaded chunk 'spaces/highlands/fffcfffeo.chunk'
TRACE: ChunkLoader: Loaded chunk 'spaces/highlands/00010005o.chunk'
TRACE: ChunkLoader: Loaded chunk 'spaces/highlands/0007fff3o.chunk'
TRACE: ChunkLoader: Loaded chunk 'spaces/highlands/000f0000o.chunk'
TRACE: ChunkLoader: Loaded chunk 'spaces/highlands/0009fff4o.chunk'
TRACE: ChunkLoader: Loaded chunk 'spaces/highlands/0005fff3o.chunk'
TRACE: ChunkLoader: Loaded chunk 'spaces/highlands/00050007o.chunk'
TRACE: ChunkLoader: Loaded chunk 'spaces/highlands/00090006o.chunk'
TRACE: ChunkLoader: Loaded chunk 'spaces/highlands/fffcfffbo.chunk'
TRACE: ChunkLoader: Loaded chunk 'spaces/highlands/0003fff4o.chunk'
TRACE: ChunkLoader: Loaded chunk 'spaces/highlands/00030006o.chunk'
TRACE: ChunkLoader: Loaded chunk 'spaces/highlands/00040007o.chunk'
TRACE: ChunkLoader: Loaded chunk 'spaces/highlands/000b0006o.chunk'
TRACE: ChunkLoader: Loaded chunk 'spaces/highlands/fffdfffao.chunk'
TRACE: ChunkLoader: Loaded chunk 'spaces/highlands/000bfff4o.chunk'
TRACE: ChunkLoader: Loaded chunk 'spaces/highlands/000ffffao.chunk'
TRACE: ChunkLoader: Loaded chunk 'spaces/highlands/fffd0000o.chunk'
TRACE: ChunkLoader: Loaded chunk 'spaces/highlands/000f0001o.chunk'
TRACE: ChunkLoader: Loaded chunk 'spaces/highlands/0001fff4o.chunk'
TRACE: ChunkLoader: Loaded chunk 'spaces/highlands/000ffff8o.chunk'
TRACE: ChunkLoader: Loaded chunk 'spaces/highlands/00010006o.chunk'
TRACE: ChunkLoader: Loaded chunk 'spaces/highlands/00090007o.chunk'
TRACE: ChunkLoader: Loaded chunk 'spaces/highlands/fffc0000o.chunk'
TRACE: ChunkLoader: Loaded chunk 'spaces/highlands/fffcfffao.chunk'
TRACE: ChunkLoader: Loaded chunk 'spaces/highlands/0003fff3o.chunk'
TRACE: ChunkLoader: Loaded chunk 'spaces/highlands/ffff0004o.chunk'
TRACE: ChunkLoader: Loaded chunk 'spaces/highlands/00030007o.chunk'
TRACE: ChunkLoader: Loaded chunk 'spaces/highlands/fffffff6o.chunk'
TRACE: ChunkLoader: Loaded chunk 'spaces/highlands/000d0004o.chunk'
TRACE: ChunkLoader: Loaded chunk 'spaces/highlands/fffffff5o.chunk'
TRACE: ChunkLoader: Loaded chunk 'spaces/highlands/000c0005o.chunk'
TRACE: ChunkLoader: Loaded chunk 'spaces/highlands/000e0003o.chunk'
TRACE: ChunkLoader: Loaded chunk 'spaces/highlands/ffff0005o.chunk'
TRACE: ChunkLoader: Loaded chunk 'spaces/highlands/000d0005o.chunk'
TRACE: ChunkLoader: Loaded chunk 'spaces/highlands/000efff6o.chunk'
TRACE: ChunkLoader: Loaded chunk 'spaces/highlands/00000005o.chunk'
TRACE: ChunkLoader: Loaded chunk 'spaces/highlands/000e0004o.chunk'
TRACE: ChunkLoader: Loaded chunk 'spaces/highlands/fffcfff9o.chunk'
TRACE: ChunkLoader: Loaded chunk 'spaces/highlands/000a0007o.chunk'
TRACE: ChunkLoader: Loaded chunk 'spaces/highlands/000afff3o.chunk'
TRACE: ChunkLoader: Loaded chunk 'spaces/highlands/fffc0001o.chunk'
TRACE: ChunkLoader: Loaded chunk 'spaces/highlands/00020007o.chunk'
TRACE: ChunkLoader: Loaded chunk 'spaces/highlands/0002fff3o.chunk'
TRACE: ChunkLoader: Loaded chunk 'spaces/highlands/000c0006o.chunk'
TRACE: ChunkLoader: Loaded chunk 'spaces/highlands/0000fff4o.chunk'
TRACE: ChunkLoader: Loaded chunk 'spaces/highlands/00000006o.chunk'
TRACE: ChunkLoader: Loaded chunk 'spaces/highlands/fffdfff7o.chunk'
TRACE: ChunkLoader: Loaded chunk 'spaces/highlands/000ffff7o.chunk'
TRACE: ChunkLoader: Loaded chunk 'spaces/highlands/000f0003o.chunk'
TRACE: ChunkLoader: Loaded chunk 'spaces/highlands/000cfff4o.chunk'
TRACE: ChunkLoader: Loaded chunk 'spaces/highlands/fffbfffdo.chunk'
TRACE: ChunkLoader: Loaded chunk 'spaces/highlands/00060008o.chunk'
TRACE: ChunkLoader: Loaded chunk 'spaces/highlands/0006fff2o.chunk'
TRACE: ChunkLoader: Loaded chunk 'spaces/highlands/fffbfffco.chunk'
TRACE: ChunkLoader: Loaded chunk 'spaces/highlands/00070008o.chunk'
TRACE: ChunkLoader: Loaded chunk 'spaces/highlands/fffbfffeo.chunk'
TRACE: ChunkLoader: Loaded chunk 'spaces/highlands/0007fff2o.chunk'
TRACE: ChunkLoader: Loaded chunk 'spaces/highlands/00050008o.chunk'
TRACE: ChunkLoader: Loaded chunk 'spaces/highlands/0008fff2o.chunk'
TRACE: ChunkLoader: Loaded chunk 'spaces/highlands/0001fff3o.chunk'
TRACE: ChunkLoader: Loaded chunk 'spaces/highlands/00080008o.chunk'
TRACE: ChunkLoader: Loaded chunk 'spaces/highlands/00010007o.chunk'
TRACE: ChunkLoader: Loaded chunk 'spaces/highlands/00040008o.chunk'
TRACE: ChunkLoader: Loaded chunk 'spaces/highlands/fffbfffbo.chunk'
TRACE: ChunkLoader: Loaded chunk 'spaces/highlands/fffc0002o.chunk'
TRACE: ChunkLoader: Loaded chunk 'spaces/highlands/0004fff2o.chunk'
TRACE: ChunkLoader: Loaded chunk 'spaces/highlands/fffbffffo.chunk'
TRACE: ChunkLoader: Loaded chunk 'spaces/highlands/000bfff3o.chunk'
TRACE: ChunkLoader: Loaded chunk 'spaces/highlands/fffcfff8o.chunk'
TRACE: ChunkLoader: Loaded chunk 'spaces/highlands/000b0007o.chunk'
TRACE: ChunkLoader: Loaded chunk 'spaces/highlands/0000fff5o.chunk'
TRACE: ChunkLoader: Loaded chunk 'spaces/highlands/fffcfffco.chunk'
TRACE: TextureManager : write DDS maps/landscape/sediment.dds
TRACE: ChunkLoader: Loaded chunk 'spaces/highlands/00070007o.chunk'
TRACE: ChunkLoader: Loaded chunk 'spaces/highlands/00080007o.chunk'
TRACE: ChunkLoader: Loaded chunk 'spaces/highlands/fffcffffo.chunk'
TRACE: ChunkLoader: Loaded chunk 'spaces/highlands/0004fff3o.chunk'
TRACE: ChunkLoader: Loaded chunk 'spaces/highlands/0008fff3o.chunk'
TRACE: ChunkLoader: Loaded chunk 'spaces/highlands/fffd0002o.chunk'
TRACE: ChunkLoader: Loaded chunk 'spaces/highlands/fffdfff8o.chunk'
TRACE: ChunkLoader: Loaded chunk 'spaces/highlands/000f0002o.chunk'
TRACE: ChunkLoader: Loaded chunk 'spaces/highlands/0009fff3o.chunk'
TRACE: ChunkLoader: Loaded chunk 'spaces/highlands/000dfff5o.chunk'
TRACE: ChunkLoader: Loaded chunk 'spaces/highlands/fffefff6o.chunk'
TRACE: ChunkLoader: Loaded chunk 'spaces/highlands/fffe0004o.chunk'
TRACE: ChunkLoader: Loaded chunk 'spaces/highlands/fffd0003o.chunk'
TRACE: ChunkLoader: Loaded chunk 'spaces/highlands/0005fff2o.chunk'
TRACE: ChunkLoader: Loaded chunk 'spaces/highlands/00090008o.chunk'
TRACE: ChunkLoader: Loaded chunk 'spaces/highlands/00030008o.chunk'
TRACE: ChunkLoader: Loaded chunk 'spaces/highlands/fffe0005o.chunk'
TRACE: ChunkLoader: Loaded chunk 'spaces/highlands/ffff0006o.chunk'
TRACE: ChunkLoader: Loaded chunk 'spaces/highlands/000d0006o.chunk'
TRACE: ChunkLoader: Loaded chunk 'spaces/highlands/000e0005o.chunk'
TRACE: ChunkLoader: Loaded chunk 'spaces/highlands/000a0008o.chunk'
TRACE: ChunkLoader: Loaded chunk 'spaces/highlands/00020008o.chunk'
TRACE: ChunkLoader: Loaded chunk 'spaces/highlands/fffd0004o.chunk'
TRACE: ChunkLoader: Loaded chunk 'spaces/highlands/000c0007o.chunk'
TRACE: ChunkLoader: Loaded chunk 'spaces/highlands/00000007o.chunk'
TRACE: ChunkLoader: Loaded chunk 'spaces/highlands/000f0004o.chunk'
TRACE: ChunkLoader: Loaded chunk 'spaces/highlands/00060009o.chunk'
TRACE: ChunkLoader: Loaded chunk 'spaces/highlands/00070009o.chunk'
TRACE: ChunkLoader: Loaded chunk 'spaces/highlands/00050009o.chunk'
TRACE: ChunkLoader: Loaded chunk 'spaces/highlands/00080009o.chunk'
TRACE: ChunkLoader: Loaded chunk 'spaces/highlands/00010008o.chunk'
TRACE: ChunkLoader: Loaded chunk 'spaces/highlands/00040009o.chunk'
TRACE: ChunkLoader: Loaded chunk 'spaces/highlands/fffc0003o.chunk'
TRACE: ChunkLoader: Loaded chunk 'spaces/highlands/fffb0000o.chunk'
TRACE: ChunkLoader: Loaded chunk 'spaces/highlands/000b0008o.chunk'
TRACE: TextureManager : write DDS helpers/maps/two_axes.dds
TRACE: TextureManager : write DDS helpers/maps/four_colour.dds
TRACE: TextureManager : write DDS helpers/maps/half_opacity.dds
DEBUG: ChunkSpace::clear: Clearing space 1
DEBUG: ChunkSpace::delMapping: Comdemned spaces/highlands/ in space 1
DEBUG: DELETING LIGHT MAP 5682a38
DEBUG: DELETING LIGHT MAP 3f6d800
INFO: FloraTexture::init - texture(4096,128), blocks(16,1), blocksize(256,128)
DEBUG: ChunkSpace::addMapping: Adding spaces/urban at (0.000000,0.000000,0.000000) xaxis (1.000000,0.000000,0.000000) to space 2
TRACE: ChunkManager::autoBootstrapSeedChunk: seed chunk NULL so starting search
DEBUG: cloud map darkness 0.65
TRACE: ChunkManager::autoBootstrapSeedChunk: seed chunk determined: 00000000o
TRACE: ChunkManager::autoBootstrapSeedChunk: seed chunk submitted for loading
TRACE: deleting tree type speedtree/Broadleaves/agarwoodcluster/bwAgarwoodCluster_RT.spt
TRACE: deleting tree type speedtree/Broadleaves/american_elm_noleaves/AmericanElm_RT_noleaves.spt
TRACE: deleting tree type speedtree/Broadleaves/crab_apple/bwcrabapple_rt_flowers.spt
TRACE: deleting tree type speedtree/Broadleaves/umprellathorn/UmbrellaThorn_RT.spt
TRACE: deleting tree type speedtree/Conifers/bluespruce_noleaves/BlueSpruce_RT_Winter.spt
TRACE: deleting tree type speedtree/Conifers/douglas_fir/DouglasFir_RT.spt
TRACE: deleting tree type speedtree/Conifers/douglas_fir_full/DouglasFir_RT_Full.spt
TRACE: deleting tree type speedtree/Conifers/giant_redwood/GiantRedwood_small_rt.spt
TRACE: deleting tree type speedtree/Conifers/italian_cypress/ItalianCypress_RT.spt
TRACE: deleting tree type speedtree/Conifers/italian_stonepine/ItalianStonePine_RT_1.spt
TRACE: deleting tree type speedtree/Conifers/monterey_cypress/MontereyCypress_RT.spt
TRACE: deleting tree type speedtree/Palms_Cacti_Cycads/joshua_tree/JoshuaTree_RT.spt
TRACE: deleting tree type speedtree/shrubs_flowers/american_boxwood/AmericanBoxwood_RT.spt
TRACE: deleting tree type speedtree/shrubs_flowers/boston_fern/BostonFern_RT.spt
TRACE: deleting tree type speedtree/shrubs_flowers/cinnamon_fern/CinnamonFern_RT.spt
TRACE: deleting tree type speedtree/shrubs_flowers/elephant_ear/ElephantEar_RT.spt
INFO: No node selected
INFO: No node selected
TRACE: ChunkManager::autoBootstrapSeedChunk: seed chunk NULL so starting search
WARNING: Moo::ManagedTexture::load: Can't read texture file '.' requested by chunk model r_intersection.model.
WARNING: Texture '' requested by chunk model r_intersection.model was not found, using '.' instead.
WARNING: Texture '' requested by chunk model lamp_post.model was not found, using '.' instead.
WARNING: Texture '' requested by chunk model lamp_post.model was not found, using '.' instead.
WARNING: Texture '' requested by chunk model r_straight.model was not found, using '.' instead.
WARNING: Texture '' requested by chunk model lamp_post.model was not found, using '.' instead.
WARNING: Texture '' requested by chunk model lamp_post.model was not found, using '.' instead.
WARNING: Texture '' requested by chunk model lamp_post.model was not found, using '.' instead.
WARNING: Texture '' requested by chunk model billboard_vert.model was not found, using '.' instead.
WARNING: Texture '' requested by chunk model billboard_vert.model was not found, using '.' instead.
WARNING: Texture '' requested by chunk model lamp_post.model was not found, using '.' instead.
WARNING: Texture '' requested by chunk model lamp_post.model was not found, using '.' instead.
WARNING: Texture '' requested by chunk model lamp_post.model was not found, using '.' instead.
WARNING: Texture '' requested by chunk model r_straight.model was not found, using '.' instead.
WARNING: Texture '' requested by chunk model r_straight.model was not found, using '.' instead.
WARNING: Texture '' requested by chunk model lamp_post.model was not found, using '.' instead.
WARNING: Texture '' requested by chunk model r_intersection.model was not found, using '.' instead.
WARNING: Texture '' requested by chunk model r_straight.model was not found, using '.' instead.
WARNING: Texture '' requested by chunk model r_intersection.model was not found, using '.' instead.
TRACE: ChunkLoader: Loaded chunk 'spaces/urban/00000000o.chunk'
TRACE: ChunkManager::autoBootstrapSeedChunk: seed chunk determined: 0000ffffo
TRACE: ChunkManager::autoBootstrapSeedChunk: seed chunk submitted for loading
TRACE: ChunkManager::autoBootstrapSeedChunk: seed chunk NULL so starting search
WARNING: Texture '' requested by chunk model r_straight.model was not found, using '.' instead.
WARNING: Texture '' requested by chunk model lamp_post.model was not found, using '.' instead.
WARNING: Texture '' requested by chunk model lamp_post.model was not found, using '.' instead.
WARNING: Texture '' requested by chunk model lamp_post.model was not found, using '.' instead.
WARNING: Texture '' requested by chunk model lamp_post.model was not found, using '.' instead.
WARNING: Texture '' requested by chunk model lamp_post.model was not found, using '.' instead.
WARNING: Texture '' requested by chunk model lamp_post.model was not found, using '.' instead.
WARNING: Texture '' requested by chunk model lamp_post.model was not found, using '.' instead.
WARNING: Texture '' requested by chunk model lamp_post.model was not found, using '.' instead.
WARNING: Texture '' requested by chunk model lamp_post.model was not found, using '.' instead.
WARNING: Texture '' requested by chunk model lamp_post.model was not found, using '.' instead.
WARNING: Texture '' requested by chunk model r_straight.model was not found, using '.' instead.
WARNING: Texture '' requested by chunk model lamp_post.model was not found, using '.' instead.
WARNING: Texture '' requested by chunk model lamp_post.model was not found, using '.' instead.
WARNING: Texture '' requested by chunk model lamp_post.model was not found, using '.' instead.
WARNING: Texture '' requested by chunk model lamp_post.model was not found, using '.' instead.
WARNING: Texture '' requested by chunk model lamp_post.model was not found, using '.' instead.
WARNING: Texture '' requested by chunk model lamp_post.model was not found, using '.' instead.
WARNING: Texture '' requested by chunk model lamp_post.model was not found, using '.' instead.
WARNING: Texture '' requested by chunk model lamp_post.model was not found, using '.' instead.
WARNING: Texture '' requested by chunk model billboard_vert.model was not found, using '.' instead.
INFO: No node selected
INFO: No node selected
WARNING: Texture '' requested by chunk model r_straight.model was not found, using '.' instead.
WARNING: Texture '' requested by chunk model lamp_post.model was not found, using '.' instead.
WARNING: Texture '' requested by chunk model r_corner.model was not found, using '.' instead.
WARNING: WinFileSystem: Case mismatch opening C:/BigWorld_2.0.1/BigWorld/fantasydemo/res/speedtree/Broadleaves/american_elm/compositemap_Diffuse.dds (CompositeMap_Diffuse.dds)
WARNING: WinFileSystem: Case mismatch opening C:/BigWorld_2.0.1/BigWorld/fantasydemo/res/speedtree/Broadleaves/american_elm/compositemap_Normal.dds (CompositeMap_Normal.dds)
TRACE: ChunkLoader: Loaded chunk 'spaces/urban/0000ffffo.chunk'
WARNING: Texture '' requested by chunk model facility_lobby.model was not found, using '.' instead.
TRACE: ChunkLoader: Loaded chunk 'spaces/urban/00am0002i.chunk'
TRACE: ChunkLoader: Loaded chunk 'spaces/urban/00ny0000i.chunk'
TRACE: ChunkLoader: Loaded chunk 'spaces/urban/00ny0004i.chunk'
WARNING: Texture '' requested by chunk model office_elevator_floor.model was not found, using '.' instead.
TRACE: ChunkLoader: Loaded chunk 'spaces/urban/00ny000ai.chunk'
TRACE: ChunkLoader: Loaded chunk 'spaces/urban/00ny0010i.chunk'
TRACE: ChunkLoader: Loaded chunk 'spaces/urban/00ny0031i.chunk'
TRACE: ChunkLoader: Loaded chunk 'spaces/urban/00ny0044i.chunk'
WARNING: Texture '' requested by chunk model office_elevator_floor.model was not found, using '.' instead.
TRACE: ChunkLoader: Loaded chunk 'spaces/urban/00ny0049i.chunk'
WARNING: Texture '' requested by chunk model office_elevator_floor.model was not found, using '.' instead.
TRACE: ChunkLoader: Loaded chunk 'spaces/urban/00ny004ai.chunk'
WARNING: Texture '' requested by chunk model office_elevator_floor.model was not found, using '.' instead.
TRACE: ChunkLoader: Loaded chunk 'spaces/urban/00ny004ei.chunk'
WARNING: Texture '' requested by chunk model office_elevator_floor.model was not found, using '.' instead.
TRACE: ChunkLoader: Loaded chunk 'spaces/urban/00ny004fi.chunk'
WARNING: Texture '' requested by chunk model r_corner.model was not found, using '.' instead.
WARNING: Texture '' requested by chunk model r_straight.model was not found, using '.' instead.
WARNING: Texture '' requested by chunk model lamp_post.model was not found, using '.' instead.
WARNING: Texture '' requested by chunk model lamp_post.model was not found, using '.' instead.
WARNING: Texture '' requested by chunk model lamp_post.model was not found, using '.' instead.
WARNING: Texture '' requested by chunk model lamp_post.model was not found, using '.' instead.
WARNING: Texture '' requested by chunk model lamp_post.model was not found, using '.' instead.
WARNING: Texture '' requested by chunk model lamp_post.model was not found, using '.' instead.
WARNING: Texture '' requested by chunk model lamp_post.model was not found, using '.' instead.
WARNING: Texture '' requested by chunk model lamp_post.model was not found, using '.' instead.
WARNING: Texture '' requested by chunk model lamp_post.model was not found, using '.' instead.
WARNING: Texture '' requested by chunk model lamp_post.model was not found, using '.' instead.
WARNING: Texture '' requested by chunk model lamp_post.model was not found, using '.' instead.
WARNING: Texture '' requested by chunk model lamp_post.model was not found, using '.' instead.
WARNING: Texture '' requested by chunk model lamp_post.model was not found, using '.' instead.
TRACE: ChunkLoader: Loaded chunk 'spaces/urban/0000fffeo.chunk'
WARNING: Texture '' requested by chunk model lamp_post.model was not found, using '.' instead.
WARNING: Texture '' requested by chunk model lamp_post.model was not found, using '.' instead.
WARNING: Texture '' requested by chunk model r_straight.model was not found, using '.' instead.
WARNING: Texture '' requested by chunk model lamp_post.model was not found, using '.' instead.
WARNING: Texture '' requested by chunk model lamp_post.model was not found, using '.' instead.
WARNING: Texture '' requested by chunk model lamp_post.model was not found, using '.' instead.
WARNING: Texture '' requested by chunk model lamp_post.model was not found, using '.' instead.
WARNING: Texture '' requested by chunk model r_corner.model was not found, using '.' instead.
WARNING: Texture '' requested by chunk model lamp_post.model was not found, using '.' instead.
WARNING: Texture '' requested by chunk model r_straight.model was not found, using '.' instead.
WARNING: Texture '' requested by chunk model lamp_post.model was not found, using '.' instead.
WARNING: Texture '' requested by chunk model r_straight.model was not found, using '.' instead.
WARNING: Texture '' requested by chunk model r_intersection.model was not found, using '.' instead.
WARNING: Texture '' requested by chunk model r_corner.model was not found, using '.' instead.
WARNING: Texture '' requested by chunk model lamp_post.model was not found, using '.' instead.
WARNING: Texture '' requested by chunk model lamp_post.model was not found, using '.' instead.
WARNING: Texture '' requested by chunk model lamp_post.model was not found, using '.' instead.
WARNING: Texture '' requested by chunk model lamp_post.model was not found, using '.' instead.
WARNING: Texture '' requested by chunk model phone_booth.model was not found, using '.' instead.
WARNING: Texture '' requested by chunk model phone_booth.model was not found, using '.' instead.
TRACE: ChunkLoader: Loaded chunk 'spaces/urban/fffffffeo.chunk'
WARNING: Texture '' requested by chunk model r_corner.model was not found, using '.' instead.
WARNING: Texture '' requested by chunk model lamp_post.model was not found, using '.' instead.
WARNING: Texture '' requested by chunk model lamp_post.model was not found, using '.' instead.
WARNING: Texture '' requested by chunk model lamp_post.model was not found, using '.' instead.
WARNING: Texture '' requested by chunk model r_intersection.model was not found, using '.' instead.
WARNING: Texture '' requested by chunk model lamp_post.model was not found, using '.' instead.
WARNING: Texture '' requested by chunk model lamp_post.model was not found, using '.' instead.
WARNING: Texture '' requested by chunk model lamp_post.model was not found, using '.' instead.
WARNING: Texture '' requested by chunk model lamp_post.model was not found, using '.' instead.
WARNING: Texture '' requested by chunk model lamp_post.model was not found, using '.' instead.
WARNING: Texture '' requested by chunk model lamp_post.model was not found, using '.' instead.
WARNING: Texture '' requested by chunk model lamp_post.model was not found, using '.' instead.
WARNING: Texture '' requested by chunk model r_straight.model was not found, using '.' instead.
WARNING: Texture '' requested by chunk model r_intersection.model was not found, using '.' instead.
WARNING: Texture '' requested by chunk model r_straight.model was not found, using '.' instead.
WARNING: Texture '' requested by chunk model lamp_post.model was not found, using '.' instead.
WARNING: Texture '' requested by chunk model r_straight.model was not found, using '.' instead.
TRACE: ChunkLoader: Loaded chunk 'spaces/urban/00010000o.chunk'
WARNING: Texture '' requested by chunk model office_elevator_floor.model was not found, using '.' instead.
TRACE: ChunkLoader: Loaded chunk 'spaces/urban/00ny0050i.chunk'
WARNING: Texture '' requested by chunk model office_elevator_floor.model was not found, using '.' instead.
TRACE: ChunkLoader: Loaded chunk 'spaces/urban/00ny0051i.chunk'
WARNING: Texture '' requested by chunk model office_elevator_floor.model was not found, using '.' instead.
TRACE: ChunkLoader: Loaded chunk 'spaces/urban/00ny0052i.chunk'
TRACE: ChunkLoader: Loaded chunk 'spaces/urban/00ny0053i.chunk'
TRACE: ChunkLoader: Loaded chunk 'spaces/urban/00ny0085i.chunk'
TRACE: ChunkLoader: Loaded chunk 'spaces/urban/00ny0086i.chunk'
TRACE: ChunkLoader: Loaded chunk 'spaces/urban/00ny0087i.chunk'
TRACE: ChunkLoader: Loaded chunk 'spaces/urban/00ny0088i.chunk'
TRACE: ChunkLoader: Loaded chunk 'spaces/urban/00ny0089i.chunk'
TRACE: ChunkLoader: Loaded chunk 'spaces/urban/00ny008ai.chunk'
TRACE: ChunkLoader: Loaded chunk 'spaces/urban/00ny008bi.chunk'
TRACE: ChunkLoader: Loaded chunk 'spaces/urban/00ny0093i.chunk'
TRACE: ChunkLoader: Loaded chunk 'spaces/urban/00ny0094i.chunk'
TRACE: ChunkLoader: Loaded chunk 'spaces/urban/00ny0098i.chunk'
TRACE: ChunkLoader: Loaded chunk 'spaces/urban/00ny0099i.chunk'
TRACE: ChunkLoader: Loaded chunk 'spaces/urban/00ny009ai.chunk'
TRACE: TextureManager : write DDS sets/urban/props/elevator/maps/elevator_diff.dds
TRACE: TextureManager : write DDS sets/urban/props/elevator/maps/elevator_norms.dds
TRACE: TextureManager : write DDS sets/urban/props/elevator/maps/elevator_glow.dds
TRACE: TextureManager : write DDS sets/urban/props/elevator/maps/elevator_refl_mask.dds
TRACE: TextureManager : write DDS sets/urban/props/elevator/maps/elevator_door_diff.dds
WARNING: Texture '' requested by chunk model lamp_post.model was not found, using '.' instead.
WARNING: Texture '' requested by chunk model billboard_vert.model was not found, using '.' instead.
WARNING: Texture '' requested by chunk model r_straight.model was not found, using '.' instead.
WARNING: Texture '' requested by chunk model lamp_post.model was not found, using '.' instead.
WARNING: Texture '' requested by chunk model r_straight.model was not found, using '.' instead.
WARNING: Texture '' requested by chunk model r_straight.model was not found, using '.' instead.
WARNING: Texture '' requested by chunk model r_intersection.model was not found, using '.' instead.
WARNING: Texture '' requested by chunk model lamp_post.model was not found, using '.' instead.
WARNING: Texture '' requested by chunk model lamp_post.model was not found, using '.' instead.
WARNING: Texture '' requested by chunk model billboard_vert.model was not found, using '.' instead.
WARNING: Texture '' requested by chunk model r_corner.model was not found, using '.' instead.
WARNING: Texture '' requested by chunk model lamp_post.model was not found, using '.' instead.
WARNING: Texture '' requested by chunk model lamp_post.model was not found, using '.' instead.
WARNING: Texture '' requested by chunk model r_straight.model was not found, using '.' instead.
WARNING: Texture '' requested by chunk model r_straight.model was not found, using '.' instead.
WARNING: Texture '' requested by chunk model r_straight.model was not found, using '.' instead.
WARNING: Texture '' requested by chunk model lamp_post.model was not found, using '.' instead.
WARNING: Texture '' requested by chunk model lamp_post.model was not found, using '.' instead.
WARNING: Texture '' requested by chunk model lamp_post.model was not found, using '.' instead.
WARNING: Texture '' requested by chunk model lamp_post.model was not found, using '.' instead.
WARNING: Texture '' requested by chunk model lamp_post.model was not found, using '.' instead.
WARNING: Texture '' requested by chunk model phone_booth.model was not found, using '.' instead.
TRACE: ChunkLoader: Loaded chunk 'spaces/urban/ffff0000o.chunk'
WARNING: Texture '' requested by chunk model r_corner.model was not found, using '.' instead.
WARNING: Texture '' requested by chunk model r_straight.model was not found, using '.' instead.
WARNING: Texture '' requested by chunk model lamp_post.model was not found, using '.' instead.
WARNING: Texture '' requested by chunk model lamp_post.model was not found, using '.' instead.
WARNING: Texture '' requested by chunk model lamp_post.model was not found, using '.' instead.
WARNING: Texture '' requested by chunk model lamp_post.model was not found, using '.' instead.
WARNING: Texture '' requested by chunk model lamp_post.model was not found, using '.' instead.
WARNING: Texture '' requested by chunk model lamp_post.model was not found, using '.' instead.
WARNING: Texture '' requested by chunk model lamp_post.model was not found, using '.' instead.
WARNING: Texture '' requested by chunk model lamp_post.model was not found, using '.' instead.
WARNING: Texture '' requested by chunk model lamp_post.model was not found, using '.' instead.
WARNING: Texture '' requested by chunk model lamp_post.model was not found, using '.' instead.
WARNING: Texture '' requested by chunk model lamp_post.model was not found, using '.' instead.
WARNING: Texture '' requested by chunk model lamp_post.model was not found, using '.' instead.
WARNING: Texture '' requested by chunk model lamp_post.model was not found, using '.' instead.
TRACE: ChunkLoader: Loaded chunk 'spaces/urban/00000001o.chunk'
WARNING: Texture '' requested by chunk model lamp_post.model was not found, using '.' instead.
WARNING: Texture '' requested by chunk model lamp_post.model was not found, using '.' instead.
WARNING: Texture '' requested by chunk model lamp_post.model was not found, using '.' instead.
WARNING: Texture '' requested by chunk model lamp_post.model was not found, using '.' instead.
WARNING: Texture '' requested by chunk model lamp_post.model was not found, using '.' instead.
WARNING: Texture '' requested by chunk model r_straight.model was not found, using '.' instead.
WARNING: Texture '' requested by chunk model r_straight.model was not found, using '.' instead.
WARNING: Texture '' requested by chunk model r_intersection.model was not found, using '.' instead.
WARNING: Texture '' requested by chunk model r_straight.model was not found, using '.' instead.
WARNING: Texture '' requested by chunk model lamp_post.model was not found, using '.' instead.
WARNING: Texture '' requested by chunk model r_straight.model was not found, using '.' instead.
WARNING: Texture '' requested by chunk model lamp_post.model was not found, using '.' instead.
WARNING: Texture '' requested by chunk model lamp_post.model was not found, using '.' instead.
WARNING: A link from '67132972.41D83EEC.AC32D0B5.DBE1B0B9' to 'F37A8085.4B6BBDD1.9FE80797.A0EEF6BA' is too short, which can cause problems if used for entity navigation.
WARNING: Texture '' requested by chunk model lamp_post.model was not found, using '.' instead.
WARNING: Texture '' requested by chunk model billboard_vert.model was not found, using '.' instead.
WARNING: Texture '' requested by chunk model lamp_post.model was not found, using '.' instead.
WARNING: Texture '' requested by chunk model lamp_post.model was not found, using '.' instead.
WARNING: Texture '' requested by chunk model r_corner.model was not found, using '.' instead.
WARNING: Texture '' requested by chunk model lamp_post.model was not found, using '.' instead.
WARNING: Texture '' requested by chunk model billboard_vert.model was not found, using '.' instead.
WARNING: Texture '' requested by chunk model lamp_post.model was not found, using '.' instead.
WARNING: Texture '' requested by chunk model lamp_post.model was not found, using '.' instead.
WARNING: Texture '' requested by chunk model lamp_post.model was not found, using '.' instead.
WARNING: Texture '' requested by chunk model r_intersection.model was not found, using '.' instead.
WARNING: Texture '' requested by chunk model r_intersection.model was not found, using '.' instead.
WARNING: Texture '' requested by chunk model r_straight.model was not found, using '.' instead.
WARNING: Texture '' requested by chunk model phone_booth.model was not found, using '.' instead.
WARNING: Texture '' requested by chunk model phone_booth.model was not found, using '.' instead.
WARNING: Texture '' requested by chunk model r_intersection.model was not found, using '.' instead.
TRACE: ChunkLoader: Loaded chunk 'spaces/urban/ffffffffo.chunk'
WARNING: Texture '' requested by chunk model lamp_post.model was not found, using '.' instead.
WARNING: Texture '' requested by chunk model lamp_post.model was not found, using '.' instead.
WARNING: Texture '' requested by chunk model r_corner.model was not found, using '.' instead.
WARNING: Texture '' requested by chunk model lamp_post.model was not found, using '.' instead.
WARNING: Texture '' requested by chunk model lamp_post.model was not found, using '.' instead.
WARNING: Texture '' requested by chunk model r_corner.model was not found, using '.' instead.
WARNING: Texture '' requested by chunk model lamp_post.model was not found, using '.' instead.
WARNING: Texture '' requested by chunk model lamp_post.model was not found, using '.' instead.
WARNING: Texture '' requested by chunk model lamp_post.model was not found, using '.' instead.
WARNING: Texture '' requested by chunk model lamp_post.model was not found, using '.' instead.
WARNING: Texture '' requested by chunk model lamp_post.model was not found, using '.' instead.
WARNING: Texture '' requested by chunk model lamp_post.model was not found, using '.' instead.
WARNING: Texture '' requested by chunk model r_intersection.model was not found, using '.' instead.
WARNING: Texture '' requested by chunk model phone_booth.model was not found, using '.' instead.
WARNING: Texture '' requested by chunk model lamp_post.model was not found, using '.' instead.
WARNING: Texture '' requested by chunk model lamp_post.model was not found, using '.' instead.
TRACE: ChunkLoader: Loaded chunk 'spaces/urban/0001ffffo.chunk'
TRACE: ChunkLoader: Loaded chunk 'spaces/urban/00am0000i.chunk'
TRACE: ChunkLoader: Loaded chunk 'spaces/urban/00am0001i.chunk'
WARNING: Texture '' requested by chunk model facility_bend.model was not found, using '.' instead.
TRACE: ChunkLoader: Loaded chunk 'spaces/urban/00am0003i.chunk'
TRACE: ChunkLoader: Loaded chunk 'spaces/urban/00am0004i.chunk'
TRACE: ChunkLoader: Loaded chunk 'spaces/urban/00am0006i.chunk'
TRACE: ChunkLoader: Loaded chunk 'spaces/urban/00am0007i.chunk'
TRACE: ChunkLoader: Loaded chunk 'spaces/urban/00am0008i.chunk'
WARNING: Texture '' requested by chunk model facility_bend.model was not found, using '.' instead.
TRACE: ChunkLoader: Loaded chunk 'spaces/urban/00am0009i.chunk'
TRACE: ChunkLoader: Loaded chunk 'spaces/urban/00am000ai.chunk'
WARNING: Texture '' requested by chunk model facility_bend.model was not found, using '.' instead.
TRACE: ChunkLoader: Loaded chunk 'spaces/urban/00am000bi.chunk'
WARNING: Texture '' requested by chunk model lamp_post.model was not found, using '.' instead.
WARNING: Texture '' requested by chunk model lamp_post.model was not found, using '.' instead.
WARNING: Texture '' requested by chunk model r_straight.model was not found, using '.' instead.
WARNING: Texture '' requested by chunk model lamp_post.model was not found, using '.' instead.
WARNING: Texture '' requested by chunk model lamp_post.model was not found, using '.' instead.
WARNING: Texture '' requested by chunk model lamp_post.model was not found, using '.' instead.
WARNING: Texture '' requested by chunk model lamp_post.model was not found, using '.' instead.
WARNING: Texture '' requested by chunk model lamp_post.model was not found, using '.' instead.
WARNING: Texture '' requested by chunk model lamp_post.model was not found, using '.' instead.
WARNING: Texture '' requested by chunk model lamp_post.model was not found, using '.' instead.
WARNING: Texture '' requested by chunk model lamp_post.model was not found, using '.' instead.
WARNING: Texture '' requested by chunk model lamp_post.model was not found, using '.' instead.
WARNING: Texture '' requested by chunk model r_corner.model was not found, using '.' instead.
WARNING: Texture '' requested by chunk model phone_booth.model was not found, using '.' instead.
WARNING: Texture '' requested by chunk model phone_booth.model was not found, using '.' instead.
TRACE: ChunkLoader: Loaded chunk 'spaces/urban/fffe0001o.chunk'
WARNING: Texture '' requested by chunk model lamp_post.model was not found, using '.' instead.
WARNING: Texture '' requested by chunk model billboard_vert.model was not found, using '.' instead.
WARNING: Texture '' requested by chunk model r_straight.model was not found, using '.' instead.
WARNING: Texture '' requested by chunk model lamp_post.model was not found, using '.' instead.
WARNING: Texture '' requested by chunk model r_straight.model was not found, using '.' instead.
WARNING: Texture '' requested by chunk model r_straight.model was not found, using '.' instead.
WARNING: Texture '' requested by chunk model r_intersection.model was not found, using '.' instead.
WARNING: Texture '' requested by chunk model lamp_post.model was not found, using '.' instead.
WARNING: Texture '' requested by chunk model lamp_post.model was not found, using '.' instead.
WARNING: Texture '' requested by chunk model billboard_vert.model was not found, using '.' instead.
WARNING: Texture '' requested by chunk model r_corner.model was not found, using '.' instead.
WARNING: Texture '' requested by chunk model lamp_post.model was not found, using '.' instead.
WARNING: Texture '' requested by chunk model lamp_post.model was not found, using '.' instead.
WARNING: Texture '' requested by chunk model r_straight.model was not found, using '.' instead.
WARNING: Texture '' requested by chunk model r_straight.model was not found, using '.' instead.
WARNING: Texture '' requested by chunk model r_straight.model was not found, using '.' instead.
WARNING: Texture '' requested by chunk model lamp_post.model was not found, using '.' instead.
WARNING: Texture '' requested by chunk model lamp_post.model was not found, using '.' instead.
WARNING: Texture '' requested by chunk model lamp_post.model was not found, using '.' instead.
WARNING: Texture '' requested by chunk model lamp_post.model was not found, using '.' instead.
WARNING: Texture '' requested by chunk model lamp_post.model was not found, using '.' instead.
WARNING: Texture '' requested by chunk model phone_booth.model was not found, using '.' instead.
TRACE: ChunkLoader: Loaded chunk 'spaces/urban/0002fffdo.chunk'
WARNING: Texture '' requested by chunk model r_straight.model was not found, using '.' instead.
WARNING: Texture '' requested by chunk model lamp_post.model was not found, using '.' instead.
WARNING: Texture '' requested by chunk model lamp_post.model was not found, using '.' instead.
WARNING: Texture '' requested by chunk model lamp_post.model was not found, using '.' instead.
WARNING: Texture '' requested by chunk model lamp_post.model was not found, using '.' instead.
WARNING: Texture '' requested by chunk model lamp_post.model was not found, using '.' instead.
WARNING: Texture '' requested by chunk model lamp_post.model was not found, using '.' instead.
WARNING: Texture '' requested by chunk model lamp_post.model was not found, using '.' instead.
WARNING: Texture '' requested by chunk model lamp_post.model was not found, using '.' instead.
WARNING: Texture '' requested by chunk model lamp_post.model was not found, using '.' instead.
WARNING: Texture '' requested by chunk model lamp_post.model was not found, using '.' instead.
WARNING: Texture '' requested by chunk model r_straight.model was not found, using '.' instead.
WARNING: Texture '' requested by chunk model lamp_post.model was not found, using '.' instead.
WARNING: Texture '' requested by chunk model lamp_post.model was not found, using '.' instead.
WARNING: Texture '' requested by chunk model lamp_post.model was not found, using '.' instead.
WARNING: Texture '' requested by chunk model lamp_post.model was not found, using '.' instead.
WARNING: Texture '' requested by chunk model lamp_post.model was not found, using '.' instead.
WARNING: Texture '' requested by chunk model lamp_post.model was not found, using '.' instead.
WARNING: Texture '' requested by chunk model lamp_post.model was not found, using '.' instead.
WARNING: Texture '' requested by chunk model lamp_post.model was not found, using '.' instead.
WARNING: Texture '' requested by chunk model r_corner.model was not found, using '.' instead.
WARNING: Texture '' requested by chunk model billboard_vert.model was not found, using '.' instead.
WARNING: Texture '' requested by chunk model r_straight.model was not found, using '.' instead.
WARNING: Texture '' requested by chunk model lamp_post.model was not found, using '.' instead.
TRACE: ChunkLoader: Loaded chunk 'spaces/urban/0000fffco.chunk'
TRACE: ChunkLoader: Loaded chunk 'spaces/urban/00am000ci.chunk'
TRACE: ChunkLoader: Loaded chunk 'spaces/urban/00am000ei.chunk'
TRACE: ChunkLoader: Loaded chunk 'spaces/urban/00am0010i.chunk'
WARNING: Texture '' requested by chunk model r_straight.model was not found, using '.' instead.
WARNING: Texture '' requested by chunk model lamp_post.model was not found, using '.' instead.
WARNING: Texture '' requested by chunk model lamp_post.model was not found, using '.' instead.
WARNING: Texture '' requested by chunk model lamp_post.model was not found, using '.' instead.
WARNING: Texture '' requested by chunk model lamp_post.model was not found, using '.' instead.
WARNING: Texture '' requested by chunk model lamp_post.model was not found, using '.' instead.
WARNING: Texture '' requested by chunk model lamp_post.model was not found, using '.' instead.
WARNING: Texture '' requested by chunk model lamp_post.model was not found, using '.' instead.
WARNING: Texture '' requested by chunk model lamp_post.model was not found, using '.' instead.
WARNING: Texture '' requested by chunk model lamp_post.model was not found, using '.' instead.
WARNING: Texture '' requested by chunk model lamp_post.model was not found, using '.' instead.
WARNING: Texture '' requested by chunk model r_straight.model was not found, using '.' instead.
WARNING: Texture '' requested by chunk model lamp_post.model was not found, using '.' instead.
WARNING: Texture '' requested by chunk model lamp_post.model was not found, using '.' instead.
WARNING: Texture '' requested by chunk model lamp_post.model was not found, using '.' instead.
WARNING: Texture '' requested by chunk model lamp_post.model was not found, using '.' instead.
WARNING: Texture '' requested by chunk model lamp_post.model was not found, using '.' instead.
WARNING: Texture '' requested by chunk model lamp_post.model was not found, using '.' instead.
WARNING: Texture '' requested by chunk model lamp_post.model was not found, using '.' instead.
WARNING: Texture '' requested by chunk model lamp_post.model was not found, using '.' instead.
WARNING: Texture '' requested by chunk model r_corner.model was not found, using '.' instead.
WARNING: Texture '' requested by chunk model billboard_vert.model was not found, using '.' instead.
WARNING: Texture '' requested by chunk model r_straight.model was not found, using '.' instead.
WARNING: Texture '' requested by chunk model lamp_post.model was not found, using '.' instead.
TRACE: ChunkLoader: Loaded chunk 'spaces/urban/00000002o.chunk'
WARNING: Texture '' requested by chunk model lamp_post.model was not found, using '.' instead.
WARNING: Texture '' requested by chunk model lamp_post.model was not found, using '.' instead.
WARNING: Texture '' requested by chunk model lamp_post.model was not found, using '.' instead.
WARNING: Texture '' requested by chunk model lamp_post.model was not found, using '.' instead.
WARNING: Texture '' requested by chunk model lamp_post.model was not found, using '.' instead.
WARNING: Texture '' requested by chunk model r_straight.model was not found, using '.' instead.
WARNING: Texture '' requested by chunk model r_straight.model was not found, using '.' instead.
WARNING: Texture '' requested by chunk model r_intersection.model was not found, using '.' instead.
WARNING: Texture '' requested by chunk model r_straight.model was not found, using '.' instead.
WARNING: Texture '' requested by chunk model lamp_post.model was not found, using '.' instead.
WARNING: Texture '' requested by chunk model r_straight.model was not found, using '.' instead.
WARNING: Texture '' requested by chunk model lamp_post.model was not found, using '.' instead.
WARNING: Texture '' requested by chunk model lamp_post.model was not found, using '.' instead.
WARNING: Texture '' requested by chunk model lamp_post.model was not found, using '.' instead.
WARNING: Texture '' requested by chunk model billboard_vert.model was not found, using '.' instead.
WARNING: Texture '' requested by chunk model lamp_post.model was not found, using '.' instead.
WARNING: Texture '' requested by chunk model lamp_post.model was not found, using '.' instead.
WARNING: Texture '' requested by chunk model r_corner.model was not found, using '.' instead.
WARNING: Texture '' requested by chunk model lamp_post.model was not found, using '.' instead.
WARNING: Texture '' requested by chunk model billboard_vert.model was not found, using '.' instead.
WARNING: Texture '' requested by chunk model lamp_post.model was not found, using '.' instead.
WARNING: Texture '' requested by chunk model r_intersection.model was not found, using '.' instead.
WARNING: Texture '' requested by chunk model lamp_post.model was not found, using '.' instead.
WARNING: Texture '' requested by chunk model lamp_post.model was not found, using '.' instead.
WARNING: Texture '' requested by chunk model r_intersection.model was not found, using '.' instead.
WARNING: Texture '' requested by chunk model r_intersection.model was not found, using '.' instead.
WARNING: Texture '' requested by chunk model r_straight.model was not found, using '.' instead.
WARNING: Texture '' requested by chunk model phone_booth.model was not found, using '.' instead.
WARNING: Texture '' requested by chunk model phone_booth.model was not found, using '.' instead.
TRACE: ChunkLoader: Loaded chunk 'spaces/urban/ffff0002o.chunk'
WARNING: Texture '' requested by chunk model lamp_post.model was not found, using '.' instead.
WARNING: Texture '' requested by chunk model lamp_post.model was not found, using '.' instead.
WARNING: Texture '' requested by chunk model r_straight.model was not found, using '.' instead.
WARNING: Texture '' requested by chunk model lamp_post.model was not found, using '.' instead.
WARNING: Texture '' requested by chunk model lamp_post.model was not found, using '.' instead.
WARNING: Texture '' requested by chunk model lamp_post.model was not found, using '.' instead.
WARNING: Texture '' requested by chunk model lamp_post.model was not found, using '.' instead.
WARNING: Texture '' requested by chunk model lamp_post.model was not found, using '.' instead.
WARNING: Texture '' requested by chunk model lamp_post.model was not found, using '.' instead.
WARNING: Texture '' requested by chunk model lamp_post.model was not found, using '.' instead.
WARNING: Texture '' requested by chunk model r_corner.model was not found, using '.' instead.
WARNING: Texture '' requested by chunk model phone_booth.model was not found, using '.' instead.
WARNING: Texture '' requested by chunk model phone_booth.model was not found, using '.' instead.
WARNING: Texture '' requested by chunk model lamp_post.model was not found, using '.' instead.
WARNING: Texture '' requested by chunk model lamp_post.model was not found, using '.' instead.
WARNING: Texture '' requested by chunk model lamp_post.model was not found, using '.' instead.
WARNING: Texture '' requested by chunk model lamp_post.model was not found, using '.' instead.
TRACE: ChunkLoader: Loaded chunk 'spaces/urban/0001fffeo.chunk'
WARNING: Texture '' requested by chunk model lamp_post.model was not found, using '.' instead.
WARNING: Texture '' requested by chunk model lamp_post.model was not found, using '.' instead.
WARNING: Texture '' requested by chunk model r_corner.model was not found, using '.' instead.
WARNING: Texture '' requested by chunk model lamp_post.model was not found, using '.' instead.
WARNING: Texture '' requested by chunk model lamp_post.model was not found, using '.' instead.
WARNING: Texture '' requested by chunk model lamp_post.model was not found, using '.' instead.
WARNING: Texture '' requested by chunk model r_corner.model was not found, using '.' instead.
WARNING: Texture '' requested by chunk model lamp_post.model was not found, using '.' instead.
WARNING: Texture '' requested by chunk model lamp_post.model was not found, using '.' instead.
WARNING: Texture '' requested by chunk model lamp_post.model was not found, using '.' instead.
WARNING: Texture '' requested by chunk model lamp_post.model was not found, using '.' instead.
WARNING: Texture '' requested by chunk model lamp_post.model was not found, using '.' instead.
WARNING: Texture '' requested by chunk model lamp_post.model was not found, using '.' instead.
WARNING: Texture '' requested by chunk model r_intersection.model was not found, using '.' instead.
WARNING: Texture '' requested by chunk model phone_booth.model was not found, using '.' instead.
TRACE: ChunkLoader: Loaded chunk 'spaces/urban/fffeffffo.chunk'
WARNING: Texture '' requested by chunk model r_intersection.model was not found, using '.' instead.
WARNING: Texture '' requested by chunk model lamp_post.model was not found, using '.' instead.
WARNING: Texture '' requested by chunk model lamp_post.model was not found, using '.' instead.
WARNING: Texture '' requested by chunk model r_intersection.model was not found, using '.' instead.
WARNING: Texture '' requested by chunk model r_straight.model was not found, using '.' instead.
WARNING: Texture '' requested by chunk model lamp_post.model was not found, using '.' instead.
WARNING: Texture '' requested by chunk model r_straight.model was not found, using '.' instead.
WARNING: Texture '' requested by chunk model lamp_post.model was not found, using '.' instead.
WARNING: Texture '' requested by chunk model lamp_post.model was not found, using '.' instead.
WARNING: Texture '' requested by chunk model r_intersection.model was not found, using '.' instead.
WARNING: Texture '' requested by chunk model billboard_vert.model was not found, using '.' instead.
WARNING: Texture '' requested by chunk model billboard_vert.model was not found, using '.' instead.
WARNING: Texture '' requested by chunk model lamp_post.model was not found, using '.' instead.
WARNING: Texture '' requested by chunk model lamp_post.model was not found, using '.' instead.
WARNING: Texture '' requested by chunk model lamp_post.model was not found, using '.' instead.
WARNING: Texture '' requested by chunk model r_straight.model was not found, using '.' instead.
WARNING: Texture '' requested by chunk model r_straight.model was not found, using '.' instead.
WARNING: Texture '' requested by chunk model lamp_post.model was not found, using '.' instead.
TRACE: ChunkLoader: Loaded chunk 'spaces/urban/0000fffdo.chunk'
WARNING: Texture '' requested by chunk model lamp_post.model was not found, using '.' instead.
WARNING: Texture '' requested by chunk model lamp_post.model was not found, using '.' instead.
WARNING: Texture '' requested by chunk model r_corner.model was not found, using '.' instead.
WARNING: Texture '' requested by chunk model lamp_post.model was not found, using '.' instead.
WARNING: Texture '' requested by chunk model lamp_post.model was not found, using '.' instead.
WARNING: Texture '' requested by chunk model lamp_post.model was not found, using '.' instead.
WARNING: Texture '' requested by chunk model r_corner.model was not found, using '.' instead.
WARNING: Texture '' requested by chunk model lamp_post.model was not found, using '.' instead.
WARNING: Texture '' requested by chunk model lamp_post.model was not found, using '.' instead.
WARNING: Texture '' requested by chunk model lamp_post.model was not found, using '.' instead.
WARNING: Texture '' requested by chunk model lamp_post.model was not found, using '.' instead.
WARNING: Texture '' requested by chunk model lamp_post.model was not found, using '.' instead.
WARNING: Texture '' requested by chunk model lamp_post.model was not found, using '.' instead.
WARNING: Texture '' requested by chunk model r_intersection.model was not found, using '.' instead.
WARNING: Texture '' requested by chunk model phone_booth.model was not found, using '.' instead.
TRACE: ChunkLoader: Loaded chunk 'spaces/urban/0001fffco.chunk'
WARNING: Texture '' requested by chunk model lamp_post.model was not found, using '.' instead.
WARNING: Texture '' requested by chunk model lamp_post.model was not found, using '.' instead.
WARNING: Texture '' requested by chunk model lamp_post.model was not found, using '.' instead.
WARNING: Texture '' requested by chunk model lamp_post.model was not found, using '.' instead.
WARNING: Texture '' requested by chunk model lamp_post.model was not found, using '.' instead.
WARNING: Texture '' requested by chunk model r_straight.model was not found, using '.' instead.
WARNING: Texture '' requested by chunk model r_straight.model was not found, using '.' instead.
WARNING: Texture '' requested by chunk model r_intersection.model was not found, using '.' instead.
WARNING: Texture '' requested by chunk model r_straight.model was not found, using '.' instead.
WARNING: Texture '' requested by chunk model lamp_post.model was not found, using '.' instead.
WARNING: Texture '' requested by chunk model r_straight.model was not found, using '.' instead.
WARNING: Texture '' requested by chunk model lamp_post.model was not found, using '.' instead.
WARNING: Texture '' requested by chunk model lamp_post.model was not found, using '.' instead.
WARNING: Texture '' requested by chunk model lamp_post.model was not found, using '.' instead.
WARNING: Texture '' requested by chunk model billboard_vert.model was not found, using '.' instead.
WARNING: Texture '' requested by chunk model lamp_post.model was not found, using '.' instead.
WARNING: Texture '' requested by chunk model lamp_post.model was not found, using '.' instead.
WARNING: Texture '' requested by chunk model r_corner.model was not found, using '.' instead.
WARNING: Texture '' requested by chunk model lamp_post.model was not found, using '.' instead.
WARNING: Texture '' requested by chunk model billboard_vert.model was not found, using '.' instead.
WARNING: Texture '' requested by chunk model lamp_post.model was not found, using '.' instead.
WARNING: Texture '' requested by chunk model r_intersection.model was not found, using '.' instead.
WARNING: Texture '' requested by chunk model lamp_post.model was not found, using '.' instead.
WARNING: Texture '' requested by chunk model lamp_post.model was not found, using '.' instead.
WARNING: Texture '' requested by chunk model r_intersection.model was not found, using '.' instead.
WARNING: Texture '' requested by chunk model r_intersection.model was not found, using '.' instead.
WARNING: Texture '' requested by chunk model r_straight.model was not found, using '.' instead.
WARNING: Texture '' requested by chunk model phone_booth.model was not found, using '.' instead.
WARNING: Texture '' requested by chunk model phone_booth.model was not found, using '.' instead.
TRACE: ChunkLoader: Loaded chunk 'spaces/urban/0002ffffo.chunk'
WARNING: Texture '' requested by chunk model lamp_post.model was not found, using '.' instead.
WARNING: Texture '' requested by chunk model lamp_post.model was not found, using '.' instead.
WARNING: Texture '' requested by chunk model r_straight.model was not found, using '.' instead.
WARNING: Texture '' requested by chunk model lamp_post.model was not found, using '.' instead.
WARNING: Texture '' requested by chunk model lamp_post.model was not found, using '.' instead.
WARNING: Texture '' requested by chunk model lamp_post.model was not found, using '.' instead.
WARNING: Texture '' requested by chunk model lamp_post.model was not found, using '.' instead.
WARNING: Texture '' requested by chunk model r_corner.model was not found, using '.' instead.
WARNING: Texture '' requested by chunk model lamp_post.model was not found, using '.' instead.
WARNING: Texture '' requested by chunk model r_straight.model was not found, using '.' instead.
WARNING: Texture '' requested by chunk model lamp_post.model was not found, using '.' instead.
WARNING: Texture '' requested by chunk model r_straight.model was not found, using '.' instead.
WARNING: Texture '' requested by chunk model r_intersection.model was not found, using '.' instead.
WARNING: Texture '' requested by chunk model r_corner.model was not found, using '.' instead.
WARNING: Texture '' requested by chunk model lamp_post.model was not found, using '.' instead.
WARNING: Texture '' requested by chunk model lamp_post.model was not found, using '.' instead.
WARNING: Texture '' requested by chunk model lamp_post.model was not found, using '.' instead.
WARNING: Texture '' requested by chunk model lamp_post.model was not found, using '.' instead.
WARNING: Texture '' requested by chunk model phone_booth.model was not found, using '.' instead.
WARNING: Texture '' requested by chunk model phone_booth.model was not found, using '.' instead.
TRACE: ChunkLoader: Loaded chunk 'spaces/urban/ffff0001o.chunk'
WARNING: Texture '' requested by chunk model lamp_post.model was not found, using '.' instead.
WARNING: Texture '' requested by chunk model lamp_post.model was not found, using '.' instead.
WARNING: Texture '' requested by chunk model r_straight.model was not found, using '.' instead.
WARNING: Texture '' requested by chunk model lamp_post.model was not found, using '.' instead.
WARNING: Texture '' requested by chunk model lamp_post.model was not found, using '.' instead.
WARNING: Texture '' requested by chunk model lamp_post.model was not found, using '.' instead.
WARNING: Texture '' requested by chunk model lamp_post.model was not found, using '.' instead.
WARNING: Texture '' requested by chunk model lamp_post.model was not found, using '.' instead.
WARNING: Texture '' requested by chunk model lamp_post.model was not found, using '.' instead.
WARNING: Texture '' requested by chunk model lamp_post.model was not found, using '.' instead.
WARNING: Texture '' requested by chunk model lamp_post.model was not found, using '.' instead.
WARNING: Texture '' requested by chunk model lamp_post.model was not found, using '.' instead.
WARNING: Texture '' requested by chunk model r_corner.model was not found, using '.' instead.
WARNING: Texture '' requested by chunk model phone_booth.model was not found, using '.' instead.
WARNING: Texture '' requested by chunk model phone_booth.model was not found, using '.' instead.
TRACE: ChunkLoader: Loaded chunk 'spaces/urban/00010001o.chunk'
WARNING: Texture '' requested by chunk model lamp_post.model was not found, using '.' instead.
WARNING: Texture '' requested by chunk model lamp_post.model was not found, using '.' instead.
WARNING: Texture '' requested by chunk model r_corner.model was not found, using '.' instead.
WARNING: Texture '' requested by chunk model lamp_post.model was not found, using '.' instead.
WARNING: Texture '' requested by chunk model lamp_post.model was not found, using '.' instead.
WARNING: Texture '' requested by chunk model lamp_post.model was not found, using '.' instead.
WARNING: Texture '' requested by chunk model r_corner.model was not found, using '.' instead.
WARNING: Texture '' requested by chunk model lamp_post.model was not found, using '.' instead.
WARNING: Texture '' requested by chunk model lamp_post.model was not found, using '.' instead.
WARNING: Texture '' requested by chunk model lamp_post.model was not found, using '.' instead.
WARNING: Texture '' requested by chunk model lamp_post.model was not found, using '.' instead.
WARNING: Texture '' requested by chunk model lamp_post.model was not found, using '.' instead.
WARNING: Texture '' requested by chunk model lamp_post.model was not found, using '.' instead.
WARNING: Texture '' requested by chunk model r_intersection.model was not found, using '.' instead.
WARNING: Texture '' requested by chunk model phone_booth.model was not found, using '.' instead.
TRACE: ChunkLoader: Loaded chunk 'spaces/urban/fffe0002o.chunk'
WARNING: Texture '' requested by chunk model lamp_post.model was not found, using '.' instead.
WARNING: Texture '' requested by chunk model lamp_post.model was not found, using '.' instead.
WARNING: Texture '' requested by chunk model r_straight.model was not found, using '.' instead.
WARNING: Texture '' requested by chunk model lamp_post.model was not found, using '.' instead.
WARNING: Texture '' requested by chunk model lamp_post.model was not found, using '.' instead.
WARNING: Texture '' requested by chunk model lamp_post.model was not found, using '.' instead.
WARNING: Texture '' requested by chunk model lamp_post.model was not found, using '.' instead.
WARNING: Texture '' requested by chunk model lamp_post.model was not found, using '.' instead.
WARNING: Texture '' requested by chunk model lamp_post.model was not found, using '.' instead.
WARNING: Texture '' requested by chunk model lamp_post.model was not found, using '.' instead.
WARNING: Texture '' requested by chunk model lamp_post.model was not found, using '.' instead.
WARNING: Texture '' requested by chunk model lamp_post.model was not found, using '.' instead.
WARNING: Texture '' requested by chunk model r_corner.model was not found, using '.' instead.
WARNING: Texture '' requested by chunk model phone_booth.model was not found, using '.' instead.
WARNING: Texture '' requested by chunk model phone_booth.model was not found, using '.' instead.
TRACE: ChunkLoader: Loaded chunk 'spaces/urban/fffefffeo.chunk'
WARNING: Texture '' requested by chunk model lamp_post.model was not found, using '.' instead.
WARNING: Texture '' requested by chunk model billboard_vert.model was not found, using '.' instead.
WARNING: Texture '' requested by chunk model r_straight.model was not found, using '.' instead.
WARNING: Texture '' requested by chunk model lamp_post.model was not found, using '.' instead.
WARNING: Texture '' requested by chunk model r_straight.model was not found, using '.' instead.
WARNING: Texture '' requested by chunk model r_straight.model was not found, using '.' instead.
WARNING: Texture '' requested by chunk model r_intersection.model was not found, using '.' instead.
WARNING: Texture '' requested by chunk model lamp_post.model was not found, using '.' instead.
WARNING: Texture '' requested by chunk model lamp_post.model was not found, using '.' instead.
WARNING: Texture '' requested by chunk model billboard_vert.model was not found, using '.' instead.
WARNING: Texture '' requested by chunk model r_corner.model was not found, using '.' instead.
WARNING: Texture '' requested by chunk model lamp_post.model was not found, using '.' instead.
WARNING: Texture '' requested by chunk model lamp_post.model was not found, using '.' instead.
WARNING: Texture '' requested by chunk model r_straight.model was not found, using '.' instead.
WARNING: Texture '' requested by chunk model r_straight.model was not found, using '.' instead.
WARNING: Texture '' requested by chunk model r_straight.model was not found, using '.' instead.
WARNING: Texture '' requested by chunk model lamp_post.model was not found, using '.' instead.
WARNING: Texture '' requested by chunk model lamp_post.model was not found, using '.' instead.
WARNING: Texture '' requested by chunk model lamp_post.model was not found, using '.' instead.
WARNING: Texture '' requested by chunk model lamp_post.model was not found, using '.' instead.
WARNING: Texture '' requested by chunk model lamp_post.model was not found, using '.' instead.
WARNING: Texture '' requested by chunk model phone_booth.model was not found, using '.' instead.
TRACE: ChunkLoader: Loaded chunk 'spaces/urban/fffffffdo.chunk'
WARNING: Texture '' requested by chunk model r_corner.model was not found, using '.' instead.
WARNING: Texture '' requested by chunk model lamp_post.model was not found, using '.' instead.
WARNING: Texture '' requested by chunk model lamp_post.model was not found, using '.' instead.
WARNING: Texture '' requested by chunk model lamp_post.model was not found, using '.' instead.
WARNING: Texture '' requested by chunk model r_intersection.model was not found, using '.' instead.
WARNING: Texture '' requested by chunk model lamp_post.model was not found, using '.' instead.
WARNING: Texture '' requested by chunk model lamp_post.model was not found, using '.' instead.
WARNING: Texture '' requested by chunk model lamp_post.model was not found, using '.' instead.
WARNING: Texture '' requested by chunk model lamp_post.model was not found, using '.' instead.
WARNING: Texture '' requested by chunk model lamp_post.model was not found, using '.' instead.
WARNING: Texture '' requested by chunk model lamp_post.model was not found, using '.' instead.
WARNING: Texture '' requested by chunk model lamp_post.model was not found, using '.' instead.
WARNING: Texture '' requested by chunk model r_straight.model was not found, using '.' instead.
WARNING: Texture '' requested by chunk model lamp_post.model was not found, using '.' instead.
WARNING: Texture '' requested by chunk model r_straight.model was not found, using '.' instead.
WARNING: Texture '' requested by chunk model r_straight.model was not found, using '.' instead.
WARNING: Texture '' requested by chunk model r_intersection.model was not found, using '.' instead.
TRACE: ChunkLoader: Loaded chunk 'spaces/urban/fffe0000o.chunk'
WARNING: Texture '' requested by chunk model r_corner.model was not found, using '.' instead.
WARNING: Texture '' requested by chunk model lamp_post.model was not found, using '.' instead.
WARNING: Texture '' requested by chunk model lamp_post.model was not found, using '.' instead.
WARNING: Texture '' requested by chunk model lamp_post.model was not found, using '.' instead.
WARNING: Texture '' requested by chunk model r_intersection.model was not found, using '.' instead.
WARNING: Texture '' requested by chunk model lamp_post.model was not found, using '.' instead.
WARNING: Texture '' requested by chunk model lamp_post.model was not found, using '.' instead.
WARNING: Texture '' requested by chunk model lamp_post.model was not found, using '.' instead.
WARNING: Texture '' requested by chunk model lamp_post.model was not found, using '.' instead.
WARNING: Texture '' requested by chunk model lamp_post.model was not found, using '.' instead.
WARNING: Texture '' requested by chunk model lamp_post.model was not found, using '.' instead.
WARNING: Texture '' requested by chunk model lamp_post.model was not found, using '.' instead.
WARNING: Texture '' requested by chunk model r_straight.model was not found, using '.' instead.
WARNING: Texture '' requested by chunk model r_intersection.model was not found, using '.' instead.
WARNING: Texture '' requested by chunk model r_straight.model was not found, using '.' instead.
WARNING: Texture '' requested by chunk model lamp_post.model was not found, using '.' instead.
WARNING: Texture '' requested by chunk model r_straight.model was not found, using '.' instead.
TRACE: ChunkLoader: Loaded chunk 'spaces/urban/0001fffdo.chunk'
WARNING: Texture '' requested by chunk model r_corner.model was not found, using '.' instead.
WARNING: Texture '' requested by chunk model r_straight.model was not found, using '.' instead.
WARNING: Texture '' requested by chunk model lamp_post.model was not found, using '.' instead.
WARNING: Texture '' requested by chunk model lamp_post.model was not found, using '.' instead.
WARNING: Texture '' requested by chunk model lamp_post.model was not found, using '.' instead.
WARNING: Texture '' requested by chunk model lamp_post.model was not found, using '.' instead.
WARNING: Texture '' requested by chunk model lamp_post.model was not found, using '.' instead.
WARNING: Texture '' requested by chunk model lamp_post.model was not found, using '.' instead.
WARNING: Texture '' requested by chunk model lamp_post.model was not found, using '.' instead.
WARNING: Texture '' requested by chunk model lamp_post.model was not found, using '.' instead.
WARNING: Texture '' requested by chunk model lamp_post.model was not found, using '.' instead.
WARNING: Texture '' requested by chunk model lamp_post.model was not found, using '.' instead.
WARNING: Texture '' requested by chunk model lamp_post.model was not found, using '.' instead.
WARNING: Texture '' requested by chunk model lamp_post.model was not found, using '.' instead.
WARNING: Texture '' requested by chunk model lamp_post.model was not found, using '.' instead.
TRACE: ChunkLoader: Loaded chunk 'spaces/urban/fffd0001o.chunk'
WARNING: Texture '' requested by chunk model lamp_post.model was not found, using '.' instead.
WARNING: Texture '' requested by chunk model lamp_post.model was not found, using '.' instead.
WARNING: Texture '' requested by chunk model r_straight.model was not found, using '.' instead.
WARNING: Texture '' requested by chunk model lamp_post.model was not found, using '.' instead.
WARNING: Texture '' requested by chunk model lamp_post.model was not found, using '.' instead.
WARNING: Texture '' requested by chunk model lamp_post.model was not found, using '.' instead.
WARNING: Texture '' requested by chunk model lamp_post.model was not found, using '.' instead.
WARNING: Texture '' requested by chunk model r_corner.model was not found, using '.' instead.
WARNING: Texture '' requested by chunk model lamp_post.model was not found, using '.' instead.
WARNING: Texture '' requested by chunk model r_straight.model was not found, using '.' instead.
WARNING: Texture '' requested by chunk model lamp_post.model was not found, using '.' instead.
WARNING: Texture '' requested by chunk model r_straight.model was not found, using '.' instead.
WARNING: Texture '' requested by chunk model r_intersection.model was not found, using '.' instead.
WARNING: Texture '' requested by chunk model r_corner.model was not found, using '.' instead.
WARNING: Texture '' requested by chunk model lamp_post.model was not found, using '.' instead.
WARNING: Texture '' requested by chunk model lamp_post.model was not found, using '.' instead.
WARNING: Texture '' requested by chunk model lamp_post.model was not found, using '.' instead.
WARNING: Texture '' requested by chunk model lamp_post.model was not found, using '.' instead.
WARNING: Texture '' requested by chunk model phone_booth.model was not found, using '.' instead.
WARNING: Texture '' requested by chunk model phone_booth.model was not found, using '.' instead.
TRACE: ChunkLoader: Loaded chunk 'spaces/urban/0002fffeo.chunk'
WARNING: Texture '' requested by chunk model lamp_post.model was not found, using '.' instead.
WARNING: Texture '' requested by chunk model billboard_vert.model was not found, using '.' instead.
WARNING: Texture '' requested by chunk model r_straight.model was not found, using '.' instead.
WARNING: Texture '' requested by chunk model lamp_post.model was not found, using '.' instead.
WARNING: Texture '' requested by chunk model r_straight.model was not found, using '.' instead.
WARNING: Texture '' requested by chunk model r_straight.model was not found, using '.' instead.
WARNING: Texture '' requested by chunk model r_intersection.model was not found, using '.' instead.
WARNING: Texture '' requested by chunk model lamp_post.model was not found, using '.' instead.
WARNING: Texture '' requested by chunk model lamp_post.model was not found, using '.' instead.
WARNING: Texture '' requested by chunk model billboard_vert.model was not found, using '.' instead.
WARNING: Texture '' requested by chunk model r_corner.model was not found, using '.' instead.
WARNING: Texture '' requested by chunk model lamp_post.model was not found, using '.' instead.
WARNING: Texture '' requested by chunk model lamp_post.model was not found, using '.' instead.
WARNING: Texture '' requested by chunk model r_straight.model was not found, using '.' instead.
WARNING: Texture '' requested by chunk model r_straight.model was not found, using '.' instead.
WARNING: Texture '' requested by chunk model r_straight.model was not found, using '.' instead.
WARNING: Texture '' requested by chunk model lamp_post.model was not found, using '.' instead.
WARNING: Texture '' requested by chunk model lamp_post.model was not found, using '.' instead.
WARNING: Texture '' requested by chunk model lamp_post.model was not found, using '.' instead.
WARNING: Texture '' requested by chunk model lamp_post.model was not found, using '.' instead.
WARNING: Texture '' requested by chunk model lamp_post.model was not found, using '.' instead.
WARNING: Texture '' requested by chunk model phone_booth.model was not found, using '.' instead.
TRACE: ChunkLoader: Loaded chunk 'spaces/urban/00020000o.chunk'
WARNING: Texture '' requested by chunk model r_corner.model was not found, using '.' instead.
WARNING: Texture '' requested by chunk model lamp_post.model was not found, using '.' instead.
WARNING: Texture '' requested by chunk model lamp_post.model was not found, using '.' instead.
WARNING: Texture '' requested by chunk model lamp_post.model was not found, using '.' instead.
WARNING: Texture '' requested by chunk model r_intersection.model was not found, using '.' instead.
WARNING: Texture '' requested by chunk model lamp_post.model was not found, using '.' instead.
WARNING: Texture '' requested by chunk model lamp_post.model was not found, using '.' instead.
WARNING: Texture '' requested by chunk model lamp_post.model was not found, using '.' instead.
WARNING: Texture '' requested by chunk model lamp_post.model was not found, using '.' instead.
WARNING: Texture '' requested by chunk model lamp_post.model was not found, using '.' instead.
WARNING: Texture '' requested by chunk model lamp_post.model was not found, using '.' instead.
WARNING: Texture '' requested by chunk model lamp_post.model was not found, using '.' instead.
WARNING: Texture '' requested by chunk model r_straight.model was not found, using '.' instead.
WARNING: Texture '' requested by chunk model r_intersection.model was not found, using '.' instead.
WARNING: Texture '' requested by chunk model r_straight.model was not found, using '.' instead.
WARNING: Texture '' requested by chunk model lamp_post.model was not found, using '.' instead.
WARNING: Texture '' requested by chunk model r_straight.model was not found, using '.' instead.
TRACE: ChunkLoader: Loaded chunk 'spaces/urban/fffefffdo.chunk'
WARNING: Texture '' requested by chunk model lamp_post.model was not found, using '.' instead.
WARNING: Texture '' requested by chunk model lamp_post.model was not found, using '.' instead.
WARNING: Texture '' requested by chunk model r_straight.model was not found, using '.' instead.
WARNING: Texture '' requested by chunk model lamp_post.model was not found, using '.' instead.
WARNING: Texture '' requested by chunk model lamp_post.model was not found, using '.' instead.
WARNING: Texture '' requested by chunk model lamp_post.model was not found, using '.' instead.
WARNING: Texture '' requested by chunk model lamp_post.model was not found, using '.' instead.
WARNING: Texture '' requested by chunk model r_corner.model was not found, using '.' instead.
WARNING: Texture '' requested by chunk model lamp_post.model was not found, using '.' instead.
WARNING: Texture '' requested by chunk model r_straight.model was not found, using '.' instead.
WARNING: Texture '' requested by chunk model lamp_post.model was not found, using '.' instead.
WARNING: Texture '' requested by chunk model r_straight.model was not found, using '.' instead.
WARNING: Texture '' requested by chunk model r_intersection.model was not found, using '.' instead.
WARNING: Texture '' requested by chunk model r_corner.model was not found, using '.' instead.
WARNING: Texture '' requested by chunk model lamp_post.model was not found, using '.' instead.
WARNING: Texture '' requested by chunk model lamp_post.model was not found, using '.' instead.
WARNING: Texture '' requested by chunk model lamp_post.model was not found, using '.' instead.
WARNING: Texture '' requested by chunk model lamp_post.model was not found, using '.' instead.
WARNING: Texture '' requested by chunk model phone_booth.model was not found, using '.' instead.
WARNING: Texture '' requested by chunk model phone_booth.model was not found, using '.' instead.
TRACE: ChunkLoader: Loaded chunk 'spaces/urban/00020001o.chunk'
WARNING: Texture '' requested by chunk model r_straight.model was not found, using '.' instead.
WARNING: Texture '' requested by chunk model lamp_post.model was not found, using '.' instead.
WARNING: Texture '' requested by chunk model lamp_post.model was not found, using '.' instead.
WARNING: Texture '' requested by chunk model lamp_post.model was not found, using '.' instead.
WARNING: Texture '' requested by chunk model lamp_post.model was not found, using '.' instead.
WARNING: Texture '' requested by chunk model lamp_post.model was not found, using '.' instead.
WARNING: Texture '' requested by chunk model lamp_post.model was not found, using '.' instead.
WARNING: Texture '' requested by chunk model lamp_post.model was not found, using '.' instead.
WARNING: Texture '' requested by chunk model lamp_post.model was not found, using '.' instead.
WARNING: Texture '' requested by chunk model lamp_post.model was not found, using '.' instead.
WARNING: Texture '' requested by chunk model lamp_post.model was not found, using '.' instead.
WARNING: Texture '' requested by chunk model r_straight.model was not found, using '.' instead.
WARNING: Texture '' requested by chunk model lamp_post.model was not found, using '.' instead.
WARNING: Texture '' requested by chunk model lamp_post.model was not found, using '.' instead.
WARNING: Texture '' requested by chunk model lamp_post.model was not found, using '.' instead.
WARNING: Texture '' requested by chunk model lamp_post.model was not found, using '.' instead.
WARNING: Texture '' requested by chunk model lamp_post.model was not found, using '.' instead.
WARNING: Texture '' requested by chunk model lamp_post.model was not found, using '.' instead.
WARNING: Texture '' requested by chunk model lamp_post.model was not found, using '.' instead.
WARNING: Texture '' requested by chunk model lamp_post.model was not found, using '.' instead.
WARNING: Texture '' requested by chunk model r_corner.model was not found, using '.' instead.
WARNING: Texture '' requested by chunk model billboard_vert.model was not found, using '.' instead.
WARNING: Texture '' requested by chunk model r_straight.model was not found, using '.' instead.
WARNING: Texture '' requested by chunk model lamp_post.model was not found, using '.' instead.
TRACE: ChunkLoader: Loaded chunk 'spaces/urban/0003ffffo.chunk'
WARNING: Texture '' requested by chunk model r_straight.model was not found, using '.' instead.
WARNING: Texture '' requested by chunk model lamp_post.model was not found, using '.' instead.
WARNING: Texture '' requested by chunk model lamp_post.model was not found, using '.' instead.
WARNING: Texture '' requested by chunk model lamp_post.model was not found, using '.' instead.
WARNING: Texture '' requested by chunk model lamp_post.model was not found, using '.' instead.
WARNING: Texture '' requested by chunk model lamp_post.model was not found, using '.' instead.
WARNING: Texture '' requested by chunk model lamp_post.model was not found, using '.' instead.
WARNING: Texture '' requested by chunk model lamp_post.model was not found, using '.' instead.
WARNING: Texture '' requested by chunk model lamp_post.model was not found, using '.' instead.
WARNING: Texture '' requested by chunk model lamp_post.model was not found, using '.' instead.
WARNING: Texture '' requested by chunk model lamp_post.model was not found, using '.' instead.
WARNING: Texture '' requested by chunk model r_straight.model was not found, using '.' instead.
WARNING: Texture '' requested by chunk model lamp_post.model was not found, using '.' instead.
WARNING: Texture '' requested by chunk model lamp_post.model was not found, using '.' instead.
WARNING: Texture '' requested by chunk model lamp_post.model was not found, using '.' instead.
WARNING: Texture '' requested by chunk model lamp_post.model was not found, using '.' instead.
WARNING: Texture '' requested by chunk model lamp_post.model was not found, using '.' instead.
WARNING: Texture '' requested by chunk model lamp_post.model was not found, using '.' instead.
WARNING: Texture '' requested by chunk model lamp_post.model was not found, using '.' instead.
WARNING: Texture '' requested by chunk model lamp_post.model was not found, using '.' instead.
WARNING: Texture '' requested by chunk model r_corner.model was not found, using '.' instead.
WARNING: Texture '' requested by chunk model billboard_vert.model was not found, using '.' instead.
WARNING: Texture '' requested by chunk model r_straight.model was not found, using '.' instead.
WARNING: Texture '' requested by chunk model lamp_post.model was not found, using '.' instead.
TRACE: ChunkLoader: Loaded chunk 'spaces/urban/fffdffffo.chunk'
WARNING: Texture '' requested by chunk model lamp_post.model was not found, using '.' instead.
WARNING: Texture '' requested by chunk model lamp_post.model was not found, using '.' instead.
WARNING: Texture '' requested by chunk model r_corner.model was not found, using '.' instead.
WARNING: Texture '' requested by chunk model lamp_post.model was not found, using '.' instead.
WARNING: Texture '' requested by chunk model lamp_post.model was not found, using '.' instead.
WARNING: Texture '' requested by chunk model lamp_post.model was not found, using '.' instead.
WARNING: Texture '' requested by chunk model r_corner.model was not found, using '.' instead.
WARNING: Texture '' requested by chunk model lamp_post.model was not found, using '.' instead.
WARNING: Texture '' requested by chunk model lamp_post.model was not found, using '.' instead.
WARNING: Texture '' requested by chunk model lamp_post.model was not found, using '.' instead.
WARNING: Texture '' requested by chunk model lamp_post.model was not found, using '.' instead.
WARNING: Texture '' requested by chunk model lamp_post.model was not found, using '.' instead.
WARNING: Texture '' requested by chunk model lamp_post.model was not found, using '.' instead.
WARNING: Texture '' requested by chunk model r_intersection.model was not found, using '.' instead.
WARNING: Texture '' requested by chunk model phone_booth.model was not found, using '.' instead.
TRACE: ChunkLoader: Loaded chunk 'spaces/urban/00010002o.chunk'
WARNING: Texture '' requested by chunk model r_intersection.model was not found, using '.' instead.
WARNING: Texture '' requested by chunk model lamp_post.model was not found, using '.' instead.
WARNING: Texture '' requested by chunk model lamp_post.model was not found, using '.' instead.
WARNING: Texture '' requested by chunk model r_intersection.model was not found, using '.' instead.
WARNING: Texture '' requested by chunk model r_straight.model was not found, using '.' instead.
WARNING: Texture '' requested by chunk model lamp_post.model was not found, using '.' instead.
WARNING: Texture '' requested by chunk model r_straight.model was not found, using '.' instead.
WARNING: Texture '' requested by chunk model lamp_post.model was not found, using '.' instead.
WARNING: Texture '' requested by chunk model lamp_post.model was not found, using '.' instead.
WARNING: Texture '' requested by chunk model r_intersection.model was not found, using '.' instead.
WARNING: Texture '' requested by chunk model billboard_vert.model was not found, using '.' instead.
WARNING: Texture '' requested by chunk model billboard_vert.model was not found, using '.' instead.
WARNING: Texture '' requested by chunk model lamp_post.model was not found, using '.' instead.
WARNING: Texture '' requested by chunk model lamp_post.model was not found, using '.' instead.
WARNING: Texture '' requested by chunk model lamp_post.model was not found, using '.' instead.
WARNING: Texture '' requested by chunk model r_straight.model was not found, using '.' instead.
WARNING: Texture '' requested by chunk model r_straight.model was not found, using '.' instead.
WARNING: Texture '' requested by chunk model lamp_post.model was not found, using '.' instead.
TRACE: ChunkLoader: Loaded chunk 'spaces/urban/00030000o.chunk'
WARNING: Texture '' requested by chunk model r_intersection.model was not found, using '.' instead.
WARNING: Texture '' requested by chunk model lamp_post.model was not found, using '.' instead.
WARNING: Texture '' requested by chunk model lamp_post.model was not found, using '.' instead.
WARNING: Texture '' requested by chunk model r_intersection.model was not found, using '.' instead.
WARNING: Texture '' requested by chunk model r_straight.model was not found, using '.' instead.
WARNING: Texture '' requested by chunk model lamp_post.model was not found, using '.' instead.
WARNING: Texture '' requested by chunk model r_straight.model was not found, using '.' instead.
WARNING: Texture '' requested by chunk model lamp_post.model was not found, using '.' instead.
WARNING: Texture '' requested by chunk model lamp_post.model was not found, using '.' instead.
WARNING: Texture '' requested by chunk model r_intersection.model was not found, using '.' instead.
WARNING: Texture '' requested by chunk model billboard_vert.model was not found, using '.' instead.
WARNING: Texture '' requested by chunk model billboard_vert.model was not found, using '.' instead.
WARNING: Texture '' requested by chunk model lamp_post.model was not found, using '.' instead.
WARNING: Texture '' requested by chunk model lamp_post.model was not found, using '.' instead.
WARNING: Texture '' requested by chunk model lamp_post.model was not found, using '.' instead.
WARNING: Texture '' requested by chunk model r_straight.model was not found, using '.' instead.
WARNING: Texture '' requested by chunk model r_straight.model was not found, using '.' instead.
WARNING: Texture '' requested by chunk model lamp_post.model was not found, using '.' instead.
TRACE: ChunkLoader: Loaded chunk 'spaces/urban/fffd0000o.chunk'
WARNING: Texture '' requested by chunk model r_corner.model was not found, using '.' instead.
WARNING: Texture '' requested by chunk model r_straight.model was not found, using '.' instead.
WARNING: Texture '' requested by chunk model lamp_post.model was not found, using '.' instead.
WARNING: Texture '' requested by chunk model lamp_post.model was not found, using '.' instead.
WARNING: Texture '' requested by chunk model lamp_post.model was not found, using '.' instead.
WARNING: Texture '' requested by chunk model lamp_post.model was not found, using '.' instead.
WARNING: Texture '' requested by chunk model lamp_post.model was not found, using '.' instead.
WARNING: Texture '' requested by chunk model lamp_post.model was not found, using '.' instead.
WARNING: Texture '' requested by chunk model lamp_post.model was not found, using '.' instead.
WARNING: Texture '' requested by chunk model lamp_post.model was not found, using '.' instead.
WARNING: Texture '' requested by chunk model lamp_post.model was not found, using '.' instead.
WARNING: Texture '' requested by chunk model lamp_post.model was not found, using '.' instead.
WARNING: Texture '' requested by chunk model lamp_post.model was not found, using '.' instead.
WARNING: Texture '' requested by chunk model lamp_post.model was not found, using '.' instead.
WARNING: Texture '' requested by chunk model lamp_post.model was not found, using '.' instead.
TRACE: ChunkLoader: Loaded chunk 'spaces/urban/fffdfffeo.chunk'
WARNING: Texture '' requested by chunk model lamp_post.model was not found, using '.' instead.
WARNING: Texture '' requested by chunk model billboard_vert.model was not found, using '.' instead.
WARNING: Texture '' requested by chunk model r_straight.model was not found, using '.' instead.
WARNING: Texture '' requested by chunk model lamp_post.model was not found, using '.' instead.
WARNING: Texture '' requested by chunk model r_straight.model was not found, using '.' instead.
WARNING: Texture '' requested by chunk model r_straight.model was not found, using '.' instead.
WARNING: Texture '' requested by chunk model r_intersection.model was not found, using '.' instead.
WARNING: Texture '' requested by chunk model lamp_post.model was not found, using '.' instead.
WARNING: Texture '' requested by chunk model lamp_post.model was not found, using '.' instead.
WARNING: Texture '' requested by chunk model billboard_vert.model was not found, using '.' instead.
WARNING: Texture '' requested by chunk model r_corner.model was not found, using '.' instead.
WARNING: Texture '' requested by chunk model lamp_post.model was not found, using '.' instead.
WARNING: Texture '' requested by chunk model lamp_post.model was not found, using '.' instead.
WARNING: Texture '' requested by chunk model r_straight.model was not found, using '.' instead.
WARNING: Texture '' requested by chunk model r_straight.model was not found, using '.' instead.
WARNING: Texture '' requested by chunk model r_straight.model was not found, using '.' instead.
WARNING: Texture '' requested by chunk model lamp_post.model was not found, using '.' instead.
WARNING: Texture '' requested by chunk model lamp_post.model was not found, using '.' instead.
WARNING: Texture '' requested by chunk model lamp_post.model was not found, using '.' instead.
WARNING: Texture '' requested by chunk model lamp_post.model was not found, using '.' instead.
WARNING: Texture '' requested by chunk model lamp_post.model was not found, using '.' instead.
WARNING: Texture '' requested by chunk model phone_booth.model was not found, using '.' instead.
TRACE: ChunkLoader: Loaded chunk 'spaces/urban/00020003o.chunk'
WARNING: Texture '' requested by chunk model lamp_post.model was not found, using '.' instead.
WARNING: Texture '' requested by chunk model billboard_vert.model was not found, using '.' instead.
WARNING: Texture '' requested by chunk model r_straight.model was not found, using '.' instead.
WARNING: Texture '' requested by chunk model lamp_post.model was not found, using '.' instead.
WARNING: Texture '' requested by chunk model r_straight.model was not found, using '.' instead.
WARNING: Texture '' requested by chunk model r_straight.model was not found, using '.' instead.
WARNING: Texture '' requested by chunk model r_intersection.model was not found, using '.' instead.
WARNING: Texture '' requested by chunk model lamp_post.model was not found, using '.' instead.
WARNING: Texture '' requested by chunk model lamp_post.model was not found, using '.' instead.
WARNING: Texture '' requested by chunk model billboard_vert.model was not found, using '.' instead.
WARNING: Texture '' requested by chunk model r_corner.model was not found, using '.' instead.
WARNING: Texture '' requested by chunk model lamp_post.model was not found, using '.' instead.
WARNING: Texture '' requested by chunk model lamp_post.model was not found, using '.' instead.
WARNING: Texture '' requested by chunk model r_straight.model was not found, using '.' instead.
WARNING: Texture '' requested by chunk model r_straight.model was not found, using '.' instead.
WARNING: Texture '' requested by chunk model r_straight.model was not found, using '.' instead.
WARNING: Texture '' requested by chunk model lamp_post.model was not found, using '.' instead.
WARNING: Texture '' requested by chunk model lamp_post.model was not found, using '.' instead.
WARNING: Texture '' requested by chunk model lamp_post.model was not found, using '.' instead.
WARNING: Texture '' requested by chunk model lamp_post.model was not found, using '.' instead.
WARNING: Texture '' requested by chunk model lamp_post.model was not found, using '.' instead.
WARNING: Texture '' requested by chunk model phone_booth.model was not found, using '.' instead.
TRACE: ChunkLoader: Loaded chunk 'spaces/urban/fffcfffdo.chunk'
WARNING: Texture '' requested by chunk model lamp_post.model was not found, using '.' instead.
WARNING: Texture '' requested by chunk model lamp_post.model was not found, using '.' instead.
WARNING: Texture '' requested by chunk model lamp_post.model was not found, using '.' instead.
WARNING: Texture '' requested by chunk model lamp_post.model was not found, using '.' instead.
WARNING: Texture '' requested by chunk model lamp_post.model was not found, using '.' instead.
WARNING: Texture '' requested by chunk model r_straight.model was not found, using '.' instead.
WARNING: Texture '' requested by chunk model r_straight.model was not found, using '.' instead.
WARNING: Texture '' requested by chunk model r_intersection.model was not found, using '.' instead.
WARNING: Texture '' requested by chunk model r_straight.model was not found, using '.' instead.
WARNING: Texture '' requested by chunk model lamp_post.model was not found, using '.' instead.
WARNING: Texture '' requested by chunk model r_straight.model was not found, using '.' instead.
WARNING: Texture '' requested by chunk model lamp_post.model was not found, using '.' instead.
WARNING: Texture '' requested by chunk model lamp_post.model was not found, using '.' instead.
WARNING: Texture '' requested by chunk model lamp_post.model was not found, using '.' instead.
WARNING: Texture '' requested by chunk model billboard_vert.model was not found, using '.' instead.
WARNING: Texture '' requested by chunk model lamp_post.model was not found, using '.' instead.
WARNING: Texture '' requested by chunk model lamp_post.model was not found, using '.' instead.
WARNING: Texture '' requested by chunk model r_corner.model was not found, using '.' instead.
WARNING: Texture '' requested by chunk model lamp_post.model was not found, using '.' instead.
WARNING: Texture '' requested by chunk model billboard_vert.model was not found, using '.' instead.
WARNING: Texture '' requested by chunk model lamp_post.model was not found, using '.' instead.
WARNING: Texture '' requested by chunk model r_intersection.model was not found, using '.' instead.
WARNING: Texture '' requested by chunk model lamp_post.model was not found, using '.' instead.
WARNING: Texture '' requested by chunk model lamp_post.model was not found, using '.' instead.
WARNING: Texture '' requested by chunk model r_intersection.model was not found, using '.' instead.
WARNING: Texture '' requested by chunk model r_intersection.model was not found, using '.' instead.
WARNING: Texture '' requested by chunk model r_straight.model was not found, using '.' instead.
WARNING: Texture '' requested by chunk model phone_booth.model was not found, using '.' instead.
WARNING: Texture '' requested by chunk model phone_booth.model was not found, using '.' instead.
TRACE: ChunkLoader: Loaded chunk 'spaces/urban/fffffffco.chunk'
WARNING: Texture '' requested by chunk model lamp_post.model was not found, using '.' instead.
WARNING: Texture '' requested by chunk model lamp_post.model was not found, using '.' instead.
WARNING: Texture '' requested by chunk model r_corner.model was not found, using '.' instead.
WARNING: Texture '' requested by chunk model lamp_post.model was not found, using '.' instead.
WARNING: Texture '' requested by chunk model lamp_post.model was not found, using '.' instead.
WARNING: Texture '' requested by chunk model lamp_post.model was not found, using '.' instead.
WARNING: Texture '' requested by chunk model r_corner.model was not found, using '.' instead.
WARNING: Texture '' requested by chunk model lamp_post.model was not found, using '.' instead.
WARNING: Texture '' requested by chunk model lamp_post.model was not found, using '.' instead.
WARNING: Texture '' requested by chunk model lamp_post.model was not found, using '.' instead.
WARNING: Texture '' requested by chunk model lamp_post.model was not found, using '.' instead.
WARNING: Texture '' requested by chunk model lamp_post.model was not found, using '.' instead.
WARNING: Texture '' requested by chunk model lamp_post.model was not found, using '.' instead.
WARNING: Texture '' requested by chunk model r_intersection.model was not found, using '.' instead.
WARNING: Texture '' requested by chunk model phone_booth.model was not found, using '.' instead.
TRACE: ChunkLoader: Loaded chunk 'spaces/urban/fffbffffo.chunk'
WARNING: Texture '' requested by chunk model r_corner.model was not found, using '.' instead.
WARNING: Texture '' requested by chunk model r_straight.model was not found, using '.' instead.
WARNING: Texture '' requested by chunk model lamp_post.model was not found, using '.' instead.
WARNING: Texture '' requested by chunk model lamp_post.model was not found, using '.' instead.
WARNING: Texture '' requested by chunk model lamp_post.model was not found, using '.' instead.
WARNING: Texture '' requested by chunk model lamp_post.model was not found, using '.' instead.
WARNING: Texture '' requested by chunk model lamp_post.model was not found, using '.' instead.
WARNING: Texture '' requested by chunk model lamp_post.model was not found, using '.' instead.
WARNING: Texture '' requested by chunk model lamp_post.model was not found, using '.' instead.
WARNING: Texture '' requested by chunk model lamp_post.model was not found, using '.' instead.
WARNING: Texture '' requested by chunk model lamp_post.model was not found, using '.' instead.
WARNING: Texture '' requested by chunk model lamp_post.model was not found, using '.' instead.
WARNING: Texture '' requested by chunk model lamp_post.model was not found, using '.' instead.
WARNING: Texture '' requested by chunk model lamp_post.model was not found, using '.' instead.
WARNING: Texture '' requested by chunk model lamp_post.model was not found, using '.' instead.
TRACE: ChunkLoader: Loaded chunk 'spaces/urban/0003fffeo.chunk'
WARNING: Texture '' requested by chunk model lamp_post.model was not found, using '.' instead.
WARNING: Texture '' requested by chunk model lamp_post.model was not found, using '.' instead.
WARNING: Texture '' requested by chunk model r_straight.model was not found, using '.' instead.
WARNING: Texture '' requested by chunk model lamp_post.model was not found, using '.' instead.
WARNING: Texture '' requested by chunk model lamp_post.model was not found, using '.' instead.
WARNING: Texture '' requested by chunk model lamp_post.model was not found, using '.' instead.
WARNING: Texture '' requested by chunk model lamp_post.model was not found, using '.' instead.
WARNING: Texture '' requested by chunk model lamp_post.model was not found, using '.' instead.
WARNING: Texture '' requested by chunk model lamp_post.model was not found, using '.' instead.
WARNING: Texture '' requested by chunk model lamp_post.model was not found, using '.' instead.
WARNING: Texture '' requested by chunk model lamp_post.model was not found, using '.' instead.
WARNING: Texture '' requested by chunk model lamp_post.model was not found, using '.' instead.
WARNING: Texture '' requested by chunk model r_corner.model was not found, using '.' instead.
WARNING: Texture '' requested by chunk model phone_booth.model was not found, using '.' instead.
WARNING: Texture '' requested by chunk model phone_booth.model was not found, using '.' instead.
TRACE: ChunkLoader: Loaded chunk 'spaces/urban/fffbfffeo.chunk'
WARNING: Texture '' requested by chunk model r_corner.model was not found, using '.' instead.
WARNING: Texture '' requested by chunk model lamp_post.model was not found, using '.' instead.
WARNING: Texture '' requested by chunk model lamp_post.model was not found, using '.' instead.
WARNING: Texture '' requested by chunk model lamp_post.model was not found, using '.' instead.
WARNING: Texture '' requested by chunk model r_intersection.model was not found, using '.' instead.
WARNING: Texture '' requested by chunk model lamp_post.model was not found, using '.' instead.
WARNING: Texture '' requested by chunk model lamp_post.model was not found, using '.' instead.
WARNING: Texture '' requested by chunk model lamp_post.model was not found, using '.' instead.
WARNING: Texture '' requested by chunk model lamp_post.model was not found, using '.' instead.
WARNING: Texture '' requested by chunk model lamp_post.model was not found, using '.' instead.
WARNING: Texture '' requested by chunk model lamp_post.model was not found, using '.' instead.
WARNING: Texture '' requested by chunk model lamp_post.model was not found, using '.' instead.
WARNING: Texture '' requested by chunk model r_straight.model was not found, using '.' instead.
WARNING: Texture '' requested by chunk model r_intersection.model was not found, using '.' instead.
WARNING: Texture '' requested by chunk model r_straight.model was not found, using '.' instead.
WARNING: Texture '' requested by chunk model lamp_post.model was not found, using '.' instead.
WARNING: Texture '' requested by chunk model r_straight.model was not found, using '.' instead.
TRACE: ChunkLoader: Loaded chunk 'spaces/urban/fffb0000o.chunk'
WARNING: Texture '' requested by chunk model lamp_post.model was not found, using '.' instead.
WARNING: Texture '' requested by chunk model lamp_post.model was not found, using '.' instead.
WARNING: Texture '' requested by chunk model lamp_post.model was not found, using '.' instead.
WARNING: Texture '' requested by chunk model lamp_post.model was not found, using '.' instead.
WARNING: Texture '' requested by chunk model lamp_post.model was not found, using '.' instead.
WARNING: Texture '' requested by chunk model r_straight.model was not found, using '.' instead.
WARNING: Texture '' requested by chunk model r_straight.model was not found, using '.' instead.
WARNING: Texture '' requested by chunk model r_intersection.model was not found, using '.' instead.
WARNING: Texture '' requested by chunk model r_straight.model was not found, using '.' instead.
WARNING: Texture '' requested by chunk model lamp_post.model was not found, using '.' instead.
WARNING: Texture '' requested by chunk model r_straight.model was not found, using '.' instead.
WARNING: Texture '' requested by chunk model lamp_post.model was not found, using '.' instead.
WARNING: Texture '' requested by chunk model lamp_post.model was not found, using '.' instead.
WARNING: Texture '' requested by chunk model lamp_post.model was not found, using '.' instead.
WARNING: Texture '' requested by chunk model billboard_vert.model was not found, using '.' instead.
WARNING: Texture '' requested by chunk model lamp_post.model was not found, using '.' instead.
WARNING: Texture '' requested by chunk model lamp_post.model was not found, using '.' instead.
WARNING: Texture '' requested by chunk model r_corner.model was not found, using '.' instead.
WARNING: Texture '' requested by chunk model lamp_post.model was not found, using '.' instead.
WARNING: Texture '' requested by chunk model billboard_vert.model was not found, using '.' instead.
WARNING: Texture '' requested by chunk model lamp_post.model was not found, using '.' instead.
WARNING: Texture '' requested by chunk model r_intersection.model was not found, using '.' instead.
WARNING: Texture '' requested by chunk model lamp_post.model was not found, using '.' instead.
WARNING: Texture '' requested by chunk model lamp_post.model was not found, using '.' instead.
WARNING: Texture '' requested by chunk model r_intersection.model was not found, using '.' instead.
WARNING: Texture '' requested by chunk model r_intersection.model was not found, using '.' instead.
WARNING: Texture '' requested by chunk model r_straight.model was not found, using '.' instead.
WARNING: Texture '' requested by chunk model phone_booth.model was not found, using '.' instead.
WARNING: Texture '' requested by chunk model phone_booth.model was not found, using '.' instead.
TRACE: ChunkLoader: Loaded chunk 'spaces/urban/fffc0002o.chunk'
WARNING: Texture '' requested by chunk model lamp_post.model was not found, using '.' instead.
WARNING: Texture '' requested by chunk model lamp_post.model was not found, using '.' instead.
WARNING: Texture '' requested by chunk model lamp_post.model was not found, using '.' instead.
WARNING: Texture '' requested by chunk model lamp_post.model was not found, using '.' instead.
WARNING: Texture '' requested by chunk model lamp_post.model was not found, using '.' instead.
WARNING: Texture '' requested by chunk model r_straight.model was not found, using '.' instead.
WARNING: Texture '' requested by chunk model r_straight.model was not found, using '.' instead.
WARNING: Texture '' requested by chunk model r_intersection.model was not found, using '.' instead.
WARNING: Texture '' requested by chunk model r_straight.model was not found, using '.' instead.
WARNING: Texture '' requested by chunk model lamp_post.model was not found, using '.' instead.
WARNING: Texture '' requested by chunk model r_straight.model was not found, using '.' instead.
WARNING: Texture '' requested by chunk model lamp_post.model was not found, using '.' instead.
WARNING: Texture '' requested by chunk model lamp_post.model was not found, using '.' instead.
WARNING: Texture '' requested by chunk model lamp_post.model was not found, using '.' instead.
WARNING: Texture '' requested by chunk model billboard_vert.model was not found, using '.' instead.
WARNING: Texture '' requested by chunk model lamp_post.model was not found, using '.' instead.
WARNING: Texture '' requested by chunk model lamp_post.model was not found, using '.' instead.
WARNING: Texture '' requested by chunk model r_corner.model was not found, using '.' instead.
WARNING: Texture '' requested by chunk model lamp_post.model was not found, using '.' instead.
WARNING: Texture '' requested by chunk model billboard_vert.model was not found, using '.' instead.
WARNING: Texture '' requested by chunk model lamp_post.model was not found, using '.' instead.
WARNING: Texture '' requested by chunk model r_intersection.model was not found, using '.' instead.
WARNING: Texture '' requested by chunk model lamp_post.model was not found, using '.' instead.
WARNING: Texture '' requested by chunk model lamp_post.model was not found, using '.' instead.
WARNING: Texture '' requested by chunk model r_intersection.model was not found, using '.' instead.
WARNING: Texture '' requested by chunk model r_intersection.model was not found, using '.' instead.
WARNING: Texture '' requested by chunk model r_straight.model was not found, using '.' instead.
WARNING: Texture '' requested by chunk model phone_booth.model was not found, using '.' instead.
WARNING: Texture '' requested by chunk model phone_booth.model was not found, using '.' instead.
TRACE: ChunkLoader: Loaded chunk 'spaces/urban/fffcfffco.chunk'
WARNING: Texture '' requested by chunk model r_corner.model was not found, using '.' instead.
WARNING: Texture '' requested by chunk model lamp_post.model was not found, using '.' instead.
WARNING: Texture '' requested by chunk model lamp_post.model was not found, using '.' instead.
WARNING: Texture '' requested by chunk model lamp_post.model was not found, using '.' instead.
WARNING: Texture '' requested by chunk model r_intersection.model was not found, using '.' instead.
WARNING: Texture '' requested by chunk model lamp_post.model was not found, using '.' instead.
WARNING: Texture '' requested by chunk model lamp_post.model was not found, using '.' instead.
WARNING: Texture '' requested by chunk model lamp_post.model was not found, using '.' instead.
WARNING: Texture '' requested by chunk model lamp_post.model was not found, using '.' instead.
WARNING: Texture '' requested by chunk model lamp_post.model was not found, using '.' instead.
WARNING: Texture '' requested by chunk model lamp_post.model was not found, using '.' instead.
WARNING: Texture '' requested by chunk model lamp_post.model was not found, using '.' instead.
WARNING: Texture '' requested by chunk model r_straight.model was not found, using '.' instead.
WARNING: Texture '' requested by chunk model r_intersection.model was not found, using '.' instead.
WARNING: Texture '' requested by chunk model r_straight.model was not found, using '.' instead.
WARNING: Texture '' requested by chunk model lamp_post.model was not found, using '.' instead.
WARNING: Texture '' requested by chunk model r_straight.model was not found, using '.' instead.
TRACE: ChunkLoader: Loaded chunk 'spaces/urban/fffbfffdo.chunk'
WARNING: Texture '' requested by chunk model lamp_post.model was not found, using '.' instead.
WARNING: Texture '' requested by chunk model lamp_post.model was not found, using '.' instead.
WARNING: Texture '' requested by chunk model r_straight.model was not found, using '.' instead.
WARNING: Texture '' requested by chunk model lamp_post.model was not found, using '.' instead.
WARNING: Texture '' requested by chunk model lamp_post.model was not found, using '.' instead.
WARNING: Texture '' requested by chunk model lamp_post.model was not found, using '.' instead.
WARNING: Texture '' requested by chunk model lamp_post.model was not found, using '.' instead.
WARNING: Texture '' requested by chunk model lamp_post.model was not found, using '.' instead.
WARNING: Texture '' requested by chunk model lamp_post.model was not found, using '.' instead.
WARNING: Texture '' requested by chunk model lamp_post.model was not found, using '.' instead.
WARNING: Texture '' requested by chunk model lamp_post.model was not found, using '.' instead.
WARNING: Texture '' requested by chunk model lamp_post.model was not found, using '.' instead.
WARNING: Texture '' requested by chunk model r_corner.model was not found, using '.' instead.
WARNING: Texture '' requested by chunk model phone_booth.model was not found, using '.' instead.
WARNING: Texture '' requested by chunk model phone_booth.model was not found, using '.' instead.
TRACE: ChunkLoader: Loaded chunk 'spaces/urban/fffb0001o.chunk'
WARNING: Texture '' requested by chunk model r_intersection.model was not found, using '.' instead.
WARNING: Texture '' requested by chunk model lamp_post.model was not found, using '.' instead.
WARNING: Texture '' requested by chunk model lamp_post.model was not found, using '.' instead.
WARNING: Texture '' requested by chunk model r_intersection.model was not found, using '.' instead.
WARNING: Texture '' requested by chunk model r_straight.model was not found, using '.' instead.
WARNING: Texture '' requested by chunk model lamp_post.model was not found, using '.' instead.
WARNING: Texture '' requested by chunk model r_straight.model was not found, using '.' instead.
WARNING: Texture '' requested by chunk model lamp_post.model was not found, using '.' instead.
WARNING: Texture '' requested by chunk model lamp_post.model was not found, using '.' instead.
WARNING: Texture '' requested by chunk model r_intersection.model was not found, using '.' instead.
WARNING: Texture '' requested by chunk model billboard_vert.model was not found, using '.' instead.
WARNING: Texture '' requested by chunk model billboard_vert.model was not found, using '.' instead.
WARNING: Texture '' requested by chunk model lamp_post.model was not found, using '.' instead.
WARNING: Texture '' requested by chunk model lamp_post.model was not found, using '.' instead.
WARNING: Texture '' requested by chunk model lamp_post.model was not found, using '.' instead.
WARNING: Texture '' requested by chunk model r_straight.model was not found, using '.' instead.
WARNING: Texture '' requested by chunk model r_straight.model was not found, using '.' instead.
WARNING: Texture '' requested by chunk model lamp_post.model was not found, using '.' instead.
TRACE: ChunkLoader: Loaded chunk 'spaces/urban/fffd0003o.chunk'
WARNING: Texture '' requested by chunk model lamp_post.model was not found, using '.' instead.
WARNING: Texture '' requested by chunk model lamp_post.model was not found, using '.' instead.
WARNING: Texture '' requested by chunk model r_corner.model was not found, using '.' instead.
WARNING: Texture '' requested by chunk model lamp_post.model was not found, using '.' instead.
WARNING: Texture '' requested by chunk model lamp_post.model was not found, using '.' instead.
WARNING: Texture '' requested by chunk model lamp_post.model was not found, using '.' instead.
WARNING: Texture '' requested by chunk model r_corner.model was not found, using '.' instead.
WARNING: Texture '' requested by chunk model lamp_post.model was not found, using '.' instead.
WARNING: Texture '' requested by chunk model lamp_post.model was not found, using '.' instead.
WARNING: Texture '' requested by chunk model lamp_post.model was not found, using '.' instead.
WARNING: Texture '' requested by chunk model lamp_post.model was not found, using '.' instead.
WARNING: Texture '' requested by chunk model lamp_post.model was not found, using '.' instead.
WARNING: Texture '' requested by chunk model lamp_post.model was not found, using '.' instead.
WARNING: Texture '' requested by chunk model r_intersection.model was not found, using '.' instead.
WARNING: Texture '' requested by chunk model phone_booth.model was not found, using '.' instead.
TRACE: ChunkLoader: Loaded chunk 'spaces/urban/fffb0002o.chunk'
WARNING: Texture '' requested by chunk model lamp_post.model was not found, using '.' instead.
WARNING: Texture '' requested by chunk model billboard_vert.model was not found, using '.' instead.
WARNING: Texture '' requested by chunk model r_straight.model was not found, using '.' instead.
WARNING: Texture '' requested by chunk model lamp_post.model was not found, using '.' instead.
WARNING: Texture '' requested by chunk model r_straight.model was not found, using '.' instead.
WARNING: Texture '' requested by chunk model r_straight.model was not found, using '.' instead.
WARNING: Texture '' requested by chunk model r_intersection.model was not found, using '.' instead.
WARNING: Texture '' requested by chunk model lamp_post.model was not found, using '.' instead.
WARNING: Texture '' requested by chunk model lamp_post.model was not found, using '.' instead.
WARNING: Texture '' requested by chunk model billboard_vert.model was not found, using '.' instead.
WARNING: Texture '' requested by chunk model r_corner.model was not found, using '.' instead.
WARNING: Texture '' requested by chunk model lamp_post.model was not found, using '.' instead.
WARNING: Texture '' requested by chunk model lamp_post.model was not found, using '.' instead.
WARNING: Texture '' requested by chunk model r_straight.model was not found, using '.' instead.
WARNING: Texture '' requested by chunk model r_straight.model was not found, using '.' instead.
WARNING: Texture '' requested by chunk model r_straight.model was not found, using '.' instead.
WARNING: Texture '' requested by chunk model lamp_post.model was not found, using '.' instead.
WARNING: Texture '' requested by chunk model lamp_post.model was not found, using '.' instead.
WARNING: Texture '' requested by chunk model lamp_post.model was not found, using '.' instead.
WARNING: Texture '' requested by chunk model lamp_post.model was not found, using '.' instead.
WARNING: Texture '' requested by chunk model lamp_post.model was not found, using '.' instead.
WARNING: Texture '' requested by chunk model phone_booth.model was not found, using '.' instead.
TRACE: ChunkLoader: Loaded chunk 'spaces/urban/fffc0003o.chunk'
WARNING: Texture '' requested by chunk model lamp_post.model was not found, using '.' instead.
WARNING: Texture '' requested by chunk model lamp_post.model was not found, using '.' instead.
WARNING: Texture '' requested by chunk model r_straight.model was not found, using '.' instead.
WARNING: Texture '' requested by chunk model lamp_post.model was not found, using '.' instead.
WARNING: Texture '' requested by chunk model lamp_post.model was not found, using '.' instead.
WARNING: Texture '' requested by chunk model lamp_post.model was not found, using '.' instead.
WARNING: Texture '' requested by chunk model lamp_post.model was not found, using '.' instead.
WARNING: Texture '' requested by chunk model r_corner.model was not found, using '.' instead.
WARNING: Texture '' requested by chunk model lamp_post.model was not found, using '.' instead.
WARNING: Texture '' requested by chunk model r_straight.model was not found, using '.' instead.
WARNING: Texture '' requested by chunk model lamp_post.model was not found, using '.' instead.
WARNING: Texture '' requested by chunk model r_straight.model was not found, using '.' instead.
WARNING: Texture '' requested by chunk model r_intersection.model was not found, using '.' instead.
WARNING: Texture '' requested by chunk model r_corner.model was not found, using '.' instead.
WARNING: Texture '' requested by chunk model lamp_post.model was not found, using '.' instead.
WARNING: Texture '' requested by chunk model lamp_post.model was not found, using '.' instead.
WARNING: Texture '' requested by chunk model lamp_post.model was not found, using '.' instead.
WARNING: Texture '' requested by chunk model lamp_post.model was not found, using '.' instead.
WARNING: Texture '' requested by chunk model phone_booth.model was not found, using '.' instead.
WARNING: Texture '' requested by chunk model phone_booth.model was not found, using '.' instead.
TRACE: ChunkLoader: Loaded chunk 'spaces/urban/ffff0004o.chunk'
WARNING: Texture '' requested by chunk model lamp_post.model was not found, using '.' instead.
WARNING: Texture '' requested by chunk model lamp_post.model was not found, using '.' instead.
WARNING: Texture '' requested by chunk model r_corner.model was not found, using '.' instead.
WARNING: Texture '' requested by chunk model lamp_post.model was not found, using '.' instead.
WARNING: Texture '' requested by chunk model lamp_post.model was not found, using '.' instead.
WARNING: Texture '' requested by chunk model lamp_post.model was not found, using '.' instead.
WARNING: Texture '' requested by chunk model r_corner.model was not found, using '.' instead.
WARNING: Texture '' requested by chunk model lamp_post.model was not found, using '.' instead.
WARNING: Texture '' requested by chunk model lamp_post.model was not found, using '.' instead.
WARNING: Texture '' requested by chunk model lamp_post.model was not found, using '.' instead.
WARNING: Texture '' requested by chunk model lamp_post.model was not found, using '.' instead.
WARNING: Texture '' requested by chunk model lamp_post.model was not found, using '.' instead.
WARNING: Texture '' requested by chunk model lamp_post.model was not found, using '.' instead.
WARNING: Texture '' requested by chunk model r_intersection.model was not found, using '.' instead.
WARNING: Texture '' requested by chunk model phone_booth.model was not found, using '.' instead.
TRACE: ChunkLoader: Loaded chunk 'spaces/urban/fffbfffco.chunk'
WARNING: Texture '' requested by chunk model r_corner.model was not found, using '.' instead.
WARNING: Texture '' requested by chunk model r_straight.model was not found, using '.' instead.
WARNING: Texture '' requested by chunk model lamp_post.model was not found, using '.' instead.
WARNING: Texture '' requested by chunk model lamp_post.model was not found, using '.' instead.
WARNING: Texture '' requested by chunk model lamp_post.model was not found, using '.' instead.
WARNING: Texture '' requested by chunk model lamp_post.model was not found, using '.' instead.
WARNING: Texture '' requested by chunk model lamp_post.model was not found, using '.' instead.
WARNING: Texture '' requested by chunk model lamp_post.model was not found, using '.' instead.
WARNING: Texture '' requested by chunk model lamp_post.model was not found, using '.' instead.
WARNING: Texture '' requested by chunk model lamp_post.model was not found, using '.' instead.
WARNING: Texture '' requested by chunk model lamp_post.model was not found, using '.' instead.
WARNING: Texture '' requested by chunk model lamp_post.model was not found, using '.' instead.
WARNING: Texture '' requested by chunk model lamp_post.model was not found, using '.' instead.
WARNING: Texture '' requested by chunk model lamp_post.model was not found, using '.' instead.
WARNING: Texture '' requested by chunk model lamp_post.model was not found, using '.' instead.
TRACE: ChunkLoader: Loaded chunk 'spaces/urban/00000004o.chunk'
WARNING: Texture '' requested by chunk model lamp_post.model was not found, using '.' instead.
WARNING: Texture '' requested by chunk model lamp_post.model was not found, using '.' instead.
WARNING: Texture '' requested by chunk model r_straight.model was not found, using '.' instead.
WARNING: Texture '' requested by chunk model lamp_post.model was not found, using '.' instead.
WARNING: Texture '' requested by chunk model lamp_post.model was not found, using '.' instead.
WARNING: Texture '' requested by chunk model lamp_post.model was not found, using '.' instead.
WARNING: Texture '' requested by chunk model lamp_post.model was not found, using '.' instead.
WARNING: Texture '' requested by chunk model lamp_post.model was not found, using '.' instead.
WARNING: Texture '' requested by chunk model lamp_post.model was not found, using '.' instead.
WARNING: Texture '' requested by chunk model lamp_post.model was not found, using '.' instead.
WARNING: Texture '' requested by chunk model lamp_post.model was not found, using '.' instead.
WARNING: Texture '' requested by chunk model lamp_post.model was not found, using '.' instead.
WARNING: Texture '' requested by chunk model r_corner.model was not found, using '.' instead.
WARNING: Texture '' requested by chunk model phone_booth.model was not found, using '.' instead.
WARNING: Texture '' requested by chunk model phone_booth.model was not found, using '.' instead.
TRACE: ChunkLoader: Loaded chunk 'spaces/urban/fffe0004o.chunk'
WARNING: Texture '' requested by chunk model lamp_post.model was not found, using '.' instead.
WARNING: Texture '' requested by chunk model lamp_post.model was not found, using '.' instead.
WARNING: Texture '' requested by chunk model r_straight.model was not found, using '.' instead.
WARNING: Texture '' requested by chunk model lamp_post.model was not found, using '.' instead.
WARNING: Texture '' requested by chunk model lamp_post.model was not found, using '.' instead.
WARNING: Texture '' requested by chunk model lamp_post.model was not found, using '.' instead.
WARNING: Texture '' requested by chunk model lamp_post.model was not found, using '.' instead.
WARNING: Texture '' requested by chunk model lamp_post.model was not found, using '.' instead.
WARNING: Texture '' requested by chunk model lamp_post.model was not found, using '.' instead.
WARNING: Texture '' requested by chunk model lamp_post.model was not found, using '.' instead.
WARNING: Texture '' requested by chunk model lamp_post.model was not found, using '.' instead.
WARNING: Texture '' requested by chunk model lamp_post.model was not found, using '.' instead.
WARNING: Texture '' requested by chunk model r_corner.model was not found, using '.' instead.
WARNING: Texture '' requested by chunk model phone_booth.model was not found, using '.' instead.
WARNING: Texture '' requested by chunk model phone_booth.model was not found, using '.' instead.
TRACE: ChunkLoader: Loaded chunk 'spaces/urban/00010004o.chunk'
WARNING: Texture '' requested by chunk model lamp_post.model was not found, using '.' instead.
WARNING: Texture '' requested by chunk model lamp_post.model was not found, using '.' instead.
WARNING: Texture '' requested by chunk model r_corner.model was not found, using '.' instead.
WARNING: Texture '' requested by chunk model lamp_post.model was not found, using '.' instead.
WARNING: Texture '' requested by chunk model lamp_post.model was not found, using '.' instead.
WARNING: Texture '' requested by chunk model lamp_post.model was not found, using '.' instead.
WARNING: Texture '' requested by chunk model r_corner.model was not found, using '.' instead.
WARNING: Texture '' requested by chunk model lamp_post.model was not found, using '.' instead.
WARNING: Texture '' requested by chunk model lamp_post.model was not found, using '.' instead.
WARNING: Texture '' requested by chunk model lamp_post.model was not found, using '.' instead.
WARNING: Texture '' requested by chunk model lamp_post.model was not found, using '.' instead.
WARNING: Texture '' requested by chunk model lamp_post.model was not found, using '.' instead.
WARNING: Texture '' requested by chunk model lamp_post.model was not found, using '.' instead.
WARNING: Texture '' requested by chunk model r_intersection.model was not found, using '.' instead.
WARNING: Texture '' requested by chunk model phone_booth.model was not found, using '.' instead.
TRACE: ChunkLoader: Loaded chunk 'spaces/urban/fffefffco.chunk'
WARNING: Texture '' requested by chunk model r_intersection.model was not found, using '.' instead.
WARNING: Texture '' requested by chunk model lamp_post.model was not found, using '.' instead.
WARNING: Texture '' requested by chunk model lamp_post.model was not found, using '.' instead.
WARNING: Texture '' requested by chunk model r_straight.model was not found, using '.' instead.
WARNING: Texture '' requested by chunk model lamp_post.model was not found, using '.' instead.
WARNING: Texture '' requested by chunk model r_straight.model was not found, using '.' instead.
WARNING: Texture '' requested by chunk model lamp_post.model was not found, using '.' instead.
WARNING: Texture '' requested by chunk model lamp_post.model was not found, using '.' instead.
WARNING: Texture '' requested by chunk model r_intersection.model was not found, using '.' instead.
WARNING: Texture '' requested by chunk model billboard_vert.model was not found, using '.' instead.
WARNING: Texture '' requested by chunk model billboard_vert.model was not found, using '.' instead.
WARNING: Texture '' requested by chunk model lamp_post.model was not found, using '.' instead.
WARNING: Texture '' requested by chunk model lamp_post.model was not found, using '.' instead.
WARNING: Texture '' requested by chunk model lamp_post.model was not found, using '.' instead.
WARNING: Texture '' requested by chunk model r_straight.model was not found, using '.' instead.
WARNING: Texture '' requested by chunk model r_straight.model was not found, using '.' instead.
WARNING: Texture '' requested by chunk model lamp_post.model was not found, using '.' instead.
WARNING: Texture '' requested by chunk model r_intersection.model was not found, using '.' instead.
TRACE: ChunkLoader: Loaded chunk 'spaces/urban/00030003o.chunk'
WARNING: Texture '' requested by chunk model r_corner.model was not found, using '.' instead.
WARNING: Texture '' requested by chunk model lamp_post.model was not found, using '.' instead.
WARNING: Texture '' requested by chunk model lamp_post.model was not found, using '.' instead.
WARNING: Texture '' requested by chunk model lamp_post.model was not found, using '.' instead.
WARNING: Texture '' requested by chunk model r_intersection.model was not found, using '.' instead.
WARNING: Texture '' requested by chunk model lamp_post.model was not found, using '.' instead.
WARNING: Texture '' requested by chunk model lamp_post.model was not found, using '.' instead.
WARNING: Texture '' requested by chunk model lamp_post.model was not found, using '.' instead.
WARNING: Texture '' requested by chunk model lamp_post.model was not found, using '.' instead.
WARNING: Texture '' requested by chunk model lamp_post.model was not found, using '.' instead.
WARNING: Texture '' requested by chunk model lamp_post.model was not found, using '.' instead.
WARNING: Texture '' requested by chunk model lamp_post.model was not found, using '.' instead.
WARNING: Texture '' requested by chunk model r_straight.model was not found, using '.' instead.
WARNING: Texture '' requested by chunk model r_intersection.model was not found, using '.' instead.
WARNING: Texture '' requested by chunk model r_straight.model was not found, using '.' instead.
WARNING: Texture '' requested by chunk model lamp_post.model was not found, using '.' instead.
WARNING: Texture '' requested by chunk model r_straight.model was not found, using '.' instead.
TRACE: ChunkLoader: Loaded chunk 'spaces/urban/fffb0003o.chunk'
WARNING: Texture '' requested by chunk model lamp_post.model was not found, using '.' instead.
WARNING: Texture '' requested by chunk model lamp_post.model was not found, using '.' instead.
WARNING: Texture '' requested by chunk model r_straight.model was not found, using '.' instead.
WARNING: Texture '' requested by chunk model lamp_post.model was not found, using '.' instead.
WARNING: Texture '' requested by chunk model lamp_post.model was not found, using '.' instead.
WARNING: Texture '' requested by chunk model lamp_post.model was not found, using '.' instead.
WARNING: Texture '' requested by chunk model lamp_post.model was not found, using '.' instead.
WARNING: Texture '' requested by chunk model r_corner.model was not found, using '.' instead.
WARNING: Texture '' requested by chunk model lamp_post.model was not found, using '.' instead.
WARNING: Texture '' requested by chunk model r_straight.model was not found, using '.' instead.
WARNING: Texture '' requested by chunk model lamp_post.model was not found, using '.' instead.
WARNING: Texture '' requested by chunk model r_straight.model was not found, using '.' instead.
WARNING: Texture '' requested by chunk model r_intersection.model was not found, using '.' instead.
WARNING: Texture '' requested by chunk model r_corner.model was not found, using '.' instead.
WARNING: Texture '' requested by chunk model lamp_post.model was not found, using '.' instead.
WARNING: Texture '' requested by chunk model lamp_post.model was not found, using '.' instead.
WARNING: Texture '' requested by chunk model lamp_post.model was not found, using '.' instead.
WARNING: Texture '' requested by chunk model lamp_post.model was not found, using '.' instead.
WARNING: Texture '' requested by chunk model phone_booth.model was not found, using '.' instead.
WARNING: Texture '' requested by chunk model phone_booth.model was not found, using '.' instead.
TRACE: ChunkLoader: Loaded chunk 'spaces/urban/fffc0004o.chunk'
WARNING: Texture '' requested by chunk model lamp_post.model was not found, using '.' instead.
WARNING: Texture '' requested by chunk model lamp_post.model was not found, using '.' instead.
WARNING: Texture '' requested by chunk model r_straight.model was not found, using '.' instead.
WARNING: Texture '' requested by chunk model lamp_post.model was not found, using '.' instead.
WARNING: Texture '' requested by chunk model lamp_post.model was not found, using '.' instead.
WARNING: Texture '' requested by chunk model lamp_post.model was not found, using '.' instead.
WARNING: Texture '' requested by chunk model lamp_post.model was not found, using '.' instead.
WARNING: Texture '' requested by chunk model r_corner.model was not found, using '.' instead.
WARNING: Texture '' requested by chunk model lamp_post.model was not found, using '.' instead.
WARNING: Texture '' requested by chunk model r_straight.model was not found, using '.' instead.
WARNING: Texture '' requested by chunk model lamp_post.model was not found, using '.' instead.
WARNING: Texture '' requested by chunk model r_straight.model was not found, using '.' instead.
WARNING: Texture '' requested by chunk model r_intersection.model was not found, using '.' instead.
WARNING: Texture '' requested by chunk model r_corner.model was not found, using '.' instead.
WARNING: Texture '' requested by chunk model lamp_post.model was not found, using '.' instead.
WARNING: Texture '' requested by chunk model lamp_post.model was not found, using '.' instead.
WARNING: Texture '' requested by chunk model lamp_post.model was not found, using '.' instead.
WARNING: Texture '' requested by chunk model lamp_post.model was not found, using '.' instead.
WARNING: Texture '' requested by chunk model phone_booth.model was not found, using '.' instead.
WARNING: Texture '' requested by chunk model phone_booth.model was not found, using '.' instead.
TRACE: ChunkLoader: Loaded chunk 'spaces/urban/00020004o.chunk'
WARNING: Texture '' requested by chunk model r_corner.model was not found, using '.' instead.
WARNING: Texture '' requested by chunk model r_straight.model was not found, using '.' instead.
WARNING: Texture '' requested by chunk model lamp_post.model was not found, using '.' instead.
WARNING: Texture '' requested by chunk model lamp_post.model was not found, using '.' instead.
WARNING: Texture '' requested by chunk model lamp_post.model was not found, using '.' instead.
WARNING: Texture '' requested by chunk model lamp_post.model was not found, using '.' instead.
WARNING: Texture '' requested by chunk model lamp_post.model was not found, using '.' instead.
WARNING: Texture '' requested by chunk model lamp_post.model was not found, using '.' instead.
WARNING: Texture '' requested by chunk model lamp_post.model was not found, using '.' instead.
WARNING: Texture '' requested by chunk model lamp_post.model was not found, using '.' instead.
WARNING: Texture '' requested by chunk model lamp_post.model was not found, using '.' instead.
WARNING: Texture '' requested by chunk model lamp_post.model was not found, using '.' instead.
WARNING: Texture '' requested by chunk model lamp_post.model was not found, using '.' instead.
WARNING: Texture '' requested by chunk model lamp_post.model was not found, using '.' instead.
WARNING: Texture '' requested by chunk model lamp_post.model was not found, using '.' instead.
TRACE: ChunkLoader: Loaded chunk 'spaces/urban/00030004o.chunk'
WARNING: Texture '' requested by chunk model phone_booth.model was not found, using '.' instead.
WARNING: Texture '' requested by chunk model lamp_post.model was not found, using '.' instead.
WARNING: Texture '' requested by chunk model lamp_post.model was not found, using '.' instead.
WARNING: Texture '' requested by chunk model r_straight.model was not found, using '.' instead.
WARNING: Texture '' requested by chunk model lamp_post.model was not found, using '.' instead.
WARNING: Texture '' requested by chunk model lamp_post.model was not found, using '.' instead.
WARNING: Texture '' requested by chunk model lamp_post.model was not found, using '.' instead.
WARNING: Texture '' requested by chunk model lamp_post.model was not found, using '.' instead.
WARNING: Texture '' requested by chunk model lamp_post.model was not found, using '.' instead.
WARNING: Texture '' requested by chunk model lamp_post.model was not found, using '.' instead.
WARNING: Texture '' requested by chunk model lamp_post.model was not found, using '.' instead.
WARNING: Texture '' requested by chunk model lamp_post.model was not found, using '.' instead.
WARNING: Texture '' requested by chunk model lamp_post.model was not found, using '.' instead.
WARNING: Texture '' requested by chunk model phone_booth.model was not found, using '.' instead.
WARNING: Texture '' requested by chunk model r_corner.model was not found, using '.' instead.
TRACE: ChunkLoader: Loaded chunk 'spaces/urban/fffb0004o.chunk'
WARNING: Texture '' requested by chunk model r_intersection.model was not found, using '.' instead.
WARNING: Texture '' requested by chunk model lamp_post.model was not found, using '.' instead.
WARNING: Texture '' requested by chunk model lamp_post.model was not found, using '.' instead.
WARNING: Texture '' requested by chunk model r_intersection.model was not found, using '.' instead.
WARNING: Texture '' requested by chunk model r_straight.model was not found, using '.' instead.
WARNING: Texture '' requested by chunk model lamp_post.model was not found, using '.' instead.
WARNING: Texture '' requested by chunk model r_straight.model was not found, using '.' instead.
WARNING: Texture '' requested by chunk model lamp_post.model was not found, using '.' instead.
WARNING: Texture '' requested by chunk model lamp_post.model was not found, using '.' instead.
WARNING: Texture '' requested by chunk model r_intersection.model was not found, using '.' instead.
WARNING: Texture '' requested by chunk model billboard_vert.model was not found, using '.' instead.
WARNING: Texture '' requested by chunk model billboard_vert.model was not found, using '.' instead.
WARNING: Texture '' requested by chunk model lamp_post.model was not found, using '.' instead.
WARNING: Texture '' requested by chunk model lamp_post.model was not found, using '.' instead.
WARNING: Texture '' requested by chunk model lamp_post.model was not found, using '.' instead.
WARNING: Texture '' requested by chunk model r_straight.model was not found, using '.' instead.
WARNING: Texture '' requested by chunk model r_straight.model was not found, using '.' instead.
WARNING: Texture '' requested by chunk model lamp_post.model was not found, using '.' instead.
TRACE: ChunkLoader: Loaded chunk 'spaces/urban/fffdfffdo.chunk'
WARNING: Texture '' requested by chunk model r_corner.model was not found, using '.' instead.
WARNING: Texture '' requested by chunk model r_straight.model was not found, using '.' instead.
WARNING: Texture '' requested by chunk model lamp_post.model was not found, using '.' instead.
WARNING: Texture '' requested by chunk model lamp_post.model was not found, using '.' instead.
WARNING: Texture '' requested by chunk model lamp_post.model was not found, using '.' instead.
WARNING: Texture '' requested by chunk model lamp_post.model was not found, using '.' instead.
WARNING: Texture '' requested by chunk model lamp_post.model was not found, using '.' instead.
WARNING: Texture '' requested by chunk model lamp_post.model was not found, using '.' instead.
WARNING: Texture '' requested by chunk model lamp_post.model was not found, using '.' instead.
WARNING: Texture '' requested by chunk model lamp_post.model was not found, using '.' instead.
WARNING: Texture '' requested by chunk model lamp_post.model was not found, using '.' instead.
WARNING: Texture '' requested by chunk model lamp_post.model was not found, using '.' instead.
WARNING: Texture '' requested by chunk model lamp_post.model was not found, using '.' instead.
WARNING: Texture '' requested by chunk model lamp_post.model was not found, using '.' instead.
WARNING: Texture '' requested by chunk model lamp_post.model was not found, using '.' instead.
TRACE: ChunkLoader: Loaded chunk 'spaces/urban/00030001o.chunk'
WARNING: Texture '' requested by chunk model lamp_post.model was not found, using '.' instead.
WARNING: Texture '' requested by chunk model lamp_post.model was not found, using '.' instead.
WARNING: Texture '' requested by chunk model lamp_post.model was not found, using '.' instead.
WARNING: Texture '' requested by chunk model lamp_post.model was not found, using '.' instead.
WARNING: Texture '' requested by chunk model lamp_post.model was not found, using '.' instead.
WARNING: Texture '' requested by chunk model r_straight.model was not found, using '.' instead.
WARNING: Texture '' requested by chunk model r_straight.model was not found, using '.' instead.
WARNING: Texture '' requested by chunk model r_intersection.model was not found, using '.' instead.
WARNING: Texture '' requested by chunk model r_straight.model was not found, using '.' instead.
WARNING: Texture '' requested by chunk model lamp_post.model was not found, using '.' instead.
WARNING: Texture '' requested by chunk model r_straight.model was not found, using '.' instead.
WARNING: Texture '' requested by chunk model lamp_post.model was not found, using '.' instead.
WARNING: Texture '' requested by chunk model lamp_post.model was not found, using '.' instead.
WARNING: Texture '' requested by chunk model lamp_post.model was not found, using '.' instead.
WARNING: Texture '' requested by chunk model billboard_vert.model was not found, using '.' instead.
WARNING: Texture '' requested by chunk model lamp_post.model was not found, using '.' instead.
WARNING: Texture '' requested by chunk model lamp_post.model was not found, using '.' instead.
WARNING: Texture '' requested by chunk model r_corner.model was not found, using '.' instead.
WARNING: Texture '' requested by chunk model lamp_post.model was not found, using '.' instead.
WARNING: Texture '' requested by chunk model billboard_vert.model was not found, using '.' instead.
WARNING: Texture '' requested by chunk model lamp_post.model was not found, using '.' instead.
WARNING: Texture '' requested by chunk model r_intersection.model was not found, using '.' instead.
WARNING: Texture '' requested by chunk model lamp_post.model was not found, using '.' instead.
WARNING: Texture '' requested by chunk model lamp_post.model was not found, using '.' instead.
WARNING: Texture '' requested by chunk model r_intersection.model was not found, using '.' instead.
WARNING: Texture '' requested by chunk model r_intersection.model was not found, using '.' instead.
WARNING: Texture '' requested by chunk model r_straight.model was not found, using '.' instead.
WARNING: Texture '' requested by chunk model phone_booth.model was not found, using '.' instead.
WARNING: Texture '' requested by chunk model phone_booth.model was not found, using '.' instead.
TRACE: ChunkLoader: Loaded chunk 'spaces/urban/0002fffco.chunk'
WARNING: Texture '' requested by chunk model lamp_post.model was not found, using '.' instead.
WARNING: Texture '' requested by chunk model lamp_post.model was not found, using '.' instead.
WARNING: Texture '' requested by chunk model lamp_post.model was not found, using '.' instead.
WARNING: Texture '' requested by chunk model lamp_post.model was not found, using '.' instead.
WARNING: Texture '' requested by chunk model lamp_post.model was not found, using '.' instead.
WARNING: Texture '' requested by chunk model r_straight.model was not found, using '.' instead.
WARNING: Texture '' requested by chunk model r_straight.model was not found, using '.' instead.
WARNING: Texture '' requested by chunk model r_intersection.model was not found, using '.' instead.
WARNING: Texture '' requested by chunk model r_straight.model was not found, using '.' instead.
WARNING: Texture '' requested by chunk model lamp_post.model was not found, using '.' instead.
WARNING: Texture '' requested by chunk model r_straight.model was not found, using '.' instead.
WARNING: Texture '' requested by chunk model lamp_post.model was not found, using '.' instead.
WARNING: Texture '' requested by chunk model lamp_post.model was not found, using '.' instead.
WARNING: Texture '' requested by chunk model lamp_post.model was not found, using '.' instead.
WARNING: Texture '' requested by chunk model billboard_vert.model was not found, using '.' instead.
WARNING: Texture '' requested by chunk model lamp_post.model was not found, using '.' instead.
WARNING: Texture '' requested by chunk model lamp_post.model was not found, using '.' instead.
WARNING: Texture '' requested by chunk model r_corner.model was not found, using '.' instead.
WARNING: Texture '' requested by chunk model lamp_post.model was not found, using '.' instead.
WARNING: Texture '' requested by chunk model billboard_vert.model was not found, using '.' instead.
WARNING: Texture '' requested by chunk model lamp_post.model was not found, using '.' instead.
WARNING: Texture '' requested by chunk model r_intersection.model was not found, using '.' instead.
WARNING: Texture '' requested by chunk model lamp_post.model was not found, using '.' instead.
WARNING: Texture '' requested by chunk model lamp_post.model was not found, using '.' instead.
WARNING: Texture '' requested by chunk model r_intersection.model was not found, using '.' instead.
WARNING: Texture '' requested by chunk model r_intersection.model was not found, using '.' instead.
WARNING: Texture '' requested by chunk model r_straight.model was not found, using '.' instead.
WARNING: Texture '' requested by chunk model phone_booth.model was not found, using '.' instead.
WARNING: Texture '' requested by chunk model phone_booth.model was not found, using '.' instead.
TRACE: ChunkLoader: Loaded chunk 'spaces/urban/00020002o.chunk'
WARNING: Texture '' requested by chunk model r_intersection.model was not found, using '.' instead.
WARNING: Texture '' requested by chunk model lamp_post.model was not found, using '.' instead.
WARNING: Texture '' requested by chunk model lamp_post.model was not found, using '.' instead.
WARNING: Texture '' requested by chunk model r_intersection.model was not found, using '.' instead.
WARNING: Texture '' requested by chunk model r_straight.model was not found, using '.' instead.
WARNING: Texture '' requested by chunk model lamp_post.model was not found, using '.' instead.
WARNING: Texture '' requested by chunk model r_straight.model was not found, using '.' instead.
WARNING: Texture '' requested by chunk model lamp_post.model was not found, using '.' instead.
WARNING: Texture '' requested by chunk model lamp_post.model was not found, using '.' instead.
WARNING: Texture '' requested by chunk model r_intersection.model was not found, using '.' instead.
WARNING: Texture '' requested by chunk model billboard_vert.model was not found, using '.' instead.
WARNING: Texture '' requested by chunk model billboard_vert.model was not found, using '.' instead.
WARNING: Texture '' requested by chunk model lamp_post.model was not found, using '.' instead.
WARNING: Texture '' requested by chunk model lamp_post.model was not found, using '.' instead.
WARNING: Texture '' requested by chunk model lamp_post.model was not found, using '.' instead.
WARNING: Texture '' requested by chunk model r_straight.model was not found, using '.' instead.
WARNING: Texture '' requested by chunk model r_straight.model was not found, using '.' instead.
WARNING: Texture '' requested by chunk model lamp_post.model was not found, using '.' instead.
TRACE: ChunkLoader: Loaded chunk 'spaces/urban/0003fffdo.chunk'
WARNING: Texture '' requested by chunk model lamp_post.model was not found, using '.' instead.
WARNING: Texture '' requested by chunk model lamp_post.model was not found, using '.' instead.
WARNING: Texture '' requested by chunk model lamp_post.model was not found, using '.' instead.
WARNING: Texture '' requested by chunk model lamp_post.model was not found, using '.' instead.
WARNING: Texture '' requested by chunk model lamp_post.model was not found, using '.' instead.
WARNING: Texture '' requested by chunk model r_straight.model was not found, using '.' instead.
WARNING: Texture '' requested by chunk model r_straight.model was not found, using '.' instead.
WARNING: Texture '' requested by chunk model r_intersection.model was not found, using '.' instead.
WARNING: Texture '' requested by chunk model r_straight.model was not found, using '.' instead.
WARNING: Texture '' requested by chunk model lamp_post.model was not found, using '.' instead.
WARNING: Texture '' requested by chunk model r_straight.model was not found, using '.' instead.
WARNING: Texture '' requested by chunk model lamp_post.model was not found, using '.' instead.
WARNING: Texture '' requested by chunk model lamp_post.model was not found, using '.' instead.
WARNING: Texture '' requested by chunk model lamp_post.model was not found, using '.' instead.
WARNING: Texture '' requested by chunk model billboard_vert.model was not found, using '.' instead.
WARNING: Texture '' requested by chunk model lamp_post.model was not found, using '.' instead.
WARNING: Texture '' requested by chunk model lamp_post.model was not found, using '.' instead.
WARNING: Texture '' requested by chunk model r_corner.model was not found, using '.' instead.
WARNING: Texture '' requested by chunk model lamp_post.model was not found, using '.' instead.
WARNING: Texture '' requested by chunk model billboard_vert.model was not found, using '.' instead.
WARNING: Texture '' requested by chunk model lamp_post.model was not found, using '.' instead.
WARNING: Texture '' requested by chunk model r_intersection.model was not found, using '.' instead.
WARNING: Texture '' requested by chunk model lamp_post.model was not found, using '.' instead.
WARNING: Texture '' requested by chunk model lamp_post.model was not found, using '.' instead.
WARNING: Texture '' requested by chunk model r_intersection.model was not found, using '.' instead.
WARNING: Texture '' requested by chunk model r_intersection.model was not found, using '.' instead.
WARNING: Texture '' requested by chunk model r_straight.model was not found, using '.' instead.
WARNING: Texture '' requested by chunk model phone_booth.model was not found, using '.' instead.
WARNING: Texture '' requested by chunk model phone_booth.model was not found, using '.' instead.
TRACE: ChunkLoader: Loaded chunk 'spaces/urban/fffcffffo.chunk'
WARNING: Texture '' requested by chunk model r_intersection.model was not found, using '.' instead.
WARNING: Texture '' requested by chunk model lamp_post.model was not found, using '.' instead.
WARNING: Texture '' requested by chunk model lamp_post.model was not found, using '.' instead.
WARNING: Texture '' requested by chunk model r_intersection.model was not found, using '.' instead.
WARNING: Texture '' requested by chunk model r_straight.model was not found, using '.' instead.
WARNING: Texture '' requested by chunk model lamp_post.model was not found, using '.' instead.
WARNING: Texture '' requested by chunk model r_straight.model was not found, using '.' instead.
WARNING: Texture '' requested by chunk model lamp_post.model was not found, using '.' instead.
WARNING: Texture '' requested by chunk model lamp_post.model was not found, using '.' instead.
WARNING: Texture '' requested by chunk model r_intersection.model was not found, using '.' instead.
WARNING: Texture '' requested by chunk model billboard_vert.model was not found, using '.' instead.
WARNING: Texture '' requested by chunk model billboard_vert.model was not found, using '.' instead.
WARNING: Texture '' requested by chunk model lamp_post.model was not found, using '.' instead.
WARNING: Texture '' requested by chunk model lamp_post.model was not found, using '.' instead.
WARNING: Texture '' requested by chunk model lamp_post.model was not found, using '.' instead.
WARNING: Texture '' requested by chunk model r_straight.model was not found, using '.' instead.
WARNING: Texture '' requested by chunk model r_straight.model was not found, using '.' instead.
WARNING: Texture '' requested by chunk model lamp_post.model was not found, using '.' instead.
TRACE: ChunkLoader: Loaded chunk 'spaces/urban/00000003o.chunk'
WARNING: Texture '' requested by chunk model lamp_post.model was not found, using '.' instead.
WARNING: Texture '' requested by chunk model billboard_vert.model was not found, using '.' instead.
WARNING: Texture '' requested by chunk model r_straight.model was not found, using '.' instead.
WARNING: Texture '' requested by chunk model lamp_post.model was not found, using '.' instead.
WARNING: Texture '' requested by chunk model r_straight.model was not found, using '.' instead.
WARNING: Texture '' requested by chunk model r_straight.model was not found, using '.' instead.
WARNING: Texture '' requested by chunk model r_intersection.model was not found, using '.' instead.
WARNING: Texture '' requested by chunk model lamp_post.model was not found, using '.' instead.
WARNING: Texture '' requested by chunk model lamp_post.model was not found, using '.' instead.
WARNING: Texture '' requested by chunk model billboard_vert.model was not found, using '.' instead.
WARNING: Texture '' requested by chunk model r_corner.model was not found, using '.' instead.
WARNING: Texture '' requested by chunk model lamp_post.model was not found, using '.' instead.
WARNING: Texture '' requested by chunk model lamp_post.model was not found, using '.' instead.
WARNING: Texture '' requested by chunk model r_straight.model was not found, using '.' instead.
WARNING: Texture '' requested by chunk model r_straight.model was not found, using '.' instead.
WARNING: Texture '' requested by chunk model r_straight.model was not found, using '.' instead.
WARNING: Texture '' requested by chunk model lamp_post.model was not found, using '.' instead.
WARNING: Texture '' requested by chunk model lamp_post.model was not found, using '.' instead.
WARNING: Texture '' requested by chunk model lamp_post.model was not found, using '.' instead.
WARNING: Texture '' requested by chunk model lamp_post.model was not found, using '.' instead.
WARNING: Texture '' requested by chunk model lamp_post.model was not found, using '.' instead.
WARNING: Texture '' requested by chunk model phone_booth.model was not found, using '.' instead.
TRACE: ChunkLoader: Loaded chunk 'spaces/urban/ffff0003o.chunk'
WARNING: Texture '' requested by chunk model r_corner.model was not found, using '.' instead.
WARNING: Texture '' requested by chunk model lamp_post.model was not found, using '.' instead.
WARNING: Texture '' requested by chunk model lamp_post.model was not found, using '.' instead.
WARNING: Texture '' requested by chunk model lamp_post.model was not found, using '.' instead.
WARNING: Texture '' requested by chunk model r_intersection.model was not found, using '.' instead.
WARNING: Texture '' requested by chunk model lamp_post.model was not found, using '.' instead.
WARNING: Texture '' requested by chunk model lamp_post.model was not found, using '.' instead.
WARNING: Texture '' requested by chunk model lamp_post.model was not found, using '.' instead.
WARNING: Texture '' requested by chunk model lamp_post.model was not found, using '.' instead.
WARNING: Texture '' requested by chunk model lamp_post.model was not found, using '.' instead.
WARNING: Texture '' requested by chunk model lamp_post.model was not found, using '.' instead.
WARNING: Texture '' requested by chunk model lamp_post.model was not found, using '.' instead.
WARNING: Texture '' requested by chunk model r_straight.model was not found, using '.' instead.
WARNING: Texture '' requested by chunk model r_intersection.model was not found, using '.' instead.
WARNING: Texture '' requested by chunk model r_straight.model was not found, using '.' instead.
WARNING: Texture '' requested by chunk model lamp_post.model was not found, using '.' instead.
WARNING: Texture '' requested by chunk model r_straight.model was not found, using '.' instead.
TRACE: ChunkLoader: Loaded chunk 'spaces/urban/00010003o.chunk'
WARNING: Texture '' requested by chunk model lamp_post.model was not found, using '.' instead.
WARNING: Texture '' requested by chunk model lamp_post.model was not found, using '.' instead.
WARNING: Texture '' requested by chunk model r_straight.model was not found, using '.' instead.
WARNING: Texture '' requested by chunk model lamp_post.model was not found, using '.' instead.
WARNING: Texture '' requested by chunk model lamp_post.model was not found, using '.' instead.
WARNING: Texture '' requested by chunk model lamp_post.model was not found, using '.' instead.
WARNING: Texture '' requested by chunk model lamp_post.model was not found, using '.' instead.
WARNING: Texture '' requested by chunk model r_corner.model was not found, using '.' instead.
WARNING: Texture '' requested by chunk model lamp_post.model was not found, using '.' instead.
WARNING: Texture '' requested by chunk model r_straight.model was not found, using '.' instead.
WARNING: Texture '' requested by chunk model lamp_post.model was not found, using '.' instead.
WARNING: Texture '' requested by chunk model r_straight.model was not found, using '.' instead.
WARNING: Texture '' requested by chunk model r_intersection.model was not found, using '.' instead.
WARNING: Texture '' requested by chunk model r_corner.model was not found, using '.' instead.
WARNING: Texture '' requested by chunk model lamp_post.model was not found, using '.' instead.
WARNING: Texture '' requested by chunk model lamp_post.model was not found, using '.' instead.
WARNING: Texture '' requested by chunk model lamp_post.model was not found, using '.' instead.
WARNING: Texture '' requested by chunk model lamp_post.model was not found, using '.' instead.
WARNING: Texture '' requested by chunk model phone_booth.model was not found, using '.' instead.
WARNING: Texture '' requested by chunk model phone_booth.model was not found, using '.' instead.
TRACE: ChunkLoader: Loaded chunk 'spaces/urban/fffcfffeo.chunk'
WARNING: Texture '' requested by chunk model lamp_post.model was not found, using '.' instead.
WARNING: Texture '' requested by chunk model billboard_vert.model was not found, using '.' instead.
WARNING: Texture '' requested by chunk model r_straight.model was not found, using '.' instead.
WARNING: Texture '' requested by chunk model lamp_post.model was not found, using '.' instead.
WARNING: Texture '' requested by chunk model r_straight.model was not found, using '.' instead.
WARNING: Texture '' requested by chunk model r_straight.model was not found, using '.' instead.
WARNING: Texture '' requested by chunk model r_intersection.model was not found, using '.' instead.
WARNING: Texture '' requested by chunk model lamp_post.model was not found, using '.' instead.
WARNING: Texture '' requested by chunk model lamp_post.model was not found, using '.' instead.
WARNING: Texture '' requested by chunk model billboard_vert.model was not found, using '.' instead.
WARNING: Texture '' requested by chunk model r_corner.model was not found, using '.' instead.
WARNING: Texture '' requested by chunk model lamp_post.model was not found, using '.' instead.
WARNING: Texture '' requested by chunk model lamp_post.model was not found, using '.' instead.
WARNING: Texture '' requested by chunk model r_straight.model was not found, using '.' instead.
WARNING: Texture '' requested by chunk model r_straight.model was not found, using '.' instead.
WARNING: Texture '' requested by chunk model r_straight.model was not found, using '.' instead.
WARNING: Texture '' requested by chunk model lamp_post.model was not found, using '.' instead.
WARNING: Texture '' requested by chunk model lamp_post.model was not found, using '.' instead.
WARNING: Texture '' requested by chunk model lamp_post.model was not found, using '.' instead.
WARNING: Texture '' requested by chunk model lamp_post.model was not found, using '.' instead.
WARNING: Texture '' requested by chunk model lamp_post.model was not found, using '.' instead.
WARNING: Texture '' requested by chunk model phone_booth.model was not found, using '.' instead.
TRACE: ChunkLoader: Loaded chunk 'spaces/urban/fffc0000o.chunk'
WARNING: Texture '' requested by chunk model r_straight.model was not found, using '.' instead.
WARNING: Texture '' requested by chunk model lamp_post.model was not found, using '.' instead.
WARNING: Texture '' requested by chunk model lamp_post.model was not found, using '.' instead.
WARNING: Texture '' requested by chunk model lamp_post.model was not found, using '.' instead.
WARNING: Texture '' requested by chunk model lamp_post.model was not found, using '.' instead.
WARNING: Texture '' requested by chunk model lamp_post.model was not found, using '.' instead.
WARNING: Texture '' requested by chunk model lamp_post.model was not found, using '.' instead.
WARNING: Texture '' requested by chunk model lamp_post.model was not found, using '.' instead.
WARNING: Texture '' requested by chunk model lamp_post.model was not found, using '.' instead.
WARNING: Texture '' requested by chunk model lamp_post.model was not found, using '.' instead.
WARNING: Texture '' requested by chunk model lamp_post.model was not found, using '.' instead.
WARNING: Texture '' requested by chunk model r_straight.model was not found, using '.' instead.
WARNING: Texture '' requested by chunk model lamp_post.model was not found, using '.' instead.
WARNING: Texture '' requested by chunk model lamp_post.model was not found, using '.' instead.
WARNING: Texture '' requested by chunk model lamp_post.model was not found, using '.' instead.
WARNING: Texture '' requested by chunk model lamp_post.model was not found, using '.' instead.
WARNING: Texture '' requested by chunk model lamp_post.model was not found, using '.' instead.
WARNING: Texture '' requested by chunk model lamp_post.model was not found, using '.' instead.
WARNING: Texture '' requested by chunk model lamp_post.model was not found, using '.' instead.
WARNING: Texture '' requested by chunk model lamp_post.model was not found, using '.' instead.
WARNING: Texture '' requested by chunk model r_corner.model was not found, using '.' instead.
WARNING: Texture '' requested by chunk model billboard_vert.model was not found, using '.' instead.
WARNING: Texture '' requested by chunk model r_straight.model was not found, using '.' instead.
WARNING: Texture '' requested by chunk model lamp_post.model was not found, using '.' instead.
TRACE: ChunkLoader: Loaded chunk 'spaces/urban/00030002o.chunk'
WARNING: Texture '' requested by chunk model r_straight.model was not found, using '.' instead.
WARNING: Texture '' requested by chunk model lamp_post.model was not found, using '.' instead.
WARNING: Texture '' requested by chunk model lamp_post.model was not found, using '.' instead.
WARNING: Texture '' requested by chunk model lamp_post.model was not found, using '.' instead.
WARNING: Texture '' requested by chunk model lamp_post.model was not found, using '.' instead.
WARNING: Texture '' requested by chunk model lamp_post.model was not found, using '.' instead.
WARNING: Texture '' requested by chunk model lamp_post.model was not found, using '.' instead.
WARNING: Texture '' requested by chunk model lamp_post.model was not found, using '.' instead.
WARNING: Texture '' requested by chunk model lamp_post.model was not found, using '.' instead.
WARNING: Texture '' requested by chunk model lamp_post.model was not found, using '.' instead.
WARNING: Texture '' requested by chunk model lamp_post.model was not found, using '.' instead.
WARNING: Texture '' requested by chunk model r_straight.model was not found, using '.' instead.
WARNING: Texture '' requested by chunk model lamp_post.model was not found, using '.' instead.
WARNING: Texture '' requested by chunk model lamp_post.model was not found, using '.' instead.
WARNING: Texture '' requested by chunk model lamp_post.model was not found, using '.' instead.
WARNING: Texture '' requested by chunk model lamp_post.model was not found, using '.' instead.
WARNING: Texture '' requested by chunk model lamp_post.model was not found, using '.' instead.
WARNING: Texture '' requested by chunk model lamp_post.model was not found, using '.' instead.
WARNING: Texture '' requested by chunk model lamp_post.model was not found, using '.' instead.
WARNING: Texture '' requested by chunk model lamp_post.model was not found, using '.' instead.
WARNING: Texture '' requested by chunk model r_corner.model was not found, using '.' instead.
WARNING: Texture '' requested by chunk model billboard_vert.model was not found, using '.' instead.
WARNING: Texture '' requested by chunk model r_straight.model was not found, using '.' instead.
WARNING: Texture '' requested by chunk model lamp_post.model was not found, using '.' instead.
TRACE: ChunkLoader: Loaded chunk 'spaces/urban/0003fffco.chunk'
WARNING: Texture '' requested by chunk model r_straight.model was not found, using '.' instead.
WARNING: Texture '' requested by chunk model lamp_post.model was not found, using '.' instead.
WARNING: Texture '' requested by chunk model lamp_post.model was not found, using '.' instead.
WARNING: Texture '' requested by chunk model lamp_post.model was not found, using '.' instead.
WARNING: Texture '' requested by chunk model lamp_post.model was not found, using '.' instead.
WARNING: Texture '' requested by chunk model lamp_post.model was not found, using '.' instead.
WARNING: Texture '' requested by chunk model lamp_post.model was not found, using '.' instead.
WARNING: Texture '' requested by chunk model lamp_post.model was not found, using '.' instead.
WARNING: Texture '' requested by chunk model lamp_post.model was not found, using '.' instead.
WARNING: Texture '' requested by chunk model lamp_post.model was not found, using '.' instead.
WARNING: Texture '' requested by chunk model lamp_post.model was not found, using '.' instead.
WARNING: Texture '' requested by chunk model r_straight.model was not found, using '.' instead.
WARNING: Texture '' requested by chunk model lamp_post.model was not found, using '.' instead.
WARNING: Texture '' requested by chunk model lamp_post.model was not found, using '.' instead.
WARNING: Texture '' requested by chunk model lamp_post.model was not found, using '.' instead.
WARNING: Texture '' requested by chunk model lamp_post.model was not found, using '.' instead.
WARNING: Texture '' requested by chunk model lamp_post.model was not found, using '.' instead.
WARNING: Texture '' requested by chunk model lamp_post.model was not found, using '.' instead.
WARNING: Texture '' requested by chunk model lamp_post.model was not found, using '.' instead.
WARNING: Texture '' requested by chunk model lamp_post.model was not found, using '.' instead.
WARNING: Texture '' requested by chunk model r_corner.model was not found, using '.' instead.
WARNING: Texture '' requested by chunk model billboard_vert.model was not found, using '.' instead.
WARNING: Texture '' requested by chunk model r_straight.model was not found, using '.' instead.
WARNING: Texture '' requested by chunk model lamp_post.model was not found, using '.' instead.
TRACE: ChunkLoader: Loaded chunk 'spaces/urban/fffd0002o.chunk'
WARNING: Texture '' requested by chunk model r_straight.model was not found, using '.' instead.
WARNING: Texture '' requested by chunk model lamp_post.model was not found, using '.' instead.
WARNING: Texture '' requested by chunk model lamp_post.model was not found, using '.' instead.
WARNING: Texture '' requested by chunk model lamp_post.model was not found, using '.' instead.
WARNING: Texture '' requested by chunk model lamp_post.model was not found, using '.' instead.
WARNING: Texture '' requested by chunk model lamp_post.model was not found, using '.' instead.
WARNING: Texture '' requested by chunk model lamp_post.model was not found, using '.' instead.
WARNING: Texture '' requested by chunk model lamp_post.model was not found, using '.' instead.
WARNING: Texture '' requested by chunk model lamp_post.model was not found, using '.' instead.
WARNING: Texture '' requested by chunk model lamp_post.model was not found, using '.' instead.
WARNING: Texture '' requested by chunk model lamp_post.model was not found, using '.' instead.
WARNING: Texture '' requested by chunk model r_straight.model was not found, using '.' instead.
WARNING: Texture '' requested by chunk model lamp_post.model was not found, using '.' instead.
WARNING: Texture '' requested by chunk model lamp_post.model was not found, using '.' instead.
WARNING: Texture '' requested by chunk model lamp_post.model was not found, using '.' instead.
WARNING: Texture '' requested by chunk model lamp_post.model was not found, using '.' instead.
WARNING: Texture '' requested by chunk model lamp_post.model was not found, using '.' instead.
WARNING: Texture '' requested by chunk model lamp_post.model was not found, using '.' instead.
WARNING: Texture '' requested by chunk model lamp_post.model was not found, using '.' instead.
WARNING: Texture '' requested by chunk model lamp_post.model was not found, using '.' instead.
WARNING: Texture '' requested by chunk model r_corner.model was not found, using '.' instead.
WARNING: Texture '' requested by chunk model billboard_vert.model was not found, using '.' instead.
WARNING: Texture '' requested by chunk model r_straight.model was not found, using '.' instead.
WARNING: Texture '' requested by chunk model lamp_post.model was not found, using '.' instead.
TRACE: ChunkLoader: Loaded chunk 'spaces/urban/fffdfffco.chunk'
WARNING: Texture '' requested by chunk model lamp_post.model was not found, using '.' instead.
WARNING: Texture '' requested by chunk model lamp_post.model was not found, using '.' instead.
WARNING: Texture '' requested by chunk model r_straight.model was not found, using '.' instead.
WARNING: Texture '' requested by chunk model lamp_post.model was not found, using '.' instead.
WARNING: Texture '' requested by chunk model lamp_post.model was not found, using '.' instead.
WARNING: Texture '' requested by chunk model lamp_post.model was not found, using '.' instead.
WARNING: Texture '' requested by chunk model lamp_post.model was not found, using '.' instead.
WARNING: Texture '' requested by chunk model r_corner.model was not found, using '.' instead.
WARNING: Texture '' requested by chunk model lamp_post.model was not found, using '.' instead.
WARNING: Texture '' requested by chunk model r_straight.model was not found, using '.' instead.
WARNING: Texture '' requested by chunk model lamp_post.model was not found, using '.' instead.
WARNING: Texture '' requested by chunk model r_straight.model was not found, using '.' instead.
WARNING: Texture '' requested by chunk model r_intersection.model was not found, using '.' instead.
WARNING: Texture '' requested by chunk model r_corner.model was not found, using '.' instead.
WARNING: Texture '' requested by chunk model lamp_post.model was not found, using '.' instead.
WARNING: Texture '' requested by chunk model lamp_post.model was not found, using '.' instead.
WARNING: Texture '' requested by chunk model lamp_post.model was not found, using '.' instead.
WARNING: Texture '' requested by chunk model lamp_post.model was not found, using '.' instead.
WARNING: Texture '' requested by chunk model phone_booth.model was not found, using '.' instead.
WARNING: Texture '' requested by chunk model phone_booth.model was not found, using '.' instead.
TRACE: ChunkLoader: Loaded chunk 'spaces/urban/fffc0001o.chunk'
WARNING: Texture '' requested by chunk model r_corner.model was not found, using '.' instead.
WARNING: Texture '' requested by chunk model lamp_post.model was not found, using '.' instead.
WARNING: Texture '' requested by chunk model lamp_post.model was not found, using '.' instead.
WARNING: Texture '' requested by chunk model lamp_post.model was not found, using '.' instead.
WARNING: Texture '' requested by chunk model r_intersection.model was not found, using '.' instead.
WARNING: Texture '' requested by chunk model lamp_post.model was not found, using '.' instead.
WARNING: Texture '' requested by chunk model lamp_post.model was not found, using '.' instead.
WARNING: Texture '' requested by chunk model lamp_post.model was not found, using '.' instead.
WARNING: Texture '' requested by chunk model lamp_post.model was not found, using '.' instead.
WARNING: Texture '' requested by chunk model lamp_post.model was not found, using '.' instead.
WARNING: Texture '' requested by chunk model lamp_post.model was not found, using '.' instead.
WARNING: Texture '' requested by chunk model lamp_post.model was not found, using '.' instead.
WARNING: Texture '' requested by chunk model r_straight.model was not found, using '.' instead.
WARNING: Texture '' requested by chunk model r_intersection.model was not found, using '.' instead.
WARNING: Texture '' requested by chunk model r_straight.model was not found, using '.' instead.
WARNING: Texture '' requested by chunk model lamp_post.model was not found, using '.' instead.
WARNING: Texture '' requested by chunk model r_straight.model was not found, using '.' instead.
TRACE: ChunkLoader: Loaded chunk 'spaces/urban/fffe0003o.chunk'
WARNING: Texture '' requested by chunk model r_corner.model was not found, using '.' instead.
WARNING: Texture '' requested by chunk model r_straight.model was not found, using '.' instead.
WARNING: Texture '' requested by chunk model lamp_post.model was not found, using '.' instead.
WARNING: Texture '' requested by chunk model lamp_post.model was not found, using '.' instead.
WARNING: Texture '' requested by chunk model lamp_post.model was not found, using '.' instead.
WARNING: Texture '' requested by chunk model lamp_post.model was not found, using '.' instead.
WARNING: Texture '' requested by chunk model lamp_post.model was not found, using '.' instead.
WARNING: Texture '' requested by chunk model lamp_post.model was not found, using '.' instead.
WARNING: Texture '' requested by chunk model lamp_post.model was not found, using '.' instead.
WARNING: Texture '' requested by chunk model lamp_post.model was not found, using '.' instead.
WARNING: Texture '' requested by chunk model lamp_post.model was not found, using '.' instead.
WARNING: Texture '' requested by chunk model lamp_post.model was not found, using '.' instead.
WARNING: Texture '' requested by chunk model lamp_post.model was not found, using '.' instead.
WARNING: Texture '' requested by chunk model lamp_post.model was not found, using '.' instead.
WARNING: Texture '' requested by chunk model lamp_post.model was not found, using '.' instead.
TRACE: ChunkLoader: Loaded chunk 'spaces/urban/fffd0004o.chunk'
INFO: WorldManager::backgroundUpdateLoop: Finding next static lighting chunk took to long, stopping search.
INFO: recalculating lighting for chunk 00000001o
INFO: finished calculating lighting for 00000001o
INFO: UAL Manager - Waiting for the Thumbnail Manager to stop ...
INFO: UAL Manager - ... Thumbnail Manager stopped
TRACE: BgTaskManager::stopAll: Waiting for threads: 1
TRACE: BgTaskManager::onThreadFinished: Thread finished. 0 remaining
DEBUG: Calling WorldEditor Destructor
DEBUG: ChunkSpace::clear: Clearing space 2
DEBUG: ChunkSpace::delMapping: Comdemned spaces/urban/ in space 2
DEBUG: DELETING LIGHT MAP 23ec7b90
TRACE: deleting tree type speedtree/Broadleaves/american_elm/bwAmericanElm_RT.spt
TRACE: deleting tree type speedtree/Broadleaves/commonolive/CommonOlive_RT.spt
TRACE: deleting tree type speedtree/Conifers/italian_cypress/ItalianCypress_RT.spt
TRACE: deleting tree type speedtree/shrubs_flowers/american_boxwood/AmericanBoxwood_RT.spt
TRACE: deleting tree type speedtree/shrubs_flowers/cinnamon_fern/CinnamonFern_RT.spt
TRACE: deleting tree type speedtree/shrubs_flowers/elephant_ear/ElephantEar_RT.spt
WARNING: SimpleGUIComponent: Destroying GUI component before construction or after destruction of SimpleGUI, possible python leak.
INFO: Destroying SimulationManager

/------------------------------------------------------------------------------------------\
BigWorld World Editor  (compiled at Oct  9 2010 at 05:55:08)starting on 11/05/20 22:29:49

INFO: Registering factory for binding
INFO: Registering factory for entity
INFO: Registering factory for flare
INFO: Registering factory for directionalLight
INFO: Registering factory for omniLight
INFO: Registering factory for spotLight
INFO: Registering factory for pulseLight
INFO: Registering factory for ambientLight
INFO: Registering factory for marker
INFO: Registering factory for marker_cluster
INFO: Registering factory for metaData
INFO: Registering factory for model
INFO: Registering factory for shell
INFO: Registering factory for particles
INFO: Registering factory for station
INFO: Registering factory for speedtree
INFO: Registering factory for UserDataObject
INFO: Registering factory for vlo
INFO: Registering factory for water
INFO: Registering factory for particles
INFO: AnimationChannel: registered type 5
INFO: AnimationChannel: registered type 0
INFO: AnimationChannel: registered type 1
INFO: AnimationChannel: registered type 3
INFO: AnimationChannel: registered type 4
INFO: AnimationChannel: registered type 7
INFO: AnimationChannel: registered type 2
INFO: AnimationChannel: registered type 6
INFO: Registering factory for terrain
INFO: Registering factory for vlo
INFO: Registering factory for flare
INFO: Registering factory for directionalLight
INFO: Registering factory for omniLight
INFO: Registering factory for spotLight
INFO: Registering factory for pulseLight
INFO: Registering factory for ambientLight
INFO: Registering factory for station
INFO: Registering factory for speedtree
INFO: Registering factory for model
INFO: Registering factory for shell
INFO: Registering factory for binding
INFO: Registering factory for marker
INFO: Registering factory for marker_cluster
INFO: Registering factory for overlapper
INFO: Registering factory for PyPhase
INFO: Registering factory for PyFilterQuad
INFO: Registering factory for PyCopyBackBuffer
INFO: Registering factory for PyVisualTransferMesh
INFO: Registering factory for PyPointSpriteTransferMesh
INFO: Registering factory for PyTransferQuad
INFO: Registering factory for flora
DEBUG: Loading.. C:/BigWorld_2.0.1/BigWorld/bigworld/tools/worldeditor/paths.xml
INFO: Added res path: "C:/BigWorld_2.0.1/BigWorld/fantasydemo/res" (from paths.xml).
INFO: Added res path: "C:/BigWorld_2.0.1/BigWorld/bigworld/res" (from paths.xml).
INFO: BWResource::initCommon: Version is 2.0.1
INFO: Options file is C:\BigWorld_2.0.1\BigWorld\bigworld\tools\worldeditor\options.xml
TRACE: DataResource::load: C:\BigWorld_2.0.1\BigWorld\bigworld\tools\worldeditor\options.xml
INFO: Added res path: "C:/BigWorld_2.0.1/BigWorld/bigworld/tools/worldeditor"
DEBUG: Joystick::init: Joystick not found
INFO: InputDevices::InputDevices: Joystick failed to initialise
NOTICE: ATI compatibility selected
INFO: GraphicsSetting::init - the graphics card/driver matches so we don't autodetect settings
INFO: This adapter supports A8R8G8B8 back buffers
INFO: RenderContext::createDevice - available texture memory after create: 1830813696
DEBUG: Moo: Changed mode: 1596 795
DEBUG: EffectManager::addIncludePaths - adding include path shaders/std_effects/
DEBUG: EffectManager::addIncludePaths - adding include path shaders/terrain/
INFO: Material Kinds loaded from system/data/material_kinds.xml
INFO: Created Font Texture Map system_tiny.font.dds [512 x 32]
INFO: Created Font Texture Map system_small.font.dds [512 x 32]
INFO: Created Font Texture Map system_medium.font.dds [512 x 32]
INFO: Created Font Texture Map system_large.font.dds [512 x 32]
INFO: Real path is C:/BigWorld_2.0.1/BigWorld/fantasydemo/res/audio\
INFO: SoundManager::initialise: Loaded sound project fd_sound
INFO: SoundManager::initialise: Starting preload of sound bank main
INFO: FixedDictDataType::setCustomClassFunctions: AuctionDataTypes.auctionDataInstance
INFO: FixedDictDataType::setCustomClassFunctions: AuctionDataTypes.auctionsDataInstance
INFO: EntityDescription::parseProperties: property Guard.health is being overridden.
INFO: EntityDescription::parseProperties: property Guard.maxHealth is being overridden.
INFO: Highest exposed counts:
INFO: 	Avatar: client top-level property count = 21. Efficient to 61 (limit is 256)
INFO: 	Avatar: client method count = 49. Efficient to 62 (limit is 15872)
INFO: 	Avatar: base method count = 20. Efficient to 62 (limit is 15872)
INFO: 	Avatar: cell method count = 36. Efficient to 62 (limit is 15872)
INFO: 
INFO: EditorEntityType constructor - Importing editor entity scripts
INFO: EditorEntityType - no editor script found for Account
INFO: EditorEntityType - no editor script found for AuctionHouse
INFO: EditorEntityType - no editor script found for Avatar
INFO: EditorEntityType - no editor script found for Button
INFO: EditorEntityType - no editor script found for Fog
INFO: EditorEntityType - no editor script found for IndoorMapInfo
INFO: EditorEntityType - no editor script found for LightGuard
INFO: EditorEntityType - no editor script found for RespawnManager
INFO: EditorEntityType - no editor script found for Reverb
INFO: EditorEntityType - no editor script found for SoundEmitter
INFO: EditorEntityType - no editor script found for TED
INFO: EditorEntityType - no editor script found for TradingSupervisor
INFO: EditorEntityType - no editor script found for VehicleExample
INFO: EditorEntityType - no editor script found for XMPPEventNotifier
INFO: UserDataObjectDescription::parseProperties: property testItem.testOverrideProperty is being overridden.
INFO: EditorUserDataObjectType constructor - Importing editor UserDataObject scripts
INFO: FloraTexture::init - texture(4096,128), blocks(16,1), blocksize(256,128)
DEBUG: ChunkSpace::addMapping: Adding spaces/urban at (0.000000,0.000000,0.000000) xaxis (1.000000,0.000000,0.000000) to space 1
TRACE: ChunkManager::autoBootstrapSeedChunk: seed chunk NULL so starting search
INFO: Initialising SimulationManager
DEBUG: cloud map darkness 0.65
INFO: Created Font Texture Map default_medium.font.dds [512 x 32]
SCRIPT: PostProcessing.init()
TRACE: DataResource::load: resources/data/terrain_paint_strengths.xml
INFO: Created Font Texture Map default_small.font.dds [512 x 32]
ACTION: 03ECAD10
ACTION: 03F19000
DEBUG: PythonAdapter was loaded correctly
INFO: EntityDescription::parseProperties: property Guard.health is being overridden.
INFO: EntityDescription::parseProperties: property Guard.maxHealth is being overridden.
INFO: Highest exposed counts:
INFO: 	Avatar: client top-level property count = 21. Efficient to 61 (limit is 256)
INFO: 	Avatar: client method count = 49. Efficient to 62 (limit is 15872)
INFO: 	Avatar: base method count = 20. Efficient to 62 (limit is 15872)
INFO: 	Avatar: cell method count = 36. Efficient to 62 (limit is 15872)
INFO: 
INFO: UserDataObjectDescription::parseProperties: property testItem.testOverrideProperty is being overridden.
INFO: This adapter supports A8R8G8B8 back buffers
INFO: RenderContext::changeMode - trying to reset 
INFO: RenderContext::changeMode - available texture memory after reset: 1836056576
DEBUG: Moo: Changed mode: 1291 731
INFO: SoundManager::registerSoundBank: Sound bank 'main' registered successfully
INFO: ZAttenuationOccluder - sharing PostProcessing render target
TRACE: ChunkManager::autoBootstrapSeedChunk: seed chunk determined: 00000000o
TRACE: ChunkManager::autoBootstrapSeedChunk: seed chunk submitted for loading
INFO: No node selected
TRACE: ChunkManager::autoBootstrapSeedChunk: seed chunk NULL so starting search
SCRIPT: PostProcessing: computeBuffer1 (161 x 91)
SCRIPT: PostProcessing: computeBuffer2 (161 x 91)
SCRIPT: PostProcessing: backBufferCopy (1291 x 731)
SCRIPT: PostProcessing: downSample1 (645 x 365)
SCRIPT: PostProcessing: downSample3 (161 x 91)
SCRIPT: PostProcessing: downSample2 (322 x 182)
SCRIPT: PostProcessing: total memory used by default RenderTargets : 9.78 MB
WARNING: Moo::ManagedTexture::load: Can't read texture file '.' requested by chunk model r_intersection.model.
WARNING: Texture '' requested by chunk model r_intersection.model was not found, using '.' instead.
WARNING: Texture '' requested by chunk model lamp_post.model was not found, using '.' instead.
WARNING: Texture '' requested by chunk model lamp_post.model was not found, using '.' instead.
WARNING: Texture '' requested by chunk model r_straight.model was not found, using '.' instead.
WARNING: Texture '' requested by chunk model lamp_post.model was not found, using '.' instead.
WARNING: Texture '' requested by chunk model lamp_post.model was not found, using '.' instead.
WARNING: Texture '' requested by chunk model lamp_post.model was not found, using '.' instead.
WARNING: Texture '' requested by chunk model billboard_vert.model was not found, using '.' instead.
WARNING: Texture '' requested by chunk model billboard_vert.model was not found, using '.' instead.
WARNING: Texture '' requested by chunk model lamp_post.model was not found, using '.' instead.
WARNING: Texture '' requested by chunk model lamp_post.model was not found, using '.' instead.
WARNING: Texture '' requested by chunk model lamp_post.model was not found, using '.' instead.
WARNING: Texture '' requested by chunk model r_straight.model was not found, using '.' instead.
WARNING: Texture '' requested by chunk model r_straight.model was not found, using '.' instead.
WARNING: Texture '' requested by chunk model lamp_post.model was not found, using '.' instead.
WARNING: Texture '' requested by chunk model r_intersection.model was not found, using '.' instead.
WARNING: Texture '' requested by chunk model r_straight.model was not found, using '.' instead.
WARNING: Texture '' requested by chunk model r_intersection.model was not found, using '.' instead.
WARNING: WinFileSystem: Case mismatch opening C:/BigWorld_2.0.1/BigWorld/fantasydemo/res/speedtree/shrubs_flowers/elephant_ear/compositemap_Diffuse.dds (CompositeMap_Diffuse.dds)
WARNING: WinFileSystem: Case mismatch opening C:/BigWorld_2.0.1/BigWorld/fantasydemo/res/speedtree/shrubs_flowers/elephant_ear/compositemap_Normal.dds (CompositeMap_Normal.dds)
TRACE: ChunkLoader: Loaded chunk 'spaces/urban/00000000o.chunk'
TRACE: ChunkManager::autoBootstrapSeedChunk: seed chunk determined: 0000ffffo
TRACE: ChunkManager::autoBootstrapSeedChunk: seed chunk submitted for loading
TRACE: ChunkManager::autoBootstrapSeedChunk: seed chunk NULL so starting search
WARNING: Texture '' requested by chunk model r_straight.model was not found, using '.' instead.
WARNING: Texture '' requested by chunk model lamp_post.model was not found, using '.' instead.
WARNING: Texture '' requested by chunk model lamp_post.model was not found, using '.' instead.
WARNING: Texture '' requested by chunk model lamp_post.model was not found, using '.' instead.
WARNING: Texture '' requested by chunk model lamp_post.model was not found, using '.' instead.
WARNING: Texture '' requested by chunk model lamp_post.model was not found, using '.' instead.
WARNING: Texture '' requested by chunk model lamp_post.model was not found, using '.' instead.
WARNING: Texture '' requested by chunk model lamp_post.model was not found, using '.' instead.
WARNING: Texture '' requested by chunk model lamp_post.model was not found, using '.' instead.
WARNING: Texture '' requested by chunk model lamp_post.model was not found, using '.' instead.
WARNING: Texture '' requested by chunk model lamp_post.model was not found, using '.' instead.
WARNING: Texture '' requested by chunk model r_straight.model was not found, using '.' instead.
WARNING: Texture '' requested by chunk model lamp_post.model was not found, using '.' instead.
WARNING: Texture '' requested by chunk model lamp_post.model was not found, using '.' instead.
WARNING: Texture '' requested by chunk model lamp_post.model was not found, using '.' instead.
WARNING: Texture '' requested by chunk model lamp_post.model was not found, using '.' instead.
WARNING: Texture '' requested by chunk model lamp_post.model was not found, using '.' instead.
WARNING: Texture '' requested by chunk model lamp_post.model was not found, using '.' instead.
WARNING: Texture '' requested by chunk model lamp_post.model was not found, using '.' instead.
WARNING: Texture '' requested by chunk model lamp_post.model was not found, using '.' instead.
WARNING: Texture '' requested by chunk model billboard_vert.model was not found, using '.' instead.
WARNING: Texture '' requested by chunk model r_straight.model was not found, using '.' instead.
WARNING: Texture '' requested by chunk model lamp_post.model was not found, using '.' instead.
WARNING: Texture '' requested by chunk model r_corner.model was not found, using '.' instead.
WARNING: WinFileSystem: Case mismatch opening C:/BigWorld_2.0.1/BigWorld/fantasydemo/res/speedtree/shrubs_flowers/cinnamon_fern/compositemap_Diffuse.dds (CompositeMap_Diffuse.dds)
WARNING: WinFileSystem: Case mismatch opening C:/BigWorld_2.0.1/BigWorld/fantasydemo/res/speedtree/shrubs_flowers/cinnamon_fern/compositemap_Normal.dds (CompositeMap_Normal.dds)
WARNING: WinFileSystem: Case mismatch opening C:/BigWorld_2.0.1/BigWorld/fantasydemo/res/speedtree/Broadleaves/american_elm/compositemap_Diffuse.dds (CompositeMap_Diffuse.dds)
WARNING: WinFileSystem: Case mismatch opening C:/BigWorld_2.0.1/BigWorld/fantasydemo/res/speedtree/Broadleaves/american_elm/compositemap_Normal.dds (CompositeMap_Normal.dds)
WARNING: WinFileSystem: Case mismatch opening C:/BigWorld_2.0.1/BigWorld/fantasydemo/res/speedtree/shrubs_flowers/american_boxwood/compositemap_Diffuse.dds (CompositeMap_Diffuse.dds)
WARNING: WinFileSystem: Case mismatch opening C:/BigWorld_2.0.1/BigWorld/fantasydemo/res/speedtree/shrubs_flowers/american_boxwood/compositemap_Normal.dds (CompositeMap_Normal.dds)
TRACE: ChunkLoader: Loaded chunk 'spaces/urban/0000ffffo.chunk'
WARNING: Texture '' requested by chunk model facility_lobby.model was not found, using '.' instead.
TRACE: ChunkLoader: Loaded chunk 'spaces/urban/00am0002i.chunk'
TRACE: ChunkLoader: Loaded chunk 'spaces/urban/00ny0000i.chunk'
TRACE: ChunkLoader: Loaded chunk 'spaces/urban/00ny0004i.chunk'
WARNING: Texture '' requested by chunk model office_elevator_floor.model was not found, using '.' instead.
TRACE: ChunkLoader: Loaded chunk 'spaces/urban/00ny000ai.chunk'
TRACE: ChunkLoader: Loaded chunk 'spaces/urban/00ny0010i.chunk'
TRACE: ChunkLoader: Loaded chunk 'spaces/urban/00ny0031i.chunk'
TRACE: ChunkLoader: Loaded chunk 'spaces/urban/00ny0044i.chunk'
WARNING: Texture '' requested by chunk model office_elevator_floor.model was not found, using '.' instead.
TRACE: ChunkLoader: Loaded chunk 'spaces/urban/00ny0049i.chunk'
WARNING: Texture '' requested by chunk model office_elevator_floor.model was not found, using '.' instead.
TRACE: ChunkLoader: Loaded chunk 'spaces/urban/00ny004ai.chunk'
WARNING: Texture '' requested by chunk model office_elevator_floor.model was not found, using '.' instead.
TRACE: ChunkLoader: Loaded chunk 'spaces/urban/00ny004ei.chunk'
WARNING: Texture '' requested by chunk model office_elevator_floor.model was not found, using '.' instead.
TRACE: ChunkLoader: Loaded chunk 'spaces/urban/00ny004fi.chunk'
WARNING: Texture '' requested by chunk model office_elevator_floor.model was not found, using '.' instead.
TRACE: ChunkLoader: Loaded chunk 'spaces/urban/00ny0050i.chunk'
WARNING: Texture '' requested by chunk model office_elevator_floor.model was not found, using '.' instead.
TRACE: ChunkLoader: Loaded chunk 'spaces/urban/00ny0051i.chunk'
WARNING: Texture '' requested by chunk model office_elevator_floor.model was not found, using '.' instead.
TRACE: ChunkLoader: Loaded chunk 'spaces/urban/00ny0052i.chunk'
TRACE: ChunkLoader: Loaded chunk 'spaces/urban/00ny0053i.chunk'
TRACE: ChunkLoader: Loaded chunk 'spaces/urban/00ny0085i.chunk'
TRACE: ChunkLoader: Loaded chunk 'spaces/urban/00ny0086i.chunk'
TRACE: ChunkLoader: Loaded chunk 'spaces/urban/00ny0087i.chunk'
TRACE: ChunkLoader: Loaded chunk 'spaces/urban/00ny0088i.chunk'
TRACE: ChunkLoader: Loaded chunk 'spaces/urban/00ny0089i.chunk'
TRACE: ChunkLoader: Loaded chunk 'spaces/urban/00ny008ai.chunk'
TRACE: ChunkLoader: Loaded chunk 'spaces/urban/00ny008bi.chunk'
TRACE: ChunkLoader: Loaded chunk 'spaces/urban/00ny0093i.chunk'
TRACE: ChunkLoader: Loaded chunk 'spaces/urban/00ny0094i.chunk'
TRACE: ChunkLoader: Loaded chunk 'spaces/urban/00ny0098i.chunk'
TRACE: ChunkLoader: Loaded chunk 'spaces/urban/00ny0099i.chunk'
TRACE: ChunkLoader: Loaded chunk 'spaces/urban/00ny009ai.chunk'
DEBUG: ChunkSpace::clear: Clearing space 1
DEBUG: ChunkSpace::delMapping: Comdemned spaces/urban/ in space 1
DEBUG: DELETING LIGHT MAP ad64b08
DEBUG: DELETING LIGHT MAP 3fa62a0
INFO: Flora::vbSize - reduced memory usage to 4987500, due to alignment requirements
INFO: Flora::vbSize - 133 triangles per flora block
INFO: Flora::vbSize - 4870 KB used for vertex buffer
INFO: FloraTexture::init - texture(8192,256), blocks(16,1), blocksize(512,256)
DEBUG: ChunkSpace::addMapping: Adding spaces/minspec at (0.000000,0.000000,0.000000) xaxis (1.000000,0.000000,0.000000) to space 2
TRACE: ChunkManager::autoBootstrapSeedChunk: seed chunk NULL so starting search
DEBUG: cloud map darkness 0.65
TRACE: ChunkManager::autoBootstrapSeedChunk: seed chunk determined: 00000000o
TRACE: ChunkManager::autoBootstrapSeedChunk: seed chunk submitted for loading
TRACE: deleting tree type speedtree/Broadleaves/american_elm/bwAmericanElm_RT.spt
TRACE: deleting tree type speedtree/Broadleaves/commonolive/CommonOlive_RT.spt
TRACE: deleting tree type speedtree/Conifers/italian_cypress/ItalianCypress_RT.spt
TRACE: deleting tree type speedtree/shrubs_flowers/american_boxwood/AmericanBoxwood_RT.spt
TRACE: deleting tree type speedtree/shrubs_flowers/cinnamon_fern/CinnamonFern_RT.spt
TRACE: deleting tree type speedtree/shrubs_flowers/elephant_ear/ElephantEar_RT.spt
INFO: No node selected
INFO: No node selected
TRACE: ChunkManager::autoBootstrapSeedChunk: seed chunk NULL so starting search
TRACE: ChunkLoader: Loaded chunk 'spaces/minspec/00000000o.chunk'
DEBUG: Water::Water: using 2157 vertices out of 25389
TRACE: TextureManager : write DDS sets/minspec/characters/npc/orcguard/maps/orcguard.dds
TRACE: ChunkLoader: Loaded chunk 'spaces/minspec/00000001o.chunk'
TRACE: ChunkLoader: Loaded chunk 'spaces/minspec/ffff0000o.chunk'
TRACE: ChunkLoader: Loaded chunk 'spaces/minspec/00010000o.chunk'
TRACE: ChunkLoader: Loaded chunk 'spaces/minspec/0000ffffo.chunk'
TRACE: ChunkLoader: Loaded chunk 'spaces/minspec/00010001o.chunk'
TRACE: ChunkLoader: Loaded chunk 'spaces/minspec/0001ffffo.chunk'
TRACE: ChunkLoader: Loaded chunk 'spaces/minspec/ffff0001o.chunk'
TRACE: ChunkLoader: Loaded chunk 'spaces/minspec/00000002o.chunk'
TRACE: ChunkLoader: Loaded chunk 'spaces/minspec/fffe0000o.chunk'
TRACE: ChunkLoader: Loaded chunk 'spaces/minspec/00020000o.chunk'
TRACE: ChunkLoader: Loaded chunk 'spaces/minspec/ffff0002o.chunk'
TRACE: ChunkLoader: Loaded chunk 'spaces/minspec/00010002o.chunk'
TRACE: ChunkLoader: Loaded chunk 'spaces/minspec/fffeffffo.chunk'
TRACE: ChunkLoader: Loaded chunk 'spaces/minspec/fffffffeo.chunk'
TRACE: ChunkLoader: Loaded chunk 'spaces/minspec/fffe0001o.chunk'
TRACE: ChunkLoader: Loaded chunk 'spaces/minspec/0001fffeo.chunk'
TRACE: ChunkLoader: Loaded chunk 'spaces/minspec/0002ffffo.chunk'
TRACE: ChunkLoader: Loaded chunk 'spaces/minspec/00020001o.chunk'
TRACE: ChunkLoader: Loaded chunk 'spaces/minspec/fffefffeo.chunk'
TRACE: ChunkLoader: Loaded chunk 'spaces/minspec/fffe0002o.chunk'
TRACE: ChunkLoader: Loaded chunk 'spaces/minspec/0002fffeo.chunk'
TRACE: ChunkLoader: Loaded chunk 'spaces/minspec/ffffffffo.chunk'
TRACE: ChunkLoader: Loaded chunk 'spaces/minspec/0000fffeo.chunk'
TRACE: ChunkLoader: Loaded chunk 'spaces/minspec/00020002o.chunk'
TRACE: ChunkLoader: Loaded chunk 'spaces/minspec/00am000ai.chunk'
TRACE: ChunkLoader: Loaded chunk 'spaces/minspec/00am000di.chunk'
TRACE: ChunkLoader: Loaded chunk 'spaces/minspec/00am000ei.chunk'
TRACE: ChunkLoader: Loaded chunk 'spaces/minspec/00am001di.chunk'
TRACE: ChunkLoader: Loaded chunk 'spaces/minspec/00am001ei.chunk'
TRACE: ChunkLoader: Loaded chunk 'spaces/minspec/00am001fi.chunk'
TRACE: ChunkLoader: Loaded chunk 'spaces/minspec/00am0020i.chunk'
TRACE: ChunkLoader: Loaded chunk 'spaces/minspec/00am0021i.chunk'
TRACE: ChunkLoader: Loaded chunk 'spaces/minspec/00am0022i.chunk'
TRACE: ChunkLoader: Loaded chunk 'spaces/minspec/00am0023i.chunk'
TRACE: ChunkLoader: Loaded chunk 'spaces/minspec/00am0024i.chunk'
TRACE: ChunkLoader: Loaded chunk 'spaces/minspec/00am0025i.chunk'
TRACE: ChunkLoader: Loaded chunk 'spaces/minspec/00am0026i.chunk'
TRACE: ChunkLoader: Loaded chunk 'spaces/minspec/00am0027i.chunk'
TRACE: ChunkLoader: Loaded chunk 'spaces/minspec/00am0028i.chunk'
TRACE: ChunkLoader: Loaded chunk 'spaces/minspec/00am0029i.chunk'
TRACE: ChunkLoader: Loaded chunk 'spaces/minspec/00am002ai.chunk'
INFO: No node selected
INFO: No node selected
TRACE: ChunkLoader: Loaded chunk 'spaces/minspec/00am002bi.chunk'
TRACE: ChunkLoader: Loaded chunk 'spaces/minspec/00am002ci.chunk'
TRACE: ChunkLoader: Loaded chunk 'spaces/minspec/00am002di.chunk'
TRACE: ChunkLoader: Loaded chunk 'spaces/minspec/00am002ei.chunk'
TRACE: ChunkLoader: Loaded chunk 'spaces/minspec/00am0000i.chunk'
TRACE: ChunkLoader: Loaded chunk 'spaces/minspec/00am0001i.chunk'
TRACE: ChunkLoader: Loaded chunk 'spaces/minspec/00am0003i.chunk'
TRACE: ChunkLoader: Loaded chunk 'spaces/minspec/00am0005i.chunk'
TRACE: ChunkLoader: Loaded chunk 'spaces/minspec/00am0008i.chunk'
TRACE: ChunkLoader: Loaded chunk 'spaces/minspec/00am0009i.chunk'
TRACE: ChunkLoader: Loaded chunk 'spaces/minspec/00am000bi.chunk'
TRACE: ChunkLoader: Loaded chunk 'spaces/minspec/00ms000di.chunk'
TRACE: ChunkLoader: Loaded chunk 'spaces/minspec/fffd0000o.chunk'
TRACE: ChunkLoader: Loaded chunk 'spaces/minspec/fffdffffo.chunk'
TRACE: ChunkLoader: Loaded chunk 'spaces/minspec/00ms000fi.chunk'
TRACE: ChunkLoader: Loaded chunk 'spaces/minspec/00ms0010i.chunk'
TRACE: ChunkLoader: Loaded chunk 'spaces/minspec/00ms0011i.chunk'
TRACE: ChunkLoader: Loaded chunk 'spaces/minspec/fffffffdo.chunk'
TRACE: ChunkLoader: Loaded chunk 'spaces/minspec/00ms0014i.chunk'
TRACE: ChunkLoader: Loaded chunk 'spaces/minspec/00am0002i.chunk'
TRACE: ChunkLoader: Loaded chunk 'spaces/minspec/00am000fi.chunk'
TRACE: ChunkLoader: Loaded chunk 'spaces/minspec/fffc0000o.chunk'
TRACE: ChunkLoader: Loaded chunk 'spaces/minspec/ffff0003o.chunk'
TRACE: ChunkLoader: Loaded chunk 'spaces/minspec/00000003o.chunk'
TRACE: ChunkLoader: Loaded chunk 'spaces/minspec/fffc0001o.chunk'
TRACE: ChunkLoader: Loaded chunk 'spaces/minspec/fffcffffo.chunk'
TRACE: ChunkLoader: Loaded chunk 'spaces/minspec/00am0010i.chunk'
TRACE: ChunkLoader: Loaded chunk 'spaces/minspec/0000fffdo.chunk'
TRACE: ChunkLoader: Loaded chunk 'spaces/minspec/fffdfffdo.chunk'
TRACE: ChunkLoader: Loaded chunk 'spaces/minspec/fffcfffeo.chunk'
TRACE: ChunkLoader: Loaded chunk 'spaces/minspec/00am0011i.chunk'
TRACE: ChunkLoader: Loaded chunk 'spaces/minspec/00am0013i.chunk'
TRACE: ChunkLoader: Loaded chunk 'spaces/minspec/00am0014i.chunk'
TRACE: ChunkLoader: Loaded chunk 'spaces/minspec/fffd0003o.chunk'
TRACE: ChunkLoader: Loaded chunk 'spaces/minspec/00010003o.chunk'
TRACE: ChunkLoader: Loaded chunk 'spaces/minspec/fffc0002o.chunk'
TRACE: ChunkLoader: Loaded chunk 'spaces/minspec/00030000o.chunk'
TRACE: ChunkLoader: Loaded chunk 'spaces/minspec/fffb0000o.chunk'
TRACE: ChunkLoader: Loaded chunk 'spaces/minspec/fffffffco.chunk'
TRACE: ChunkLoader: Loaded chunk 'spaces/minspec/ffff0004o.chunk'
TRACE: ChunkLoader: Loaded chunk 'spaces/minspec/fffe0004o.chunk'
TRACE: ChunkLoader: Loaded chunk 'spaces/minspec/00000004o.chunk'
TRACE: ChunkLoader: Loaded chunk 'spaces/minspec/fffefffco.chunk'
TRACE: ChunkLoader: Loaded chunk 'spaces/minspec/00030001o.chunk'
TRACE: ChunkLoader: Loaded chunk 'spaces/minspec/00am0015i.chunk'
TRACE: ChunkLoader: Loaded chunk 'spaces/minspec/fffbffffo.chunk'
TRACE: ChunkLoader: Loaded chunk 'spaces/minspec/fffb0001o.chunk'
TRACE: ChunkLoader: Loaded chunk 'spaces/minspec/00020003o.chunk'
TRACE: ChunkLoader: Loaded chunk 'spaces/minspec/fffc0003o.chunk'
TRACE: ChunkLoader: Loaded chunk 'spaces/minspec/0001fffco.chunk'
TRACE: ChunkLoader: Loaded chunk 'spaces/minspec/00am0016i.chunk'
TRACE: ChunkLoader: Loaded chunk 'spaces/minspec/00030002o.chunk'
TRACE: ChunkLoader: Loaded chunk 'spaces/minspec/00am0017i.chunk'
TRACE: ChunkLoader: Loaded chunk 'spaces/minspec/fffb0002o.chunk'
TRACE: ChunkLoader: Loaded chunk 'spaces/minspec/00am0018i.chunk'
TRACE: ChunkLoader: Loaded chunk 'spaces/minspec/00am0019i.chunk'
TRACE: ChunkLoader: Loaded chunk 'spaces/minspec/fffd0004o.chunk'
TRACE: ChunkLoader: Loaded chunk 'spaces/minspec/fffa0000o.chunk'
TRACE: ChunkLoader: Loaded chunk 'spaces/minspec/fffb0003o.chunk'
TRACE: ChunkLoader: Loaded chunk 'spaces/minspec/00am001ai.chunk'
TRACE: ChunkLoader: Loaded chunk 'spaces/minspec/0002fffco.chunk'
TRACE: ChunkLoader: Loaded chunk 'spaces/minspec/fffc0004o.chunk'
TRACE: ChunkLoader: Loaded chunk 'spaces/minspec/00030003o.chunk'
TRACE: ChunkLoader: Loaded chunk 'spaces/minspec/fffffffbo.chunk'
TRACE: ChunkLoader: Loaded chunk 'spaces/minspec/ffff0005o.chunk'
TRACE: ChunkLoader: Loaded chunk 'spaces/minspec/00am001bi.chunk'
TRACE: ChunkLoader: Loaded chunk 'spaces/minspec/fffbfffdo.chunk'
TRACE: ChunkLoader: Loaded chunk 'spaces/minspec/00020004o.chunk'
TRACE: ChunkLoader: Loaded chunk 'spaces/minspec/0003fffdo.chunk'
TRACE: ChunkLoader: Loaded chunk 'spaces/minspec/fffcfffco.chunk'
TRACE: ChunkLoader: Loaded chunk 'spaces/minspec/00000005o.chunk'
TRACE: ChunkLoader: Loaded chunk 'spaces/minspec/00am001ci.chunk'
TRACE: ChunkLoader: Loaded chunk 'spaces/minspec/fffaffffo.chunk'
TRACE: ChunkLoader: Loaded chunk 'spaces/minspec/fffefffbo.chunk'
TRACE: ChunkLoader: Loaded chunk 'spaces/minspec/fffe0005o.chunk'
TRACE: ChunkLoader: Loaded chunk 'spaces/minspec/0000fffbo.chunk'
TRACE: ChunkLoader: Loaded chunk 'spaces/minspec/fffd0001o.chunk'
TRACE: ChunkLoader: Loaded chunk 'spaces/minspec/00040001o.chunk'
TRACE: ChunkLoader: Loaded chunk 'spaces/minspec/0004ffffo.chunk'
TRACE: ChunkLoader: Loaded chunk 'spaces/minspec/fffa0001o.chunk'
TRACE: ChunkLoader: Loaded chunk 'spaces/minspec/00010005o.chunk'
TRACE: ChunkLoader: Loaded chunk 'spaces/minspec/00040002o.chunk'
TRACE: ChunkLoader: Loaded chunk 'spaces/minspec/fffdfffbo.chunk'
TRACE: ChunkLoader: Loaded chunk 'spaces/minspec/fffdfffeo.chunk'
TRACE: ChunkLoader: Loaded chunk 'spaces/minspec/fffd0002o.chunk'
TRACE: ChunkLoader: Loaded chunk 'spaces/minspec/fffe0003o.chunk'
TRACE: ChunkLoader: Loaded chunk 'spaces/minspec/fffafffeo.chunk'
TRACE: ChunkLoader: Loaded chunk 'spaces/minspec/0001fffbo.chunk'
TRACE: ChunkLoader: Loaded chunk 'spaces/minspec/fffa0002o.chunk'
TRACE: ChunkLoader: Loaded chunk 'spaces/minspec/fffefffdo.chunk'
TRACE: ChunkLoader: Loaded chunk 'spaces/minspec/0001fffdo.chunk'
TRACE: ChunkLoader: Loaded chunk 'spaces/minspec/0000fffco.chunk'
TRACE: ChunkLoader: Loaded chunk 'spaces/minspec/0003ffffo.chunk'
TRACE: ChunkLoader: Loaded chunk 'spaces/minspec/0002fffdo.chunk'
TRACE: ChunkLoader: Loaded chunk 'spaces/minspec/fffcfffdo.chunk'
TRACE: ChunkLoader: Loaded chunk 'spaces/minspec/0003fffeo.chunk'
TRACE: ChunkLoader: Loaded chunk 'spaces/minspec/0004fffeo.chunk'
TRACE: ChunkLoader: Loaded chunk 'spaces/minspec/fffd0005o.chunk'
TRACE: ChunkLoader: Loaded chunk 'spaces/minspec/00030004o.chunk'
TRACE: ChunkLoader: Loaded chunk 'spaces/minspec/fffb0004o.chunk'
TRACE: ChunkLoader: Loaded chunk 'spaces/minspec/fffbfffco.chunk'
TRACE: ChunkLoader: Loaded chunk 'spaces/minspec/0003fffco.chunk'
TRACE: ChunkLoader: Loaded chunk 'spaces/minspec/00040003o.chunk'
TRACE: ChunkLoader: Loaded chunk 'spaces/minspec/fffc0005o.chunk'
TRACE: ChunkLoader: Loaded chunk 'spaces/minspec/00020005o.chunk'
TRACE: ChunkLoader: Loaded chunk 'spaces/minspec/fffcfffbo.chunk'
TRACE: ChunkLoader: Loaded chunk 'spaces/minspec/00010004o.chunk'
TRACE: ChunkLoader: Loaded chunk 'spaces/minspec/fffbfffeo.chunk'
TRACE: ChunkLoader: Loaded chunk 'spaces/minspec/fffdfffco.chunk'
TRACE: ChunkLoader: Loaded chunk 'spaces/minspec/00040000o.chunk'
TRACE: ChunkLoader: Loaded chunk 'spaces/minspec/00am0004i.chunk'
TRACE: ChunkLoader: Loaded chunk 'spaces/minspec/0002fffbo.chunk'
TRACE: ChunkLoader: Loaded chunk 'spaces/minspec/fffafffdo.chunk'
TRACE: ChunkLoader: Loaded chunk 'spaces/minspec/fffa0003o.chunk'
TRACE: ChunkLoader: Loaded chunk 'spaces/minspec/0004fffdo.chunk'
TRACE: ChunkLoader: Loaded chunk 'spaces/minspec/00050000o.chunk'
TRACE: ChunkLoader: Loaded chunk 'spaces/minspec/fffffffao.chunk'
TRACE: ChunkLoader: Loaded chunk 'spaces/minspec/ffff0006o.chunk'
TRACE: ChunkLoader: Loaded chunk 'spaces/minspec/fff90001o.chunk'
TRACE: ChunkLoader: Loaded chunk 'spaces/minspec/fff9ffffo.chunk'
TRACE: ChunkLoader: Loaded chunk 'spaces/minspec/00050001o.chunk'
TRACE: ChunkLoader: Loaded chunk 'spaces/minspec/0005ffffo.chunk'
TRACE: ChunkLoader: Loaded chunk 'spaces/minspec/00050002o.chunk'
TRACE: ChunkLoader: Loaded chunk 'spaces/minspec/0005fffeo.chunk'
TRACE: ChunkLoader: Loaded chunk 'spaces/minspec/00040004o.chunk'
TRACE: ChunkLoader: Loaded chunk 'spaces/minspec/0004fffco.chunk'
TRACE: ChunkLoader: Loaded chunk 'spaces/minspec/00050003o.chunk'
TRACE: ChunkLoader: Loaded chunk 'spaces/minspec/00030005o.chunk'
TRACE: ChunkLoader: Loaded chunk 'spaces/minspec/0003fffbo.chunk'
TRACE: ChunkLoader: Loaded chunk 'spaces/minspec/0005fffdo.chunk'
TRACE: ChunkLoader: Loaded chunk 'spaces/minspec/00060000o.chunk'
TRACE: ChunkLoader: Loaded chunk 'spaces/minspec/0000fffao.chunk'
TRACE: ChunkLoader: Loaded chunk 'spaces/minspec/00000006o.chunk'
TRACE: ChunkLoader: Loaded chunk 'spaces/minspec/0006ffffo.chunk'
TRACE: ChunkLoader: Loaded chunk 'spaces/minspec/0001fffao.chunk'
TRACE: ChunkLoader: Loaded chunk 'spaces/minspec/00010006o.chunk'
TRACE: ChunkLoader: Loaded chunk 'spaces/minspec/00060001o.chunk'
TRACE: ChunkLoader: Loaded chunk 'spaces/minspec/00020006o.chunk'
TRACE: ChunkLoader: Loaded chunk 'spaces/minspec/fffefffao.chunk'
TRACE: ChunkLoader: Loaded chunk 'spaces/minspec/00060002o.chunk'
TRACE: ChunkLoader: Loaded chunk 'spaces/minspec/0002fffao.chunk'
TRACE: ChunkLoader: Loaded chunk 'spaces/minspec/fffe0006o.chunk'
TRACE: ChunkLoader: Loaded chunk 'spaces/minspec/0006fffeo.chunk'
TRACE: ChunkLoader: Loaded chunk 'spaces/minspec/0004fffbo.chunk'
TRACE: ChunkLoader: Loaded chunk 'spaces/minspec/00040005o.chunk'
TRACE: ChunkLoader: Loaded chunk 'spaces/minspec/00050004o.chunk'
TRACE: ChunkLoader: Loaded chunk 'spaces/minspec/0005fffco.chunk'
TRACE: ChunkLoader: Loaded chunk 'spaces/minspec/fffd0006o.chunk'
TRACE: ChunkLoader: Loaded chunk 'spaces/minspec/00060003o.chunk'
TRACE: ChunkLoader: Loaded chunk 'spaces/minspec/00030006o.chunk'
TRACE: ChunkLoader: Loaded chunk 'spaces/minspec/0003fffao.chunk'
TRACE: ChunkLoader: Loaded chunk 'spaces/minspec/0006fffdo.chunk'
TRACE: ChunkLoader: Loaded chunk 'spaces/minspec/00000007o.chunk'
TRACE: ChunkLoader: Loaded chunk 'spaces/minspec/0000fff9o.chunk'
TRACE: ChunkLoader: Loaded chunk 'spaces/minspec/00070000o.chunk'
TRACE: ChunkLoader: Loaded chunk 'spaces/minspec/fffffff9o.chunk'
TRACE: ChunkLoader: Loaded chunk 'spaces/minspec/ffff0007o.chunk'
TRACE: ChunkLoader: Loaded chunk 'spaces/minspec/00070001o.chunk'
TRACE: ChunkLoader: Loaded chunk 'spaces/minspec/00010007o.chunk'
TRACE: ChunkLoader: Loaded chunk 'spaces/minspec/fffbfffbo.chunk'
TRACE: ChunkLoader: Loaded chunk 'spaces/minspec/0007ffffo.chunk'
TRACE: ChunkLoader: Loaded chunk 'spaces/minspec/0005fffbo.chunk'
TRACE: ChunkLoader: Loaded chunk 'spaces/minspec/fffb0005o.chunk'
TRACE: ChunkLoader: Loaded chunk 'spaces/minspec/00050005o.chunk'
TRACE: ChunkLoader: Loaded chunk 'spaces/minspec/0001fff9o.chunk'
TRACE: ChunkLoader: Loaded chunk 'spaces/minspec/00060004o.chunk'
TRACE: ChunkLoader: Loaded chunk 'spaces/minspec/00040006o.chunk'
TRACE: ChunkLoader: Loaded chunk 'spaces/minspec/fffafffco.chunk'
TRACE: ChunkLoader: Loaded chunk 'spaces/minspec/0006fffco.chunk'
TRACE: ChunkLoader: Loaded chunk 'spaces/minspec/fffcfffao.chunk'
TRACE: ChunkLoader: Loaded chunk 'spaces/minspec/0004fffao.chunk'
TRACE: ChunkLoader: Loaded chunk 'spaces/minspec/fffc0006o.chunk'
TRACE: ChunkLoader: Loaded chunk 'spaces/minspec/fffa0004o.chunk'
TRACE: ChunkLoader: Loaded chunk 'spaces/minspec/0007fffeo.chunk'
TRACE: ChunkLoader: Loaded chunk 'spaces/minspec/00070002o.chunk'
TRACE: ChunkLoader: Loaded chunk 'spaces/minspec/fffe0007o.chunk'
TRACE: ChunkLoader: Loaded chunk 'spaces/minspec/0002fff9o.chunk'
TRACE: ChunkLoader: Loaded chunk 'spaces/minspec/fffefff9o.chunk'
TRACE: ChunkLoader: Loaded chunk 'spaces/minspec/fff9fffeo.chunk'
TRACE: ChunkLoader: Loaded chunk 'spaces/minspec/00020007o.chunk'
TRACE: ChunkLoader: Loaded chunk 'spaces/minspec/fff90002o.chunk'
TRACE: ChunkLoader: Loaded chunk 'spaces/minspec/0007fffdo.chunk'
TRACE: ChunkLoader: Loaded chunk 'spaces/minspec/00070003o.chunk'
TRACE: ChunkLoader: Loaded chunk 'spaces/minspec/fffdfff9o.chunk'
TRACE: ChunkLoader: Loaded chunk 'spaces/minspec/fff9fffdo.chunk'
TRACE: ChunkLoader: Loaded chunk 'spaces/minspec/0003fff9o.chunk'
TRACE: ChunkLoader: Loaded chunk 'spaces/minspec/fff90003o.chunk'
TRACE: ChunkLoader: Loaded chunk 'spaces/minspec/00030007o.chunk'
TRACE: ChunkLoader: Loaded chunk 'spaces/minspec/fffd0007o.chunk'
TRACE: ChunkLoader: Loaded chunk 'spaces/minspec/fffbfffao.chunk'
TRACE: ChunkLoader: Loaded chunk 'spaces/minspec/00060005o.chunk'
TRACE: ChunkLoader: Loaded chunk 'spaces/minspec/fffa0005o.chunk'
TRACE: ChunkLoader: Loaded chunk 'spaces/minspec/fffb0006o.chunk'
TRACE: ChunkLoader: Loaded chunk 'spaces/minspec/0005fffao.chunk'
TRACE: ChunkLoader: Loaded chunk 'spaces/minspec/00050006o.chunk'
TRACE: ChunkLoader: Loaded chunk 'spaces/minspec/fffafffbo.chunk'
TRACE: ChunkLoader: Loaded chunk 'spaces/minspec/0006fffbo.chunk'
TRACE: ChunkLoader: Loaded chunk 'spaces/minspec/0000fff8o.chunk'
TRACE: ChunkLoader: Loaded chunk 'spaces/minspec/00000008o.chunk'
TRACE: ChunkLoader: Loaded chunk 'spaces/minspec/fff80000o.chunk'
TRACE: ChunkLoader: Loaded chunk 'spaces/minspec/00080000o.chunk'
TRACE: ChunkLoader: Loaded chunk 'spaces/minspec/00010008o.chunk'
TRACE: ChunkLoader: Loaded chunk 'spaces/minspec/0007fffco.chunk'
TRACE: ChunkLoader: Loaded chunk 'spaces/minspec/ffff0008o.chunk'
TRACE: ChunkLoader: Loaded chunk 'spaces/minspec/fffffff8o.chunk'
TRACE: ChunkLoader: Loaded chunk 'spaces/minspec/fff90004o.chunk'
TRACE: ChunkLoader: Loaded chunk 'spaces/minspec/fffc0007o.chunk'
TRACE: ChunkLoader: Loaded chunk 'spaces/minspec/0001fff8o.chunk'
TRACE: ChunkLoader: Loaded chunk 'spaces/minspec/0004fff9o.chunk'
TRACE: ChunkLoader: Loaded chunk 'spaces/minspec/fffcfff9o.chunk'
TRACE: ChunkLoader: Loaded chunk 'spaces/minspec/00040007o.chunk'
TRACE: ChunkLoader: Loaded chunk 'spaces/minspec/fff8ffffo.chunk'
TRACE: ChunkLoader: Loaded chunk 'spaces/minspec/fff9fffco.chunk'
TRACE: ChunkLoader: Loaded chunk 'spaces/minspec/fff80001o.chunk'
TRACE: ChunkLoader: Loaded chunk 'spaces/minspec/00070004o.chunk'
TRACE: ChunkLoader: Loaded chunk 'spaces/minspec/0008ffffo.chunk'
TRACE: ChunkLoader: Loaded chunk 'spaces/minspec/00080001o.chunk'
TRACE: ChunkLoader: Loaded chunk 'spaces/minspec/fff80002o.chunk'
TRACE: ChunkLoader: Loaded chunk 'spaces/minspec/0002fff8o.chunk'
TRACE: ChunkLoader: Loaded chunk 'spaces/minspec/fff8fffeo.chunk'
TRACE: ChunkLoader: Loaded chunk 'spaces/minspec/00020008o.chunk'
TRACE: ChunkLoader: Loaded chunk 'spaces/minspec/fffefff8o.chunk'
TRACE: ChunkLoader: Loaded chunk 'spaces/minspec/fffe0008o.chunk'
TRACE: ChunkLoader: Loaded chunk 'spaces/minspec/0008fffeo.chunk'
TRACE: ChunkLoader: Loaded chunk 'spaces/minspec/00080002o.chunk'
TRACE: ChunkLoader: Loaded chunk 'spaces/minspec/0006fffao.chunk'
TRACE: ChunkLoader: Loaded chunk 'spaces/minspec/00060006o.chunk'
TRACE: ChunkLoader: Loaded chunk 'spaces/minspec/fffa0006o.chunk'
TRACE: ChunkLoader: Loaded chunk 'spaces/minspec/fffafffao.chunk'
TRACE: ChunkLoader: Loaded chunk 'spaces/minspec/00030008o.chunk'
TRACE: ChunkLoader: Loaded chunk 'spaces/minspec/fff80003o.chunk'
TRACE: ChunkLoader: Loaded chunk 'spaces/minspec/fffdfff8o.chunk'
TRACE: ChunkLoader: Loaded chunk 'spaces/minspec/fffd0008o.chunk'
TRACE: ChunkLoader: Loaded chunk 'spaces/minspec/0003fff8o.chunk'
TRACE: ChunkLoader: Loaded chunk 'spaces/minspec/0008fffdo.chunk'
TRACE: ChunkLoader: Loaded chunk 'spaces/minspec/00080003o.chunk'
TRACE: ChunkLoader: Loaded chunk 'spaces/minspec/00070005o.chunk'
TRACE: ChunkLoader: Loaded chunk 'spaces/minspec/fff9fffbo.chunk'
TRACE: ChunkLoader: Loaded chunk 'spaces/minspec/fffbfff9o.chunk'
TRACE: ChunkLoader: Loaded chunk 'spaces/minspec/fffb0007o.chunk'
TRACE: ChunkLoader: Loaded chunk 'spaces/minspec/0005fff9o.chunk'
TRACE: ChunkLoader: Loaded chunk 'spaces/minspec/0007fffbo.chunk'
TRACE: ChunkLoader: Loaded chunk 'spaces/minspec/fff90005o.chunk'
TRACE: ChunkLoader: Loaded chunk 'spaces/minspec/00050007o.chunk'
TRACE: ChunkLoader: Loaded chunk 'spaces/minspec/0008fffco.chunk'
TRACE: ChunkLoader: Loaded chunk 'spaces/minspec/0004fff8o.chunk'
TRACE: ChunkLoader: Loaded chunk 'spaces/minspec/00040008o.chunk'
TRACE: ChunkLoader: Loaded chunk 'spaces/minspec/fff8fffco.chunk'
TRACE: ChunkLoader: Loaded chunk 'spaces/minspec/fff80004o.chunk'
TRACE: ChunkLoader: Loaded chunk 'spaces/minspec/fffcfff8o.chunk'
TRACE: ChunkLoader: Loaded chunk 'spaces/minspec/fffc0008o.chunk'
TRACE: ChunkLoader: Loaded chunk 'spaces/minspec/00080004o.chunk'
TRACE: ChunkLoader: Loaded chunk 'spaces/minspec/00090000o.chunk'
TRACE: ChunkLoader: Loaded chunk 'spaces/minspec/0000fff7o.chunk'
TRACE: ChunkLoader: Loaded chunk 'spaces/minspec/fff70000o.chunk'
TRACE: ChunkLoader: Loaded chunk 'spaces/minspec/00000009o.chunk'
TRACE: ChunkLoader: Loaded chunk 'spaces/minspec/ffff0009o.chunk'
TRACE: ChunkLoader: Loaded chunk 'spaces/minspec/fffffff7o.chunk'
TRACE: ChunkLoader: Loaded chunk 'spaces/minspec/0009ffffo.chunk'
TRACE: ChunkLoader: Loaded chunk 'spaces/minspec/0001fff7o.chunk'
TRACE: ChunkLoader: Loaded chunk 'spaces/minspec/00010009o.chunk'
TRACE: ChunkLoader: Loaded chunk 'spaces/minspec/00090001o.chunk'
TRACE: ChunkLoader: Loaded chunk 'spaces/minspec/fff7ffffo.chunk'
TRACE: ChunkLoader: Loaded chunk 'spaces/minspec/fff70001o.chunk'
TRACE: ChunkLoader: Loaded chunk 'spaces/minspec/00020009o.chunk'
TRACE: ChunkLoader: Loaded chunk 'spaces/minspec/fff70002o.chunk'
TRACE: ChunkLoader: Loaded chunk 'spaces/minspec/fffafff9o.chunk'
TRACE: ChunkLoader: Loaded chunk 'spaces/minspec/00070006o.chunk'
TRACE: ChunkLoader: Loaded chunk 'spaces/minspec/0009fffeo.chunk'
TRACE: ChunkLoader: Loaded chunk 'spaces/minspec/fffa0007o.chunk'
TRACE: ChunkLoader: Loaded chunk 'spaces/minspec/fff90006o.chunk'
TRACE: ChunkLoader: Loaded chunk 'spaces/minspec/fffefff7o.chunk'
TRACE: ChunkLoader: Loaded chunk 'spaces/minspec/0007fffao.chunk'
TRACE: ChunkLoader: Loaded chunk 'spaces/minspec/0002fff7o.chunk'
TRACE: ChunkLoader: Loaded chunk 'spaces/minspec/fffe0009o.chunk'
TRACE: ChunkLoader: Loaded chunk 'spaces/minspec/fff9fffao.chunk'
TRACE: ChunkLoader: Loaded chunk 'spaces/minspec/00060007o.chunk'
TRACE: ChunkLoader: Loaded chunk 'spaces/minspec/0006fff9o.chunk'
TRACE: ChunkLoader: Loaded chunk 'spaces/minspec/00090002o.chunk'
TRACE: ChunkLoader: Loaded chunk 'spaces/minspec/fff7fffeo.chunk'
TRACE: ChunkLoader: Loaded chunk 'spaces/minspec/fff8fffbo.chunk'
TRACE: ChunkLoader: Loaded chunk 'spaces/minspec/fff80005o.chunk'
TRACE: ChunkLoader: Loaded chunk 'spaces/minspec/0008fffbo.chunk'
TRACE: ChunkLoader: Loaded chunk 'spaces/minspec/0005fff8o.chunk'
TRACE: ChunkLoader: Loaded chunk 'spaces/minspec/fffbfff8o.chunk'
TRACE: ChunkLoader: Loaded chunk 'spaces/minspec/fffb0008o.chunk'
TRACE: ChunkLoader: Loaded chunk 'spaces/minspec/00050008o.chunk'
TRACE: ChunkLoader: Loaded chunk 'spaces/minspec/00080005o.chunk'
TRACE: ChunkLoader: Loaded chunk 'spaces/minspec/00090003o.chunk'
TRACE: ChunkLoader: Loaded chunk 'spaces/minspec/0003fff7o.chunk'
TRACE: ChunkLoader: Loaded chunk 'spaces/minspec/00030009o.chunk'
TRACE: ChunkLoader: Loaded chunk 'spaces/minspec/fffdfff7o.chunk'
TRACE: ChunkLoader: Loaded chunk 'spaces/minspec/fffd0009o.chunk'
TRACE: ChunkLoader: Loaded chunk 'spaces/minspec/fff7fffdo.chunk'
TRACE: ChunkLoader: Loaded chunk 'spaces/minspec/0009fffdo.chunk'
TRACE: ChunkLoader: Loaded chunk 'spaces/minspec/fff70003o.chunk'
TRACE: ChunkLoader: Loaded chunk 'spaces/minspec/0009fffco.chunk'
TRACE: ChunkLoader: Loaded chunk 'spaces/minspec/00040009o.chunk'
TRACE: ChunkLoader: Loaded chunk 'spaces/minspec/fff70004o.chunk'
TRACE: ChunkLoader: Loaded chunk 'spaces/minspec/0004fff7o.chunk'
TRACE: ChunkLoader: Loaded chunk 'spaces/minspec/fffc0009o.chunk'
TRACE: ChunkLoader: Loaded chunk 'spaces/minspec/fffcfff7o.chunk'
TRACE: ChunkLoader: Loaded chunk 'spaces/minspec/00090004o.chunk'
TRACE: ChunkLoader: Loaded chunk 'spaces/minspec/fff7fffco.chunk'
TRACE: ChunkLoader: Loaded chunk 'spaces/minspec/fff90007o.chunk'
TRACE: ChunkLoader: Loaded chunk 'spaces/minspec/fff9fff9o.chunk'
TRACE: ChunkLoader: Loaded chunk 'spaces/minspec/00070007o.chunk'
TRACE: ChunkLoader: Loaded chunk 'spaces/minspec/0007fff9o.chunk'
TRACE: ChunkLoader: Loaded chunk 'spaces/minspec/00060008o.chunk'
TRACE: ChunkLoader: Loaded chunk 'spaces/minspec/000a0000o.chunk'
TRACE: ChunkLoader: Loaded chunk 'spaces/minspec/0006fff8o.chunk'
TRACE: ChunkLoader: Loaded chunk 'spaces/minspec/fff60000o.chunk'
TRACE: ChunkLoader: Loaded chunk 'spaces/minspec/0000fff6o.chunk'
TRACE: ChunkLoader: Loaded chunk 'spaces/minspec/fff8fffao.chunk'
TRACE: ChunkLoader: Loaded chunk 'spaces/minspec/0000000ao.chunk'
TRACE: ChunkLoader: Loaded chunk 'spaces/minspec/fff80006o.chunk'
TRACE: ChunkLoader: Loaded chunk 'spaces/minspec/00080006o.chunk'
TRACE: ChunkLoader: Loaded chunk 'spaces/minspec/fffa0008o.chunk'
TRACE: ChunkLoader: Loaded chunk 'spaces/minspec/fffafff8o.chunk'
TRACE: ChunkLoader: Loaded chunk 'spaces/minspec/0008fffao.chunk'
TRACE: ChunkLoader: Loaded chunk 'spaces/minspec/fff60001o.chunk'
TRACE: ChunkLoader: Loaded chunk 'spaces/minspec/fff6ffffo.chunk'
TRACE: ChunkLoader: Loaded chunk 'spaces/minspec/0001000ao.chunk'
TRACE: ChunkLoader: Loaded chunk 'spaces/minspec/000affffo.chunk'
TRACE: ChunkLoader: Loaded chunk 'spaces/minspec/0001fff6o.chunk'
TRACE: ChunkLoader: Loaded chunk 'spaces/minspec/fffffff6o.chunk'
TRACE: ChunkLoader: Loaded chunk 'spaces/minspec/ffff000ao.chunk'
TRACE: ChunkLoader: Loaded chunk 'spaces/minspec/000a0001o.chunk'
TRACE: ChunkLoader: Loaded chunk 'spaces/minspec/0002000ao.chunk'
TRACE: ChunkLoader: Loaded chunk 'spaces/minspec/fff60002o.chunk'
TRACE: ChunkLoader: Loaded chunk 'spaces/minspec/fffefff6o.chunk'
TRACE: ChunkLoader: Loaded chunk 'spaces/minspec/fff6fffeo.chunk'
TRACE: ChunkLoader: Loaded chunk 'spaces/minspec/fffe000ao.chunk'
TRACE: ChunkLoader: Loaded chunk 'spaces/minspec/000afffeo.chunk'
TRACE: ChunkLoader: Loaded chunk 'spaces/minspec/0002fff6o.chunk'
TRACE: ChunkLoader: Loaded chunk 'spaces/minspec/000a0002o.chunk'
TRACE: ChunkLoader: Loaded chunk 'spaces/minspec/00050009o.chunk'
TRACE: ChunkLoader: Loaded chunk 'spaces/minspec/fff70005o.chunk'
TRACE: ChunkLoader: Loaded chunk 'spaces/minspec/fff7fffbo.chunk'
TRACE: ChunkLoader: Loaded chunk 'spaces/minspec/0005fff7o.chunk'
TRACE: ChunkLoader: Loaded chunk 'spaces/minspec/00090005o.chunk'
TRACE: ChunkLoader: Loaded chunk 'spaces/minspec/fffbfff7o.chunk'
TRACE: ChunkLoader: Loaded chunk 'spaces/minspec/0009fffbo.chunk'
TRACE: ChunkLoader: Loaded chunk 'spaces/minspec/fffb0009o.chunk'
TRACE: ChunkLoader: Loaded chunk 'spaces/minspec/0003000ao.chunk'
TRACE: ChunkLoader: Loaded chunk 'spaces/minspec/000a0003o.chunk'
TRACE: ChunkLoader: Loaded chunk 'spaces/minspec/fff60003o.chunk'
TRACE: ChunkLoader: Loaded chunk 'spaces/minspec/fff6fffdo.chunk'
TRACE: ChunkLoader: Loaded chunk 'spaces/minspec/000afffdo.chunk'
TRACE: ChunkLoader: Loaded chunk 'spaces/minspec/fffdfff6o.chunk'
TRACE: ChunkLoader: Loaded chunk 'spaces/minspec/0003fff6o.chunk'
TRACE: ChunkLoader: Loaded chunk 'spaces/minspec/fffd000ao.chunk'
TRACE: ChunkLoader: Loaded chunk 'spaces/minspec/fff8fff9o.chunk'
TRACE: ChunkLoader: Loaded chunk 'spaces/minspec/fff80007o.chunk'
TRACE: ChunkLoader: Loaded chunk 'spaces/minspec/fff9fff8o.chunk'
TRACE: ChunkLoader: Loaded chunk 'spaces/minspec/fff90008o.chunk'
TRACE: ChunkLoader: Loaded chunk 'spaces/minspec/0008fff9o.chunk'
TRACE: ChunkLoader: Loaded chunk 'spaces/minspec/00080007o.chunk'
TRACE: ChunkLoader: Loaded chunk 'spaces/minspec/fff6fffco.chunk'
TRACE: ChunkLoader: Loaded chunk 'spaces/minspec/0004000ao.chunk'
TRACE: ChunkLoader: Loaded chunk 'spaces/minspec/000afffco.chunk'
TRACE: ChunkLoader: Loaded chunk 'spaces/minspec/0004fff6o.chunk'
TRACE: ChunkLoader: Loaded chunk 'spaces/minspec/fff60004o.chunk'
TRACE: ChunkLoader: Loaded chunk 'spaces/minspec/fffc000ao.chunk'
TRACE: ChunkLoader: Loaded chunk 'spaces/minspec/fffcfff6o.chunk'
TRACE: ChunkLoader: Loaded chunk 'spaces/minspec/00am0006i.chunk'
TRACE: ChunkLoader: Loaded chunk 'spaces/minspec/000a0004o.chunk'
TRACE: ChunkLoader: Loaded chunk 'spaces/minspec/fff70006o.chunk'
TRACE: ChunkLoader: Loaded chunk 'spaces/minspec/00060009o.chunk'
TRACE: ChunkLoader: Loaded chunk 'spaces/minspec/fffafff7o.chunk'
TRACE: ChunkLoader: Loaded chunk 'spaces/minspec/fffa0009o.chunk'
TRACE: ChunkLoader: Loaded chunk 'spaces/minspec/fff7fffao.chunk'
TRACE: ChunkLoader: Loaded chunk 'spaces/minspec/0009fffao.chunk'
TRACE: ChunkLoader: Loaded chunk 'spaces/minspec/00090006o.chunk'
TRACE: ChunkLoader: Loaded chunk 'spaces/minspec/0006fff7o.chunk'
TRACE: ChunkLoader: Loaded chunk 'spaces/minspec/fff50000o.chunk'
TRACE: ChunkLoader: Loaded chunk 'spaces/minspec/0000000bo.chunk'
TRACE: ChunkLoader: Loaded chunk 'spaces/minspec/000b0000o.chunk'
TRACE: ChunkLoader: Loaded chunk 'spaces/minspec/fff5ffffo.chunk'
TRACE: ChunkLoader: Loaded chunk 'spaces/minspec/fffffff5o.chunk'
TRACE: ChunkLoader: Loaded chunk 'spaces/minspec/0001000bo.chunk'
TRACE: ChunkLoader: Loaded chunk 'spaces/minspec/fff50001o.chunk'
TRACE: ChunkLoader: Loaded chunk 'spaces/minspec/0001fff5o.chunk'
TRACE: ChunkLoader: Loaded chunk 'spaces/minspec/ffff000bo.chunk'
TRACE: ChunkLoader: Loaded chunk 'spaces/minspec/000bffffo.chunk'
TRACE: ChunkLoader: Loaded chunk 'spaces/minspec/000b0001o.chunk'
TRACE: ChunkLoader: Loaded chunk 'spaces/minspec/0002fff5o.chunk'
TRACE: ChunkLoader: Loaded chunk 'spaces/minspec/fffbfff6o.chunk'
TRACE: ChunkLoader: Loaded chunk 'spaces/minspec/0002000bo.chunk'
TRACE: ChunkLoader: Loaded chunk 'spaces/minspec/fffb000ao.chunk'
TRACE: ChunkLoader: Loaded chunk 'spaces/minspec/fffe000bo.chunk'
TRACE: ChunkLoader: Loaded chunk 'spaces/minspec/fff5fffeo.chunk'
TRACE: ChunkLoader: Loaded chunk 'spaces/minspec/fff60005o.chunk'
TRACE: ChunkLoader: Loaded chunk 'spaces/minspec/fffefff5o.chunk'
TRACE: ChunkLoader: Loaded chunk 'spaces/minspec/000afffbo.chunk'
TRACE: ChunkLoader: Loaded chunk 'spaces/minspec/fff50002o.chunk'
TRACE: ChunkLoader: Loaded chunk 'spaces/minspec/0005fff6o.chunk'
TRACE: ChunkLoader: Loaded chunk 'spaces/minspec/fff6fffbo.chunk'
TRACE: ChunkLoader: Loaded chunk 'spaces/minspec/0005000ao.chunk'
TRACE: ChunkLoader: Loaded chunk 'spaces/minspec/000a0005o.chunk'
TRACE: ChunkLoader: Loaded chunk 'spaces/minspec/000bfffeo.chunk'
TRACE: ChunkLoader: Loaded chunk 'spaces/minspec/000b0002o.chunk'
WARNING: Moo::ManagedTexture::load: Can't read texture file 'sets/town/props/grave_gargoyle/maps/grave_gargoyle_norms.dds' requested by gargoyle_pushed.visual.
TRACE: ChunkLoader: Loaded chunk 'spaces/minspec/00am0007i.chunk'
TRACE: ChunkLoader: Loaded chunk 'spaces/minspec/00am0012i.chunk'
TRACE: ChunkLoader: Loaded chunk 'spaces/minspec/fff90000o.chunk'
TRACE: ChunkLoader: Loaded chunk 'spaces/minspec/fffdfffao.chunk'
TRACE: ChunkLoader: Loaded chunk 'spaces/minspec/fff8fffdo.chunk'
TRACE: ChunkLoader: Loaded chunk 'spaces/minspec/0007fff8o.chunk'
TRACE: ChunkLoader: Loaded chunk 'spaces/minspec/00070008o.chunk'
TRACE: ChunkLoader: Loaded chunk 'spaces/minspec/0000fff5o.chunk'
TRACE: ChunkLoader: Loaded chunk 'spaces/minspec/fff50003o.chunk'
TRACE: ChunkLoader: Loaded chunk 'spaces/minspec/fff5fffdo.chunk'
TRACE: ChunkLoader: Loaded chunk 'spaces/minspec/fff7fff9o.chunk'
TRACE: ChunkLoader: Loaded chunk 'spaces/minspec/fff70007o.chunk'
TRACE: ChunkLoader: Loaded chunk 'spaces/minspec/fff8fff8o.chunk'
TRACE: ChunkLoader: Loaded chunk 'spaces/minspec/fff80008o.chunk'
TRACE: ChunkLoader: Loaded chunk 'spaces/minspec/fff5fffco.chunk'
TRACE: ChunkLoader: Loaded chunk 'spaces/minspec/fff50004o.chunk'
TRACE: ChunkLoader: Loaded chunk 'spaces/minspec/fff60006o.chunk'
TRACE: ChunkLoader: Loaded chunk 'spaces/minspec/fff9fff7o.chunk'
TRACE: ChunkLoader: Loaded chunk 'spaces/minspec/fff90009o.chunk'
TRACE: ChunkLoader: Loaded chunk 'spaces/minspec/fff6fffao.chunk'
TRACE: ChunkLoader: Loaded chunk 'spaces/minspec/fff40000o.chunk'
TRACE: ChunkLoader: Loaded chunk 'spaces/minspec/fff4ffffo.chunk'
TRACE: ChunkLoader: Loaded chunk 'spaces/minspec/fff40001o.chunk'
TRACE: ChunkLoader: Loaded chunk 'spaces/minspec/fffafff6o.chunk'
TRACE: ChunkLoader: Loaded chunk 'spaces/minspec/fffa000ao.chunk'
TRACE: ChunkLoader: Loaded chunk 'spaces/minspec/fffd000bo.chunk'
TRACE: ChunkLoader: Loaded chunk 'spaces/minspec/fff4fffeo.chunk'
TRACE: ChunkLoader: Loaded chunk 'spaces/minspec/fff50005o.chunk'
TRACE: ChunkLoader: Loaded chunk 'spaces/minspec/fffdfff5o.chunk'
TRACE: ChunkLoader: Loaded chunk 'spaces/minspec/fff40002o.chunk'
TRACE: ChunkLoader: Loaded chunk 'spaces/minspec/fff5fffbo.chunk'
TRACE: ChunkLoader: Loaded chunk 'spaces/minspec/0008fff8o.chunk'
TRACE: ChunkLoader: Loaded chunk 'spaces/minspec/0007fff7o.chunk'
TRACE: ChunkLoader: Loaded chunk 'spaces/minspec/0009fff9o.chunk'
TRACE: ChunkLoader: Loaded chunk 'spaces/minspec/000bfffdo.chunk'
TRACE: ChunkLoader: Loaded chunk 'spaces/minspec/0003fff5o.chunk'
TRACE: ChunkLoader: Loaded chunk 'spaces/minspec/0006fff6o.chunk'
TRACE: ChunkLoader: Loaded chunk 'spaces/minspec/000afffao.chunk'
TRACE: ChunkLoader: Loaded chunk 'spaces/minspec/000bfffco.chunk'
TRACE: ChunkLoader: Loaded chunk 'spaces/minspec/0004fff5o.chunk'
TRACE: ChunkLoader: Loaded chunk 'spaces/minspec/0008fff7o.chunk'
TRACE: ChunkLoader: Loaded chunk 'spaces/minspec/0009fff8o.chunk'
TRACE: ChunkLoader: Loaded chunk 'spaces/minspec/000bfffbo.chunk'
TRACE: ChunkLoader: Loaded chunk 'spaces/minspec/0005fff5o.chunk'
TRACE: ChunkLoader: Loaded chunk 'spaces/minspec/000b0003o.chunk'
TRACE: ChunkLoader: Loaded chunk 'spaces/minspec/000afff9o.chunk'
TRACE: ChunkLoader: Loaded chunk 'spaces/minspec/0007fff6o.chunk'
TRACE: ChunkLoader: Loaded chunk 'spaces/minspec/0001fff4o.chunk'
TRACE: ChunkLoader: Loaded chunk 'spaces/minspec/000cffffo.chunk'
TRACE: ChunkLoader: Loaded chunk 'spaces/minspec/0000fff4o.chunk'
TRACE: ChunkLoader: Loaded chunk 'spaces/minspec/0002fff4o.chunk'
TRACE: ChunkLoader: Loaded chunk 'spaces/minspec/000cfffeo.chunk'
TRACE: ChunkLoader: Loaded chunk 'spaces/minspec/000c0000o.chunk'
TRACE: ChunkLoader: Loaded chunk 'spaces/minspec/0003fff4o.chunk'
TRACE: ChunkLoader: Loaded chunk 'spaces/minspec/fffcfff5o.chunk'
TRACE: ChunkLoader: Loaded chunk 'spaces/minspec/fffffff4o.chunk'
TRACE: ChunkLoader: Loaded chunk 'spaces/minspec/000bfffao.chunk'
TRACE: ChunkLoader: Loaded chunk 'spaces/minspec/0006fff5o.chunk'
TRACE: ChunkLoader: Loaded chunk 'spaces/minspec/000b0004o.chunk'
TRACE: ChunkLoader: Loaded chunk 'spaces/minspec/000cfffdo.chunk'
TRACE: ChunkLoader: Loaded chunk 'spaces/minspec/000c0001o.chunk'
SCRIPT: setBrowsePath scripts/entity_defs/Ripper.def
ACTION: 03FEA320
SCRIPT: setBrowsePath scripts/entity_defs/Ripper.def
ACTION: 16F7CD98
ACTION: 14D5C920
TRACE: TextureManager : write DDS sets/vehicles/raz_body_darkwasp.dds
TRACE: TextureManager : write DDS sets/vehicles/raz_rear_darkwasp.dds
TRACE: TextureManager : write DDS sets/vehicles/raz_beak_darkwasp.dds
TRACE: TextureManager : write DDS sets/vehicles/raz_wings_darkwasp.dds
TRACE: TextureManager : write DDS sets/vehicles/raz_nose_darkwasp.dds
TRACE: TextureManager : write DDS sets/vehicles/raz_console_darkwasp.dds
DEBUG: ChunkSpace::clear: Clearing space 2
DEBUG: ChunkSpace::delMapping: Comdemned spaces/minspec/ in space 2
DEBUG: DELETING LIGHT MAP 7da9290
DEBUG: DELETING LIGHT MAP 40421e0
INFO: Flora::vbSize - reduced memory usage to 4987500, due to alignment requirements
INFO: Flora::vbSize - 133 triangles per flora block
INFO: Flora::vbSize - 4870 KB used for vertex buffer
INFO: FloraTexture::init - texture(8192,256), blocks(16,1), blocksize(512,256)
DEBUG: ChunkSpace::addMapping: Adding spaces/eval_empty at (0.000000,0.000000,0.000000) xaxis (1.000000,0.000000,0.000000) to space 3
TRACE: ChunkManager::autoBootstrapSeedChunk: seed chunk NULL so starting search
DEBUG: cloud map darkness 0.65
TRACE: ChunkManager::autoBootstrapSeedChunk: seed chunk determined: 00000000o
TRACE: ChunkManager::autoBootstrapSeedChunk: seed chunk submitted for loading
TRACE: ChunkLoader: Loaded chunk 'spaces/eval_empty/00000000o.chunk'
TRACE: ChunkManager::autoBootstrapSeedChunk: seed chunk NULL so starting search
TRACE: ChunkLoader: Loaded chunk 'spaces/eval_empty/00000001o.chunk'
TRACE: ChunkLoader: Loaded chunk 'spaces/eval_empty/ffff0000o.chunk'
TRACE: ChunkLoader: Loaded chunk 'spaces/eval_empty/00010000o.chunk'
TRACE: ChunkLoader: Loaded chunk 'spaces/eval_empty/0000ffffo.chunk'
TRACE: ChunkLoader: Loaded chunk 'spaces/eval_empty/ffffffffo.chunk'
TRACE: ChunkLoader: Loaded chunk 'spaces/eval_empty/00010001o.chunk'
TRACE: ChunkLoader: Loaded chunk 'spaces/eval_empty/0001ffffo.chunk'
TRACE: ChunkLoader: Loaded chunk 'spaces/eval_empty/ffff0001o.chunk'
TRACE: ChunkLoader: Loaded chunk 'spaces/eval_empty/00000002o.chunk'
TRACE: ChunkLoader: Loaded chunk 'spaces/eval_empty/fffe0000o.chunk'
TRACE: ChunkLoader: Loaded chunk 'spaces/eval_empty/0000fffeo.chunk'
TRACE: ChunkLoader: Loaded chunk 'spaces/eval_empty/00020000o.chunk'
TRACE: ChunkLoader: Loaded chunk 'spaces/eval_empty/ffff0002o.chunk'
TRACE: ChunkLoader: Loaded chunk 'spaces/eval_empty/00010002o.chunk'
TRACE: ChunkLoader: Loaded chunk 'spaces/eval_empty/fffeffffo.chunk'
TRACE: ChunkLoader: Loaded chunk 'spaces/eval_empty/fffffffeo.chunk'
TRACE: ChunkLoader: Loaded chunk 'spaces/eval_empty/fffe0001o.chunk'
TRACE: ChunkLoader: Loaded chunk 'spaces/eval_empty/0001fffeo.chunk'
TRACE: ChunkLoader: Loaded chunk 'spaces/eval_empty/0002ffffo.chunk'
TRACE: ChunkLoader: Loaded chunk 'spaces/eval_empty/00030001o.chunk'
TRACE: ChunkLoader: Loaded chunk 'spaces/eval_empty/00020001o.chunk'
TRACE: ChunkLoader: Loaded chunk 'spaces/eval_empty/fffefffeo.chunk'
TRACE: ChunkLoader: Loaded chunk 'spaces/eval_empty/00020002o.chunk'
TRACE: ChunkLoader: Loaded chunk 'spaces/eval_empty/fffe0002o.chunk'
TRACE: ChunkLoader: Loaded chunk 'spaces/eval_empty/00020003o.chunk'
TRACE: ChunkLoader: Loaded chunk 'spaces/eval_empty/0003fffeo.chunk'
TRACE: ChunkLoader: Loaded chunk 'spaces/eval_empty/0002fffeo.chunk'
TRACE: ChunkLoader: Loaded chunk 'spaces/eval_empty/0000fffdo.chunk'
TRACE: ChunkLoader: Loaded chunk 'spaces/eval_empty/00030000o.chunk'
TRACE: ChunkLoader: Loaded chunk 'spaces/eval_empty/fffd0002o.chunk'
TRACE: ChunkLoader: Loaded chunk 'spaces/eval_empty/00040000o.chunk'
TRACE: ChunkLoader: Loaded chunk 'spaces/eval_empty/0000fffco.chunk'
TRACE: ChunkLoader: Loaded chunk 'spaces/eval_empty/fffd0000o.chunk'
TRACE: ChunkLoader: Loaded chunk 'spaces/eval_empty/fffffffco.chunk'
TRACE: ChunkLoader: Loaded chunk 'spaces/eval_empty/00040001o.chunk'
TRACE: ChunkLoader: Loaded chunk 'spaces/eval_empty/00000003o.chunk'
TRACE: ChunkLoader: Loaded chunk 'spaces/eval_empty/ffff0003o.chunk'
TRACE: ChunkLoader: Loaded chunk 'spaces/eval_empty/0001fffco.chunk'
TRACE: ChunkLoader: Loaded chunk 'spaces/eval_empty/00010003o.chunk'
TRACE: ChunkLoader: Loaded chunk 'spaces/eval_empty/fffd0001o.chunk'
TRACE: ChunkLoader: Loaded chunk 'spaces/eval_empty/fffdffffo.chunk'
TRACE: ChunkLoader: Loaded chunk 'spaces/eval_empty/00030003o.chunk'
TRACE: ChunkLoader: Loaded chunk 'spaces/eval_empty/fffffffdo.chunk'
TRACE: ChunkLoader: Loaded chunk 'spaces/eval_empty/0001fffdo.chunk'
TRACE: ChunkLoader: Loaded chunk 'spaces/eval_empty/0003ffffo.chunk'
TRACE: ChunkLoader: Loaded chunk 'spaces/eval_empty/fffefffdo.chunk'
TRACE: ChunkLoader: Loaded chunk 'spaces/eval_empty/fffdfffeo.chunk'
TRACE: ChunkLoader: Loaded chunk 'spaces/eval_empty/00020004o.chunk'
TRACE: ChunkLoader: Loaded chunk 'spaces/eval_empty/fffe0003o.chunk'
TRACE: ChunkLoader: Loaded chunk 'spaces/eval_empty/00030002o.chunk'
TRACE: ChunkLoader: Loaded chunk 'spaces/eval_empty/0002fffdo.chunk'
TRACE: ChunkLoader: Loaded chunk 'spaces/eval_empty/fffc0002o.chunk'
TRACE: ChunkLoader: Loaded chunk 'spaces/eval_empty/fffc0000o.chunk'
TRACE: ChunkLoader: Loaded chunk 'spaces/eval_empty/00000004o.chunk'
TRACE: ChunkLoader: Loaded chunk 'spaces/eval_empty/ffff0004o.chunk'
TRACE: ChunkLoader: Loaded chunk 'spaces/eval_empty/00010004o.chunk'
TRACE: ChunkLoader: Loaded chunk 'spaces/eval_empty/0003fffco.chunk'
TRACE: ChunkLoader: Loaded chunk 'spaces/eval_empty/fffd0004o.chunk'
TRACE: ChunkLoader: Loaded chunk 'spaces/eval_empty/fffcfffdo.chunk'
TRACE: ChunkLoader: Loaded chunk 'spaces/eval_empty/0004ffffo.chunk'
TRACE: ChunkLoader: Loaded chunk 'spaces/eval_empty/fffcffffo.chunk'
TRACE: ChunkLoader: Loaded chunk 'spaces/eval_empty/fffc0001o.chunk'
TRACE: ChunkLoader: Loaded chunk 'spaces/eval_empty/0003fffdo.chunk'
TRACE: ChunkLoader: Loaded chunk 'spaces/eval_empty/fffd0003o.chunk'
TRACE: ChunkLoader: Loaded chunk 'spaces/eval_empty/fffdfffdo.chunk'
TRACE: ChunkLoader: Loaded chunk 'spaces/eval_empty/0002fffco.chunk'
TRACE: ChunkLoader: Loaded chunk 'spaces/eval_empty/0004fffeo.chunk'
TRACE: ChunkLoader: Loaded chunk 'spaces/eval_empty/00040002o.chunk'
TRACE: ChunkLoader: Loaded chunk 'spaces/eval_empty/fffcfffeo.chunk'
TRACE: ChunkLoader: Loaded chunk 'spaces/eval_empty/fffefffco.chunk'
TRACE: ChunkLoader: Loaded chunk 'spaces/eval_empty/fffe0004o.chunk'
TRACE: ChunkLoader: Loaded chunk 'spaces/eval_empty/fffb0000o.chunk'
TRACE: ChunkLoader: Loaded chunk 'spaces/eval_empty/fffc0003o.chunk'
TRACE: ChunkLoader: Loaded chunk 'spaces/eval_empty/fffdfffbo.chunk'
TRACE: ChunkLoader: Loaded chunk 'spaces/eval_empty/00040003o.chunk'
TRACE: ChunkLoader: Loaded chunk 'spaces/eval_empty/0000fffbo.chunk'
TRACE: ChunkLoader: Loaded chunk 'spaces/eval_empty/00030004o.chunk'
TRACE: ChunkLoader: Loaded chunk 'spaces/eval_empty/0004fffdo.chunk'
TRACE: ChunkLoader: Loaded chunk 'spaces/eval_empty/fffdfffco.chunk'
TRACE: ChunkLoader: Loaded chunk 'spaces/eval_empty/fffcfffbo.chunk'
TRACE: ChunkLoader: Loaded chunk 'spaces/eval_empty/fffbffffo.chunk'
TRACE: ChunkLoader: Loaded chunk 'spaces/eval_empty/fffffffbo.chunk'
TRACE: ChunkLoader: Loaded chunk 'spaces/eval_empty/0001fffbo.chunk'
TRACE: ChunkLoader: Loaded chunk 'spaces/eval_empty/fffb0001o.chunk'
TRACE: ChunkLoader: Loaded chunk 'spaces/eval_empty/fffefffbo.chunk'
TRACE: ChunkLoader: Loaded chunk 'spaces/eval_empty/fffbfffeo.chunk'
TRACE: ChunkLoader: Loaded chunk 'spaces/eval_empty/0002fffbo.chunk'
TRACE: ChunkLoader: Loaded chunk 'spaces/eval_empty/fffb0002o.chunk'
TRACE: ChunkLoader: Loaded chunk 'spaces/eval_empty/00040004o.chunk'
TRACE: ChunkLoader: Loaded chunk 'spaces/eval_empty/fffc0004o.chunk'
TRACE: ChunkLoader: Loaded chunk 'spaces/eval_empty/fffcfffco.chunk'
TRACE: ChunkLoader: Loaded chunk 'spaces/eval_empty/0004fffco.chunk'
TRACE: ChunkLoader: Loaded chunk 'spaces/eval_empty/0003fffbo.chunk'
TRACE: ChunkLoader: Loaded chunk 'spaces/eval_empty/fffbfffdo.chunk'
TRACE: ChunkLoader: Loaded chunk 'spaces/eval_empty/fffb0003o.chunk'
TRACE: ChunkLoader: Loaded chunk 'spaces/eval_empty/0004fffbo.chunk'
TRACE: ChunkLoader: Loaded chunk 'spaces/eval_empty/fffb0004o.chunk'
TRACE: ChunkLoader: Loaded chunk 'spaces/eval_empty/fffbfffco.chunk'
TRACE: ChunkLoader: Loaded chunk 'spaces/eval_empty/fffbfffbo.chunk'
SCRIPT: setBrowsePath scripts/entity_defs/Ripper.def
ACTION: 170A4FF0
ACTION: 14D9E280
CRITICAL: 14D95B30
ACTION: 14BE14A0
TRACE: StationGraph::saveAll
CRITICAL: 14BE1628
TRACE: deleting tree type speedtree/Broadleaves/american_elm/bwAmericanElm_RT.spt
WARNING: WinFileSystem: Case mismatch opening C:/BigWorld_2.0.1/BigWorld/fantasydemo/res/speedtree/Broadleaves/agarwoodcluster/compositemap_Diffuse.dds (CompositeMap_Diffuse.dds)
WARNING: WinFileSystem: Case mismatch opening C:/BigWorld_2.0.1/BigWorld/fantasydemo/res/speedtree/Broadleaves/agarwoodcluster/compositemap_Normal.dds (CompositeMap_Normal.dds)
TRACE: deleting tree type speedtree/Broadleaves/agarwoodcluster/bwAgarwoodCluster_RT.spt
WARNING: WinFileSystem: Case mismatch opening C:/BigWorld_2.0.1/BigWorld/fantasydemo/res/speedtree/shrubs_flowers/boston_fern/compositemap_Diffuse.dds (CompositeMap_Diffuse.dds)
WARNING: WinFileSystem: Case mismatch opening C:/BigWorld_2.0.1/BigWorld/fantasydemo/res/speedtree/shrubs_flowers/boston_fern/compositemap_Normal.dds (CompositeMap_Normal.dds)
TRACE: deleting tree type speedtree/shrubs_flowers/boston_fern/BostonFern_RT.spt
TRACE: deleting tree type speedtree/Conifers/bluespruce_noleaves/BlueSpruce_RT_Winter.spt
WARNING: WinFileSystem: Case mismatch opening C:/BigWorld_2.0.1/BigWorld/fantasydemo/res/speedtree/Broadleaves/american_elm_noleaves/compositemap_Diffuse.dds (CompositeMap_Diffuse.dds)
WARNING: WinFileSystem: Case mismatch opening C:/BigWorld_2.0.1/BigWorld/fantasydemo/res/speedtree/Broadleaves/american_elm_noleaves/compositemap_Normal.dds (CompositeMap_Normal.dds)
TRACE: deleting tree type speedtree/Broadleaves/american_elm_noleaves/AmericanElm_RT_noleaves.spt
TRACE: deleting tree type speedtree/shrubs_flowers/american_boxwood/AmericanBoxwood_RT.spt
SCRIPT: setBrowsePath speedtree/shrubs_flowers/american_boxwood/AmericanBoxwood_RT.spt
ACTION: 1709BC40
SCRIPT: setBrowsePath speedtree/shrubs_flowers/american_boxwood/AmericanBoxwood_RT.spt
ACTION: 1709BCD8
ACTION: 14D48228
CRITICAL: 14D95C48
ACTION: 1702BC00
ACTION: 1702BC00
ACTION: 14E462E0
ACTION: 14E462E0
ACTION: 14E462E0
ACTION: 14E462E0
ACTION: 14E462E0
ACTION: 14E462E0
ACTION: 14E462E0
ACTION: 14E462E0
ACTION: 14E462E0
ACTION: 17028DB0
ACTION: 17028DB0
ACTION: 17028DB0
ACTION: 17028DB0
ACTION: 17028DB0
ACTION: 17028DB0
ACTION: 17028DB0
ACTION: 17028DB0
ACTION: 17028DB0
ACTION: 14CAE518
ACTION: 14CAE518
ACTION: 14CAE518
ACTION: 14CAE518
ACTION: 14CAE518
ACTION: 14CAE518
ACTION: 14CAE518
ACTION: 14CAE518
ACTION: 14CAE518
ACTION: 14CAE518
ACTION: 14BE2700
ACTION: 14BE2700
ACTION: 14BE2700
ACTION: 14BE2700
ACTION: 14BE2700
ACTION: 14BE2700
ACTION: 14BE2700
ACTION: 14BE2700
ACTION: 14BE2700
ACTION: 14BE2700
ACTION: 14BE2700
ACTION: 14BE2700
ACTION: 14BE2700
ACTION: 14BE2700
ACTION: 14BE0C50
ACTION: 14BE0C50
ACTION: 14BE0C50
ACTION: 14BE0C50
ACTION: 14BE0C50
ACTION: 14BE0C50
ACTION: 14BE0C50
ACTION: 14BE0C50
ACTION: 14BE0C50
ACTION: 14BE0C50
ACTION: 14BE0C50
ACTION: 14BE0C50
ACTION: 14BE0C50
ACTION: 14BE0C50
ACTION: 14BE0C50
ACTION: 14BE3AB0
TRACE: StationGraph::saveAll
CRITICAL: 14BE2070
DEBUG: ChunkSpace::clear: Clearing space 3
DEBUG: ChunkSpace::delMapping: Comdemned spaces/eval_empty/ in space 3
DEBUG: DELETING LIGHT MAP 1e9d2468
DEBUG: DELETING LIGHT MAP 17003880
INFO: Flora::vbSize - reduced memory usage to 4987500, due to alignment requirements
INFO: Flora::vbSize - 133 triangles per flora block
INFO: Flora::vbSize - 4870 KB used for vertex buffer
INFO: FloraTexture::init - texture(8192,256), blocks(16,1), blocksize(512,256)
DEBUG: ChunkSpace::addMapping: Adding spaces/highlands at (0.000000,0.000000,0.000000) xaxis (1.000000,0.000000,0.000000) to space 4
TRACE: ChunkManager::autoBootstrapSeedChunk: seed chunk NULL so starting search
DEBUG: cloud map darkness 0.65
TRACE: ChunkManager::autoBootstrapSeedChunk: seed chunk determined: 00000000o
TRACE: ChunkManager::autoBootstrapSeedChunk: seed chunk submitted for loading
TRACE: ChunkManager::autoBootstrapSeedChunk: seed chunk NULL so starting search
TRACE: deleting tree type speedtree/shrubs_flowers/american_boxwood/AmericanBoxwood_RT.spt
TRACE: ChunkLoader: Loaded chunk 'spaces/highlands/00000000o.chunk'
TRACE: ChunkManager::autoBootstrapSeedChunk: seed chunk determined: 0006fffdo
TRACE: ChunkManager::autoBootstrapSeedChunk: seed chunk submitted for loading
TRACE: ChunkManager::autoBootstrapSeedChunk: seed chunk NULL so starting search
TRACE: ChunkLoader: Loaded chunk 'spaces/highlands/0006fffdo.chunk'
TRACE: ChunkLoader: Loaded chunk 'spaces/highlands/0005fffdo.chunk'
TRACE: ChunkLoader: Loaded chunk 'spaces/highlands/0006fffco.chunk'
TRACE: ChunkLoader: Loaded chunk 'spaces/highlands/0007fffco.chunk'
TRACE: ChunkLoader: Loaded chunk 'spaces/highlands/0005fffeo.chunk'
TRACE: ChunkLoader: Loaded chunk 'spaces/highlands/0008fffdo.chunk'
TRACE: ChunkLoader: Loaded chunk 'spaces/highlands/0007ffffo.chunk'
TRACE: ChunkLoader: Loaded chunk 'spaces/highlands/0004fffeo.chunk'
TRACE: ChunkLoader: Loaded chunk 'spaces/highlands/0008fffeo.chunk'
TRACE: ChunkLoader: Loaded chunk 'spaces/highlands/0006fffeo.chunk'
TRACE: ChunkLoader: Loaded chunk 'spaces/highlands/0007fffdo.chunk'
TRACE: ChunkLoader: Loaded chunk 'spaces/highlands/0005fffco.chunk'
TRACE: ChunkLoader: Loaded chunk 'spaces/highlands/0007fffeo.chunk'
TRACE: ChunkLoader: Loaded chunk 'spaces/highlands/0006ffffo.chunk'
TRACE: ChunkLoader: Loaded chunk 'spaces/highlands/0004fffdo.chunk'
TRACE: ChunkLoader: Loaded chunk 'spaces/highlands/0006fffbo.chunk'
TRACE: ChunkLoader: Loaded chunk 'spaces/highlands/0005ffffo.chunk'
TRACE: ChunkLoader: Loaded chunk 'spaces/highlands/0004fffco.chunk'
TRACE: ChunkLoader: Loaded chunk 'spaces/highlands/0005fffbo.chunk'
TRACE: ChunkLoader: Loaded chunk 'spaces/highlands/0007fffbo.chunk'
TRACE: ChunkLoader: Loaded chunk 'spaces/highlands/0008fffco.chunk'
TRACE: ChunkLoader: Loaded chunk 'spaces/highlands/0004fffbo.chunk'
TRACE: ChunkLoader: Loaded chunk 'spaces/highlands/00am001bi.chunk'
TRACE: ChunkLoader: Loaded chunk 'spaces/highlands/01eb05d6i.chunk'
TRACE: ChunkLoader: Loaded chunk 'spaces/highlands/29250b5ei.chunk'
TRACE: ChunkLoader: Loaded chunk 'spaces/highlands/365b0562i.chunk'
TRACE: ChunkLoader: Loaded chunk 'spaces/highlands/3a37b2e1i.chunk'
TRACE: ChunkLoader: Loaded chunk 'spaces/highlands/3e2df304i.chunk'
TRACE: ChunkLoader: Loaded chunk 'spaces/highlands/4fc12c09i.chunk'
TRACE: ChunkLoader: Loaded chunk 'spaces/highlands/a570081bi.chunk'
TRACE: ChunkLoader: Loaded chunk 'spaces/highlands/00am0014i.chunk'
TRACE: ChunkLoader: Loaded chunk 'spaces/highlands/00am002bi.chunk'
TRACE: ChunkLoader: Loaded chunk 'spaces/highlands/00am0031i.chunk'
TRACE: ChunkLoader: Loaded chunk 'spaces/highlands/00am0033i.chunk'
TRACE: ChunkLoader: Loaded chunk 'spaces/highlands/00am0035i.chunk'
TRACE: ChunkLoader: Loaded chunk 'spaces/highlands/00am0036i.chunk'
TRACE: ChunkLoader: Loaded chunk 'spaces/highlands/00am0038i.chunk'
TRACE: ChunkLoader: Loaded chunk 'spaces/highlands/0008fffbo.chunk'
TRACE: ChunkLoader: Loaded chunk 'spaces/highlands/00am003bi.chunk'
TRACE: ChunkLoader: Loaded chunk 'spaces/highlands/0009fffdo.chunk'
TRACE: ChunkLoader: Loaded chunk 'spaces/highlands/00am0004i.chunk'
TRACE: ChunkLoader: Loaded chunk 'spaces/highlands/00am0006i.chunk'
TRACE: ChunkLoader: Loaded chunk 'spaces/highlands/00am0009i.chunk'
TRACE: ChunkLoader: Loaded chunk 'spaces/highlands/00am000ci.chunk'
TRACE: ChunkLoader: Loaded chunk 'spaces/highlands/00070000o.chunk'
TRACE: ChunkLoader: Loaded chunk 'spaces/highlands/0009fffeo.chunk'
TRACE: ChunkLoader: Loaded chunk 'spaces/highlands/00am0010i.chunk'
TRACE: ChunkLoader: Loaded chunk 'spaces/highlands/0003fffco.chunk'
DEBUG: Water::Water: using 2783 vertices out of 4947
TRACE: ChunkLoader: Loaded chunk 'spaces/highlands/0005fffao.chunk'
TRACE: ChunkLoader: Loaded chunk 'spaces/highlands/0007fffao.chunk'
TRACE: ChunkLoader: Loaded chunk 'spaces/highlands/0009fffco.chunk'
TRACE: ChunkLoader: Loaded chunk 'spaces/highlands/0004fffao.chunk'
TRACE: ChunkLoader: Loaded chunk 'spaces/highlands/0003fffbo.chunk'
TRACE: ChunkLoader: Loaded chunk 'spaces/highlands/0009ffffo.chunk'
TRACE: ChunkLoader: Loaded chunk 'spaces/highlands/00am001ei.chunk'
TRACE: ChunkLoader: Loaded chunk 'spaces/highlands/00am001fi.chunk'
TRACE: ChunkLoader: Loaded chunk 'spaces/highlands/0008fffao.chunk'
TRACE: ChunkLoader: Loaded chunk 'spaces/highlands/0009fffbo.chunk'
TRACE: ChunkLoader: Loaded chunk 'spaces/highlands/0003ffffo.chunk'
TRACE: ChunkLoader: Loaded chunk 'spaces/highlands/000afffdo.chunk'
TRACE: ChunkLoader: Loaded chunk 'spaces/highlands/0002fffdo.chunk'
TRACE: ChunkLoader: Loaded chunk 'spaces/highlands/0006fff9o.chunk'
TRACE: ChunkLoader: Loaded chunk 'spaces/highlands/00060001o.chunk'
TRACE: ChunkLoader: Loaded chunk 'spaces/highlands/00050001o.chunk'
TRACE: ChunkLoader: Loaded chunk 'spaces/highlands/00070001o.chunk'
TRACE: ChunkLoader: Loaded chunk 'spaces/highlands/0005fff9o.chunk'
TRACE: ChunkLoader: Loaded chunk 'spaces/highlands/000afffeo.chunk'
TRACE: ChunkLoader: Loaded chunk 'spaces/highlands/0007fff9o.chunk'
TRACE: ChunkLoader: Loaded chunk 'spaces/highlands/00am0020i.chunk'
TRACE: ChunkLoader: Loaded chunk 'spaces/highlands/000afffco.chunk'
TRACE: ChunkLoader: Loaded chunk 'spaces/highlands/0002fffco.chunk'
WARNING: WinFileSystem: Case mismatch opening C:/BigWorld_2.0.1/BigWorld/fantasydemo/res/speedtree/Conifers/giant_redwood/compositemap_Diffuse.dds (CompositeMap_Diffuse.dds)
WARNING: WinFileSystem: Case mismatch opening C:/BigWorld_2.0.1/BigWorld/fantasydemo/res/speedtree/Conifers/giant_redwood/compositemap_Normal.dds (CompositeMap_Normal.dds)
TRACE: ChunkLoader: Loaded chunk 'spaces/highlands/0002fffeo.chunk'
TRACE: ChunkLoader: Loaded chunk 'spaces/highlands/00090000o.chunk'
TRACE: ChunkLoader: Loaded chunk 'spaces/highlands/0009fffao.chunk'
TRACE: ChunkLoader: Loaded chunk 'spaces/highlands/0003fffao.chunk'
TRACE: ChunkLoader: Loaded chunk 'spaces/highlands/0008fff9o.chunk'
TRACE: ChunkLoader: Loaded chunk 'spaces/highlands/000afffbo.chunk'
TRACE: ChunkLoader: Loaded chunk 'spaces/highlands/000affffo.chunk'
TRACE: ChunkLoader: Loaded chunk 'spaces/highlands/00am0021i.chunk'
TRACE: ChunkLoader: Loaded chunk 'spaces/highlands/0002fffbo.chunk'
TRACE: ChunkLoader: Loaded chunk 'spaces/highlands/0002ffffo.chunk'
TRACE: ChunkLoader: Loaded chunk 'spaces/highlands/0004fff9o.chunk'
TRACE: ChunkLoader: Loaded chunk 'spaces/highlands/00am0029i.chunk'
TRACE: ChunkLoader: Loaded chunk 'spaces/highlands/00020000o.chunk'
TRACE: ChunkLoader: Loaded chunk 'spaces/highlands/0009fff9o.chunk'
TRACE: ChunkLoader: Loaded chunk 'spaces/highlands/00030001o.chunk'
TRACE: ChunkLoader: Loaded chunk 'spaces/highlands/00am002di.chunk'
TRACE: ChunkLoader: Loaded chunk 'spaces/highlands/00am0001i.chunk'
TRACE: ChunkLoader: Loaded chunk 'spaces/highlands/00am000ei.chunk'
TRACE: ChunkLoader: Loaded chunk 'spaces/highlands/00am0015i.chunk'
TRACE: ChunkLoader: Loaded chunk 'spaces/highlands/00am0017i.chunk'
TRACE: ChunkLoader: Loaded chunk 'spaces/highlands/0008ffffo.chunk'
TRACE: ChunkLoader: Loaded chunk 'spaces/highlands/0004ffffo.chunk'
TRACE: ChunkLoader: Loaded chunk 'spaces/highlands/0006fffao.chunk'
TRACE: ChunkLoader: Loaded chunk 'spaces/highlands/0003fffdo.chunk'
TRACE: ChunkLoader: Loaded chunk 'spaces/highlands/00060000o.chunk'
TRACE: ChunkLoader: Loaded chunk 'spaces/highlands/00050000o.chunk'
TRACE: ChunkLoader: Loaded chunk 'spaces/highlands/000bfffdo.chunk'
TRACE: ChunkLoader: Loaded chunk 'spaces/highlands/0003fffeo.chunk'
TRACE: ChunkLoader: Loaded chunk 'spaces/highlands/00090001o.chunk'
TRACE: ChunkLoader: Loaded chunk 'spaces/highlands/00040000o.chunk'
TRACE: ChunkLoader: Loaded chunk 'spaces/highlands/0003fff9o.chunk'
TRACE: ChunkLoader: Loaded chunk 'spaces/highlands/00080000o.chunk'
TRACE: ChunkLoader: Loaded chunk 'spaces/highlands/00030000o.chunk'
TRACE: ChunkLoader: Loaded chunk 'spaces/highlands/00080001o.chunk'
TRACE: ChunkLoader: Loaded chunk 'spaces/highlands/00040001o.chunk'
TRACE: ChunkLoader: Loaded chunk 'spaces/highlands/0007fff8o.chunk'
TRACE: ChunkLoader: Loaded chunk 'spaces/highlands/0001fffdo.chunk'
TRACE: ChunkLoader: Loaded chunk 'spaces/highlands/00am0007i.chunk'
TRACE: ChunkLoader: Loaded chunk 'spaces/highlands/0001fffeo.chunk'
TRACE: ChunkLoader: Loaded chunk 'spaces/highlands/00080002o.chunk'
TRACE: ChunkLoader: Loaded chunk 'spaces/highlands/000bffffo.chunk'
TRACE: ChunkLoader: Loaded chunk 'spaces/highlands/0004fff8o.chunk'
TRACE: ChunkLoader: Loaded chunk 'spaces/highlands/0001fffbo.chunk'
TRACE: ChunkLoader: Loaded chunk 'spaces/highlands/00am000bi.chunk'
TRACE: ChunkLoader: Loaded chunk 'spaces/highlands/00am000di.chunk'
TRACE: ChunkLoader: Loaded chunk 'spaces/highlands/0008fff8o.chunk'
TRACE: ChunkLoader: Loaded chunk 'spaces/highlands/0001ffffo.chunk'
TRACE: ChunkLoader: Loaded chunk 'spaces/highlands/000bfffbo.chunk'
TRACE: ChunkLoader: Loaded chunk 'spaces/highlands/000a0001o.chunk'
TRACE: ChunkLoader: Loaded chunk 'spaces/highlands/00020001o.chunk'
TRACE: ChunkLoader: Loaded chunk 'spaces/highlands/0002fff9o.chunk'
TRACE: ChunkLoader: Loaded chunk 'spaces/highlands/000afff9o.chunk'
TRACE: ChunkLoader: Loaded chunk 'spaces/highlands/00030002o.chunk'
TRACE: ChunkLoader: Loaded chunk 'spaces/highlands/00090002o.chunk'
TRACE: ChunkLoader: Loaded chunk 'spaces/highlands/0003fff8o.chunk'
TRACE: ChunkLoader: Loaded chunk 'spaces/highlands/0009fff8o.chunk'
TRACE: ChunkLoader: Loaded chunk 'spaces/highlands/00am000fi.chunk'
TRACE: ChunkLoader: Loaded chunk 'spaces/highlands/00am0011i.chunk'
TRACE: ChunkLoader: Loaded chunk 'spaces/highlands/00am0013i.chunk'
TRACE: ChunkLoader: Loaded chunk 'spaces/highlands/00am0016i.chunk'
TRACE: ChunkLoader: Loaded chunk 'spaces/highlands/0000fffdo.chunk'
TRACE: ChunkLoader: Loaded chunk 'spaces/highlands/000cfffdo.chunk'
TRACE: ChunkLoader: Loaded chunk 'spaces/highlands/0006fff7o.chunk'
TRACE: ChunkLoader: Loaded chunk 'spaces/highlands/00060003o.chunk'
TRACE: ChunkLoader: Loaded chunk 'spaces/highlands/0000fffeo.chunk'
TRACE: ChunkLoader: Loaded chunk 'spaces/highlands/0000fffco.chunk'
TRACE: ChunkLoader: Loaded chunk 'spaces/highlands/000cfffco.chunk'
TRACE: ChunkLoader: Loaded chunk 'spaces/highlands/0007fff7o.chunk'
TRACE: ChunkLoader: Loaded chunk 'spaces/highlands/0005fff7o.chunk'
TRACE: ChunkLoader: Loaded chunk 'spaces/highlands/00050003o.chunk'
TRACE: ChunkLoader: Loaded chunk 'spaces/highlands/00070003o.chunk'
TRACE: ChunkLoader: Loaded chunk 'spaces/highlands/000cfffeo.chunk'
TRACE: ChunkLoader: Loaded chunk 'spaces/highlands/00080003o.chunk'
TRACE: ChunkLoader: Loaded chunk 'spaces/highlands/0004fff7o.chunk'
TRACE: ChunkLoader: Loaded chunk 'spaces/highlands/0000ffffo.chunk'
TRACE: ChunkLoader: Loaded chunk 'spaces/highlands/00040003o.chunk'
TRACE: ChunkLoader: Loaded chunk 'spaces/highlands/000a0000o.chunk'
TRACE: ChunkLoader: Loaded chunk 'spaces/highlands/0006fff8o.chunk'
TRACE: ChunkLoader: Loaded chunk 'spaces/highlands/00060002o.chunk'
TRACE: ChunkLoader: Loaded chunk 'spaces/highlands/000afff8o.chunk'
TRACE: ChunkLoader: Loaded chunk 'spaces/highlands/0002fff8o.chunk'
TRACE: ChunkLoader: Loaded chunk 'spaces/highlands/000a0002o.chunk'
TRACE: ChunkLoader: Loaded chunk 'spaces/highlands/000bfff9o.chunk'
TRACE: ChunkLoader: Loaded chunk 'spaces/highlands/0002fffao.chunk'
TRACE: ChunkLoader: Loaded chunk 'spaces/highlands/00020002o.chunk'
TRACE: ChunkLoader: Loaded chunk 'spaces/highlands/00010001o.chunk'
TRACE: ChunkLoader: Loaded chunk 'spaces/highlands/000afffao.chunk'
TRACE: ChunkLoader: Loaded chunk 'spaces/highlands/0001fff9o.chunk'
TRACE: ChunkLoader: Loaded chunk 'spaces/highlands/0000fffao.chunk'
TRACE: ChunkLoader: Loaded chunk 'spaces/highlands/0003fff7o.chunk'
TRACE: ChunkLoader: Loaded chunk 'spaces/highlands/00030003o.chunk'
TRACE: ChunkLoader: Loaded chunk 'spaces/highlands/000c0000o.chunk'
TRACE: ChunkLoader: Loaded chunk 'spaces/highlands/00090003o.chunk'
TRACE: ChunkLoader: Loaded chunk 'spaces/highlands/0009fff7o.chunk'
TRACE: ChunkLoader: Loaded chunk 'spaces/highlands/000cfffao.chunk'
TRACE: ChunkLoader: Loaded chunk 'spaces/highlands/fffffffdo.chunk'
TRACE: ChunkLoader: Loaded chunk 'spaces/highlands/00060004o.chunk'
TRACE: ChunkLoader: Loaded chunk 'spaces/highlands/0006fff6o.chunk'
TRACE: ChunkLoader: Loaded chunk 'spaces/highlands/000dfffdo.chunk'
TRACE: ChunkLoader: Loaded chunk 'spaces/highlands/00070002o.chunk'
TRACE: ChunkLoader: Loaded chunk 'spaces/highlands/0001fffco.chunk'
TRACE: ChunkLoader: Loaded chunk 'spaces/highlands/0005fff8o.chunk'
TRACE: ChunkLoader: Loaded chunk 'spaces/highlands/00050004o.chunk'
TRACE: ChunkLoader: Loaded chunk 'spaces/highlands/000dfffeo.chunk'
TRACE: ChunkLoader: Loaded chunk 'spaces/highlands/00070004o.chunk'
TRACE: ChunkLoader: Loaded chunk 'spaces/highlands/fffffffco.chunk'
TRACE: ChunkLoader: Loaded chunk 'spaces/highlands/fffffffeo.chunk'
TRACE: ChunkLoader: Loaded chunk 'spaces/highlands/0001fff8o.chunk'
TRACE: ChunkLoader: Loaded chunk 'spaces/highlands/000bfff8o.chunk'
TRACE: ChunkLoader: Loaded chunk 'spaces/highlands/00050002o.chunk'
TRACE: ChunkLoader: Loaded chunk 'spaces/highlands/00010002o.chunk'
TRACE: ChunkLoader: Loaded chunk 'spaces/highlands/000b0002o.chunk'
TRACE: ChunkLoader: Loaded chunk 'spaces/highlands/0007fff6o.chunk'
TRACE: ChunkLoader: Loaded chunk 'spaces/highlands/000a0003o.chunk'
TRACE: ChunkLoader: Loaded chunk 'spaces/highlands/0000fff9o.chunk'
TRACE: ChunkLoader: Loaded chunk 'spaces/highlands/000cfff9o.chunk'
TRACE: ChunkLoader: Loaded chunk 'spaces/highlands/0002fff7o.chunk'
TRACE: ChunkLoader: Loaded chunk 'spaces/highlands/000afff7o.chunk'
TRACE: ChunkLoader: Loaded chunk 'spaces/highlands/00020003o.chunk'
TRACE: ChunkLoader: Loaded chunk 'spaces/highlands/000bfffeo.chunk'
TRACE: ChunkLoader: Loaded chunk 'spaces/highlands/000bfffco.chunk'
TRACE: ChunkLoader: Loaded chunk 'spaces/highlands/00040004o.chunk'
TRACE: ChunkLoader: Loaded chunk 'spaces/highlands/00040002o.chunk'
TRACE: ChunkLoader: Loaded chunk 'spaces/highlands/0008fff6o.chunk'
TRACE: ChunkLoader: Loaded chunk 'spaces/highlands/0004fff6o.chunk'
TRACE: ChunkLoader: Loaded chunk 'spaces/highlands/000b0000o.chunk'
TRACE: ChunkLoader: Loaded chunk 'spaces/highlands/0001fffao.chunk'
TRACE: ChunkLoader: Loaded chunk 'spaces/highlands/00010000o.chunk'
TRACE: ChunkLoader: Loaded chunk 'spaces/highlands/000d0000o.chunk'
TRACE: ChunkLoader: Loaded chunk 'spaces/highlands/000bfffao.chunk'
TRACE: ChunkLoader: Loaded chunk 'spaces/highlands/0000fffbo.chunk'
TRACE: ChunkLoader: Loaded chunk 'spaces/highlands/0003fff6o.chunk'
TRACE: ChunkLoader: Loaded chunk 'spaces/highlands/fffffffao.chunk'
TRACE: ChunkLoader: Loaded chunk 'spaces/highlands/000cffffo.chunk'
TRACE: ChunkLoader: Loaded chunk 'spaces/highlands/0008fff7o.chunk'
TRACE: ChunkLoader: Loaded chunk 'spaces/highlands/0009fff6o.chunk'
TRACE: ChunkLoader: Loaded chunk 'spaces/highlands/000cfffbo.chunk'
TRACE: ChunkLoader: Loaded chunk 'spaces/highlands/000b0001o.chunk'
TRACE: ChunkLoader: Loaded chunk 'spaces/highlands/0005fff6o.chunk'
TRACE: ChunkLoader: Loaded chunk 'spaces/highlands/00am0032i.chunk'
TRACE: ChunkLoader: Loaded chunk 'spaces/highlands/000b0003o.chunk'
TRACE: ChunkLoader: Loaded chunk 'spaces/highlands/00am0034i.chunk'
TRACE: ChunkLoader: Loaded chunk 'spaces/highlands/000dfffco.chunk'
TRACE: ChunkLoader: Loaded chunk 'spaces/highlands/000c0001o.chunk'
TRACE: ChunkLoader: Loaded chunk 'spaces/highlands/00000001o.chunk'
TRACE: ChunkLoader: Loaded chunk 'spaces/highlands/000dfffbo.chunk'
TRACE: ChunkLoader: Loaded chunk 'spaces/highlands/fffefffdo.chunk'
TRACE: ChunkLoader: Loaded chunk 'spaces/highlands/000dffffo.chunk'
TRACE: ChunkLoader: Loaded chunk 'spaces/highlands/fffffffbo.chunk'
TRACE: ChunkLoader: Loaded chunk 'spaces/highlands/00080004o.chunk'
TRACE: ChunkLoader: Loaded chunk 'spaces/highlands/000dfff9o.chunk'
TRACE: ChunkLoader: Loaded chunk 'spaces/highlands/00050005o.chunk'
TRACE: ChunkLoader: Loaded chunk 'spaces/highlands/0005fff5o.chunk'
TRACE: ChunkLoader: Loaded chunk 'spaces/highlands/ffff0001o.chunk'
TRACE: ChunkLoader: Loaded chunk 'spaces/highlands/00020004o.chunk'
TRACE: ChunkLoader: Loaded chunk 'spaces/highlands/0007fff5o.chunk'
TRACE: ChunkLoader: Loaded chunk 'spaces/highlands/000afff6o.chunk'
TRACE: ChunkLoader: Loaded chunk 'spaces/highlands/0002fff6o.chunk'
TRACE: ChunkLoader: Loaded chunk 'spaces/highlands/fffffff9o.chunk'
TRACE: ChunkLoader: Loaded chunk 'spaces/highlands/ffffffffo.chunk'
TRACE: ChunkLoader: Loaded chunk 'spaces/highlands/000dfffao.chunk'
TRACE: ChunkLoader: Loaded chunk 'spaces/highlands/ffff0000o.chunk'
TRACE: ChunkLoader: Loaded chunk 'spaces/highlands/000efffco.chunk'
TRACE: ChunkLoader: Loaded chunk 'spaces/highlands/00090004o.chunk'
TRACE: ChunkLoader: Loaded chunk 'spaces/highlands/fffeffffo.chunk'
TRACE: ChunkLoader: Loaded chunk 'spaces/highlands/00030004o.chunk'
TRACE: ChunkLoader: Loaded chunk 'spaces/highlands/fffefffbo.chunk'
TRACE: ChunkLoader: Loaded chunk 'spaces/highlands/00080005o.chunk'
TRACE: ChunkLoader: Loaded chunk 'spaces/highlands/0001fff7o.chunk'
TRACE: ChunkLoader: Loaded chunk 'spaces/highlands/000c0002o.chunk'
TRACE: ChunkLoader: Loaded chunk 'spaces/highlands/00000002o.chunk'
TRACE: ChunkLoader: Loaded chunk 'spaces/highlands/00010003o.chunk'
TRACE: ChunkLoader: Loaded chunk 'spaces/highlands/000efffbo.chunk'
TRACE: ChunkLoader: Loaded chunk 'spaces/highlands/000effffo.chunk'
TRACE: ChunkLoader: Loaded chunk 'spaces/highlands/000cfff7o.chunk'
TRACE: ChunkLoader: Loaded chunk 'spaces/highlands/000c0003o.chunk'
TRACE: ChunkLoader: Loaded chunk 'spaces/highlands/000bfff7o.chunk'
TRACE: ChunkLoader: Loaded chunk 'spaces/highlands/00090005o.chunk'
TRACE: ChunkLoader: Loaded chunk 'spaces/highlands/fffe0000o.chunk'
TRACE: ChunkLoader: Loaded chunk 'spaces/highlands/0003fff5o.chunk'
TRACE: ChunkLoader: Loaded chunk 'spaces/highlands/00030005o.chunk'
TRACE: ChunkLoader: Loaded chunk 'spaces/highlands/0000fff8o.chunk'
TRACE: ChunkLoader: Loaded chunk 'spaces/highlands/000cfff8o.chunk'
TRACE: ChunkLoader: Loaded chunk 'spaces/highlands/0006fff5o.chunk'
TRACE: ChunkLoader: Loaded chunk 'spaces/highlands/000e0000o.chunk'
TRACE: ChunkLoader: Loaded chunk 'spaces/highlands/000d0002o.chunk'
TRACE: ChunkLoader: Loaded chunk 'spaces/highlands/fffffff8o.chunk'
TRACE: ChunkLoader: Loaded chunk 'spaces/highlands/0001fff6o.chunk'
TRACE: ChunkLoader: Loaded chunk 'spaces/highlands/00010004o.chunk'
TRACE: ChunkLoader: Loaded chunk 'spaces/highlands/000dfff8o.chunk'
TRACE: ChunkLoader: Loaded chunk 'spaces/highlands/ffff0002o.chunk'
TRACE: ChunkLoader: Loaded chunk 'spaces/highlands/000b0004o.chunk'
TRACE: ChunkLoader: Loaded chunk 'spaces/highlands/000efff9o.chunk'
TRACE: ChunkLoader: Loaded chunk 'spaces/highlands/00060005o.chunk'
TRACE: ChunkLoader: Loaded chunk 'spaces/highlands/000a0005o.chunk'
TRACE: ChunkLoader: Loaded chunk 'spaces/highlands/000efffdo.chunk'
TRACE: ChunkLoader: Loaded chunk 'spaces/highlands/00070005o.chunk'
TRACE: ChunkLoader: Loaded chunk 'spaces/highlands/fffe0001o.chunk'
TRACE: ChunkLoader: Loaded chunk 'spaces/highlands/0002fff5o.chunk'
TRACE: ChunkLoader: Loaded chunk 'spaces/highlands/00020005o.chunk'
TRACE: ChunkLoader: Loaded chunk 'spaces/highlands/000e0001o.chunk'
TRACE: ChunkLoader: Loaded chunk 'spaces/highlands/000ffffdo.chunk'
TRACE: ChunkLoader: Loaded chunk 'spaces/highlands/0006fff4o.chunk'
TRACE: ChunkLoader: Loaded chunk 'spaces/highlands/fffdfffdo.chunk'
TRACE: ChunkLoader: Loaded chunk 'spaces/highlands/00060006o.chunk'
TRACE: ChunkLoader: Loaded chunk 'spaces/highlands/00050006o.chunk'
TRACE: ChunkLoader: Loaded chunk 'spaces/highlands/0005fff4o.chunk'
TRACE: ChunkLoader: Loaded chunk 'spaces/highlands/000ffffco.chunk'
TRACE: ChunkLoader: Loaded chunk 'spaces/highlands/0007fff4o.chunk'
TRACE: ChunkLoader: Loaded chunk 'spaces/highlands/00070006o.chunk'
TRACE: ChunkLoader: Loaded chunk 'spaces/highlands/000ffffeo.chunk'
TRACE: ChunkLoader: Loaded chunk 'spaces/highlands/fffdfffco.chunk'
TRACE: ChunkLoader: Loaded chunk 'spaces/highlands/fffdfffeo.chunk'
TRACE: ChunkLoader: Loaded chunk 'spaces/highlands/00080006o.chunk'
TRACE: ChunkLoader: Loaded chunk 'spaces/highlands/0000fff6o.chunk'
TRACE: ChunkLoader: Loaded chunk 'spaces/highlands/000d0003o.chunk'
TRACE: ChunkLoader: Loaded chunk 'spaces/highlands/000a0004o.chunk'
TRACE: ChunkLoader: Loaded chunk 'spaces/highlands/000ffffbo.chunk'
TRACE: ChunkLoader: Loaded chunk 'spaces/highlands/00000004o.chunk'
TRACE: ChunkLoader: Loaded chunk 'spaces/highlands/ffff0003o.chunk'
TRACE: ChunkLoader: Loaded chunk 'spaces/highlands/0004fff4o.chunk'
TRACE: ChunkLoader: Loaded chunk 'spaces/highlands/000dfff7o.chunk'
TRACE: ChunkLoader: Loaded chunk 'spaces/highlands/0008fff4o.chunk'
TRACE: ChunkLoader: Loaded chunk 'spaces/highlands/00040006o.chunk'
TRACE: ChunkLoader: Loaded chunk 'spaces/highlands/fffffff7o.chunk'
TRACE: ChunkLoader: Loaded chunk 'spaces/highlands/000c0004o.chunk'
TRACE: ChunkLoader: Loaded chunk 'spaces/highlands/000cfff6o.chunk'
TRACE: ChunkLoader: Loaded chunk 'spaces/highlands/000fffffo.chunk'
TRACE: ChunkLoader: Loaded chunk 'spaces/highlands/fffefff8o.chunk'
TRACE: ChunkLoader: Loaded chunk 'spaces/highlands/fffe0002o.chunk'
TRACE: ChunkLoader: Loaded chunk 'spaces/highlands/000efff8o.chunk'
TRACE: ChunkLoader: Loaded chunk 'spaces/highlands/000bfff5o.chunk'
TRACE: ChunkLoader: Loaded chunk 'spaces/highlands/0001fff5o.chunk'
TRACE: ChunkLoader: Loaded chunk 'spaces/highlands/fffefffco.chunk'
TRACE: ChunkLoader: Loaded chunk 'spaces/highlands/fffefffeo.chunk'
TRACE: ChunkLoader: Loaded chunk 'spaces/highlands/00010005o.chunk'
TRACE: ChunkLoader: Loaded chunk 'spaces/highlands/000b0005o.chunk'
TRACE: ChunkLoader: Loaded chunk 'spaces/highlands/000e0002o.chunk'
TRACE: ChunkLoader: Loaded chunk 'spaces/highlands/000f0000o.chunk'
TRACE: ChunkLoader: Loaded chunk 'spaces/highlands/0009fff4o.chunk'
TRACE: ChunkLoader: Loaded chunk 'spaces/highlands/00090006o.chunk'
TRACE: ChunkLoader: Loaded chunk 'spaces/highlands/0003fff4o.chunk'
TRACE: ChunkLoader: Loaded chunk 'spaces/highlands/00030006o.chunk'
TRACE: ChunkLoader: Loaded chunk 'spaces/highlands/fffdfffao.chunk'
TRACE: ChunkLoader: Loaded chunk 'spaces/highlands/000ffffao.chunk'
TRACE: ChunkLoader: Loaded chunk 'spaces/highlands/fffd0000o.chunk'
TRACE: ChunkLoader: Loaded chunk 'spaces/highlands/000a0006o.chunk'
TRACE: ChunkLoader: Loaded chunk 'spaces/highlands/fffd0001o.chunk'
TRACE: ChunkLoader: Loaded chunk 'spaces/highlands/00020006o.chunk'
TRACE: ChunkLoader: Loaded chunk 'spaces/highlands/0002fff4o.chunk'
TRACE: ChunkLoader: Loaded chunk 'spaces/highlands/000f0001o.chunk'
TRACE: ChunkLoader: Loaded chunk 'spaces/highlands/fffdfff9o.chunk'
TRACE: ChunkLoader: Loaded chunk 'spaces/highlands/ffff0004o.chunk'
TRACE: ChunkLoader: Loaded chunk 'spaces/highlands/fffffff6o.chunk'
TRACE: ChunkLoader: Loaded chunk 'spaces/highlands/000d0001o.chunk'
TRACE: ChunkLoader: Loaded chunk 'spaces/highlands/000efffeo.chunk'
TRACE: ChunkLoader: Loaded chunk 'spaces/highlands/000d0004o.chunk'
TRACE: ChunkLoader: Loaded chunk 'spaces/highlands/000dfff6o.chunk'
TRACE: ChunkLoader: Loaded chunk 'spaces/highlands/000c0005o.chunk'
TRACE: ChunkLoader: Loaded chunk 'spaces/highlands/000cfff5o.chunk'
TRACE: ChunkLoader: Loaded chunk 'spaces/highlands/fffcfffdo.chunk'
TRACE: ChunkLoader: Loaded chunk 'spaces/highlands/0006fff3o.chunk'
TRACE: ChunkLoader: Loaded chunk 'spaces/highlands/fffefff7o.chunk'
TRACE: ChunkLoader: Loaded chunk 'spaces/highlands/00060007o.chunk'
TRACE: ChunkLoader: Loaded chunk 'spaces/highlands/fffe0003o.chunk'
TRACE: ChunkLoader: Loaded chunk 'spaces/highlands/000e0003o.chunk'
TRACE: ChunkLoader: Loaded chunk 'spaces/highlands/00000005o.chunk'
TRACE: ChunkLoader: Loaded chunk 'spaces/highlands/0000fff5o.chunk'
TRACE: ChunkLoader: Loaded chunk 'spaces/highlands/000efff7o.chunk'
TRACE: ChunkLoader: Loaded chunk 'spaces/highlands/fffcfffeo.chunk'
TRACE: ChunkLoader: Loaded chunk 'spaces/highlands/fffcfffco.chunk'
TRACE: ChunkLoader: Loaded chunk 'spaces/highlands/00070007o.chunk'
TRACE: ChunkLoader: Loaded chunk 'spaces/highlands/0007fff3o.chunk'
TRACE: ChunkLoader: Loaded chunk 'spaces/highlands/0005fff3o.chunk'
TRACE: ChunkLoader: Loaded chunk 'spaces/highlands/00050007o.chunk'
TRACE: ChunkLoader: Loaded chunk 'spaces/highlands/00080007o.chunk'
TRACE: ChunkLoader: Loaded chunk 'spaces/highlands/0004fff3o.chunk'
TRACE: ChunkLoader: Loaded chunk 'spaces/highlands/fffcfffbo.chunk'
TRACE: ChunkLoader: Loaded chunk 'spaces/highlands/00040007o.chunk'
TRACE: ChunkLoader: Loaded chunk 'spaces/highlands/0008fff3o.chunk'
TRACE: ChunkLoader: Loaded chunk 'spaces/highlands/fffd0002o.chunk'
TRACE: ChunkLoader: Loaded chunk 'spaces/highlands/0008fff5o.chunk'
TRACE: ChunkLoader: Loaded chunk 'spaces/highlands/0004fff5o.chunk'
TRACE: ChunkLoader: Loaded chunk 'spaces/highlands/fffdfff8o.chunk'
TRACE: ChunkLoader: Loaded chunk 'spaces/highlands/000bfff4o.chunk'
TRACE: ChunkLoader: Loaded chunk 'spaces/highlands/0001fff4o.chunk'
TRACE: ChunkLoader: Loaded chunk 'spaces/highlands/000ffff8o.chunk'
TRACE: ChunkLoader: Loaded chunk 'spaces/highlands/00040005o.chunk'
TRACE: ChunkLoader: Loaded chunk 'spaces/highlands/00000003o.chunk'
TRACE: ChunkLoader: Loaded chunk 'spaces/highlands/0000fff7o.chunk'
TRACE: ChunkLoader: Loaded chunk 'spaces/highlands/fffefffao.chunk'
TRACE: ChunkLoader: Loaded chunk 'spaces/highlands/0009fff5o.chunk'
TRACE: ChunkLoader: Loaded chunk 'spaces/highlands/000efffao.chunk'
TRACE: ChunkLoader: Loaded chunk 'spaces/highlands/000bfff6o.chunk'
TRACE: ChunkLoader: Loaded chunk 'spaces/highlands/000afff5o.chunk'
TRACE: ChunkLoader: Loaded chunk 'spaces/highlands/fffefff9o.chunk'
TRACE: ChunkLoader: Loaded chunk 'spaces/highlands/fffffff5o.chunk'
TRACE: ChunkLoader: Loaded chunk 'spaces/highlands/fffdffffo.chunk'
TRACE: ChunkLoader: Loaded chunk 'spaces/highlands/fffdfffbo.chunk'
TRACE: ChunkLoader: Loaded chunk 'spaces/highlands/000ffff9o.chunk'
TRACE: ChunkLoader: Loaded chunk 'spaces/highlands/000efff6o.chunk'
TRACE: ChunkLoader: Loaded chunk 'spaces/highlands/000e0004o.chunk'
TRACE: ChunkLoader: Loaded chunk 'spaces/highlands/000afff4o.chunk'
TRACE: ChunkLoader: Loaded chunk 'spaces/highlands/fffcffffo.chunk'
TRACE: ChunkLoader: Loaded chunk 'spaces/highlands/000afff3o.chunk'
TRACE: ChunkLoader: Loaded chunk 'spaces/highlands/000b0006o.chunk'
TRACE: ChunkLoader: Loaded chunk 'spaces/highlands/000f0002o.chunk'
TRACE: ChunkLoader: Loaded chunk 'spaces/highlands/00010006o.chunk'
TRACE: ChunkLoader: Loaded chunk 'spaces/highlands/00090007o.chunk'
TRACE: ChunkLoader: Loaded chunk 'spaces/highlands/fffc0000o.chunk'
TRACE: ChunkLoader: Loaded chunk 'spaces/highlands/fffcfffao.chunk'
TRACE: ChunkLoader: Loaded chunk 'spaces/highlands/0003fff3o.chunk'
TRACE: ChunkLoader: Loaded chunk 'spaces/highlands/0009fff3o.chunk'
TRACE: ChunkLoader: Loaded chunk 'spaces/highlands/00030007o.chunk'
TRACE: ChunkLoader: Loaded chunk 'spaces/highlands/000dfff5o.chunk'
TRACE: ChunkLoader: Loaded chunk 'spaces/highlands/fffefff6o.chunk'
TRACE: ChunkLoader: Loaded chunk 'spaces/highlands/fffe0004o.chunk'
TRACE: ChunkLoader: Loaded chunk 'spaces/highlands/ffff0005o.chunk'
TRACE: ChunkLoader: Loaded chunk 'spaces/highlands/000d0005o.chunk'
TRACE: ChunkLoader: Loaded chunk 'spaces/highlands/fffcfff9o.chunk'
TRACE: ChunkLoader: Loaded chunk 'spaces/highlands/fffbfffeo.chunk'
TRACE: ChunkLoader: Loaded chunk 'spaces/highlands/000a0007o.chunk'
TRACE: ChunkLoader: Loaded chunk 'spaces/highlands/00050008o.chunk'
TRACE: ChunkLoader: Loaded chunk 'spaces/highlands/fffc0001o.chunk'
TRACE: ChunkLoader: Loaded chunk 'spaces/highlands/00020007o.chunk'
TRACE: ChunkLoader: Loaded chunk 'spaces/highlands/0002fff3o.chunk'
TRACE: ChunkLoader: Loaded chunk 'spaces/highlands/fffd0003o.chunk'
TRACE: ChunkLoader: Loaded chunk 'spaces/highlands/000c0006o.chunk'
TRACE: ChunkLoader: Loaded chunk 'spaces/highlands/0000fff4o.chunk'
TRACE: ChunkLoader: Loaded chunk 'spaces/highlands/00000006o.chunk'
TRACE: ChunkLoader: Loaded chunk 'spaces/highlands/fffdfff7o.chunk'
TRACE: ChunkLoader: Loaded chunk 'spaces/highlands/fffc0002o.chunk'
TRACE: ChunkLoader: Loaded chunk 'spaces/highlands/000ffff7o.chunk'
TRACE: ChunkLoader: Loaded chunk 'spaces/highlands/fffbffffo.chunk'
TRACE: ChunkLoader: Loaded chunk 'spaces/highlands/fffcfff8o.chunk'
TRACE: ChunkLoader: Loaded chunk 'spaces/highlands/000f0003o.chunk'
TRACE: ChunkLoader: Loaded chunk 'spaces/highlands/000cfff4o.chunk'
TRACE: ChunkLoader: Loaded chunk 'spaces/highlands/fffbfffdo.chunk'
TRACE: ChunkLoader: Loaded chunk 'spaces/highlands/00060008o.chunk'
TRACE: ChunkLoader: Loaded chunk 'spaces/highlands/0006fff2o.chunk'
TRACE: ChunkLoader: Loaded chunk 'spaces/highlands/fffbfffco.chunk'
TRACE: ChunkLoader: Loaded chunk 'spaces/highlands/0005fff2o.chunk'
TRACE: ChunkLoader: Loaded chunk 'spaces/highlands/00070008o.chunk'
TRACE: ChunkLoader: Loaded chunk 'spaces/highlands/0007fff2o.chunk'
TRACE: ChunkLoader: Loaded chunk 'spaces/highlands/0008fff2o.chunk'
TRACE: ChunkLoader: Loaded chunk 'spaces/highlands/0001fff3o.chunk'
TRACE: ChunkLoader: Loaded chunk 'spaces/highlands/00080008o.chunk'
TRACE: ChunkLoader: Loaded chunk 'spaces/highlands/00010007o.chunk'
TRACE: ChunkLoader: Loaded chunk 'spaces/highlands/00040008o.chunk'
TRACE: ChunkLoader: Loaded chunk 'spaces/highlands/fffbfffbo.chunk'
TRACE: ChunkLoader: Loaded chunk 'spaces/highlands/0004fff2o.chunk'
TRACE: ChunkLoader: Loaded chunk 'spaces/highlands/000bfff3o.chunk'
TRACE: ChunkLoader: Loaded chunk 'spaces/highlands/000b0007o.chunk'
DEBUG: ChunkSpace::clear: Clearing space 4
DEBUG: ChunkSpace::delMapping: Comdemned spaces/highlands/ in space 4
DEBUG: DELETING LIGHT MAP 108065c8
DEBUG: DELETING LIGHT MAP 17003880
INFO: Flora::vbSize - reduced memory usage to 4987500, due to alignment requirements
INFO: Flora::vbSize - 133 triangles per flora block
INFO: Flora::vbSize - 4870 KB used for vertex buffer
INFO: FloraTexture::init - texture(8192,256), blocks(16,1), blocksize(512,256)
DEBUG: ChunkSpace::addMapping: Adding spaces/arctic at (0.000000,0.000000,0.000000) xaxis (1.000000,0.000000,0.000000) to space 5
TRACE: ChunkManager::autoBootstrapSeedChunk: seed chunk NULL so starting search
DEBUG: cloud map darkness 0.65
TRACE: ChunkManager::autoBootstrapSeedChunk: seed chunk determined: 00000000o
TRACE: ChunkManager::autoBootstrapSeedChunk: seed chunk submitted for loading
TRACE: deleting tree type speedtree/Broadleaves/agarwoodcluster/bwAgarwoodCluster_RT.spt
TRACE: deleting tree type speedtree/Broadleaves/american_elm_noleaves/AmericanElm_RT_noleaves.spt
TRACE: deleting tree type speedtree/Broadleaves/crab_apple/bwcrabapple_rt_flowers.spt
TRACE: deleting tree type speedtree/Broadleaves/umprellathorn/UmbrellaThorn_RT.spt
TRACE: deleting tree type speedtree/Conifers/bluespruce_noleaves/BlueSpruce_RT_Winter.spt
TRACE: deleting tree type speedtree/Conifers/douglas_fir/DouglasFir_RT.spt
TRACE: deleting tree type speedtree/Conifers/douglas_fir_full/DouglasFir_RT_Full.spt
TRACE: deleting tree type speedtree/Conifers/giant_redwood/GiantRedwood_small_rt.spt
TRACE: deleting tree type speedtree/Conifers/italian_cypress/ItalianCypress_RT.spt
TRACE: deleting tree type speedtree/Conifers/italian_stonepine/ItalianStonePine_RT_1.spt
TRACE: deleting tree type speedtree/Conifers/monterey_cypress/MontereyCypress_RT.spt
TRACE: deleting tree type speedtree/Palms_Cacti_Cycads/joshua_tree/JoshuaTree_RT.spt
TRACE: deleting tree type speedtree/shrubs_flowers/american_boxwood/AmericanBoxwood_RT.spt
TRACE: deleting tree type speedtree/shrubs_flowers/boston_fern/BostonFern_RT.spt
TRACE: deleting tree type speedtree/shrubs_flowers/cinnamon_fern/CinnamonFern_RT.spt
TRACE: deleting tree type speedtree/shrubs_flowers/elephant_ear/ElephantEar_RT.spt
TRACE: ChunkManager::autoBootstrapSeedChunk: seed chunk NULL so starting search
TRACE: ChunkLoader: Loaded chunk 'spaces/arctic/00000000o.chunk'
TRACE: ChunkLoader: Loaded chunk 'spaces/arctic/00000001o.chunk'
TRACE: ChunkLoader: Loaded chunk 'spaces/arctic/ffff0000o.chunk'
TRACE: ChunkLoader: Loaded chunk 'spaces/arctic/00010000o.chunk'
TRACE: ChunkLoader: Loaded chunk 'spaces/arctic/0000ffffo.chunk'
TRACE: ChunkLoader: Loaded chunk 'spaces/arctic/ffffffffo.chunk'
TRACE: ChunkLoader: Loaded chunk 'spaces/arctic/ffff0001o.chunk'
TRACE: ChunkLoader: Loaded chunk 'spaces/arctic/00000002o.chunk'
TRACE: ChunkLoader: Loaded chunk 'spaces/arctic/fffe0000o.chunk'
TRACE: ChunkLoader: Loaded chunk 'spaces/arctic/0000fffeo.chunk'
TRACE: ChunkLoader: Loaded chunk 'spaces/arctic/00020000o.chunk'
TRACE: ChunkLoader: Loaded chunk 'spaces/arctic/ffff0002o.chunk'
TRACE: ChunkLoader: Loaded chunk 'spaces/arctic/00010002o.chunk'
TRACE: ChunkLoader: Loaded chunk 'spaces/arctic/fffeffffo.chunk'
TRACE: ChunkLoader: Loaded chunk 'spaces/arctic/fffffffeo.chunk'
TRACE: ChunkLoader: Loaded chunk 'spaces/arctic/0001fffeo.chunk'
TRACE: ChunkLoader: Loaded chunk 'spaces/arctic/0002ffffo.chunk'
TRACE: ChunkLoader: Loaded chunk 'spaces/arctic/00020001o.chunk'
TRACE: ChunkLoader: Loaded chunk 'spaces/arctic/fffefffeo.chunk'
TRACE: ChunkLoader: Loaded chunk 'spaces/arctic/00020002o.chunk'
TRACE: ChunkLoader: Loaded chunk 'spaces/arctic/fffe0002o.chunk'
TRACE: ChunkLoader: Loaded chunk 'spaces/arctic/0000fffdo.chunk'
TRACE: ChunkLoader: Loaded chunk 'spaces/arctic/00030000o.chunk'
TRACE: ChunkLoader: Loaded chunk 'spaces/arctic/ffff0003o.chunk'
TRACE: ChunkLoader: Loaded chunk 'spaces/arctic/00030001o.chunk'
TRACE: ChunkLoader: Loaded chunk 'spaces/arctic/fffd0001o.chunk'
TRACE: ChunkLoader: Loaded chunk 'spaces/arctic/fffffffdo.chunk'
TRACE: ChunkLoader: Loaded chunk 'spaces/arctic/0001fffdo.chunk'
TRACE: ChunkLoader: Loaded chunk 'spaces/arctic/fffdfffeo.chunk'
TRACE: ChunkLoader: Loaded chunk 'spaces/arctic/00010001o.chunk'
TRACE: ChunkLoader: Loaded chunk 'spaces/arctic/0001ffffo.chunk'
TRACE: ChunkLoader: Loaded chunk 'spaces/arctic/fffe0001o.chunk'
TRACE: ChunkLoader: Loaded chunk 'spaces/arctic/0002fffeo.chunk'
TRACE: ChunkLoader: Loaded chunk 'spaces/arctic/00040000o.chunk'
TRACE: ChunkLoader: Loaded chunk 'spaces/arctic/fffc0000o.chunk'
TRACE: ChunkLoader: Loaded chunk 'spaces/arctic/fffd0000o.chunk'
TRACE: ChunkLoader: Loaded chunk 'spaces/arctic/00000003o.chunk'
TRACE: ChunkLoader: Loaded chunk 'spaces/arctic/00am0002i.chunk'
TRACE: ChunkLoader: Loaded chunk 'spaces/arctic/ffff0004o.chunk'
TRACE: ChunkLoader: Loaded chunk 'spaces/arctic/00am0009i.chunk'
TRACE: ChunkLoader: Loaded chunk 'spaces/arctic/0004ffffo.chunk'
TRACE: ChunkLoader: Loaded chunk 'spaces/arctic/00010003o.chunk'
TRACE: ChunkLoader: Loaded chunk 'spaces/arctic/fffc0001o.chunk'
TRACE: ChunkLoader: Loaded chunk 'spaces/arctic/fffdffffo.chunk'
TRACE: ChunkLoader: Loaded chunk 'spaces/arctic/00am0006i.chunk'
TRACE: ChunkLoader: Loaded chunk 'spaces/arctic/00030003o.chunk'
TRACE: ChunkLoader: Loaded chunk 'spaces/arctic/0003fffdo.chunk'
TRACE: ChunkLoader: Loaded chunk 'spaces/arctic/fffd0003o.chunk'
TRACE: ChunkLoader: Loaded chunk 'spaces/arctic/00am0007i.chunk'
TRACE: ChunkLoader: Loaded chunk 'spaces/arctic/0003ffffo.chunk'
TRACE: ChunkLoader: Loaded chunk 'spaces/arctic/fffefffdo.chunk'
TRACE: ChunkLoader: Loaded chunk 'spaces/arctic/fffe0003o.chunk'
TRACE: ChunkLoader: Loaded chunk 'spaces/arctic/00030002o.chunk'
TRACE: ChunkLoader: Loaded chunk 'spaces/arctic/0002fffdo.chunk'
TRACE: ChunkLoader: Loaded chunk 'spaces/arctic/00020003o.chunk'
TRACE: ChunkLoader: Loaded chunk 'spaces/arctic/0003fffeo.chunk'
TRACE: ChunkLoader: Loaded chunk 'spaces/arctic/fffd0002o.chunk'
TRACE: ChunkLoader: Loaded chunk 'spaces/arctic/0000fffco.chunk'
TRACE: ChunkLoader: Loaded chunk 'spaces/arctic/00000004o.chunk'
TRACE: ChunkLoader: Loaded chunk 'spaces/arctic/00010004o.chunk'
TRACE: ChunkLoader: Loaded chunk 'spaces/arctic/fffffffco.chunk'
TRACE: ChunkLoader: Loaded chunk 'spaces/arctic/00040001o.chunk'
TRACE: ChunkLoader: Loaded chunk 'spaces/arctic/0001fffco.chunk'
TRACE: ChunkLoader: Loaded chunk 'spaces/arctic/fffcffffo.chunk'
DEBUG: ChunkSpace::clear: Clearing space 5
DEBUG: ChunkSpace::delMapping: Comdemned spaces/arctic/ in space 5
DEBUG: DELETING LIGHT MAP 34b28ba0
DEBUG: DELETING LIGHT MAP 149d6200
INFO: Flora::vbSize - reduced memory usage to 4987500, due to alignment requirements
INFO: Flora::vbSize - 133 triangles per flora block
INFO: Flora::vbSize - 4870 KB used for vertex buffer
INFO: FloraTexture::init - texture(8192,256), blocks(16,1), blocksize(512,256)
DEBUG: ChunkSpace::addMapping: Adding spaces/highlands at (0.000000,0.000000,0.000000) xaxis (1.000000,0.000000,0.000000) to space 6
TRACE: ChunkManager::autoBootstrapSeedChunk: seed chunk NULL so starting search
DEBUG: cloud map darkness 0.65
TRACE: ChunkManager::autoBootstrapSeedChunk: seed chunk determined: 00000000o
TRACE: ChunkManager::autoBootstrapSeedChunk: seed chunk submitted for loading
TRACE: ChunkManager::autoBootstrapSeedChunk: seed chunk NULL so starting search
TRACE: ChunkLoader: Loaded chunk 'spaces/highlands/00000000o.chunk'
TRACE: ChunkManager::autoBootstrapSeedChunk: seed chunk determined: 0006fffdo
TRACE: ChunkManager::autoBootstrapSeedChunk: seed chunk submitted for loading
TRACE: ChunkManager::autoBootstrapSeedChunk: seed chunk NULL so starting search
TRACE: ChunkLoader: Loaded chunk 'spaces/highlands/0006fffdo.chunk'
TRACE: ChunkLoader: Loaded chunk 'spaces/highlands/0006fffeo.chunk'
TRACE: ChunkLoader: Loaded chunk 'spaces/highlands/0005fffdo.chunk'
TRACE: ChunkLoader: Loaded chunk 'spaces/highlands/0007fffdo.chunk'
TRACE: ChunkLoader: Loaded chunk 'spaces/highlands/0006fffco.chunk'
TRACE: ChunkLoader: Loaded chunk 'spaces/highlands/0007fffco.chunk'
TRACE: ChunkLoader: Loaded chunk 'spaces/highlands/0005fffeo.chunk'
TRACE: ChunkLoader: Loaded chunk 'spaces/highlands/0006ffffo.chunk'
TRACE: ChunkLoader: Loaded chunk 'spaces/highlands/0005fffco.chunk'
TRACE: ChunkLoader: Loaded chunk 'spaces/highlands/0007fffeo.chunk'
TRACE: ChunkLoader: Loaded chunk 'spaces/highlands/0004fffdo.chunk'
TRACE: ChunkLoader: Loaded chunk 'spaces/highlands/0006fffbo.chunk'
TRACE: ChunkLoader: Loaded chunk 'spaces/highlands/0008fffdo.chunk'
TRACE: ChunkLoader: Loaded chunk 'spaces/highlands/0005ffffo.chunk'
TRACE: ChunkLoader: Loaded chunk 'spaces/highlands/0007ffffo.chunk'
TRACE: ChunkLoader: Loaded chunk 'spaces/highlands/0004fffco.chunk'
TRACE: ChunkLoader: Loaded chunk 'spaces/highlands/0005fffbo.chunk'
TRACE: ChunkLoader: Loaded chunk 'spaces/highlands/0004fffeo.chunk'
TRACE: ChunkLoader: Loaded chunk 'spaces/highlands/0007fffbo.chunk'
TRACE: ChunkLoader: Loaded chunk 'spaces/highlands/0008fffco.chunk'
TRACE: ChunkLoader: Loaded chunk 'spaces/highlands/0008fffeo.chunk'
TRACE: ChunkLoader: Loaded chunk 'spaces/highlands/0004fffbo.chunk'
TRACE: ChunkLoader: Loaded chunk 'spaces/highlands/00am0001i.chunk'
TRACE: ChunkLoader: Loaded chunk 'spaces/highlands/00am000ei.chunk'
TRACE: ChunkLoader: Loaded chunk 'spaces/highlands/00am0015i.chunk'
TRACE: ChunkLoader: Loaded chunk 'spaces/highlands/00am0017i.chunk'
TRACE: ChunkLoader: Loaded chunk 'spaces/highlands/00am001bi.chunk'
TRACE: ChunkLoader: Loaded chunk 'spaces/highlands/01eb05d6i.chunk'
TRACE: ChunkLoader: Loaded chunk 'spaces/highlands/29250b5ei.chunk'
TRACE: ChunkLoader: Loaded chunk 'spaces/highlands/365b0562i.chunk'
TRACE: ChunkLoader: Loaded chunk 'spaces/highlands/3a37b2e1i.chunk'
TRACE: ChunkLoader: Loaded chunk 'spaces/highlands/3e2df304i.chunk'
TRACE: ChunkLoader: Loaded chunk 'spaces/highlands/4fc12c09i.chunk'
TRACE: ChunkLoader: Loaded chunk 'spaces/highlands/a570081bi.chunk'
TRACE: ChunkLoader: Loaded chunk 'spaces/highlands/00am0014i.chunk'
TRACE: ChunkLoader: Loaded chunk 'spaces/highlands/00am002bi.chunk'
TRACE: ChunkLoader: Loaded chunk 'spaces/highlands/00am0031i.chunk'
TRACE: ChunkLoader: Loaded chunk 'spaces/highlands/00am0033i.chunk'
TRACE: ChunkLoader: Loaded chunk 'spaces/highlands/00am0035i.chunk'
TRACE: ChunkLoader: Loaded chunk 'spaces/highlands/00am0036i.chunk'
TRACE: ChunkLoader: Loaded chunk 'spaces/highlands/0003fffdo.chunk'
TRACE: ChunkLoader: Loaded chunk 'spaces/highlands/00am0038i.chunk'
DEBUG: Water::Water: using 2783 vertices out of 4947
TRACE: ChunkLoader: Loaded chunk 'spaces/highlands/00am003bi.chunk'
TRACE: ChunkLoader: Loaded chunk 'spaces/highlands/00am0004i.chunk'
TRACE: ChunkLoader: Loaded chunk 'spaces/highlands/00am0006i.chunk'
TRACE: ChunkLoader: Loaded chunk 'spaces/highlands/00am0009i.chunk'
TRACE: ChunkLoader: Loaded chunk 'spaces/highlands/0009fffeo.chunk'
TRACE: ChunkLoader: Loaded chunk 'spaces/highlands/0003fffeo.chunk'
TRACE: ChunkLoader: Loaded chunk 'spaces/highlands/00am000ci.chunk'
TRACE: ChunkLoader: Loaded chunk 'spaces/highlands/00am0010i.chunk'
TRACE: ChunkLoader: Loaded chunk 'spaces/highlands/0009fffco.chunk'
TRACE: ChunkLoader: Loaded chunk 'spaces/highlands/0004fffao.chunk'
TRACE: ChunkLoader: Loaded chunk 'spaces/highlands/00am001ei.chunk'
TRACE: ChunkLoader: Loaded chunk 'spaces/highlands/00am001fi.chunk'
TRACE: ChunkLoader: Loaded chunk 'spaces/highlands/00am0020i.chunk'
TRACE: ChunkLoader: Loaded chunk 'spaces/highlands/00am0021i.chunk'
TRACE: ChunkLoader: Loaded chunk 'spaces/highlands/00am0029i.chunk'
TRACE: ChunkLoader: Loaded chunk 'spaces/highlands/00am002di.chunk'
TRACE: ChunkLoader: Loaded chunk 'spaces/highlands/0008ffffo.chunk'
TRACE: ChunkLoader: Loaded chunk 'spaces/highlands/0004ffffo.chunk'
TRACE: ChunkLoader: Loaded chunk 'spaces/highlands/0008fffbo.chunk'
TRACE: ChunkLoader: Loaded chunk 'spaces/highlands/0006fffao.chunk'
TRACE: ChunkLoader: Loaded chunk 'spaces/highlands/0009fffdo.chunk'
TRACE: ChunkLoader: Loaded chunk 'spaces/highlands/00060000o.chunk'
TRACE: ChunkLoader: Loaded chunk 'spaces/highlands/00050000o.chunk'
TRACE: ChunkLoader: Loaded chunk 'spaces/highlands/000afffeo.chunk'
TRACE: ChunkLoader: Loaded chunk 'spaces/highlands/00070000o.chunk'
TRACE: ChunkLoader: Loaded chunk 'spaces/highlands/0003fffco.chunk'
TRACE: ChunkLoader: Loaded chunk 'spaces/highlands/0005fffao.chunk'
TRACE: ChunkLoader: Loaded chunk 'spaces/highlands/0007fffao.chunk'
TRACE: ChunkLoader: Loaded chunk 'spaces/highlands/0003fffbo.chunk'
TRACE: ChunkLoader: Loaded chunk 'spaces/highlands/00040000o.chunk'
TRACE: ChunkLoader: Loaded chunk 'spaces/highlands/0009ffffo.chunk'
TRACE: ChunkLoader: Loaded chunk 'spaces/highlands/0008fffao.chunk'
TRACE: ChunkLoader: Loaded chunk 'spaces/highlands/00080000o.chunk'
TRACE: ChunkLoader: Loaded chunk 'spaces/highlands/0009fffbo.chunk'
TRACE: ChunkLoader: Loaded chunk 'spaces/highlands/0003ffffo.chunk'
TRACE: ChunkLoader: Loaded chunk 'spaces/highlands/000afffdo.chunk'
TRACE: ChunkLoader: Loaded chunk 'spaces/highlands/0002fffdo.chunk'
TRACE: ChunkLoader: Loaded chunk 'spaces/highlands/0006fff9o.chunk'
TRACE: ChunkLoader: Loaded chunk 'spaces/highlands/00060001o.chunk'
TRACE: ChunkLoader: Loaded chunk 'spaces/highlands/00050001o.chunk'
TRACE: ChunkLoader: Loaded chunk 'spaces/highlands/00070001o.chunk'
TRACE: ChunkLoader: Loaded chunk 'spaces/highlands/0005fff9o.chunk'
TRACE: ChunkLoader: Loaded chunk 'spaces/highlands/0007fff9o.chunk'
TRACE: ChunkLoader: Loaded chunk 'spaces/highlands/000afffco.chunk'
TRACE: ChunkLoader: Loaded chunk 'spaces/highlands/0002fffco.chunk'
TRACE: ChunkLoader: Loaded chunk 'spaces/highlands/0002fffeo.chunk'
TRACE: ChunkLoader: Loaded chunk 'spaces/highlands/00090000o.chunk'
TRACE: ChunkLoader: Loaded chunk 'spaces/highlands/0009fffao.chunk'
TRACE: ChunkLoader: Loaded chunk 'spaces/highlands/00030000o.chunk'
TRACE: ChunkLoader: Loaded chunk 'spaces/highlands/0003fffao.chunk'
TRACE: ChunkLoader: Loaded chunk 'spaces/highlands/0008fff9o.chunk'
TRACE: ChunkLoader: Loaded chunk 'spaces/highlands/000afffbo.chunk'
TRACE: ChunkLoader: Loaded chunk 'spaces/highlands/00080001o.chunk'
TRACE: ChunkLoader: Loaded chunk 'spaces/highlands/000affffo.chunk'
TRACE: ChunkLoader: Loaded chunk 'spaces/highlands/0002fffbo.chunk'
TRACE: ChunkLoader: Loaded chunk 'spaces/highlands/0002ffffo.chunk'
TRACE: ChunkLoader: Loaded chunk 'spaces/highlands/0004fff9o.chunk'
TRACE: ChunkLoader: Loaded chunk 'spaces/highlands/00040001o.chunk'
TRACE: ChunkLoader: Loaded chunk 'spaces/highlands/0001fffdo.chunk'
TRACE: ChunkLoader: Loaded chunk 'spaces/highlands/00020000o.chunk'
TRACE: ChunkLoader: Loaded chunk 'spaces/highlands/0009fff9o.chunk'
TRACE: ChunkLoader: Loaded chunk 'spaces/highlands/00030001o.chunk'
TRACE: ChunkLoader: Loaded chunk 'spaces/highlands/000a0000o.chunk'
TRACE: ChunkLoader: Loaded chunk 'spaces/highlands/0006fff8o.chunk'
TRACE: ChunkLoader: Loaded chunk 'spaces/highlands/00060002o.chunk'
TRACE: ChunkLoader: Loaded chunk 'spaces/highlands/000bfffdo.chunk'
TRACE: ChunkLoader: Loaded chunk 'spaces/highlands/0002fffao.chunk'
TRACE: ChunkLoader: Loaded chunk 'spaces/highlands/00090001o.chunk'
TRACE: ChunkLoader: Loaded chunk 'spaces/highlands/000afffao.chunk'
TRACE: ChunkLoader: Loaded chunk 'spaces/highlands/0003fff9o.chunk'
TRACE: ChunkLoader: Loaded chunk 'spaces/highlands/00070002o.chunk'
TRACE: ChunkLoader: Loaded chunk 'spaces/highlands/0001fffco.chunk'
TRACE: ChunkLoader: Loaded chunk 'spaces/highlands/0005fff8o.chunk'
TRACE: ChunkLoader: Loaded chunk 'spaces/highlands/00050002o.chunk'
TRACE: ChunkLoader: Loaded chunk 'spaces/highlands/0007fff8o.chunk'
TRACE: ChunkLoader: Loaded chunk 'spaces/highlands/000bfffeo.chunk'
TRACE: ChunkLoader: Loaded chunk 'spaces/highlands/000bfffco.chunk'
TRACE: ChunkLoader: Loaded chunk 'spaces/highlands/0001fffeo.chunk'
TRACE: ChunkLoader: Loaded chunk 'spaces/highlands/0002fff9o.chunk'
TRACE: ChunkLoader: Loaded chunk 'spaces/highlands/00080002o.chunk'
TRACE: ChunkLoader: Loaded chunk 'spaces/highlands/000b0000o.chunk'
TRACE: ChunkLoader: Loaded chunk 'spaces/highlands/000bffffo.chunk'
TRACE: ChunkLoader: Loaded chunk 'spaces/highlands/00am0007i.chunk'
TRACE: ChunkLoader: Loaded chunk 'spaces/highlands/00090002o.chunk'
TRACE: ChunkLoader: Loaded chunk 'spaces/highlands/0003fff8o.chunk'
TRACE: ChunkLoader: Loaded chunk 'spaces/highlands/00am000bi.chunk'
TRACE: ChunkLoader: Loaded chunk 'spaces/highlands/00am000di.chunk'
TRACE: ChunkLoader: Loaded chunk 'spaces/highlands/00am000fi.chunk'
TRACE: ChunkLoader: Loaded chunk 'spaces/highlands/0001fffao.chunk'
TRACE: ChunkLoader: Loaded chunk 'spaces/highlands/00010000o.chunk'
TRACE: ChunkLoader: Loaded chunk 'spaces/highlands/000bfffao.chunk'
TRACE: ChunkLoader: Loaded chunk 'spaces/highlands/000cfffdo.chunk'
TRACE: ChunkLoader: Loaded chunk 'spaces/highlands/00060003o.chunk'
TRACE: ChunkLoader: Loaded chunk 'spaces/highlands/00am0011i.chunk'
TRACE: ChunkLoader: Loaded chunk 'spaces/highlands/00am0013i.chunk'
TRACE: ChunkLoader: Loaded chunk 'spaces/highlands/000cfffco.chunk'
TRACE: ChunkLoader: Loaded chunk 'spaces/highlands/0007fff7o.chunk'
TRACE: ChunkLoader: Loaded chunk 'spaces/highlands/00am0016i.chunk'
TRACE: ChunkLoader: Loaded chunk 'spaces/highlands/0004fff8o.chunk'
TRACE: ChunkLoader: Loaded chunk 'spaces/highlands/00050003o.chunk'
TRACE: ChunkLoader: Loaded chunk 'spaces/highlands/00070003o.chunk'
TRACE: ChunkLoader: Loaded chunk 'spaces/highlands/000cfffeo.chunk'
TRACE: ChunkLoader: Loaded chunk 'spaces/highlands/0000fffbo.chunk'
TRACE: ChunkLoader: Loaded chunk 'spaces/highlands/00080003o.chunk'
TRACE: ChunkLoader: Loaded chunk 'spaces/highlands/0004fff7o.chunk'
TRACE: ChunkLoader: Loaded chunk 'spaces/highlands/000cffffo.chunk'
TRACE: ChunkLoader: Loaded chunk 'spaces/highlands/0000ffffo.chunk'
TRACE: ChunkLoader: Loaded chunk 'spaces/highlands/0008fff7o.chunk'
TRACE: ChunkLoader: Loaded chunk 'spaces/highlands/00040003o.chunk'
TRACE: ChunkLoader: Loaded chunk 'spaces/highlands/000afff8o.chunk'
TRACE: ChunkLoader: Loaded chunk 'spaces/highlands/0002fff8o.chunk'
TRACE: ChunkLoader: Loaded chunk 'spaces/highlands/000a0002o.chunk'
TRACE: ChunkLoader: Loaded chunk 'spaces/highlands/000b0001o.chunk'
TRACE: ChunkLoader: Loaded chunk 'spaces/highlands/000bfff9o.chunk'
TRACE: ChunkLoader: Loaded chunk 'spaces/highlands/00020002o.chunk'
TRACE: ChunkLoader: Loaded chunk 'spaces/highlands/00010001o.chunk'
TRACE: ChunkLoader: Loaded chunk 'spaces/highlands/0001fff9o.chunk'
TRACE: ChunkLoader: Loaded chunk 'spaces/highlands/0000fffao.chunk'
TRACE: ChunkLoader: Loaded chunk 'spaces/highlands/0003fff7o.chunk'
TRACE: ChunkLoader: Loaded chunk 'spaces/highlands/00030003o.chunk'
TRACE: ChunkLoader: Loaded chunk 'spaces/highlands/000c0000o.chunk'
TRACE: ChunkLoader: Loaded chunk 'spaces/highlands/00090003o.chunk'
TRACE: ChunkLoader: Loaded chunk 'spaces/highlands/0009fff7o.chunk'
TRACE: ChunkLoader: Loaded chunk 'spaces/highlands/000cfffao.chunk'
TRACE: ChunkLoader: Loaded chunk 'spaces/highlands/0001fffbo.chunk'
TRACE: ChunkLoader: Loaded chunk 'spaces/highlands/fffffffdo.chunk'
TRACE: ChunkLoader: Loaded chunk 'spaces/highlands/00060004o.chunk'
TRACE: ChunkLoader: Loaded chunk 'spaces/highlands/0006fff6o.chunk'
TRACE: ChunkLoader: Loaded chunk 'spaces/highlands/000dfffdo.chunk'
TRACE: ChunkLoader: Loaded chunk 'spaces/highlands/0005fff6o.chunk'
TRACE: ChunkLoader: Loaded chunk 'spaces/highlands/00050004o.chunk'
TRACE: ChunkLoader: Loaded chunk 'spaces/highlands/00070004o.chunk'
TRACE: ChunkLoader: Loaded chunk 'spaces/highlands/0008fff8o.chunk'
TRACE: ChunkLoader: Loaded chunk 'spaces/highlands/fffffffco.chunk'
TRACE: ChunkLoader: Loaded chunk 'spaces/highlands/fffffffeo.chunk'
TRACE: ChunkLoader: Loaded chunk 'spaces/highlands/0001fff8o.chunk'
TRACE: ChunkLoader: Loaded chunk 'spaces/highlands/000dfffco.chunk'
TRACE: ChunkLoader: Loaded chunk 'spaces/highlands/0001ffffo.chunk'
TRACE: ChunkLoader: Loaded chunk 'spaces/highlands/000bfff8o.chunk'
TRACE: ChunkLoader: Loaded chunk 'spaces/highlands/00010002o.chunk'
TRACE: ChunkLoader: Loaded chunk 'spaces/highlands/000b0002o.chunk'
TRACE: ChunkLoader: Loaded chunk 'spaces/highlands/0007fff6o.chunk'
TRACE: ChunkLoader: Loaded chunk 'spaces/highlands/000c0001o.chunk'
TRACE: ChunkLoader: Loaded chunk 'spaces/highlands/000bfffbo.chunk'
TRACE: ChunkLoader: Loaded chunk 'spaces/highlands/0000fff9o.chunk'
TRACE: ChunkLoader: Loaded chunk 'spaces/highlands/000cfff9o.chunk'
TRACE: ChunkLoader: Loaded chunk 'spaces/highlands/0002fff7o.chunk'
TRACE: ChunkLoader: Loaded chunk 'spaces/highlands/00040002o.chunk'
TRACE: ChunkLoader: Loaded chunk 'spaces/highlands/000afff7o.chunk'
TRACE: ChunkLoader: Loaded chunk 'spaces/highlands/00020003o.chunk'
TRACE: ChunkLoader: Loaded chunk 'spaces/highlands/00000001o.chunk'
TRACE: ChunkLoader: Loaded chunk 'spaces/highlands/000dfffbo.chunk'
TRACE: ChunkLoader: Loaded chunk 'spaces/highlands/00040004o.chunk'
TRACE: ChunkLoader: Loaded chunk 'spaces/highlands/0004fff6o.chunk'
TRACE: ChunkLoader: Loaded chunk 'spaces/highlands/fffffffbo.chunk'
TRACE: ChunkLoader: Loaded chunk 'spaces/highlands/000a0001o.chunk'
TRACE: ChunkLoader: Loaded chunk 'spaces/highlands/00080004o.chunk'
TRACE: ChunkLoader: Loaded chunk 'spaces/highlands/000dfffao.chunk'
TRACE: ChunkLoader: Loaded chunk 'spaces/highlands/00020001o.chunk'
TRACE: ChunkLoader: Loaded chunk 'spaces/highlands/000d0000o.chunk'
TRACE: ChunkLoader: Loaded chunk 'spaces/highlands/0003fff6o.chunk'
TRACE: ChunkLoader: Loaded chunk 'spaces/highlands/fffffffao.chunk'
TRACE: ChunkLoader: Loaded chunk 'spaces/highlands/0009fff6o.chunk'
TRACE: ChunkLoader: Loaded chunk 'spaces/highlands/00090004o.chunk'
TRACE: ChunkLoader: Loaded chunk 'spaces/highlands/000afff9o.chunk'
TRACE: ChunkLoader: Loaded chunk 'spaces/highlands/00030002o.chunk'
TRACE: ChunkLoader: Loaded chunk 'spaces/highlands/00030004o.chunk'
TRACE: ChunkLoader: Loaded chunk 'spaces/highlands/0001fff7o.chunk'
TRACE: ChunkLoader: Loaded chunk 'spaces/highlands/000c0002o.chunk'
TRACE: ChunkLoader: Loaded chunk 'spaces/highlands/00000002o.chunk'
TRACE: ChunkLoader: Loaded chunk 'spaces/highlands/00010003o.chunk'
TRACE: ChunkLoader: Loaded chunk 'spaces/highlands/000bfff7o.chunk'
TRACE: ChunkLoader: Loaded chunk 'spaces/highlands/000b0003o.chunk'
TRACE: ChunkLoader: Loaded chunk 'spaces/highlands/0000fff8o.chunk'
TRACE: ChunkLoader: Loaded chunk 'spaces/highlands/000cfff8o.chunk'
TRACE: ChunkLoader: Loaded chunk 'spaces/highlands/0006fff5o.chunk'
TRACE: ChunkLoader: Loaded chunk 'spaces/highlands/00060005o.chunk'
TRACE: ChunkLoader: Loaded chunk 'spaces/highlands/fffefffdo.chunk'
TRACE: ChunkLoader: Loaded chunk 'spaces/highlands/000efffdo.chunk'
TRACE: ChunkLoader: Loaded chunk 'spaces/highlands/00070005o.chunk'
TRACE: ChunkLoader: Loaded chunk 'spaces/highlands/000dfff9o.chunk'
TRACE: ChunkLoader: Loaded chunk 'spaces/highlands/00050005o.chunk'
TRACE: ChunkLoader: Loaded chunk 'spaces/highlands/0005fff5o.chunk'
TRACE: ChunkLoader: Loaded chunk 'spaces/highlands/ffff0001o.chunk'
TRACE: ChunkLoader: Loaded chunk 'spaces/highlands/00020004o.chunk'
TRACE: ChunkLoader: Loaded chunk 'spaces/highlands/0007fff5o.chunk'
TRACE: ChunkLoader: Loaded chunk 'spaces/highlands/000afff6o.chunk'
TRACE: ChunkLoader: Loaded chunk 'spaces/highlands/0002fff6o.chunk'
TRACE: ChunkLoader: Loaded chunk 'spaces/highlands/000a0004o.chunk'
TRACE: ChunkLoader: Loaded chunk 'spaces/highlands/fffefffco.chunk'
TRACE: ChunkLoader: Loaded chunk 'spaces/highlands/fffffff9o.chunk'
TRACE: ChunkLoader: Loaded chunk 'spaces/highlands/fffefffeo.chunk'
TRACE: ChunkLoader: Loaded chunk 'spaces/highlands/000d0001o.chunk'
TRACE: ChunkLoader: Loaded chunk 'spaces/highlands/000efffco.chunk'
TRACE: ChunkLoader: Loaded chunk 'spaces/highlands/000efffeo.chunk'
TRACE: ChunkLoader: Loaded chunk 'spaces/highlands/fffeffffo.chunk'
TRACE: ChunkLoader: Loaded chunk 'spaces/highlands/0008fff5o.chunk'
TRACE: ChunkLoader: Loaded chunk 'spaces/highlands/fffefffbo.chunk'
TRACE: ChunkLoader: Loaded chunk 'spaces/highlands/00080005o.chunk'
TRACE: ChunkLoader: Loaded chunk 'spaces/highlands/0004fff5o.chunk'
TRACE: ChunkLoader: Loaded chunk 'spaces/highlands/00040005o.chunk'
TRACE: ChunkLoader: Loaded chunk 'spaces/highlands/000efffbo.chunk'
TRACE: ChunkLoader: Loaded chunk 'spaces/highlands/000effffo.chunk'
TRACE: ChunkLoader: Loaded chunk 'spaces/highlands/000cfff7o.chunk'
TRACE: ChunkLoader: Loaded chunk 'spaces/highlands/000c0003o.chunk'
TRACE: ChunkLoader: Loaded chunk 'spaces/highlands/00000003o.chunk'
TRACE: ChunkLoader: Loaded chunk 'spaces/highlands/0000fff7o.chunk'
TRACE: ChunkLoader: Loaded chunk 'spaces/highlands/00090005o.chunk'
TRACE: ChunkLoader: Loaded chunk 'spaces/highlands/fffefffao.chunk'
TRACE: ChunkLoader: Loaded chunk 'spaces/highlands/fffe0000o.chunk'
TRACE: ChunkLoader: Loaded chunk 'spaces/highlands/0003fff5o.chunk'
TRACE: ChunkLoader: Loaded chunk 'spaces/highlands/00030005o.chunk'
TRACE: ChunkLoader: Loaded chunk 'spaces/highlands/0009fff5o.chunk'
TRACE: ChunkLoader: Loaded chunk 'spaces/highlands/000efffao.chunk'
TRACE: ChunkLoader: Loaded chunk 'spaces/highlands/000e0000o.chunk'
TRACE: ChunkLoader: Loaded chunk 'spaces/highlands/000d0002o.chunk'
TRACE: ChunkLoader: Loaded chunk 'spaces/highlands/fffffff8o.chunk'
TRACE: ChunkLoader: Loaded chunk 'spaces/highlands/0001fff6o.chunk'
TRACE: ChunkLoader: Loaded chunk 'spaces/highlands/00010004o.chunk'
TRACE: ChunkLoader: Loaded chunk 'spaces/highlands/000bfff6o.chunk'
TRACE: ChunkLoader: Loaded chunk 'spaces/highlands/000dfff8o.chunk'
TRACE: ChunkLoader: Loaded chunk 'spaces/highlands/ffff0002o.chunk'
TRACE: ChunkLoader: Loaded chunk 'spaces/highlands/000b0004o.chunk'
TRACE: ChunkLoader: Loaded chunk 'spaces/highlands/000efff9o.chunk'
TRACE: ChunkLoader: Loaded chunk 'spaces/highlands/000afff5o.chunk'
TRACE: ChunkLoader: Loaded chunk 'spaces/highlands/000a0005o.chunk'
TRACE: ChunkLoader: Loaded chunk 'spaces/highlands/fffefff9o.chunk'
TRACE: ChunkLoader: Loaded chunk 'spaces/highlands/fffe0001o.chunk'
TRACE: ChunkLoader: Loaded chunk 'spaces/highlands/0002fff5o.chunk'
TRACE: ChunkLoader: Loaded chunk 'spaces/highlands/00020005o.chunk'
TRACE: ChunkLoader: Loaded chunk 'spaces/highlands/000e0001o.chunk'
TRACE: ChunkLoader: Loaded chunk 'spaces/highlands/000ffffdo.chunk'
TRACE: ChunkLoader: Loaded chunk 'spaces/highlands/0006fff4o.chunk'
TRACE: ChunkLoader: Loaded chunk 'spaces/highlands/00060006o.chunk'
TRACE: ChunkLoader: Loaded chunk 'spaces/highlands/0009fff8o.chunk'
TRACE: ChunkLoader: Loaded chunk 'spaces/highlands/00050006o.chunk'
TRACE: ChunkLoader: Loaded chunk 'spaces/highlands/0005fff4o.chunk'
TRACE: ChunkLoader: Loaded chunk 'spaces/highlands/000ffffco.chunk'
TRACE: ChunkLoader: Loaded chunk 'spaces/highlands/0007fff4o.chunk'
TRACE: ChunkLoader: Loaded chunk 'spaces/highlands/0000fffdo.chunk'
TRACE: ChunkLoader: Loaded chunk 'spaces/highlands/00070006o.chunk'
TRACE: ChunkLoader: Loaded chunk 'spaces/highlands/000ffffeo.chunk'
TRACE: ChunkLoader: Loaded chunk 'spaces/highlands/fffdfffco.chunk'
TRACE: ChunkLoader: Loaded chunk 'spaces/highlands/fffdfffeo.chunk'
TRACE: ChunkLoader: Loaded chunk 'spaces/highlands/00080006o.chunk'
TRACE: ChunkLoader: Loaded chunk 'spaces/highlands/fffdffffo.chunk'
TRACE: ChunkLoader: Loaded chunk 'spaces/highlands/0000fff6o.chunk'
TRACE: ChunkLoader: Loaded chunk 'spaces/highlands/000d0003o.chunk'
TRACE: ChunkLoader: Loaded chunk 'spaces/highlands/000ffffbo.chunk'
TRACE: ChunkLoader: Loaded chunk 'spaces/highlands/00000004o.chunk'
TRACE: ChunkLoader: Loaded chunk 'spaces/highlands/ffff0003o.chunk'
TRACE: ChunkLoader: Loaded chunk 'spaces/highlands/0004fff4o.chunk'
TRACE: ChunkLoader: Loaded chunk 'spaces/highlands/000dfff7o.chunk'
TRACE: ChunkLoader: Loaded chunk 'spaces/highlands/0008fff4o.chunk'
TRACE: ChunkLoader: Loaded chunk 'spaces/highlands/00040006o.chunk'
TRACE: ChunkLoader: Loaded chunk 'spaces/highlands/fffffff7o.chunk'
TRACE: ChunkLoader: Loaded chunk 'spaces/highlands/000c0004o.chunk'
TRACE: ChunkLoader: Loaded chunk 'spaces/highlands/000cfff6o.chunk'
TRACE: ChunkLoader: Loaded chunk 'spaces/highlands/000fffffo.chunk'
TRACE: ChunkLoader: Loaded chunk 'spaces/highlands/fffdfffbo.chunk'
TRACE: ChunkLoader: Loaded chunk 'spaces/highlands/fffefff8o.chunk'
TRACE: ChunkLoader: Loaded chunk 'spaces/highlands/fffe0002o.chunk'
TRACE: ChunkLoader: Loaded chunk 'spaces/highlands/000efff8o.chunk'
TRACE: ChunkLoader: Loaded chunk 'spaces/highlands/000bfff5o.chunk'
TRACE: ChunkLoader: Loaded chunk 'spaces/highlands/0001fff5o.chunk'
TRACE: ChunkLoader: Loaded chunk 'spaces/highlands/00010005o.chunk'
TRACE: ChunkLoader: Loaded chunk 'spaces/highlands/000b0005o.chunk'
TRACE: ChunkLoader: Loaded chunk 'spaces/highlands/000e0002o.chunk'
TRACE: ChunkLoader: Loaded chunk 'spaces/highlands/000f0000o.chunk'
TRACE: ChunkLoader: Loaded chunk 'spaces/highlands/0009fff4o.chunk'
TRACE: ChunkLoader: Loaded chunk 'spaces/highlands/00090006o.chunk'
TRACE: ChunkLoader: Loaded chunk 'spaces/highlands/0003fff4o.chunk'
TRACE: ChunkLoader: Loaded chunk 'spaces/highlands/00030006o.chunk'
TRACE: ChunkLoader: Loaded chunk 'spaces/highlands/fffdfffao.chunk'
TRACE: ChunkLoader: Loaded chunk 'spaces/highlands/000ffffao.chunk'
TRACE: ChunkLoader: Loaded chunk 'spaces/highlands/fffd0000o.chunk'
TRACE: ChunkLoader: Loaded chunk 'spaces/highlands/000ffff9o.chunk'
TRACE: ChunkLoader: Loaded chunk 'spaces/highlands/000a0006o.chunk'
TRACE: ChunkLoader: Loaded chunk 'spaces/highlands/fffd0001o.chunk'
TRACE: ChunkLoader: Loaded chunk 'spaces/highlands/000afff4o.chunk'
TRACE: ChunkLoader: Loaded chunk 'spaces/highlands/00020006o.chunk'
TRACE: ChunkLoader: Loaded chunk 'spaces/highlands/0002fff4o.chunk'
TRACE: ChunkLoader: Loaded chunk 'spaces/highlands/000f0001o.chunk'
TRACE: ChunkLoader: Loaded chunk 'spaces/highlands/fffdfff9o.chunk'
TRACE: ChunkLoader: Loaded chunk 'spaces/highlands/ffff0004o.chunk'
TRACE: ChunkLoader: Loaded chunk 'spaces/highlands/fffffff6o.chunk'
TRACE: ChunkLoader: Loaded chunk 'spaces/highlands/000d0004o.chunk'
TRACE: ChunkLoader: Loaded chunk 'spaces/highlands/000dfff6o.chunk'
TRACE: ChunkLoader: Loaded chunk 'spaces/highlands/000c0005o.chunk'
TRACE: ChunkLoader: Loaded chunk 'spaces/highlands/000cfff5o.chunk'
TRACE: ChunkLoader: Loaded chunk 'spaces/highlands/0006fff3o.chunk'
TRACE: ChunkLoader: Loaded chunk 'spaces/highlands/fffefff7o.chunk'
TRACE: ChunkLoader: Loaded chunk 'spaces/highlands/00060007o.chunk'
TRACE: ChunkLoader: Loaded chunk 'spaces/highlands/fffe0003o.chunk'
TRACE: ChunkLoader: Loaded chunk 'spaces/highlands/000e0003o.chunk'
TRACE: ChunkLoader: Loaded chunk 'spaces/highlands/00000005o.chunk'
TRACE: ChunkLoader: Loaded chunk 'spaces/highlands/0000fff5o.chunk'
TRACE: ChunkLoader: Loaded chunk 'spaces/highlands/000efff7o.chunk'
TRACE: ChunkLoader: Loaded chunk 'spaces/highlands/fffcfffeo.chunk'
TRACE: ChunkLoader: Loaded chunk 'spaces/highlands/fffcfffco.chunk'
TRACE: ChunkLoader: Loaded chunk 'spaces/highlands/00070007o.chunk'
TRACE: ChunkLoader: Loaded chunk 'spaces/highlands/0007fff3o.chunk'
TRACE: ChunkLoader: Loaded chunk 'spaces/highlands/0005fff3o.chunk'
TRACE: ChunkLoader: Loaded chunk 'spaces/highlands/00050007o.chunk'
TRACE: ChunkLoader: Loaded chunk 'spaces/highlands/00080007o.chunk'
TRACE: ChunkLoader: Loaded chunk 'spaces/highlands/fffcffffo.chunk'
TRACE: ChunkLoader: Loaded chunk 'spaces/highlands/0004fff3o.chunk'
TRACE: ChunkLoader: Loaded chunk 'spaces/highlands/fffcfffbo.chunk'
TRACE: ChunkLoader: Loaded chunk 'spaces/highlands/00040007o.chunk'
TRACE: ChunkLoader: Loaded chunk 'spaces/highlands/0008fff3o.chunk'
TRACE: ChunkLoader: Loaded chunk 'spaces/highlands/000b0006o.chunk'
TRACE: ChunkLoader: Loaded chunk 'spaces/highlands/fffd0002o.chunk'
TRACE: ChunkLoader: Loaded chunk 'spaces/highlands/fffdfff8o.chunk'
TRACE: ChunkLoader: Loaded chunk 'spaces/highlands/000bfff4o.chunk'
TRACE: ChunkLoader: Loaded chunk 'spaces/highlands/000f0002o.chunk'
TRACE: ChunkLoader: Loaded chunk 'spaces/highlands/0001fff4o.chunk'
TRACE: ChunkLoader: Loaded chunk 'spaces/highlands/000ffff8o.chunk'
TRACE: ChunkLoader: Loaded chunk 'spaces/highlands/0006fff7o.chunk'
TRACE: ChunkLoader: Loaded chunk 'spaces/highlands/00010006o.chunk'
TRACE: ChunkLoader: Loaded chunk 'spaces/highlands/00090007o.chunk'
TRACE: ChunkLoader: Loaded chunk 'spaces/highlands/fffc0000o.chunk'
TRACE: ChunkLoader: Loaded chunk 'spaces/highlands/fffcfffao.chunk'
TRACE: ChunkLoader: Loaded chunk 'spaces/highlands/0003fff3o.chunk'
TRACE: ChunkLoader: Loaded chunk 'spaces/highlands/0009fff3o.chunk'
TRACE: ChunkLoader: Loaded chunk 'spaces/highlands/0000fffeo.chunk'
TRACE: ChunkLoader: Loaded chunk 'spaces/highlands/ffff0005o.chunk'
TRACE: ChunkLoader: Loaded chunk 'spaces/highlands/0000fffco.chunk'
TRACE: ChunkLoader: Loaded chunk 'spaces/highlands/0005fff7o.chunk'
TRACE: ChunkLoader: Loaded chunk 'spaces/highlands/000cfffbo.chunk'
TRACE: ChunkLoader: Loaded chunk 'spaces/highlands/00am0032i.chunk'
TRACE: ChunkLoader: Loaded chunk 'spaces/highlands/00am0034i.chunk'
TRACE: ChunkLoader: Loaded chunk 'spaces/highlands/000dfffeo.chunk'
TRACE: ChunkLoader: Loaded chunk 'spaces/highlands/000a0003o.chunk'
TRACE: ChunkLoader: Loaded chunk 'spaces/highlands/000dffffo.chunk'
TRACE: ChunkLoader: Loaded chunk 'spaces/highlands/0008fff6o.chunk'
TRACE: ChunkLoader: Loaded chunk 'spaces/highlands/ffffffffo.chunk'
TRACE: ChunkLoader: Loaded chunk 'spaces/highlands/ffff0000o.chunk'
TRACE: ChunkLoader: Loaded chunk 'spaces/highlands/0000fff4o.chunk'
TRACE: ChunkLoader: Loaded chunk 'spaces/highlands/fffdfffdo.chunk'
TRACE: ChunkLoader: Loaded chunk 'spaces/highlands/fffcfffdo.chunk'
TRACE: ChunkLoader: Loaded chunk 'spaces/highlands/00030007o.chunk'
TRACE: ChunkLoader: Loaded chunk 'spaces/highlands/000dfff5o.chunk'
TRACE: ChunkLoader: Loaded chunk 'spaces/highlands/fffefff6o.chunk'
TRACE: ChunkLoader: Loaded chunk 'spaces/highlands/fffe0004o.chunk'
TRACE: ChunkLoader: Loaded chunk 'spaces/highlands/fffffff5o.chunk'
TRACE: ChunkLoader: Loaded chunk 'spaces/highlands/000d0005o.chunk'
TRACE: ChunkLoader: Loaded chunk 'spaces/highlands/000efff6o.chunk'
TRACE: ChunkLoader: Loaded chunk 'spaces/highlands/000e0004o.chunk'
TRACE: ChunkLoader: Loaded chunk 'spaces/highlands/fffcfff9o.chunk'
TRACE: ChunkLoader: Loaded chunk 'spaces/highlands/000f0003o.chunk'
TRACE: ChunkLoader: Loaded chunk 'spaces/highlands/00060008o.chunk'
TRACE: ChunkLoader: Loaded chunk 'spaces/highlands/000a0007o.chunk'
TRACE: ChunkLoader: Loaded chunk 'spaces/highlands/000afff3o.chunk'
TRACE: ChunkLoader: Loaded chunk 'spaces/highlands/fffc0001o.chunk'
TRACE: ChunkLoader: Loaded chunk 'spaces/highlands/00020007o.chunk'
TRACE: ChunkLoader: Loaded chunk 'spaces/highlands/00080008o.chunk'
TRACE: ChunkLoader: Loaded chunk 'spaces/highlands/0002fff3o.chunk'
TRACE: ChunkLoader: Loaded chunk 'spaces/highlands/fffd0003o.chunk'
TRACE: ChunkLoader: Loaded chunk 'spaces/highlands/000c0006o.chunk'
TRACE: ChunkLoader: Loaded chunk 'spaces/highlands/00000006o.chunk'
TRACE: ChunkLoader: Loaded chunk 'spaces/highlands/00040008o.chunk'
TRACE: ChunkLoader: Loaded chunk 'spaces/highlands/fffdfff7o.chunk'
TRACE: ChunkLoader: Loaded chunk 'spaces/highlands/000ffff7o.chunk'
TRACE: ChunkLoader: Loaded chunk 'spaces/highlands/000cfff4o.chunk'
TRACE: ChunkLoader: Loaded chunk 'spaces/highlands/fffbfffdo.chunk'
TRACE: ChunkLoader: Loaded chunk 'spaces/highlands/0006fff2o.chunk'
TRACE: ChunkLoader: Loaded chunk 'spaces/highlands/fffcfff8o.chunk'
TRACE: ChunkLoader: Loaded chunk 'spaces/highlands/fffbfffco.chunk'
TRACE: ChunkLoader: Loaded chunk 'spaces/highlands/0005fff2o.chunk'
TRACE: ChunkLoader: Loaded chunk 'spaces/highlands/00070008o.chunk'
TRACE: ChunkLoader: Loaded chunk 'spaces/highlands/fffbfffeo.chunk'
TRACE: ChunkLoader: Loaded chunk 'spaces/highlands/0007fff2o.chunk'
TRACE: ChunkLoader: Loaded chunk 'spaces/highlands/00050008o.chunk'
TRACE: ChunkLoader: Loaded chunk 'spaces/highlands/0008fff2o.chunk'
TRACE: ChunkLoader: Loaded chunk 'spaces/highlands/0001fff3o.chunk'
TRACE: ChunkLoader: Loaded chunk 'spaces/highlands/00010007o.chunk'
TRACE: ChunkLoader: Loaded chunk 'spaces/highlands/fffbfffbo.chunk'
TRACE: ChunkLoader: Loaded chunk 'spaces/highlands/fffc0002o.chunk'
TRACE: ChunkLoader: Loaded chunk 'spaces/highlands/0004fff2o.chunk'
TRACE: ChunkLoader: Loaded chunk 'spaces/highlands/fffbffffo.chunk'
TRACE: ChunkLoader: Loaded chunk 'spaces/highlands/000bfff3o.chunk'
TRACE: ChunkLoader: Loaded chunk 'spaces/highlands/000b0007o.chunk'
INFO: UAL Manager - Waiting for the Thumbnail Manager to stop ...
INFO: UAL Manager - ... Thumbnail Manager stopped
TRACE: BgTaskManager::stopAll: Waiting for threads: 1
TRACE: BgTaskManager::onThreadFinished: Thread finished. 0 remaining
DEBUG: Calling WorldEditor Destructor
DEBUG: ChunkSpace::clear: Clearing space 6
DEBUG: ChunkSpace::delMapping: Comdemned spaces/highlands/ in space 6
DEBUG: DELETING LIGHT MAP 19b4f990
DEBUG: DELETING LIGHT MAP 17003880
TRACE: deleting tree type speedtree/Broadleaves/agarwoodcluster/bwAgarwoodCluster_RT.spt
TRACE: deleting tree type speedtree/Broadleaves/american_elm_noleaves/AmericanElm_RT_noleaves.spt
TRACE: deleting tree type speedtree/Broadleaves/crab_apple/bwcrabapple_rt_flowers.spt
TRACE: deleting tree type speedtree/Broadleaves/umprellathorn/UmbrellaThorn_RT.spt
TRACE: deleting tree type speedtree/Conifers/bluespruce_noleaves/BlueSpruce_RT_Winter.spt
TRACE: deleting tree type speedtree/Conifers/douglas_fir/DouglasFir_RT.spt
TRACE: deleting tree type speedtree/Conifers/douglas_fir_full/DouglasFir_RT_Full.spt
TRACE: deleting tree type speedtree/Conifers/giant_redwood/GiantRedwood_small_rt.spt
TRACE: deleting tree type speedtree/Conifers/italian_cypress/ItalianCypress_RT.spt
TRACE: deleting tree type speedtree/Conifers/italian_stonepine/ItalianStonePine_RT_1.spt
TRACE: deleting tree type speedtree/Conifers/monterey_cypress/MontereyCypress_RT.spt
TRACE: deleting tree type speedtree/Palms_Cacti_Cycads/joshua_tree/JoshuaTree_RT.spt
TRACE: deleting tree type speedtree/shrubs_flowers/american_boxwood/AmericanBoxwood_RT.spt
TRACE: deleting tree type speedtree/shrubs_flowers/boston_fern/BostonFern_RT.spt
TRACE: deleting tree type speedtree/shrubs_flowers/cinnamon_fern/CinnamonFern_RT.spt
TRACE: deleting tree type speedtree/shrubs_flowers/elephant_ear/ElephantEar_RT.spt
WARNING: SimpleGUIComponent: Destroying GUI component before construction or after destruction of SimpleGUI, possible python leak.
INFO: Destroying SimulationManager

/------------------------------------------------------------------------------------------\
BigWorld World Editor  (compiled at Oct  9 2010 at 05:55:08)starting on 11/05/20 23:21:38

INFO: Registering factory for binding
INFO: Registering factory for entity
INFO: Registering factory for flare
INFO: Registering factory for directionalLight
INFO: Registering factory for omniLight
INFO: Registering factory for spotLight
INFO: Registering factory for pulseLight
INFO: Registering factory for ambientLight
INFO: Registering factory for marker
INFO: Registering factory for marker_cluster
INFO: Registering factory for metaData
INFO: Registering factory for model
INFO: Registering factory for shell
INFO: Registering factory for particles
INFO: Registering factory for station
INFO: Registering factory for speedtree
INFO: Registering factory for UserDataObject
INFO: Registering factory for vlo
INFO: Registering factory for water
INFO: Registering factory for particles
INFO: AnimationChannel: registered type 5
INFO: AnimationChannel: registered type 0
INFO: AnimationChannel: registered type 1
INFO: AnimationChannel: registered type 3
INFO: AnimationChannel: registered type 4
INFO: AnimationChannel: registered type 7
INFO: AnimationChannel: registered type 2
INFO: AnimationChannel: registered type 6
INFO: Registering factory for terrain
INFO: Registering factory for vlo
INFO: Registering factory for flare
INFO: Registering factory for directionalLight
INFO: Registering factory for omniLight
INFO: Registering factory for spotLight
INFO: Registering factory for pulseLight
INFO: Registering factory for ambientLight
INFO: Registering factory for station
INFO: Registering factory for speedtree
INFO: Registering factory for model
INFO: Registering factory for shell
INFO: Registering factory for binding
INFO: Registering factory for marker
INFO: Registering factory for marker_cluster
INFO: Registering factory for overlapper
INFO: Registering factory for PyPhase
INFO: Registering factory for PyFilterQuad
INFO: Registering factory for PyCopyBackBuffer
INFO: Registering factory for PyVisualTransferMesh
INFO: Registering factory for PyPointSpriteTransferMesh
INFO: Registering factory for PyTransferQuad
INFO: Registering factory for flora
DEBUG: Loading.. C:/BigWorld_2.0.1/BigWorld/bigworld/tools/worldeditor/paths.xml
INFO: Added res path: "C:/BigWorld_2.0.1/BigWorld/fantasydemo/res" (from paths.xml).
INFO: Added res path: "C:/BigWorld_2.0.1/BigWorld/bigworld/res" (from paths.xml).
INFO: BWResource::initCommon: Version is 2.0.1
INFO: Options file is C:\BigWorld_2.0.1\BigWorld\bigworld\tools\worldeditor\options.xml
TRACE: DataResource::load: C:\BigWorld_2.0.1\BigWorld\bigworld\tools\worldeditor\options.xml
INFO: Added res path: "C:/BigWorld_2.0.1/BigWorld/bigworld/tools/worldeditor"
DEBUG: Joystick::init: Joystick not found
INFO: InputDevices::InputDevices: Joystick failed to initialise
NOTICE: ATI compatibility selected
INFO: GraphicsSetting::init - the graphics card/driver matches so we don't autodetect settings
INFO: This adapter supports A8R8G8B8 back buffers
INFO: RenderContext::createDevice - available texture memory after create: 1830813696
DEBUG: Moo: Changed mode: 1596 795
DEBUG: EffectManager::addIncludePaths - adding include path shaders/std_effects/
DEBUG: EffectManager::addIncludePaths - adding include path shaders/terrain/
INFO: Material Kinds loaded from system/data/material_kinds.xml
INFO: Created Font Texture Map system_tiny.font.dds [512 x 32]
INFO: Created Font Texture Map system_small.font.dds [512 x 32]
INFO: Created Font Texture Map system_medium.font.dds [512 x 32]
INFO: Created Font Texture Map system_large.font.dds [512 x 32]
INFO: Real path is C:/BigWorld_2.0.1/BigWorld/fantasydemo/res/audio\
INFO: SoundManager::initialise: Loaded sound project fd_sound
INFO: SoundManager::initialise: Starting preload of sound bank main
INFO: FixedDictDataType::setCustomClassFunctions: AuctionDataTypes.auctionDataInstance
INFO: FixedDictDataType::setCustomClassFunctions: AuctionDataTypes.auctionsDataInstance
INFO: EntityDescription::parseProperties: property Guard.health is being overridden.
INFO: EntityDescription::parseProperties: property Guard.maxHealth is being overridden.
INFO: Highest exposed counts:
INFO: 	Avatar: client top-level property count = 21. Efficient to 61 (limit is 256)
INFO: 	Avatar: client method count = 49. Efficient to 62 (limit is 15872)
INFO: 	Avatar: base method count = 20. Efficient to 62 (limit is 15872)
INFO: 	Avatar: cell method count = 36. Efficient to 62 (limit is 15872)
INFO: 
INFO: EditorEntityType constructor - Importing editor entity scripts
INFO: EditorEntityType - no editor script found for Account
INFO: EditorEntityType - no editor script found for AuctionHouse
INFO: EditorEntityType - no editor script found for Avatar
INFO: EditorEntityType - no editor script found for Button
INFO: EditorEntityType - no editor script found for Fog
INFO: EditorEntityType - no editor script found for IndoorMapInfo
INFO: EditorEntityType - no editor script found for LightGuard
INFO: EditorEntityType - no editor script found for RespawnManager
INFO: EditorEntityType - no editor script found for Reverb
INFO: EditorEntityType - no editor script found for SoundEmitter
INFO: EditorEntityType - no editor script found for TED
INFO: EditorEntityType - no editor script found for TradingSupervisor
INFO: EditorEntityType - no editor script found for VehicleExample
INFO: EditorEntityType - no editor script found for XMPPEventNotifier
INFO: UserDataObjectDescription::parseProperties: property testItem.testOverrideProperty is being overridden.
INFO: EditorUserDataObjectType constructor - Importing editor UserDataObject scripts
INFO: Flora::vbSize - reduced memory usage to 4987500, due to alignment requirements
INFO: Flora::vbSize - 133 triangles per flora block
INFO: Flora::vbSize - 4870 KB used for vertex buffer
INFO: FloraTexture::init - texture(8192,256), blocks(16,1), blocksize(512,256)
DEBUG: ChunkSpace::addMapping: Adding spaces/highlands at (0.000000,0.000000,0.000000) xaxis (1.000000,0.000000,0.000000) to space 1
TRACE: ChunkManager::autoBootstrapSeedChunk: seed chunk NULL so starting search
INFO: Initialising SimulationManager
DEBUG: cloud map darkness 0.65
INFO: Created Font Texture Map default_medium.font.dds [512 x 32]
SCRIPT: PostProcessing.init()
TRACE: DataResource::load: resources/data/terrain_paint_strengths.xml
INFO: Created Font Texture Map default_small.font.dds [512 x 32]
ACTION: 03F5BA08
ACTION: 040012A0
INFO: Flora::vbSize - reduced memory usage to 4987500, due to alignment requirements
INFO: Flora::vbSize - 133 triangles per flora block
INFO: Flora::vbSize - 4870 KB used for vertex buffer
DEBUG: PythonAdapter was loaded correctly
INFO: EntityDescription::parseProperties: property Guard.health is being overridden.
INFO: EntityDescription::parseProperties: property Guard.maxHealth is being overridden.
INFO: Highest exposed counts:
INFO: 	Avatar: client top-level property count = 21. Efficient to 61 (limit is 256)
INFO: 	Avatar: client method count = 49. Efficient to 62 (limit is 15872)
INFO: 	Avatar: base method count = 20. Efficient to 62 (limit is 15872)
INFO: 	Avatar: cell method count = 36. Efficient to 62 (limit is 15872)
INFO: 
INFO: UserDataObjectDescription::parseProperties: property testItem.testOverrideProperty is being overridden.
INFO: This adapter supports A8R8G8B8 back buffers
INFO: RenderContext::changeMode - trying to reset 
INFO: RenderContext::changeMode - available texture memory after reset: 1836056576
DEBUG: Moo: Changed mode: 1291 731
INFO: Flora::vbSize - reduced memory usage to 4987500, due to alignment requirements
INFO: Flora::vbSize - 133 triangles per flora block
INFO: Flora::vbSize - 4870 KB used for vertex buffer
INFO: SoundManager::registerSoundBank: Sound bank 'main' registered successfully
INFO: ZAttenuationOccluder - sharing PostProcessing render target
DEBUG: ChunkSpace::clear: Clearing space 1
DEBUG: ChunkSpace::delMapping: Comdemned spaces/highlands/ in space 1
INFO: Flora::vbSize - reduced memory usage to 4987500, due to alignment requirements
INFO: Flora::vbSize - 133 triangles per flora block
INFO: Flora::vbSize - 4870 KB used for vertex buffer
INFO: FloraTexture::init - texture(8192,256), blocks(16,1), blocksize(512,256)
DEBUG: ChunkSpace::addMapping: Adding spaces/eval_empty at (0.000000,0.000000,0.000000) xaxis (1.000000,0.000000,0.000000) to space 2
TRACE: ChunkManager::autoBootstrapSeedChunk: seed chunk determined: 00000000o
DEBUG: DELETING LIGHT MAP b518c50
DEBUG: DELETING LIGHT MAP 3fb9610
DEBUG: cloud map darkness 0.65
TRACE: ChunkManager::autoBootstrapSeedChunk: seed chunk NULL so starting search
SCRIPT: PostProcessing: total memory used by default RenderTargets : 0.00 MB
INFO: No node selected
INFO: No node selected
TRACE: ChunkManager::autoBootstrapSeedChunk: seed chunk determined: 00000000o
TRACE: ChunkManager::autoBootstrapSeedChunk: seed chunk submitted for loading
TRACE: ChunkLoader: Loaded chunk 'spaces/eval_empty/00000000o.chunk'
TRACE: ChunkManager::autoBootstrapSeedChunk: seed chunk NULL so starting search
TRACE: ChunkLoader: Loaded chunk 'spaces/eval_empty/ffff0000o.chunk'
TRACE: ChunkLoader: Loaded chunk 'spaces/eval_empty/0001ffffo.chunk'
TRACE: ChunkLoader: Loaded chunk 'spaces/eval_empty/ffff0001o.chunk'
TRACE: ChunkLoader: Loaded chunk 'spaces/eval_empty/00000001o.chunk'
TRACE: ChunkLoader: Loaded chunk 'spaces/eval_empty/0000fffeo.chunk'
TRACE: ChunkLoader: Loaded chunk 'spaces/eval_empty/00020000o.chunk'
TRACE: ChunkLoader: Loaded chunk 'spaces/eval_empty/ffff0002o.chunk'
TRACE: ChunkLoader: Loaded chunk 'spaces/eval_empty/00010002o.chunk'
TRACE: ChunkLoader: Loaded chunk 'spaces/eval_empty/fffeffffo.chunk'
TRACE: ChunkLoader: Loaded chunk 'spaces/eval_empty/fffffffeo.chunk'
TRACE: ChunkLoader: Loaded chunk 'spaces/eval_empty/fffe0001o.chunk'
TRACE: ChunkLoader: Loaded chunk 'spaces/eval_empty/0001fffeo.chunk'
TRACE: ChunkLoader: Loaded chunk 'spaces/eval_empty/0002ffffo.chunk'
TRACE: ChunkLoader: Loaded chunk 'spaces/eval_empty/00020001o.chunk'
TRACE: ChunkLoader: Loaded chunk 'spaces/eval_empty/fffefffeo.chunk'
TRACE: ChunkLoader: Loaded chunk 'spaces/eval_empty/00020002o.chunk'
TRACE: ChunkLoader: Loaded chunk 'spaces/eval_empty/fffe0002o.chunk'
TRACE: ChunkLoader: Loaded chunk 'spaces/eval_empty/0002fffeo.chunk'
TRACE: ChunkLoader: Loaded chunk 'spaces/eval_empty/0000fffdo.chunk'
TRACE: ChunkLoader: Loaded chunk 'spaces/eval_empty/00030000o.chunk'
TRACE: ChunkLoader: Loaded chunk 'spaces/eval_empty/fffd0000o.chunk'
TRACE: ChunkLoader: Loaded chunk 'spaces/eval_empty/00000003o.chunk'
TRACE: ChunkLoader: Loaded chunk 'spaces/eval_empty/ffff0003o.chunk'
TRACE: ChunkLoader: Loaded chunk 'spaces/eval_empty/00010003o.chunk'
TRACE: ChunkLoader: Loaded chunk 'spaces/eval_empty/00030001o.chunk'
TRACE: ChunkLoader: Loaded chunk 'spaces/eval_empty/fffd0001o.chunk'
TRACE: ChunkLoader: Loaded chunk 'spaces/eval_empty/fffdffffo.chunk'
TRACE: ChunkLoader: Loaded chunk 'spaces/eval_empty/fffffffdo.chunk'
TRACE: ChunkLoader: Loaded chunk 'spaces/eval_empty/0001fffdo.chunk'
TRACE: ChunkLoader: Loaded chunk 'spaces/eval_empty/0003ffffo.chunk'
TRACE: ChunkLoader: Loaded chunk 'spaces/eval_empty/fffdfffeo.chunk'
TRACE: ChunkLoader: Loaded chunk 'spaces/eval_empty/fffe0003o.chunk'
TRACE: ChunkLoader: Loaded chunk 'spaces/eval_empty/00030002o.chunk'
TRACE: ChunkLoader: Loaded chunk 'spaces/eval_empty/0002fffdo.chunk'
TRACE: ChunkLoader: Loaded chunk 'spaces/eval_empty/00020003o.chunk'
TRACE: ChunkLoader: Loaded chunk 'spaces/eval_empty/0003fffeo.chunk'
TRACE: ChunkLoader: Loaded chunk 'spaces/eval_empty/fffd0002o.chunk'
TRACE: ChunkLoader: Loaded chunk 'spaces/eval_empty/00040000o.chunk'
TRACE: ChunkLoader: Loaded chunk 'spaces/eval_empty/fffc0000o.chunk'
TRACE: ChunkLoader: Loaded chunk 'spaces/eval_empty/0000fffco.chunk'
TRACE: ChunkLoader: Loaded chunk 'spaces/eval_empty/00000004o.chunk'
TRACE: ChunkLoader: Loaded chunk 'spaces/eval_empty/ffff0004o.chunk'
TRACE: ChunkLoader: Loaded chunk 'spaces/eval_empty/00010004o.chunk'
TRACE: ChunkLoader: Loaded chunk 'spaces/eval_empty/fffffffco.chunk'
TRACE: ChunkLoader: Loaded chunk 'spaces/eval_empty/00040001o.chunk'
TRACE: ChunkLoader: Loaded chunk 'spaces/eval_empty/0001fffco.chunk'
TRACE: ChunkLoader: Loaded chunk 'spaces/eval_empty/0004ffffo.chunk'
TRACE: ChunkLoader: Loaded chunk 'spaces/eval_empty/fffcffffo.chunk'
TRACE: ChunkLoader: Loaded chunk 'spaces/eval_empty/fffc0001o.chunk'
TRACE: ChunkLoader: Loaded chunk 'spaces/eval_empty/00030003o.chunk'
TRACE: ChunkLoader: Loaded chunk 'spaces/eval_empty/0003fffdo.chunk'
TRACE: ChunkLoader: Loaded chunk 'spaces/eval_empty/fffd0003o.chunk'
TRACE: ChunkLoader: Loaded chunk 'spaces/eval_empty/fffdfffdo.chunk'
TRACE: ChunkLoader: Loaded chunk 'spaces/eval_empty/0002fffco.chunk'
TRACE: ChunkLoader: Loaded chunk 'spaces/eval_empty/0004fffeo.chunk'
TRACE: ChunkLoader: Loaded chunk 'spaces/eval_empty/00020004o.chunk'
TRACE: ChunkLoader: Loaded chunk 'spaces/eval_empty/00040002o.chunk'
TRACE: ChunkLoader: Loaded chunk 'spaces/eval_empty/fffcfffeo.chunk'
TRACE: ChunkLoader: Loaded chunk 'spaces/eval_empty/fffc0002o.chunk'
TRACE: ChunkLoader: Loaded chunk 'spaces/eval_empty/fffefffco.chunk'
TRACE: ChunkLoader: Loaded chunk 'spaces/eval_empty/fffe0004o.chunk'
TRACE: ChunkLoader: Loaded chunk 'spaces/eval_empty/fffb0000o.chunk'
TRACE: ChunkLoader: Loaded chunk 'spaces/eval_empty/fffc0003o.chunk'
TRACE: ChunkLoader: Loaded chunk 'spaces/eval_empty/0003fffco.chunk'
TRACE: ChunkLoader: Loaded chunk 'spaces/eval_empty/fffd0004o.chunk'
TRACE: ChunkLoader: Loaded chunk 'spaces/eval_empty/00040003o.chunk'
TRACE: ChunkLoader: Loaded chunk 'spaces/eval_empty/0000fffbo.chunk'
TRACE: ChunkLoader: Loaded chunk 'spaces/eval_empty/fffcfffdo.chunk'
TRACE: ChunkLoader: Loaded chunk 'spaces/eval_empty/00030004o.chunk'
TRACE: ChunkLoader: Loaded chunk 'spaces/eval_empty/0004fffdo.chunk'
TRACE: ChunkLoader: Loaded chunk 'spaces/eval_empty/fffdfffco.chunk'
TRACE: ChunkLoader: Loaded chunk 'spaces/eval_empty/fffbffffo.chunk'
TRACE: ChunkLoader: Loaded chunk 'spaces/eval_empty/fffffffbo.chunk'
TRACE: ChunkLoader: Loaded chunk 'spaces/eval_empty/0001fffbo.chunk'
TRACE: ChunkLoader: Loaded chunk 'spaces/eval_empty/fffb0001o.chunk'
TRACE: ChunkLoader: Loaded chunk 'spaces/eval_empty/fffefffbo.chunk'
TRACE: ChunkLoader: Loaded chunk 'spaces/eval_empty/fffbfffeo.chunk'
TRACE: ChunkLoader: Loaded chunk 'spaces/eval_empty/fffb0002o.chunk'
TRACE: ChunkLoader: Loaded chunk 'spaces/eval_empty/00040004o.chunk'
TRACE: ChunkLoader: Loaded chunk 'spaces/eval_empty/fffc0004o.chunk'
TRACE: ChunkLoader: Loaded chunk 'spaces/eval_empty/fffcfffco.chunk'
TRACE: ChunkLoader: Loaded chunk 'spaces/eval_empty/0004fffco.chunk'
TRACE: ChunkLoader: Loaded chunk 'spaces/eval_empty/fffdfffbo.chunk'
TRACE: ChunkLoader: Loaded chunk 'spaces/eval_empty/0003fffbo.chunk'
TRACE: ChunkLoader: Loaded chunk 'spaces/eval_empty/fffbfffdo.chunk'
TRACE: ChunkLoader: Loaded chunk 'spaces/eval_empty/fffb0003o.chunk'
TRACE: ChunkLoader: Loaded chunk 'spaces/eval_empty/0004fffbo.chunk'
TRACE: ChunkLoader: Loaded chunk 'spaces/eval_empty/fffb0004o.chunk'
TRACE: ChunkLoader: Loaded chunk 'spaces/eval_empty/fffbfffco.chunk'
TRACE: ChunkLoader: Loaded chunk 'spaces/eval_empty/fffbfffbo.chunk'
TRACE: ChunkLoader: Loaded chunk 'spaces/eval_empty/00010000o.chunk'
TRACE: ChunkLoader: Loaded chunk 'spaces/eval_empty/0000ffffo.chunk'
WARNING: WinFileSystem: Case mismatch opening C:/BigWorld_2.0.1/BigWorld/fantasydemo/res/speedtree/shrubs_flowers/american_boxwood/compositemap_Diffuse.dds (CompositeMap_Diffuse.dds)
WARNING: WinFileSystem: Case mismatch opening C:/BigWorld_2.0.1/BigWorld/fantasydemo/res/speedtree/shrubs_flowers/american_boxwood/compositemap_Normal.dds (CompositeMap_Normal.dds)
TRACE: ChunkLoader: Loaded chunk 'spaces/eval_empty/ffffffffo.chunk'
TRACE: ChunkLoader: Loaded chunk 'spaces/eval_empty/00010001o.chunk'
TRACE: ChunkLoader: Loaded chunk 'spaces/eval_empty/00000002o.chunk'
TRACE: ChunkLoader: Loaded chunk 'spaces/eval_empty/fffe0000o.chunk'
TRACE: ChunkLoader: Loaded chunk 'spaces/eval_empty/fffefffdo.chunk'
TRACE: ChunkLoader: Loaded chunk 'spaces/eval_empty/0002fffbo.chunk'
TRACE: ChunkLoader: Loaded chunk 'spaces/eval_empty/fffcfffbo.chunk'
INFO: No node selected
INFO: No node selected
SCRIPT: setBrowsePath scripts/entity_defs/VehicleExample.def
ACTION: 129230B8
SCRIPT: setBrowsePath scripts/entity_defs/VehicleExample.def
ACTION: 04109878
ACTION: 04062320
CRITICAL: 1291CAE8
ACTION: 04048FA8
TRACE: StationGraph::saveAll
CRITICAL: 129405A0
INFO: Flora::vbSize - reduced memory usage to 4987500, due to alignment requirements
INFO: Flora::vbSize - 133 triangles per flora block
INFO: Flora::vbSize - 4870 KB used for vertex buffer
INFO: Flora::vbSize - reduced memory usage to 4987500, due to alignment requirements
INFO: Flora::vbSize - 133 triangles per flora block
INFO: Flora::vbSize - 4870 KB used for vertex buffer
INFO: This adapter supports A8R8G8B8 back buffers
INFO: RenderContext::changeMode - trying to reset 
INFO: RenderContext::changeMode - available texture memory after reset: 1836056576
DEBUG: Moo: Changed mode: 1291 731
INFO: Flora::vbSize - reduced memory usage to 4987500, due to alignment requirements
INFO: Flora::vbSize - 133 triangles per flora block
INFO: Flora::vbSize - 4870 KB used for vertex buffer
INFO: This adapter supports A8R8G8B8 back buffers
INFO: RenderContext::changeMode - trying to reset 
INFO: RenderContext::changeMode - available texture memory after reset: 1836056576
DEBUG: Moo: Changed mode: 1291 731
INFO: Flora::vbSize - reduced memory usage to 4987500, due to alignment requirements
INFO: Flora::vbSize - 133 triangles per flora block
INFO: Flora::vbSize - 4870 KB used for vertex buffer
INFO: This adapter supports A8R8G8B8 back buffers
INFO: RenderContext::changeMode - trying to reset 
INFO: RenderContext::changeMode - available texture memory after reset: 1836056576
DEBUG: Moo: Changed mode: 1291 731
INFO: Flora::vbSize - reduced memory usage to 4987500, due to alignment requirements
INFO: Flora::vbSize - 133 triangles per flora block
INFO: Flora::vbSize - 4870 KB used for vertex buffer
INFO: This adapter supports A8R8G8B8 back buffers
INFO: RenderContext::changeMode - trying to reset 
INFO: RenderContext::changeMode - available texture memory after reset: 1836056576
DEBUG: Moo: Changed mode: 1291 731
INFO: Flora::vbSize - reduced memory usage to 4987500, due to alignment requirements
INFO: Flora::vbSize - 133 triangles per flora block
INFO: Flora::vbSize - 4870 KB used for vertex buffer
INFO: This adapter supports A8R8G8B8 back buffers
INFO: RenderContext::changeMode - trying to reset 
INFO: RenderContext::changeMode - available texture memory after reset: 1836056576
DEBUG: Moo: Changed mode: 1291 731
INFO: Flora::vbSize - reduced memory usage to 4987500, due to alignment requirements
INFO: Flora::vbSize - 133 triangles per flora block
INFO: Flora::vbSize - 4870 KB used for vertex buffer
INFO: UAL Manager - Waiting for the Thumbnail Manager to stop ...
INFO: UAL Manager - ... Thumbnail Manager stopped
TRACE: BgTaskManager::stopAll: Waiting for threads: 1
TRACE: BgTaskManager::onThreadFinished: Thread finished. 0 remaining
DEBUG: Calling WorldEditor Destructor
DEBUG: ChunkSpace::clear: Clearing space 2
DEBUG: ChunkSpace::delMapping: Comdemned spaces/eval_empty/ in space 2
DEBUG: DELETING LIGHT MAP b30b1d8
DEBUG: DELETING LIGHT MAP 4050b10
TRACE: deleting tree type speedtree/shrubs_flowers/american_boxwood/AmericanBoxwood_RT.spt
WARNING: SimpleGUIComponent: Destroying GUI component before construction or after destruction of SimpleGUI, possible python leak.
INFO: Destroying SimulationManager

/------------------------------------------------------------------------------------------\
BigWorld World Editor  (compiled at Oct  9 2010 at 05:55:08)starting on 11/07/20 11:17:56

INFO: Registering factory for binding
INFO: Registering factory for entity
INFO: Registering factory for flare
INFO: Registering factory for directionalLight
INFO: Registering factory for omniLight
INFO: Registering factory for spotLight
INFO: Registering factory for pulseLight
INFO: Registering factory for ambientLight
INFO: Registering factory for marker
INFO: Registering factory for marker_cluster
INFO: Registering factory for metaData
INFO: Registering factory for model
INFO: Registering factory for shell
INFO: Registering factory for particles
INFO: Registering factory for station
INFO: Registering factory for speedtree
INFO: Registering factory for UserDataObject
INFO: Registering factory for vlo
INFO: Registering factory for water
INFO: Registering factory for particles
INFO: AnimationChannel: registered type 5
INFO: AnimationChannel: registered type 0
INFO: AnimationChannel: registered type 1
INFO: AnimationChannel: registered type 3
INFO: AnimationChannel: registered type 4
INFO: AnimationChannel: registered type 7
INFO: AnimationChannel: registered type 2
INFO: AnimationChannel: registered type 6
INFO: Registering factory for terrain
INFO: Registering factory for vlo
INFO: Registering factory for flare
INFO: Registering factory for directionalLight
INFO: Registering factory for omniLight
INFO: Registering factory for spotLight
INFO: Registering factory for pulseLight
INFO: Registering factory for ambientLight
INFO: Registering factory for station
INFO: Registering factory for speedtree
INFO: Registering factory for model
INFO: Registering factory for shell
INFO: Registering factory for binding
INFO: Registering factory for marker
INFO: Registering factory for marker_cluster
INFO: Registering factory for overlapper
INFO: Registering factory for PyPhase
INFO: Registering factory for PyFilterQuad
INFO: Registering factory for PyCopyBackBuffer
INFO: Registering factory for PyVisualTransferMesh
INFO: Registering factory for PyPointSpriteTransferMesh
INFO: Registering factory for PyTransferQuad
INFO: Registering factory for flora
DEBUG: Loading.. C:/BigWorld_2.0.1/BigWorld/bigworld/tools/worldeditor/paths.xml
INFO: Added res path: "C:/BigWorld_2.0.1/BigWorld/fantasydemo/res" (from paths.xml).
INFO: Added res path: "C:/BigWorld_2.0.1/BigWorld/bigworld/res" (from paths.xml).
INFO: BWResource::initCommon: Version is 2.0.1
INFO: Options file is C:\BigWorld_2.0.1\BigWorld\bigworld\tools\worldeditor\options.xml
TRACE: DataResource::load: C:\BigWorld_2.0.1\BigWorld\bigworld\tools\worldeditor\options.xml
INFO: Added res path: "C:/BigWorld_2.0.1/BigWorld/bigworld/tools/worldeditor"
DEBUG: Joystick::init: Joystick not found
INFO: InputDevices::InputDevices: Joystick failed to initialise
NOTICE: ATI compatibility selected
INFO: GraphicsSetting::init - the graphics card/driver matches so we don't autodetect settings
INFO: This adapter supports A8R8G8B8 back buffers
INFO: RenderContext::createDevice - available texture memory after create: 1830813696
DEBUG: Moo: Changed mode: 1596 795
DEBUG: EffectManager::addIncludePaths - adding include path shaders/std_effects/
DEBUG: EffectManager::addIncludePaths - adding include path shaders/terrain/
INFO: Material Kinds loaded from system/data/material_kinds.xml
INFO: Created Font Texture Map system_tiny.font.dds [512 x 32]
INFO: Created Font Texture Map system_small.font.dds [512 x 32]
INFO: Created Font Texture Map system_medium.font.dds [512 x 32]
INFO: Created Font Texture Map system_large.font.dds [512 x 32]
INFO: Real path is C:/BigWorld_2.0.1/BigWorld/fantasydemo/res/audio\
INFO: SoundManager::initialise: Loaded sound project fd_sound
INFO: SoundManager::initialise: Starting preload of sound bank main
INFO: FixedDictDataType::setCustomClassFunctions: AuctionDataTypes.auctionDataInstance
INFO: FixedDictDataType::setCustomClassFunctions: AuctionDataTypes.auctionsDataInstance
INFO: EntityDescription::parseProperties: property Guard.health is being overridden.
INFO: EntityDescription::parseProperties: property Guard.maxHealth is being overridden.
INFO: Highest exposed counts:
INFO: 	Avatar: client top-level property count = 21. Efficient to 61 (limit is 256)
INFO: 	Avatar: client method count = 49. Efficient to 62 (limit is 15872)
INFO: 	Avatar: base method count = 20. Efficient to 62 (limit is 15872)
INFO: 	Avatar: cell method count = 36. Efficient to 62 (limit is 15872)
INFO: 
INFO: EditorEntityType constructor - Importing editor entity scripts
INFO: EditorEntityType - no editor script found for Account
INFO: EditorEntityType - no editor script found for AuctionHouse
INFO: EditorEntityType - no editor script found for Avatar
INFO: EditorEntityType - no editor script found for Button
INFO: EditorEntityType - no editor script found for Fog
INFO: EditorEntityType - no editor script found for IndoorMapInfo
INFO: EditorEntityType - no editor script found for LightGuard
INFO: EditorEntityType - no editor script found for RespawnManager
INFO: EditorEntityType - no editor script found for Reverb
INFO: EditorEntityType - no editor script found for SoundEmitter
INFO: EditorEntityType - no editor script found for TED
INFO: EditorEntityType - no editor script found for TradingSupervisor
INFO: EditorEntityType - no editor script found for VehicleExample
INFO: EditorEntityType - no editor script found for XMPPEventNotifier
INFO: UserDataObjectDescription::parseProperties: property testItem.testOverrideProperty is being overridden.
INFO: EditorUserDataObjectType constructor - Importing editor UserDataObject scripts
INFO: Flora::vbSize - reduced memory usage to 4987500, due to alignment requirements
INFO: Flora::vbSize - 133 triangles per flora block
INFO: Flora::vbSize - 4870 KB used for vertex buffer
INFO: FloraTexture::init - texture(8192,256), blocks(16,1), blocksize(512,256)
DEBUG: ChunkSpace::addMapping: Adding spaces/eval_empty at (0.000000,0.000000,0.000000) xaxis (1.000000,0.000000,0.000000) to space 1
TRACE: ChunkManager::autoBootstrapSeedChunk: seed chunk NULL so starting search
INFO: Initialising SimulationManager
DEBUG: cloud map darkness 0.65
INFO: Created Font Texture Map default_medium.font.dds [512 x 32]
SCRIPT: PostProcessing.init()
TRACE: DataResource::load: resources/data/terrain_paint_strengths.xml
INFO: Created Font Texture Map default_small.font.dds [512 x 32]
ACTION: 03E73838
ACTION: 03EFB6F8
INFO: Flora::vbSize - reduced memory usage to 4987500, due to alignment requirements
INFO: Flora::vbSize - 133 triangles per flora block
INFO: Flora::vbSize - 4870 KB used for vertex buffer
DEBUG: PythonAdapter was loaded correctly
INFO: EntityDescription::parseProperties: property Guard.health is being overridden.
INFO: EntityDescription::parseProperties: property Guard.maxHealth is being overridden.
INFO: Highest exposed counts:
INFO: 	Avatar: client top-level property count = 21. Efficient to 61 (limit is 256)
INFO: 	Avatar: client method count = 49. Efficient to 62 (limit is 15872)
INFO: 	Avatar: base method count = 20. Efficient to 62 (limit is 15872)
INFO: 	Avatar: cell method count = 36. Efficient to 62 (limit is 15872)
INFO: 
INFO: UserDataObjectDescription::parseProperties: property testItem.testOverrideProperty is being overridden.
INFO: This adapter supports A8R8G8B8 back buffers
INFO: RenderContext::changeMode - trying to reset 
INFO: RenderContext::changeMode - available texture memory after reset: 1836056576
DEBUG: Moo: Changed mode: 1291 731
INFO: Flora::vbSize - reduced memory usage to 4987500, due to alignment requirements
INFO: Flora::vbSize - 133 triangles per flora block
INFO: Flora::vbSize - 4870 KB used for vertex buffer
INFO: SoundManager::registerSoundBank: Sound bank 'main' registered successfully
INFO: ZAttenuationOccluder - sharing PostProcessing render target
INFO: UAL Manager - Waiting for the Thumbnail Manager to stop ...
INFO: UAL Manager - ... Thumbnail Manager stopped
TRACE: BgTaskManager::stopAll: Waiting for threads: 1
TRACE: BgTaskManager::onThreadFinished: Thread finished. 0 remaining
DEBUG: Calling WorldEditor Destructor
DEBUG: ChunkSpace::clear: Clearing space 1
DEBUG: ChunkSpace::delMapping: Comdemned spaces/eval_empty/ in space 1
DEBUG: DELETING LIGHT MAP b366180
DEBUG: DELETING LIGHT MAP 3ec3210
WARNING: SimpleGUIComponent: Destroying GUI component before construction or after destruction of SimpleGUI, possible python leak.
INFO: Destroying SimulationManager
