04/20/2016 - 20:44:11 : ---------------------------------------------------------------
04/20/2016 - 20:44:11 : NavGen Run Started ...
04/20/2016 - 20:44:11 : Logging to : E:\My data\BigWorld2.0\BigWorld\bwart\bigworld\tools\misc\navgen.log
04/20/2016 - 20:44:13 : SpeedTree authorisation failed
04/20/2016 - 20:44:13 : bwlockd: not using bwlockd
04/20/2016 - 20:44:14 : Error loading tree: speedtree/Broadleaves/crab_apple/bwcrabapple_rt_flowers.spt: License Error: [Key expired on September 01, 2011]
04/20/2016 - 20:44:14 : Error loading tree: speedtree/shrubs_flowers/boston_fern/BostonFern_RT.spt: License Error: [Key expired on September 01, 2011]
04/20/2016 - 20:44:14 : Error loading tree: speedtree/shrubs_flowers/boston_fern/BostonFern_RT.spt: License Error: [Key expired on September 01, 2011]
04/20/2016 - 20:44:14 : Error loading tree: speedtree/shrubs_flowers/boston_fern/BostonFern_RT.spt: License Error: [Key expired on September 01, 2011]
04/20/2016 - 20:44:14 : Error loading tree: speedtree/shrubs_flowers/cinnamon_fern/CinnamonFern_RT.spt: License Error: [Key expired on September 01, 2011]
04/20/2016 - 20:44:14 : Error loading tree: speedtree/Conifers/douglas_fir_full/DouglasFir_RT_Full.spt: License Error: [Key expired on September 01, 2011]
04/20/2016 - 20:44:14 : Error loading tree: speedtree/Broadleaves/crab_apple/bwcrabapple_rt_flowers.spt: License Error: [Key expired on September 01, 2011]
04/20/2016 - 20:44:14 : Error loading tree: speedtree/shrubs_flowers/boston_fern/BostonFern_RT.spt: License Error: [Key expired on September 01, 2011]
04/20/2016 - 20:44:14 : Error loading tree: speedtree/Broadleaves/crab_apple/bwcrabapple_rt_flowers.spt: License Error: [Key expired on September 01, 2011]
04/20/2016 - 20:44:14 : Error loading tree: speedtree/shrubs_flowers/boston_fern/BostonFern_RT.spt: License Error: [Key expired on September 01, 2011]
04/20/2016 - 20:44:14 : Error loading tree: speedtree/Conifers/douglas_fir_full/DouglasFir_RT_Full.spt: License Error: [Key expired on September 01, 2011]
04/20/2016 - 20:44:14 : Error loading tree: speedtree/Conifers/douglas_fir_full/DouglasFir_RT_Full.spt: License Error: [Key expired on September 01, 2011]
04/20/2016 - 20:44:14 : Error loading tree: speedtree/Conifers/douglas_fir/DouglasFir_RT.spt: License Error: [Key expired on September 01, 2011]
04/20/2016 - 20:44:15 : Error loading tree: speedtree/Conifers/douglas_fir_full/DouglasFir_RT_Full.spt: License Error: [Key expired on September 01, 2011]
04/20/2016 - 20:44:15 : Error loading tree: speedtree/shrubs_flowers/cinnamon_fern/CinnamonFern_RT.spt: License Error: [Key expired on September 01, 2011]
04/20/2016 - 20:44:15 : Error loading tree: speedtree/shrubs_flowers/boston_fern/BostonFern_RT.spt: License Error: [Key expired on September 01, 2011]
04/20/2016 - 20:44:15 : Error loading tree: speedtree/shrubs_flowers/cinnamon_fern/CinnamonFern_RT.spt: License Error: [Key expired on September 01, 2011]
04/20/2016 - 20:44:15 : Error loading tree: speedtree/shrubs_flowers/cinnamon_fern/CinnamonFern_RT.spt: License Error: [Key expired on September 01, 2011]
04/20/2016 - 20:44:15 : Error loading tree: speedtree/shrubs_flowers/cinnamon_fern/CinnamonFern_RT.spt: License Error: [Key expired on September 01, 2011]
04/20/2016 - 20:44:15 : Error loading tree: speedtree/shrubs_flowers/boston_fern/BostonFern_RT.spt: License Error: [Key expired on September 01, 2011]
04/20/2016 - 20:44:15 : Error loading tree: speedtree/shrubs_flowers/cinnamon_fern/CinnamonFern_RT.spt: License Error: [Key expired on September 01, 2011]
04/20/2016 - 20:44:15 : Error loading tree: speedtree/shrubs_flowers/cinnamon_fern/CinnamonFern_RT.spt: License Error: [Key expired on September 01, 2011]
04/20/2016 - 20:44:15 : Error loading tree: speedtree/shrubs_flowers/boston_fern/BostonFern_RT.spt: License Error: [Key expired on September 01, 2011]
04/20/2016 - 20:44:15 : Error loading tree: speedtree/shrubs_flowers/cinnamon_fern/CinnamonFern_RT.spt: License Error: [Key expired on September 01, 2011]
04/20/2016 - 20:44:15 : Error loading tree: speedtree/shrubs_flowers/cinnamon_fern/CinnamonFern_RT.spt: License Error: [Key expired on September 01, 2011]
04/20/2016 - 20:44:15 : Error loading tree: speedtree/shrubs_flowers/cinnamon_fern/CinnamonFern_RT.spt: License Error: [Key expired on September 01, 2011]
04/20/2016 - 20:44:15 : Error loading tree: speedtree/shrubs_flowers/boston_fern/BostonFern_RT.spt: License Error: [Key expired on September 01, 2011]
04/20/2016 - 20:44:15 : Error loading tree: speedtree/shrubs_flowers/boston_fern/BostonFern_RT.spt: License Error: [Key expired on September 01, 2011]
04/20/2016 - 20:44:15 : Error loading tree: speedtree/shrubs_flowers/cinnamon_fern/CinnamonFern_RT.spt: License Error: [Key expired on September 01, 2011]
04/20/2016 - 20:44:15 : Error loading tree: speedtree/shrubs_flowers/boston_fern/BostonFern_RT.spt: License Error: [Key expired on September 01, 2011]
04/20/2016 - 20:44:15 : Error loading tree: speedtree/Conifers/douglas_fir/DouglasFir_RT.spt: License Error: [Key expired on September 01, 2011]
04/20/2016 - 20:44:15 : Error loading tree: speedtree/Broadleaves/crab_apple/bwcrabapple_rt_flowers.spt: License Error: [Key expired on September 01, 2011]
04/20/2016 - 20:44:15 : Error loading tree: speedtree/shrubs_flowers/cinnamon_fern/CinnamonFern_RT.spt: License Error: [Key expired on September 01, 2011]
04/20/2016 - 20:44:15 : Error loading tree: speedtree/shrubs_flowers/boston_fern/BostonFern_RT.spt: License Error: [Key expired on September 01, 2011]
04/20/2016 - 20:44:15 : Error loading tree: speedtree/shrubs_flowers/boston_fern/BostonFern_RT.spt: License Error: [Key expired on September 01, 2011]
04/20/2016 - 20:44:15 : Error loading tree: speedtree/shrubs_flowers/cinnamon_fern/CinnamonFern_RT.spt: License Error: [Key expired on September 01, 2011]
04/20/2016 - 20:44:15 : Error loading tree: speedtree/shrubs_flowers/boston_fern/BostonFern_RT.spt: License Error: [Key expired on September 01, 2011]
04/20/2016 - 20:44:15 : Error loading tree: speedtree/shrubs_flowers/cinnamon_fern/CinnamonFern_RT.spt: License Error: [Key expired on September 01, 2011]
04/20/2016 - 20:44:15 : Error loading tree: speedtree/shrubs_flowers/cinnamon_fern/CinnamonFern_RT.spt: License Error: [Key expired on September 01, 2011]
04/20/2016 - 20:44:15 : Error loading tree: speedtree/shrubs_flowers/boston_fern/BostonFern_RT.spt: License Error: [Key expired on September 01, 2011]
04/20/2016 - 20:44:15 : Error loading tree: speedtree/shrubs_flowers/boston_fern/BostonFern_RT.spt: License Error: [Key expired on September 01, 2011]
04/20/2016 - 20:44:15 : Error loading tree: speedtree/Conifers/douglas_fir/DouglasFir_RT.spt: License Error: [Key expired on September 01, 2011]
04/20/2016 - 20:44:15 : Error loading tree: speedtree/shrubs_flowers/boston_fern/BostonFern_RT.spt: License Error: [Key expired on September 01, 2011]
04/20/2016 - 20:44:15 : Error loading tree: speedtree/shrubs_flowers/boston_fern/BostonFern_RT.spt: License Error: [Key expired on September 01, 2011]
04/20/2016 - 20:44:15 : Error loading tree: speedtree/shrubs_flowers/boston_fern/BostonFern_RT.spt: License Error: [Key expired on September 01, 2011]
04/20/2016 - 20:44:15 : Error loading tree: speedtree/Conifers/douglas_fir/DouglasFir_RT.spt: License Error: [Key expired on September 01, 2011]
04/20/2016 - 20:44:15 : Error loading tree: speedtree/shrubs_flowers/boston_fern/BostonFern_RT.spt: License Error: [Key expired on September 01, 2011]
04/20/2016 - 20:44:15 : Error loading tree: speedtree/Conifers/douglas_fir/DouglasFir_RT.spt: License Error: [Key expired on September 01, 2011]
04/20/2016 - 20:44:15 : Error loading tree: speedtree/Broadleaves/crab_apple/bwcrabapple_rt_flowers.spt: License Error: [Key expired on September 01, 2011]
04/20/2016 - 20:44:15 : Error loading tree: speedtree/shrubs_flowers/boston_fern/BostonFern_RT.spt: License Error: [Key expired on September 01, 2011]
04/20/2016 - 20:44:15 : Error loading tree: speedtree/shrubs_flowers/cinnamon_fern/CinnamonFern_RT.spt: License Error: [Key expired on September 01, 2011]
04/20/2016 - 20:44:15 : Error loading tree: speedtree/shrubs_flowers/cinnamon_fern/CinnamonFern_RT.spt: License Error: [Key expired on September 01, 2011]
04/20/2016 - 20:44:16 : Error loading tree: speedtree/shrubs_flowers/boston_fern/BostonFern_RT.spt: License Error: [Key expired on September 01, 2011]
04/20/2016 - 20:44:16 : Error loading tree: speedtree/shrubs_flowers/cinnamon_fern/CinnamonFern_RT.spt: License Error: [Key expired on September 01, 2011]
04/20/2016 - 20:44:16 : Error loading tree: speedtree/shrubs_flowers/boston_fern/BostonFern_RT.spt: License Error: [Key expired on September 01, 2011]
04/20/2016 - 20:44:16 : Error loading tree: speedtree/shrubs_flowers/cinnamon_fern/CinnamonFern_RT.spt: License Error: [Key expired on September 01, 2011]
04/20/2016 - 20:44:16 : Error loading tree: speedtree/shrubs_flowers/boston_fern/BostonFern_RT.spt: License Error: [Key expired on September 01, 2011]
04/20/2016 - 20:44:16 : Error loading tree: speedtree/shrubs_flowers/boston_fern/BostonFern_RT.spt: License Error: [Key expired on September 01, 2011]
04/20/2016 - 20:44:16 : Error loading tree: speedtree/shrubs_flowers/cinnamon_fern/CinnamonFern_RT.spt: License Error: [Key expired on September 01, 2011]
04/20/2016 - 20:44:16 : Error loading tree: speedtree/shrubs_flowers/cinnamon_fern/CinnamonFern_RT.spt: License Error: [Key expired on September 01, 2011]
04/20/2016 - 20:44:16 : Chunk::load: Failed to load chunk 0006fffdo: Failed to load tree speedtree/Broadleaves/crab_apple/bwcrabapple_rt_flowers.spt, Failed to load tree speedtree/shrubs_flowers/boston_fern/BostonFern_RT.spt, Failed to load tree speedtree/shrubs_flowers/boston_fern/BostonFern_RT.spt, Failed to load tree speedtree/shrubs_flowers/boston_fern/BostonFern_RT.spt, Failed to load tree speedtree/shrubs_flowers/cinnamon_fern/CinnamonFern_RT.spt, Failed to load tree speedtree/Conifers/douglas_fir_full/DouglasFir_RT_Full.spt, Failed to load tree speedtree/Broadleaves/crab_apple/bwcrabapple_rt_flowers.spt, Failed to load tree speedtree/shrubs_flowers/boston_fern/BostonFern_RT.spt, Failed to load tree speedtree/Broadleaves/crab_apple/bwcrabapple_rt_flowers.spt, Failed to load tree speedtree/shrubs_flowers/boston_fern/BostonFern_RT.spt, Failed to load tree speedtree/Conifers/douglas_fir_full/DouglasFir_RT_Full.spt, Failed to load tree speedtree/Conifers/douglas_fir_full/DouglasFir_RT_Full.spt, Failed to load tree speedtree/Conifers/douglas_fir/DouglasFir_RT.spt, Failed to load tree speedtree/Conifers/douglas_fir_full/DouglasFir_RT_Full.spt, Failed to load tree speedtree/shrubs_flowers/cinnamon_fern/CinnamonFern_RT.spt, Failed to load tree speedtree/shrubs_flowers/boston_fern/BostonFern_RT.spt, Failed to load tree speedtree/shrubs_flowers/cinnamon_fern/CinnamonFern_RT.spt, Failed to load tree speedtree/shrubs_flowers/cinnamon_fern/CinnamonFern_RT.spt, Failed to load tree speedtree/shrubs_flowers/cinnamon_fern/CinnamonFern_RT.spt, Failed to load tree speedtree/shrubs_flowers/boston_fern/BostonFern_RT.spt, Failed to load tree speedtree/shrubs_flowers/cinnamon_fern/CinnamonFern_RT.spt, Failed to load tree speedtree/shrubs_flowers/cinnamon_fern/CinnamonFern_RT.spt, Failed to load tree speedtree/shrubs_flowers/boston_fern/BostonFern_RT.spt, Failed to load tree speedtree/shrubs_flowers/cinnamon_fern/CinnamonFern_RT.spt, Failed to load tree speedtree/shrubs_flowers/cinnamon_fern/CinnamonFern_RT.spt, Failed to load tree speedtree/shrubs_flowers/cinnamon_fern/CinnamonFern_RT.spt, Failed to load tree speedtree/shrubs_flowers/boston_fern/BostonFern_RT.spt, Failed to load tree speedtree/shrubs_flowers/boston_fern/BostonFern_RT.spt, Failed to load tree speedtree/shrubs_flowers/cinnamon_fern/CinnamonFern_RT.spt, Failed to load tree speedtree/shrubs_flowers/boston_fern/BostonFern_RT.spt, Failed to load tree speedtree/Conifers/douglas_fir/DouglasFir_RT.spt, Failed to load tree speedtree/Broadleaves/crab_apple/bwcrabapple_rt_flowers.spt, Failed to load tree speedtree/shrubs_flowers/cinnamon_fern/CinnamonFern_RT.spt, Failed to load tree speedtree/shrubs_flowers/boston_fern/BostonFern_RT.spt, Failed to load tree speedtree/shrubs_flowers/boston_fern/BostonFern_RT.spt, Failed to load tree speedtree/shrubs_flowers/cinnamon_fern/CinnamonFern_RT.spt, Failed to load tree speedtree/shrubs_flowers/boston_fern/BostonFern_RT.spt, Failed to load tree speedtree/shrubs_flowers/cinnamon_fern/CinnamonFern_RT.spt, Failed to load tree speedtree/shrubs_flowers/cinnamon_fern/CinnamonFern_RT.spt, Failed to load tree speedtree/shrubs_flowers/boston_fern/BostonFern_RT.spt, Failed to load tree speedtree/shrubs_flowers/boston_fern/BostonFern_RT.spt, Failed to load tree speedtree/Conifers/douglas_fir/DouglasFir_RT.spt, Failed to load tree speedtree/shrubs_flowers/boston_fern/BostonFern_RT.spt, Failed to load tree speedtree/shrubs_flowers/boston_fern/BostonFern_RT.spt, Failed to load tree speedtree/shrubs_flowers/boston_fern/BostonFern_RT.spt, Failed to load tree speedtree/Conifers/douglas_fir/DouglasFir_RT.spt, Failed to load tree speedtree/shrubs_flowers/boston_fern/BostonFern_RT.spt, Failed to load tree speedtree/Conifers/douglas_fir/DouglasFir_RT.spt, Failed to load tree speedtree/Broadleaves/crab_apple/bwcrabapple_rt_flowers.spt, Failed to load tree speedtree/shrubs_flowers/boston_fern/BostonFern_RT.spt, Failed to load tree speedtree/shrubs_flowers/cinnamon_fern/CinnamonFern_RT.spt, Failed to load tree speedtree/shrubs_flowers/cinnamon_fern/CinnamonFern_RT.spt, Failed to load tree speedtree/shrubs_flowers/boston_fern/BostonFern_RT.spt, Failed to load tree speedtree/shrubs_flowers/cinnamon_fern/CinnamonFern_RT.spt, Failed to load tree speedtree/shrubs_flowers/boston_fern/BostonFern_RT.spt, Failed to load tree speedtree/shrubs_flowers/cinnamon_fern/CinnamonFern_RT.spt, Failed to load tree speedtree/shrubs_flowers/boston_fern/BostonFern_RT.spt, Failed to load tree speedtree/shrubs_flowers/boston_fern/BostonFern_RT.spt, Failed to load tree speedtree/shrubs_flowers/cinnamon_fern/CinnamonFern_RT.spt, Failed to load tree speedtree/shrubs_flowers/cinnamon_fern/CinnamonFern_RT.spt
04/20/2016 - 20:44:17 : Error loading tree: speedtree/Conifers/italian_stonepine/ItalianStonePine_RT_1.spt: License Error: [Key expired on September 01, 2011]
04/20/2016 - 20:44:17 : Error loading tree: speedtree/Broadleaves/umprellathorn/UmbrellaThorn_RT.spt: License Error: [Key expired on September 01, 2011]
04/20/2016 - 20:44:17 : Error loading tree: speedtree/Conifers/monterey_cypress/MontereyCypress_RT.spt: License Error: [Key expired on September 01, 2011]
04/20/2016 - 20:44:17 : Error loading tree: speedtree/Broadleaves/umprellathorn/UmbrellaThorn_RT.spt: License Error: [Key expired on September 01, 2011]
04/20/2016 - 20:44:17 : Error loading tree: speedtree/Broadleaves/umprellathorn/UmbrellaThorn_RT.spt: License Error: [Key expired on September 01, 2011]
04/20/2016 - 20:44:17 : Error loading tree: speedtree/Conifers/monterey_cypress/MontereyCypress_RT.spt: License Error: [Key expired on September 01, 2011]
04/20/2016 - 20:44:17 : Error loading tree: speedtree/Conifers/monterey_cypress/MontereyCypress_RT.spt: License Error: [Key expired on September 01, 2011]
04/20/2016 - 20:44:17 : Error loading tree: speedtree/Broadleaves/crab_apple/bwcrabapple_rt_flowers.spt: License Error: [Key expired on September 01, 2011]
04/20/2016 - 20:44:17 : Error loading tree: speedtree/shrubs_flowers/boston_fern/BostonFern_RT.spt: License Error: [Key expired on September 01, 2011]
04/20/2016 - 20:44:17 : Error loading tree: speedtree/shrubs_flowers/cinnamon_fern/CinnamonFern_RT.spt: License Error: [Key expired on September 01, 2011]
04/20/2016 - 20:44:17 : Error loading tree: speedtree/shrubs_flowers/boston_fern/BostonFern_RT.spt: License Error: [Key expired on September 01, 2011]
04/20/2016 - 20:44:17 : Error loading tree: speedtree/Broadleaves/crab_apple/bwcrabapple_rt_flowers.spt: License Error: [Key expired on September 01, 2011]
04/20/2016 - 20:44:17 : Error loading tree: speedtree/shrubs_flowers/boston_fern/BostonFern_RT.spt: License Error: [Key expired on September 01, 2011]
04/20/2016 - 20:44:17 : Error loading tree: speedtree/shrubs_flowers/boston_fern/BostonFern_RT.spt: License Error: [Key expired on September 01, 2011]
04/20/2016 - 20:44:17 : Error loading tree: speedtree/shrubs_flowers/boston_fern/BostonFern_RT.spt: License Error: [Key expired on September 01, 2011]
04/20/2016 - 20:44:17 : Error loading tree: speedtree/shrubs_flowers/boston_fern/BostonFern_RT.spt: License Error: [Key expired on September 01, 2011]
04/20/2016 - 20:44:17 : Error loading tree: speedtree/shrubs_flowers/cinnamon_fern/CinnamonFern_RT.spt: License Error: [Key expired on September 01, 2011]
04/20/2016 - 20:44:17 : Error loading tree: speedtree/shrubs_flowers/cinnamon_fern/CinnamonFern_RT.spt: License Error: [Key expired on September 01, 2011]
04/20/2016 - 20:44:17 : Error loading tree: speedtree/shrubs_flowers/boston_fern/BostonFern_RT.spt: License Error: [Key expired on September 01, 2011]
04/20/2016 - 20:44:17 : Error loading tree: speedtree/shrubs_flowers/cinnamon_fern/CinnamonFern_RT.spt: License Error: [Key expired on September 01, 2011]
04/20/2016 - 20:44:17 : Error loading tree: speedtree/shrubs_flowers/cinnamon_fern/CinnamonFern_RT.spt: License Error: [Key expired on September 01, 2011]
04/20/2016 - 20:44:17 : Error loading tree: speedtree/Conifers/italian_cypress/ItalianCypress_RT.spt: License Error: [Key expired on September 01, 2011]
04/20/2016 - 20:44:17 : Error loading tree: speedtree/Conifers/italian_cypress/ItalianCypress_RT.spt: License Error: [Key expired on September 01, 2011]
04/20/2016 - 20:44:18 : Chunk::load: Failed to load chunk 0007fffdo: Failed to load tree speedtree/Conifers/italian_stonepine/ItalianStonePine_RT_1.spt, Failed to load tree speedtree/Broadleaves/umprellathorn/UmbrellaThorn_RT.spt, Failed to load tree speedtree/Conifers/monterey_cypress/MontereyCypress_RT.spt, Failed to load tree speedtree/Broadleaves/umprellathorn/UmbrellaThorn_RT.spt, Failed to load tree speedtree/Broadleaves/umprellathorn/UmbrellaThorn_RT.spt, Failed to load tree speedtree/Conifers/monterey_cypress/MontereyCypress_RT.spt, Failed to load tree speedtree/Conifers/monterey_cypress/MontereyCypress_RT.spt, Failed to load tree speedtree/Broadleaves/crab_apple/bwcrabapple_rt_flowers.spt, Failed to load tree speedtree/shrubs_flowers/boston_fern/BostonFern_RT.spt, Failed to load tree speedtree/shrubs_flowers/cinnamon_fern/CinnamonFern_RT.spt, Failed to load tree speedtree/shrubs_flowers/boston_fern/BostonFern_RT.spt, Failed to load tree speedtree/Broadleaves/crab_apple/bwcrabapple_rt_flowers.spt, Failed to load tree speedtree/shrubs_flowers/boston_fern/BostonFern_RT.spt, Failed to load tree speedtree/shrubs_flowers/boston_fern/BostonFern_RT.spt, Failed to load tree speedtree/shrubs_flowers/boston_fern/BostonFern_RT.spt, Failed to load tree speedtree/shrubs_flowers/boston_fern/BostonFern_RT.spt, Failed to load tree speedtree/shrubs_flowers/cinnamon_fern/CinnamonFern_RT.spt, Failed to load tree speedtree/shrubs_flowers/cinnamon_fern/CinnamonFern_RT.spt, Failed to load tree speedtree/shrubs_flowers/boston_fern/BostonFern_RT.spt, Failed to load tree speedtree/shrubs_flowers/cinnamon_fern/CinnamonFern_RT.spt, Failed to load tree speedtree/shrubs_flowers/cinnamon_fern/CinnamonFern_RT.spt, Failed to load tree speedtree/Conifers/italian_cypress/ItalianCypress_RT.spt, Failed to load tree speedtree/Conifers/italian_cypress/ItalianCypress_RT.spt
04/20/2016 - 20:44:19 : Error loading tree: speedtree/shrubs_flowers/boston_fern/BostonFern_RT.spt: License Error: [Key expired on September 01, 2011]
04/20/2016 - 20:44:19 : Error loading tree: speedtree/shrubs_flowers/cinnamon_fern/CinnamonFern_RT.spt: License Error: [Key expired on September 01, 2011]
04/20/2016 - 20:44:19 : Error loading tree: speedtree/shrubs_flowers/cinnamon_fern/CinnamonFern_RT.spt: License Error: [Key expired on September 01, 2011]
04/20/2016 - 20:44:19 : Error loading tree: speedtree/shrubs_flowers/american_boxwood/AmericanBoxwood_RT.spt: License Error: [Key expired on September 01, 2011]
04/20/2016 - 20:44:19 : Error loading tree: speedtree/shrubs_flowers/boston_fern/BostonFern_RT.spt: License Error: [Key expired on September 01, 2011]
04/20/2016 - 20:44:19 : Error loading tree: speedtree/Conifers/douglas_fir_full/DouglasFir_RT_Full.spt: License Error: [Key expired on September 01, 2011]
04/20/2016 - 20:44:19 : Error loading tree: speedtree/Conifers/douglas_fir_full/DouglasFir_RT_Full.spt: License Error: [Key expired on September 01, 2011]
04/20/2016 - 20:44:19 : Error loading tree: speedtree/Conifers/douglas_fir_full/DouglasFir_RT_Full.spt: License Error: [Key expired on September 01, 2011]
04/20/2016 - 20:44:19 : Chunk::load: Failed to load chunk 0004fffdo: Failed to load tree speedtree/shrubs_flowers/boston_fern/BostonFern_RT.spt, Failed to load tree speedtree/shrubs_flowers/cinnamon_fern/CinnamonFern_RT.spt, Failed to load tree speedtree/shrubs_flowers/cinnamon_fern/CinnamonFern_RT.spt, Failed to load tree speedtree/shrubs_flowers/american_boxwood/AmericanBoxwood_RT.spt, Failed to load tree speedtree/shrubs_flowers/boston_fern/BostonFern_RT.spt, Failed to load tree speedtree/Conifers/douglas_fir_full/DouglasFir_RT_Full.spt, Failed to load tree speedtree/Conifers/douglas_fir_full/DouglasFir_RT_Full.spt, Failed to load tree speedtree/Conifers/douglas_fir_full/DouglasFir_RT_Full.spt
04/20/2016 - 20:44:19 : Error loading tree: speedtree/Conifers/douglas_fir_full/DouglasFir_RT_Full.spt: License Error: [Key expired on September 01, 2011]
04/20/2016 - 20:44:19 : Error loading tree: speedtree/Conifers/douglas_fir/DouglasFir_RT.spt: License Error: [Key expired on September 01, 2011]
04/20/2016 - 20:44:19 : Error loading tree: speedtree/Conifers/bluespruce_noleaves/BlueSpruce_RT_Winter.spt: License Error: [Key expired on September 01, 2011]
04/20/2016 - 20:44:19 : Error loading tree: speedtree/Conifers/douglas_fir_full/DouglasFir_RT_Full.spt: License Error: [Key expired on September 01, 2011]
04/20/2016 - 20:44:19 : Error loading tree: speedtree/shrubs_flowers/cinnamon_fern/CinnamonFern_RT.spt: License Error: [Key expired on September 01, 2011]
04/20/2016 - 20:44:19 : Error loading tree: speedtree/shrubs_flowers/american_boxwood/AmericanBoxwood_RT.spt: License Error: [Key expired on September 01, 2011]
04/20/2016 - 20:44:19 : Error loading tree: speedtree/shrubs_flowers/american_boxwood/AmericanBoxwood_RT.spt: License Error: [Key expired on September 01, 2011]
04/20/2016 - 20:44:19 : Error loading tree: speedtree/shrubs_flowers/american_boxwood/AmericanBoxwood_RT.spt: License Error: [Key expired on September 01, 2011]
04/20/2016 - 20:44:19 : Error loading tree: speedtree/shrubs_flowers/cinnamon_fern/CinnamonFern_RT.spt: License Error: [Key expired on September 01, 2011]
04/20/2016 - 20:44:19 : Error loading tree: speedtree/shrubs_flowers/boston_fern/BostonFern_RT.spt: License Error: [Key expired on September 01, 2011]
04/20/2016 - 20:44:19 : Error loading tree: speedtree/shrubs_flowers/cinnamon_fern/CinnamonFern_RT.spt: License Error: [Key expired on September 01, 2011]
04/20/2016 - 20:44:19 : Error loading tree: speedtree/shrubs_flowers/cinnamon_fern/CinnamonFern_RT.spt: License Error: [Key expired on September 01, 2011]
04/20/2016 - 20:44:19 : Error loading tree: speedtree/shrubs_flowers/boston_fern/BostonFern_RT.spt: License Error: [Key expired on September 01, 2011]
04/20/2016 - 20:44:19 : Error loading tree: speedtree/shrubs_flowers/american_boxwood/AmericanBoxwood_RT.spt: License Error: [Key expired on September 01, 2011]
04/20/2016 - 20:44:19 : Error loading tree: speedtree/shrubs_flowers/boston_fern/BostonFern_RT.spt: License Error: [Key expired on September 01, 2011]
04/20/2016 - 20:44:19 : Error loading tree: speedtree/shrubs_flowers/cinnamon_fern/CinnamonFern_RT.spt: License Error: [Key expired on September 01, 2011]
04/20/2016 - 20:44:19 : Error loading tree: speedtree/shrubs_flowers/cinnamon_fern/CinnamonFern_RT.spt: License Error: [Key expired on September 01, 2011]
04/20/2016 - 20:44:19 : Error loading tree: speedtree/shrubs_flowers/american_boxwood/AmericanBoxwood_RT.spt: License Error: [Key expired on September 01, 2011]
04/20/2016 - 20:44:19 : Error loading tree: speedtree/Conifers/douglas_fir/DouglasFir_RT.spt: License Error: [Key expired on September 01, 2011]
04/20/2016 - 20:44:19 : Error loading tree: speedtree/Conifers/bluespruce_noleaves/BlueSpruce_RT_Winter.spt: License Error: [Key expired on September 01, 2011]
04/20/2016 - 20:44:19 : Error loading tree: speedtree/Conifers/bluespruce_noleaves/BlueSpruce_RT_Winter.spt: License Error: [Key expired on September 01, 2011]
04/20/2016 - 20:44:19 : Error loading tree: speedtree/Conifers/bluespruce_noleaves/BlueSpruce_RT_Winter.spt: License Error: [Key expired on September 01, 2011]
04/20/2016 - 20:44:19 : Error loading tree: speedtree/Conifers/douglas_fir/DouglasFir_RT.spt: License Error: [Key expired on September 01, 2011]
04/20/2016 - 20:44:19 : Error loading tree: speedtree/Conifers/douglas_fir_full/DouglasFir_RT_Full.spt: License Error: [Key expired on September 01, 2011]
04/20/2016 - 20:44:19 : Error loading tree: speedtree/shrubs_flowers/american_boxwood/AmericanBoxwood_RT.spt: License Error: [Key expired on September 01, 2011]
04/20/2016 - 20:44:19 : Error loading tree: speedtree/shrubs_flowers/boston_fern/BostonFern_RT.spt: License Error: [Key expired on September 01, 2011]
04/20/2016 - 20:44:19 : Error loading tree: speedtree/shrubs_flowers/boston_fern/BostonFern_RT.spt: License Error: [Key expired on September 01, 2011]
04/20/2016 - 20:44:19 : Error loading tree: speedtree/shrubs_flowers/boston_fern/BostonFern_RT.spt: License Error: [Key expired on September 01, 2011]
04/20/2016 - 20:44:19 : Error loading tree: speedtree/shrubs_flowers/american_boxwood/AmericanBoxwood_RT.spt: License Error: [Key expired on September 01, 2011]
04/20/2016 - 20:44:19 : Error loading tree: speedtree/shrubs_flowers/american_boxwood/AmericanBoxwood_RT.spt: License Error: [Key expired on September 01, 2011]
04/20/2016 - 20:44:19 : Error loading tree: speedtree/shrubs_flowers/american_boxwood/AmericanBoxwood_RT.spt: License Error: [Key expired on September 01, 2011]
04/20/2016 - 20:44:19 : Error loading tree: speedtree/shrubs_flowers/cinnamon_fern/CinnamonFern_RT.spt: License Error: [Key expired on September 01, 2011]
04/20/2016 - 20:44:19 : Error loading tree: speedtree/shrubs_flowers/boston_fern/BostonFern_RT.spt: License Error: [Key expired on September 01, 2011]
04/20/2016 - 20:44:19 : Error loading tree: speedtree/shrubs_flowers/boston_fern/BostonFern_RT.spt: License Error: [Key expired on September 01, 2011]
04/20/2016 - 20:44:19 : Error loading tree: speedtree/shrubs_flowers/boston_fern/BostonFern_RT.spt: License Error: [Key expired on September 01, 2011]
04/20/2016 - 20:44:19 : Error loading tree: speedtree/Conifers/douglas_fir/DouglasFir_RT.spt: License Error: [Key expired on September 01, 2011]
04/20/2016 - 20:44:19 : Error loading tree: speedtree/shrubs_flowers/american_boxwood/AmericanBoxwood_RT.spt: License Error: [Key expired on September 01, 2011]
04/20/2016 - 20:44:19 : Error loading tree: speedtree/shrubs_flowers/cinnamon_fern/CinnamonFern_RT.spt: License Error: [Key expired on September 01, 2011]
04/20/2016 - 20:44:19 : Error loading tree: speedtree/shrubs_flowers/boston_fern/BostonFern_RT.spt: License Error: [Key expired on September 01, 2011]
04/20/2016 - 20:44:19 : Error loading tree: speedtree/shrubs_flowers/boston_fern/BostonFern_RT.spt: License Error: [Key expired on September 01, 2011]
04/20/2016 - 20:44:19 : Error loading tree: speedtree/shrubs_flowers/boston_fern/BostonFern_RT.spt: License Error: [Key expired on September 01, 2011]
04/20/2016 - 20:44:19 : Chunk::load: Failed to load chunk 0005ffffo: Failed to load tree speedtree/Conifers/douglas_fir_full/DouglasFir_RT_Full.spt, Failed to load tree speedtree/Conifers/douglas_fir/DouglasFir_RT.spt, Failed to load tree speedtree/Conifers/bluespruce_noleaves/BlueSpruce_RT_Winter.spt, Failed to load tree speedtree/Conifers/douglas_fir_full/DouglasFir_RT_Full.spt, Failed to load tree speedtree/shrubs_flowers/cinnamon_fern/CinnamonFern_RT.spt, Failed to load tree speedtree/shrubs_flowers/american_boxwood/AmericanBoxwood_RT.spt, Failed to load tree speedtree/shrubs_flowers/american_boxwood/AmericanBoxwood_RT.spt, Failed to load tree speedtree/shrubs_flowers/american_boxwood/AmericanBoxwood_RT.spt, Failed to load tree speedtree/shrubs_flowers/cinnamon_fern/CinnamonFern_RT.spt, Failed to load tree speedtree/shrubs_flowers/boston_fern/BostonFern_RT.spt, Failed to load tree speedtree/shrubs_flowers/cinnamon_fern/CinnamonFern_RT.spt, Failed to load tree speedtree/shrubs_flowers/cinnamon_fern/CinnamonFern_RT.spt, Failed to load tree speedtree/shrubs_flowers/boston_fern/BostonFern_RT.spt, Failed to load tree speedtree/shrubs_flowers/american_boxwood/AmericanBoxwood_RT.spt, Failed to load tree speedtree/shrubs_flowers/boston_fern/BostonFern_RT.spt, Failed to load tree speedtree/shrubs_flowers/cinnamon_fern/CinnamonFern_RT.spt, Failed to load tree speedtree/shrubs_flowers/cinnamon_fern/CinnamonFern_RT.spt, Failed to load tree speedtree/shrubs_flowers/american_boxwood/AmericanBoxwood_RT.spt, Failed to load tree speedtree/Conifers/douglas_fir/DouglasFir_RT.spt, Failed to load tree speedtree/Conifers/bluespruce_noleaves/BlueSpruce_RT_Winter.spt, Failed to load tree speedtree/Conifers/bluespruce_noleaves/BlueSpruce_RT_Winter.spt, Failed to load tree speedtree/Conifers/bluespruce_noleaves/BlueSpruce_RT_Winter.spt, Failed to load tree speedtree/Conifers/douglas_fir/DouglasFir_RT.spt, Failed to load tree speedtree/Conifers/douglas_fir_full/DouglasFir_RT_Full.spt, Failed to load tree speedtree/shrubs_flowers/american_boxwood/AmericanBoxwood_RT.spt, Failed to load tree speedtree/shrubs_flowers/boston_fern/BostonFern_RT.spt, Failed to load tree speedtree/shrubs_flowers/boston_fern/BostonFern_RT.spt, Failed to load tree speedtree/shrubs_flowers/boston_fern/BostonFern_RT.spt, Failed to load tree speedtree/shrubs_flowers/american_boxwood/AmericanBoxwood_RT.spt, Failed to load tree speedtree/shrubs_flowers/american_boxwood/AmericanBoxwood_RT.spt, Failed to load tree speedtree/shrubs_flowers/american_boxwood/AmericanBoxwood_RT.spt, Failed to load tree speedtree/shrubs_flowers/cinnamon_fern/CinnamonFern_RT.spt, Failed to load tree speedtree/shrubs_flowers/boston_fern/BostonFern_RT.spt, Failed to load tree speedtree/shrubs_flowers/boston_fern/BostonFern_RT.spt, Failed to load tree speedtree/shrubs_flowers/boston_fern/BostonFern_RT.spt, Failed to load tree speedtree/Conifers/douglas_fir/DouglasFir_RT.spt, Failed to load tree speedtree/shrubs_flowers/american_boxwood/AmericanBoxwood_RT.spt, Failed to load tree speedtree/shrubs_flowers/cinnamon_fern/CinnamonFern_RT.spt, Failed to load tree speedtree/shrubs_flowers/boston_fern/BostonFern_RT.spt, Failed to load tree speedtree/shrubs_flowers/boston_fern/BostonFern_RT.spt, Failed to load tree speedtree/shrubs_flowers/boston_fern/BostonFern_RT.spt
04/20/2016 - 20:44:19 : Error loading tree: speedtree/shrubs_flowers/cinnamon_fern/CinnamonFern_RT.spt: License Error: [Key expired on September 01, 2011]
04/20/2016 - 20:44:19 : Error loading tree: speedtree/shrubs_flowers/american_boxwood/AmericanBoxwood_RT.spt: License Error: [Key expired on September 01, 2011]
04/20/2016 - 20:44:19 : Error loading tree: speedtree/shrubs_flowers/cinnamon_fern/CinnamonFern_RT.spt: License Error: [Key expired on September 01, 2011]
04/20/2016 - 20:44:19 : Error loading tree: speedtree/shrubs_flowers/boston_fern/BostonFern_RT.spt: License Error: [Key expired on September 01, 2011]
04/20/2016 - 20:44:19 : Error loading tree: speedtree/shrubs_flowers/boston_fern/BostonFern_RT.spt: License Error: [Key expired on September 01, 2011]
04/20/2016 - 20:44:19 : Error loading tree: speedtree/shrubs_flowers/american_boxwood/AmericanBoxwood_RT.spt: License Error: [Key expired on September 01, 2011]
04/20/2016 - 20:44:19 : Error loading tree: speedtree/shrubs_flowers/boston_fern/BostonFern_RT.spt: License Error: [Key expired on September 01, 2011]
04/20/2016 - 20:44:19 : Error loading tree: speedtree/shrubs_flowers/cinnamon_fern/CinnamonFern_RT.spt: License Error: [Key expired on September 01, 2011]
04/20/2016 - 20:44:19 : Error loading tree: speedtree/shrubs_flowers/cinnamon_fern/CinnamonFern_RT.spt: License Error: [Key expired on September 01, 2011]
04/20/2016 - 20:44:19 : Error loading tree: speedtree/shrubs_flowers/american_boxwood/AmericanBoxwood_RT.spt: License Error: [Key expired on September 01, 2011]
04/20/2016 - 20:44:19 : Error loading tree: speedtree/shrubs_flowers/boston_fern/BostonFern_RT.spt: License Error: [Key expired on September 01, 2011]
04/20/2016 - 20:44:19 : Error loading tree: speedtree/shrubs_flowers/american_boxwood/AmericanBoxwood_RT.spt: License Error: [Key expired on September 01, 2011]
04/20/2016 - 20:44:19 : Error loading tree: speedtree/shrubs_flowers/cinnamon_fern/CinnamonFern_RT.spt: License Error: [Key expired on September 01, 2011]
04/20/2016 - 20:44:19 : Error loading tree: speedtree/shrubs_flowers/cinnamon_fern/CinnamonFern_RT.spt: License Error: [Key expired on September 01, 2011]
04/20/2016 - 20:44:19 : Error loading tree: speedtree/shrubs_flowers/boston_fern/BostonFern_RT.spt: License Error: [Key expired on September 01, 2011]
04/20/2016 - 20:44:19 : Error loading tree: speedtree/shrubs_flowers/boston_fern/BostonFern_RT.spt: License Error: [Key expired on September 01, 2011]
04/20/2016 - 20:44:19 : Error loading tree: speedtree/shrubs_flowers/cinnamon_fern/CinnamonFern_RT.spt: License Error: [Key expired on September 01, 2011]
04/20/2016 - 20:44:19 : Error loading tree: speedtree/shrubs_flowers/american_boxwood/AmericanBoxwood_RT.spt: License Error: [Key expired on September 01, 2011]
04/20/2016 - 20:44:19 : Error loading tree: speedtree/shrubs_flowers/cinnamon_fern/CinnamonFern_RT.spt: License Error: [Key expired on September 01, 2011]
04/20/2016 - 20:44:19 : Error loading tree: speedtree/shrubs_flowers/cinnamon_fern/CinnamonFern_RT.spt: License Error: [Key expired on September 01, 2011]
04/20/2016 - 20:44:19 : Error loading tree: speedtree/shrubs_flowers/american_boxwood/AmericanBoxwood_RT.spt: License Error: [Key expired on September 01, 2011]
04/20/2016 - 20:44:19 : Error loading tree: speedtree/shrubs_flowers/cinnamon_fern/CinnamonFern_RT.spt: License Error: [Key expired on September 01, 2011]
04/20/2016 - 20:44:19 : Error loading tree: speedtree/shrubs_flowers/boston_fern/BostonFern_RT.spt: License Error: [Key expired on September 01, 2011]
04/20/2016 - 20:44:19 : Error loading tree: speedtree/shrubs_flowers/cinnamon_fern/CinnamonFern_RT.spt: License Error: [Key expired on September 01, 2011]
04/20/2016 - 20:44:19 : Error loading tree: speedtree/shrubs_flowers/american_boxwood/AmericanBoxwood_RT.spt: License Error: [Key expired on September 01, 2011]
04/20/2016 - 20:44:19 : Error loading tree: speedtree/shrubs_flowers/american_boxwood/AmericanBoxwood_RT.spt: License Error: [Key expired on September 01, 2011]
04/20/2016 - 20:44:19 : Error loading tree: speedtree/shrubs_flowers/cinnamon_fern/CinnamonFern_RT.spt: License Error: [Key expired on September 01, 2011]
04/20/2016 - 20:44:19 : Error loading tree: speedtree/shrubs_flowers/cinnamon_fern/CinnamonFern_RT.spt: License Error: [Key expired on September 01, 2011]
04/20/2016 - 20:44:19 : Error loading tree: speedtree/shrubs_flowers/cinnamon_fern/CinnamonFern_RT.spt: License Error: [Key expired on September 01, 2011]
04/20/2016 - 20:44:19 : Error loading tree: speedtree/Conifers/italian_cypress/ItalianCypress_RT.spt: License Error: [Key expired on September 01, 2011]
04/20/2016 - 20:44:19 : Error loading tree: speedtree/Conifers/douglas_fir_full/DouglasFir_RT_Full.spt: License Error: [Key expired on September 01, 2011]
04/20/2016 - 20:44:19 : Error loading tree: speedtree/Conifers/douglas_fir/DouglasFir_RT.spt: License Error: [Key expired on September 01, 2011]
04/20/2016 - 20:44:19 : Error loading tree: speedtree/Conifers/douglas_fir_full/DouglasFir_RT_Full.spt: License Error: [Key expired on September 01, 2011]
04/20/2016 - 20:44:19 : Error loading tree: speedtree/Conifers/douglas_fir_full/DouglasFir_RT_Full.spt: License Error: [Key expired on September 01, 2011]
04/20/2016 - 20:44:19 : Error loading tree: speedtree/Conifers/douglas_fir/DouglasFir_RT.spt: License Error: [Key expired on September 01, 2011]
04/20/2016 - 20:44:19 : Error loading tree: speedtree/Conifers/douglas_fir_full/DouglasFir_RT_Full.spt: License Error: [Key expired on September 01, 2011]
04/20/2016 - 20:44:19 : Error loading tree: speedtree/Conifers/italian_cypress/ItalianCypress_RT.spt: License Error: [Key expired on September 01, 2011]
04/20/2016 - 20:44:19 : Error loading tree: speedtree/shrubs_flowers/cinnamon_fern/CinnamonFern_RT.spt: License Error: [Key expired on September 01, 2011]
04/20/2016 - 20:44:19 : Error loading tree: speedtree/shrubs_flowers/boston_fern/BostonFern_RT.spt: License Error: [Key expired on September 01, 2011]
04/20/2016 - 20:44:19 : Error loading tree: speedtree/Conifers/douglas_fir/DouglasFir_RT.spt: License Error: [Key expired on September 01, 2011]
04/20/2016 - 20:44:19 : Error loading tree: speedtree/shrubs_flowers/american_boxwood/AmericanBoxwood_RT.spt: License Error: [Key expired on September 01, 2011]
04/20/2016 - 20:44:19 : Error loading tree: speedtree/Conifers/douglas_fir_full/DouglasFir_RT_Full.spt: License Error: [Key expired on September 01, 2011]
04/20/2016 - 20:44:19 : Error loading tree: speedtree/shrubs_flowers/boston_fern/BostonFern_RT.spt: License Error: [Key expired on September 01, 2011]
04/20/2016 - 20:44:19 : Error loading tree: speedtree/shrubs_flowers/cinnamon_fern/CinnamonFern_RT.spt: License Error: [Key expired on September 01, 2011]
04/20/2016 - 20:44:19 : Error loading tree: speedtree/shrubs_flowers/american_boxwood/AmericanBoxwood_RT.spt: License Error: [Key expired on September 01, 2011]
04/20/2016 - 20:44:19 : Error loading tree: speedtree/Conifers/douglas_fir/DouglasFir_RT.spt: License Error: [Key expired on September 01, 2011]
04/20/2016 - 20:44:19 : Error loading tree: speedtree/Conifers/douglas_fir/DouglasFir_RT.spt: License Error: [Key expired on September 01, 2011]
04/20/2016 - 20:44:19 : Error loading tree: speedtree/Conifers/douglas_fir_full/DouglasFir_RT_Full.spt: License Error: [Key expired on September 01, 2011]
04/20/2016 - 20:44:19 : Error loading tree: speedtree/Conifers/douglas_fir_full/DouglasFir_RT_Full.spt: License Error: [Key expired on September 01, 2011]
04/20/2016 - 20:44:19 : Error loading tree: speedtree/Conifers/douglas_fir/DouglasFir_RT.spt: License Error: [Key expired on September 01, 2011]
04/20/2016 - 20:44:19 : Error loading tree: speedtree/Conifers/douglas_fir/DouglasFir_RT.spt: License Error: [Key expired on September 01, 2011]
04/20/2016 - 20:44:19 : Error loading tree: speedtree/shrubs_flowers/boston_fern/BostonFern_RT.spt: License Error: [Key expired on September 01, 2011]
04/20/2016 - 20:44:19 : Error loading tree: speedtree/Broadleaves/crab_apple/bwcrabapple_rt_flowers.spt: License Error: [Key expired on September 01, 2011]
04/20/2016 - 20:44:19 : Error loading tree: speedtree/Conifers/douglas_fir_full/DouglasFir_RT_Full.spt: License Error: [Key expired on September 01, 2011]
04/20/2016 - 20:44:19 : Error loading tree: speedtree/shrubs_flowers/boston_fern/BostonFern_RT.spt: License Error: [Key expired on September 01, 2011]
04/20/2016 - 20:44:19 : Error loading tree: speedtree/shrubs_flowers/cinnamon_fern/CinnamonFern_RT.spt: License Error: [Key expired on September 01, 2011]
04/20/2016 - 20:44:19 : Error loading tree: speedtree/shrubs_flowers/cinnamon_fern/CinnamonFern_RT.spt: License Error: [Key expired on September 01, 2011]
04/20/2016 - 20:44:19 : Error loading tree: speedtree/Broadleaves/crab_apple/bwcrabapple_rt_flowers.spt: License Error: [Key expired on September 01, 2011]
04/20/2016 - 20:44:19 : Error loading tree: speedtree/Broadleaves/crab_apple/bwcrabapple_rt_flowers.spt: License Error: [Key expired on September 01, 2011]
04/20/2016 - 20:44:19 : Error loading tree: speedtree/shrubs_flowers/american_boxwood/AmericanBoxwood_RT.spt: License Error: [Key expired on September 01, 2011]
04/20/2016 - 20:44:19 : Error loading tree: speedtree/shrubs_flowers/boston_fern/BostonFern_RT.spt: License Error: [Key expired on September 01, 2011]
04/20/2016 - 20:44:20 : Error loading tree: speedtree/Conifers/douglas_fir_full/DouglasFir_RT_Full.spt: License Error: [Key expired on September 01, 2011]
04/20/2016 - 20:44:20 : Chunk::load: Failed to load chunk 0004fffeo: Failed to load tree speedtree/shrubs_flowers/cinnamon_fern/CinnamonFern_RT.spt, Failed to load tree speedtree/shrubs_flowers/american_boxwood/AmericanBoxwood_RT.spt, Failed to load tree speedtree/shrubs_flowers/cinnamon_fern/CinnamonFern_RT.spt, Failed to load tree speedtree/shrubs_flowers/boston_fern/BostonFern_RT.spt, Failed to load tree speedtree/shrubs_flowers/boston_fern/BostonFern_RT.spt, Failed to load tree speedtree/shrubs_flowers/american_boxwood/AmericanBoxwood_RT.spt, Failed to load tree speedtree/shrubs_flowers/boston_fern/BostonFern_RT.spt, Failed to load tree speedtree/shrubs_flowers/cinnamon_fern/CinnamonFern_RT.spt, Failed to load tree speedtree/shrubs_flowers/cinnamon_fern/CinnamonFern_RT.spt, Failed to load tree speedtree/shrubs_flowers/american_boxwood/AmericanBoxwood_RT.spt, Failed to load tree speedtree/shrubs_flowers/boston_fern/BostonFern_RT.spt, Failed to load tree speedtree/shrubs_flowers/american_boxwood/AmericanBoxwood_RT.spt, Failed to load tree speedtree/shrubs_flowers/cinnamon_fern/CinnamonFern_RT.spt, Failed to load tree speedtree/shrubs_flowers/cinnamon_fern/CinnamonFern_RT.spt, Failed to load tree speedtree/shrubs_flowers/boston_fern/BostonFern_RT.spt, Failed to load tree speedtree/shrubs_flowers/boston_fern/BostonFern_RT.spt, Failed to load tree speedtree/shrubs_flowers/cinnamon_fern/CinnamonFern_RT.spt, Failed to load tree speedtree/shrubs_flowers/american_boxwood/AmericanBoxwood_RT.spt, Failed to load tree speedtree/shrubs_flowers/cinnamon_fern/CinnamonFern_RT.spt, Failed to load tree speedtree/shrubs_flowers/cinnamon_fern/CinnamonFern_RT.spt, Failed to load tree speedtree/shrubs_flowers/american_boxwood/AmericanBoxwood_RT.spt, Failed to load tree speedtree/shrubs_flowers/cinnamon_fern/CinnamonFern_RT.spt, Failed to load tree speedtree/shrubs_flowers/boston_fern/BostonFern_RT.spt, Failed to load tree speedtree/shrubs_flowers/cinnamon_fern/CinnamonFern_RT.spt, Failed to load tree speedtree/shrubs_flowers/american_boxwood/AmericanBoxwood_RT.spt, Failed to load tree speedtree/shrubs_flowers/american_boxwood/AmericanBoxwood_RT.spt, Failed to load tree speedtree/shrubs_flowers/cinnamon_fern/CinnamonFern_RT.spt, Failed to load tree speedtree/shrubs_flowers/cinnamon_fern/CinnamonFern_RT.spt, Failed to load tree speedtree/shrubs_flowers/cinnamon_fern/CinnamonFern_RT.spt, Failed to load tree speedtree/Conifers/italian_cypress/ItalianCypress_RT.spt, Failed to load tree speedtree/Conifers/douglas_fir_full/DouglasFir_RT_Full.spt, Failed to load tree speedtree/Conifers/douglas_fir/DouglasFir_RT.spt, Failed to load tree speedtree/Conifers/douglas_fir_full/DouglasFir_RT_Full.spt, Failed to load tree speedtree/Conifers/douglas_fir_full/DouglasFir_RT_Full.spt, Failed to load tree speedtree/Conifers/douglas_fir/DouglasFir_RT.spt, Failed to load tree speedtree/Conifers/douglas_fir_full/DouglasFir_RT_Full.spt, Failed to load tree speedtree/Conifers/italian_cypress/ItalianCypress_RT.spt, Failed to load tree speedtree/shrubs_flowers/cinnamon_fern/CinnamonFern_RT.spt, Failed to load tree speedtree/shrubs_flowers/boston_fern/BostonFern_RT.spt, Failed to load tree speedtree/Conifers/douglas_fir/DouglasFir_RT.spt, Failed to load tree speedtree/shrubs_flowers/american_boxwood/AmericanBoxwood_RT.spt, Failed to load tree speedtree/Conifers/douglas_fir_full/DouglasFir_RT_Full.spt, Failed to load tree speedtree/shrubs_flowers/boston_fern/BostonFern_RT.spt, Failed to load tree speedtree/shrubs_flowers/cinnamon_fern/CinnamonFern_RT.spt, Failed to load tree speedtree/shrubs_flowers/american_boxwood/AmericanBoxwood_RT.spt, Failed to load tree speedtree/Conifers/douglas_fir/DouglasFir_RT.spt, Failed to load tree speedtree/Conifers/douglas_fir/DouglasFir_RT.spt, Failed to load tree speedtree/Conifers/douglas_fir_full/DouglasFir_RT_Full.spt, Failed to load tree speedtree/Conifers/douglas_fir_full/DouglasFir_RT_Full.spt, Failed to load tree speedtree/Conifers/douglas_fir/DouglasFir_RT.spt, Failed to load tree speedtree/Conifers/douglas_fir/DouglasFir_RT.spt, Failed to load tree speedtree/shrubs_flowers/boston_fern/BostonFern_RT.spt, Failed to load tree speedtree/Broadleaves/crab_apple/bwcrabapple_rt_flowers.spt, Failed to load tree speedtree/Conifers/douglas_fir_full/DouglasFir_RT_Full.spt, Failed to load tree speedtree/shrubs_flowers/boston_fern/BostonFern_RT.spt, Failed to load tree speedtree/shrubs_flowers/cinnamon_fern/CinnamonFern_RT.spt, Failed to load tree speedtree/shrubs_flowers/cinnamon_fern/CinnamonFern_RT.spt, Failed to load tree speedtree/Broadleaves/crab_apple/bwcrabapple_rt_flowers.spt, Failed to load tree speedtree/Broadleaves/crab_apple/bwcrabapple_rt_flowers.spt, Failed to load tree speedtree/shrubs_flowers/american_boxwood/AmericanBoxwood_RT.spt, Failed to load tree speedtree/shrubs_flowers/boston_fern/BostonFern_RT.spt, Failed to load tree speedtree/Conifers/douglas_fir_full/DouglasFir_RT_Full.spt
04/20/2016 - 20:44:20 : Error loading tree: speedtree/Conifers/italian_stonepine/ItalianStonePine_RT_1.spt: License Error: [Key expired on September 01, 2011]
04/20/2016 - 20:44:20 : Error loading tree: speedtree/shrubs_flowers/american_boxwood/AmericanBoxwood_RT.spt: License Error: [Key expired on September 01, 2011]
04/20/2016 - 20:44:20 : Error loading tree: speedtree/Conifers/monterey_cypress/MontereyCypress_RT.spt: License Error: [Key expired on September 01, 2011]
04/20/2016 - 20:44:20 : Error loading tree: speedtree/Conifers/monterey_cypress/MontereyCypress_RT.spt: License Error: [Key expired on September 01, 2011]
04/20/2016 - 20:44:20 : Error loading tree: speedtree/Conifers/monterey_cypress/MontereyCypress_RT.spt: License Error: [Key expired on September 01, 2011]
04/20/2016 - 20:44:20 : Error loading tree: speedtree/Conifers/monterey_cypress/MontereyCypress_RT.spt: License Error: [Key expired on September 01, 2011]
04/20/2016 - 20:44:20 : Error loading tree: speedtree/Broadleaves/umprellathorn/UmbrellaThorn_RT.spt: License Error: [Key expired on September 01, 2011]
04/20/2016 - 20:44:20 : Error loading tree: speedtree/Conifers/monterey_cypress/MontereyCypress_RT.spt: License Error: [Key expired on September 01, 2011]
04/20/2016 - 20:44:20 : Error loading tree: speedtree/Broadleaves/umprellathorn/UmbrellaThorn_RT.spt: License Error: [Key expired on September 01, 2011]
04/20/2016 - 20:44:20 : Error loading tree: speedtree/Broadleaves/umprellathorn/UmbrellaThorn_RT.spt: License Error: [Key expired on September 01, 2011]
04/20/2016 - 20:44:20 : Error loading tree: speedtree/Conifers/monterey_cypress/MontereyCypress_RT.spt: License Error: [Key expired on September 01, 2011]
04/20/2016 - 20:44:20 : Error loading tree: speedtree/Conifers/monterey_cypress/MontereyCypress_RT.spt: License Error: [Key expired on September 01, 2011]
04/20/2016 - 20:44:20 : Error loading tree: speedtree/Conifers/monterey_cypress/MontereyCypress_RT.spt: License Error: [Key expired on September 01, 2011]
04/20/2016 - 20:44:20 : Error loading tree: speedtree/Conifers/douglas_fir/DouglasFir_RT.spt: License Error: [Key expired on September 01, 2011]
04/20/2016 - 20:44:20 : Error loading tree: speedtree/Broadleaves/umprellathorn/UmbrellaThorn_RT.spt: License Error: [Key expired on September 01, 2011]
04/20/2016 - 20:44:20 : Error loading tree: speedtree/Conifers/monterey_cypress/MontereyCypress_RT.spt: License Error: [Key expired on September 01, 2011]
04/20/2016 - 20:44:20 : Error loading tree: speedtree/shrubs_flowers/american_boxwood/AmericanBoxwood_RT.spt: License Error: [Key expired on September 01, 2011]
04/20/2016 - 20:44:20 : Error loading tree: speedtree/Conifers/monterey_cypress/MontereyCypress_RT.spt: License Error: [Key expired on September 01, 2011]
04/20/2016 - 20:44:20 : Chunk::load: Failed to load chunk 0006fffco: Failed to load tree speedtree/Conifers/italian_stonepine/ItalianStonePine_RT_1.spt, Failed to load tree speedtree/shrubs_flowers/american_boxwood/AmericanBoxwood_RT.spt, Failed to load tree speedtree/Conifers/monterey_cypress/MontereyCypress_RT.spt, Failed to load tree speedtree/Conifers/monterey_cypress/MontereyCypress_RT.spt, Failed to load tree speedtree/Conifers/monterey_cypress/MontereyCypress_RT.spt, Failed to load tree speedtree/Conifers/monterey_cypress/MontereyCypress_RT.spt, Failed to load tree speedtree/Broadleaves/umprellathorn/UmbrellaThorn_RT.spt, Failed to load tree speedtree/Conifers/monterey_cypress/MontereyCypress_RT.spt, Failed to load tree speedtree/Broadleaves/umprellathorn/UmbrellaThorn_RT.spt, Failed to load tree speedtree/Broadleaves/umprellathorn/UmbrellaThorn_RT.spt, Failed to load tree speedtree/Conifers/monterey_cypress/MontereyCypress_RT.spt, Failed to load tree speedtree/Conifers/monterey_cypress/MontereyCypress_RT.spt, Failed to load tree speedtree/Conifers/monterey_cypress/MontereyCypress_RT.spt, Failed to load tree speedtree/Conifers/douglas_fir/DouglasFir_RT.spt, Failed to load tree speedtree/Broadleaves/umprellathorn/UmbrellaThorn_RT.spt, Failed to load tree speedtree/Conifers/monterey_cypress/MontereyCypress_RT.spt, Failed to load tree speedtree/shrubs_flowers/american_boxwood/AmericanBoxwood_RT.spt, Failed to load tree speedtree/Conifers/monterey_cypress/MontereyCypress_RT.spt
04/20/2016 - 20:44:20 : Error loading tree: speedtree/Conifers/douglas_fir_full/DouglasFir_RT_Full.spt: License Error: [Key expired on September 01, 2011]
04/20/2016 - 20:44:21 : Error loading tree: speedtree/Conifers/italian_cypress/ItalianCypress_RT.spt: License Error: [Key expired on September 01, 2011]
04/20/2016 - 20:44:23 : Chunk::load: Failed to load chunk 0005fffdo: Failed to load tree speedtree/Conifers/douglas_fir_full/DouglasFir_RT_Full.spt, Failed to load tree speedtree/Conifers/italian_cypress/ItalianCypress_RT.spt
04/20/2016 - 20:44:24 : Error loading tree: speedtree/Broadleaves/crab_apple/bwcrabapple_rt_flowers.spt: License Error: [Key expired on September 01, 2011]
04/20/2016 - 20:44:24 : Error loading tree: speedtree/shrubs_flowers/boston_fern/BostonFern_RT.spt: License Error: [Key expired on September 01, 2011]
04/20/2016 - 20:44:24 : Error loading tree: speedtree/shrubs_flowers/boston_fern/BostonFern_RT.spt: License Error: [Key expired on September 01, 2011]
04/20/2016 - 20:44:24 : Error loading tree: speedtree/shrubs_flowers/boston_fern/BostonFern_RT.spt: License Error: [Key expired on September 01, 2011]
04/20/2016 - 20:44:24 : Error loading tree: speedtree/shrubs_flowers/cinnamon_fern/CinnamonFern_RT.spt: License Error: [Key expired on September 01, 2011]
04/20/2016 - 20:44:24 : Error loading tree: speedtree/shrubs_flowers/boston_fern/BostonFern_RT.spt: License Error: [Key expired on September 01, 2011]
04/20/2016 - 20:44:24 : Error loading tree: speedtree/shrubs_flowers/boston_fern/BostonFern_RT.spt: License Error: [Key expired on September 01, 2011]
04/20/2016 - 20:44:24 : Error loading tree: speedtree/shrubs_flowers/boston_fern/BostonFern_RT.spt: License Error: [Key expired on September 01, 2011]
04/20/2016 - 20:44:24 : Error loading tree: speedtree/shrubs_flowers/boston_fern/BostonFern_RT.spt: License Error: [Key expired on September 01, 2011]
04/20/2016 - 20:44:24 : Error loading tree: speedtree/shrubs_flowers/boston_fern/BostonFern_RT.spt: License Error: [Key expired on September 01, 2011]
04/20/2016 - 20:44:24 : Error loading tree: speedtree/shrubs_flowers/cinnamon_fern/CinnamonFern_RT.spt: License Error: [Key expired on September 01, 2011]
04/20/2016 - 20:44:24 : Error loading tree: speedtree/shrubs_flowers/boston_fern/BostonFern_RT.spt: License Error: [Key expired on September 01, 2011]
04/20/2016 - 20:44:24 : Error loading tree: speedtree/shrubs_flowers/cinnamon_fern/CinnamonFern_RT.spt: License Error: [Key expired on September 01, 2011]
04/20/2016 - 20:44:24 : Error loading tree: speedtree/shrubs_flowers/boston_fern/BostonFern_RT.spt: License Error: [Key expired on September 01, 2011]
04/20/2016 - 20:44:24 : Error loading tree: speedtree/shrubs_flowers/boston_fern/BostonFern_RT.spt: License Error: [Key expired on September 01, 2011]
04/20/2016 - 20:44:24 : Error loading tree: speedtree/shrubs_flowers/cinnamon_fern/CinnamonFern_RT.spt: License Error: [Key expired on September 01, 2011]
04/20/2016 - 20:44:24 : Error loading tree: speedtree/shrubs_flowers/boston_fern/BostonFern_RT.spt: License Error: [Key expired on September 01, 2011]
04/20/2016 - 20:44:24 : Error loading tree: speedtree/shrubs_flowers/boston_fern/BostonFern_RT.spt: License Error: [Key expired on September 01, 2011]
04/20/2016 - 20:44:24 : Error loading tree: speedtree/shrubs_flowers/cinnamon_fern/CinnamonFern_RT.spt: License Error: [Key expired on September 01, 2011]
04/20/2016 - 20:44:24 : Error loading tree: speedtree/shrubs_flowers/boston_fern/BostonFern_RT.spt: License Error: [Key expired on September 01, 2011]
04/20/2016 - 20:44:24 : Error loading tree: speedtree/Conifers/italian_cypress/ItalianCypress_RT.spt: License Error: [Key expired on September 01, 2011]
04/20/2016 - 20:44:24 : Error loading tree: speedtree/Conifers/italian_cypress/ItalianCypress_RT.spt: License Error: [Key expired on September 01, 2011]
04/20/2016 - 20:44:24 : Error loading tree: speedtree/Conifers/italian_cypress/ItalianCypress_RT.spt: License Error: [Key expired on September 01, 2011]
04/20/2016 - 20:44:24 : Error loading tree: speedtree/Conifers/italian_cypress/ItalianCypress_RT.spt: License Error: [Key expired on September 01, 2011]
04/20/2016 - 20:44:24 : Error loading tree: speedtree/Conifers/italian_cypress/ItalianCypress_RT.spt: License Error: [Key expired on September 01, 2011]
04/20/2016 - 20:44:24 : Error loading tree: speedtree/Conifers/italian_cypress/ItalianCypress_RT.spt: License Error: [Key expired on September 01, 2011]
04/20/2016 - 20:44:24 : Error loading tree: speedtree/Conifers/italian_cypress/ItalianCypress_RT.spt: License Error: [Key expired on September 01, 2011]
04/20/2016 - 20:44:24 : Error loading tree: speedtree/Conifers/italian_cypress/ItalianCypress_RT.spt: License Error: [Key expired on September 01, 2011]
04/20/2016 - 20:44:24 : Error loading tree: speedtree/Conifers/italian_cypress/ItalianCypress_RT.spt: License Error: [Key expired on September 01, 2011]
04/20/2016 - 20:44:24 : Error loading tree: speedtree/Conifers/italian_cypress/ItalianCypress_RT.spt: License Error: [Key expired on September 01, 2011]
04/20/2016 - 20:44:24 : Error loading tree: speedtree/Conifers/italian_cypress/ItalianCypress_RT.spt: License Error: [Key expired on September 01, 2011]
04/20/2016 - 20:44:24 : Error loading tree: speedtree/Conifers/italian_cypress/ItalianCypress_RT.spt: License Error: [Key expired on September 01, 2011]
04/20/2016 - 20:44:24 : Error loading tree: speedtree/Conifers/italian_cypress/ItalianCypress_RT.spt: License Error: [Key expired on September 01, 2011]
04/20/2016 - 20:44:24 : Error loading tree: speedtree/shrubs_flowers/boston_fern/BostonFern_RT.spt: License Error: [Key expired on September 01, 2011]
04/20/2016 - 20:44:24 : Error loading tree: speedtree/shrubs_flowers/boston_fern/BostonFern_RT.spt: License Error: [Key expired on September 01, 2011]
04/20/2016 - 20:44:24 : Error loading tree: speedtree/shrubs_flowers/boston_fern/BostonFern_RT.spt: License Error: [Key expired on September 01, 2011]
04/20/2016 - 20:44:24 : Error loading tree: speedtree/shrubs_flowers/boston_fern/BostonFern_RT.spt: License Error: [Key expired on September 01, 2011]
04/20/2016 - 20:44:24 : Error loading tree: speedtree/shrubs_flowers/boston_fern/BostonFern_RT.spt: License Error: [Key expired on September 01, 2011]
04/20/2016 - 20:44:24 : Error loading tree: speedtree/Conifers/italian_cypress/ItalianCypress_RT.spt: License Error: [Key expired on September 01, 2011]
04/20/2016 - 20:44:24 : Error loading tree: speedtree/Conifers/italian_cypress/ItalianCypress_RT.spt: License Error: [Key expired on September 01, 2011]
04/20/2016 - 20:44:24 : Error loading tree: speedtree/Conifers/italian_cypress/ItalianCypress_RT.spt: License Error: [Key expired on September 01, 2011]
04/20/2016 - 20:44:24 : Error loading tree: speedtree/Conifers/italian_cypress/ItalianCypress_RT.spt: License Error: [Key expired on September 01, 2011]
04/20/2016 - 20:44:24 : Error loading tree: speedtree/Conifers/italian_cypress/ItalianCypress_RT.spt: License Error: [Key expired on September 01, 2011]
04/20/2016 - 20:44:24 : Error loading tree: speedtree/shrubs_flowers/boston_fern/BostonFern_RT.spt: License Error: [Key expired on September 01, 2011]
04/20/2016 - 20:44:24 : Error loading tree: speedtree/shrubs_flowers/elephant_ear/ElephantEar_RT.spt: License Error: [Key expired on September 01, 2011]
04/20/2016 - 20:44:24 : Error loading tree: speedtree/shrubs_flowers/cinnamon_fern/CinnamonFern_RT.spt: License Error: [Key expired on September 01, 2011]
04/20/2016 - 20:44:24 : Error loading tree: speedtree/shrubs_flowers/cinnamon_fern/CinnamonFern_RT.spt: License Error: [Key expired on September 01, 2011]
04/20/2016 - 20:44:24 : Error loading tree: speedtree/shrubs_flowers/cinnamon_fern/CinnamonFern_RT.spt: License Error: [Key expired on September 01, 2011]
04/20/2016 - 20:44:26 : Chunk::load: Failed to load chunk 0006fffeo: Failed to load tree speedtree/Broadleaves/crab_apple/bwcrabapple_rt_flowers.spt, Failed to load tree speedtree/shrubs_flowers/boston_fern/BostonFern_RT.spt, Failed to load tree speedtree/shrubs_flowers/boston_fern/BostonFern_RT.spt, Failed to load tree speedtree/shrubs_flowers/boston_fern/BostonFern_RT.spt, Failed to load tree speedtree/shrubs_flowers/cinnamon_fern/CinnamonFern_RT.spt, Failed to load tree speedtree/shrubs_flowers/boston_fern/BostonFern_RT.spt, Failed to load tree speedtree/shrubs_flowers/boston_fern/BostonFern_RT.spt, Failed to load tree speedtree/shrubs_flowers/boston_fern/BostonFern_RT.spt, Failed to load tree speedtree/shrubs_flowers/boston_fern/BostonFern_RT.spt, Failed to load tree speedtree/shrubs_flowers/boston_fern/BostonFern_RT.spt, Failed to load tree speedtree/shrubs_flowers/cinnamon_fern/CinnamonFern_RT.spt, Failed to load tree speedtree/shrubs_flowers/boston_fern/BostonFern_RT.spt, Failed to load tree speedtree/shrubs_flowers/cinnamon_fern/CinnamonFern_RT.spt, Failed to load tree speedtree/shrubs_flowers/boston_fern/BostonFern_RT.spt, Failed to load tree speedtree/shrubs_flowers/boston_fern/BostonFern_RT.spt, Failed to load tree speedtree/shrubs_flowers/cinnamon_fern/CinnamonFern_RT.spt, Failed to load tree speedtree/shrubs_flowers/boston_fern/BostonFern_RT.spt, Failed to load tree speedtree/shrubs_flowers/boston_fern/BostonFern_RT.spt, Failed to load tree speedtree/shrubs_flowers/cinnamon_fern/CinnamonFern_RT.spt, Failed to load tree speedtree/shrubs_flowers/boston_fern/BostonFern_RT.spt, Failed to load tree speedtree/Conifers/italian_cypress/ItalianCypress_RT.spt, Failed to load tree speedtree/Conifers/italian_cypress/ItalianCypress_RT.spt, Failed to load tree speedtree/Conifers/italian_cypress/ItalianCypress_RT.spt, Failed to load tree speedtree/Conifers/italian_cypress/ItalianCypress_RT.spt, Failed to load tree speedtree/Conifers/italian_cypress/ItalianCypress_RT.spt, Failed to load tree speedtree/Conifers/italian_cypress/ItalianCypress_RT.spt, Failed to load tree speedtree/Conifers/italian_cypress/ItalianCypress_RT.spt, Failed to load tree speedtree/Conifers/italian_cypress/ItalianCypress_RT.spt, Failed to load tree speedtree/Conifers/italian_cypress/ItalianCypress_RT.spt, Failed to load tree speedtree/Conifers/italian_cypress/ItalianCypress_RT.spt, Failed to load tree speedtree/Conifers/italian_cypress/ItalianCypress_RT.spt, Failed to load tree speedtree/Conifers/italian_cypress/ItalianCypress_RT.spt, Failed to load tree speedtree/Conifers/italian_cypress/ItalianCypress_RT.spt, Failed to load tree speedtree/shrubs_flowers/boston_fern/BostonFern_RT.spt, Failed to load tree speedtree/shrubs_flowers/boston_fern/BostonFern_RT.spt, Failed to load tree speedtree/shrubs_flowers/boston_fern/BostonFern_RT.spt, Failed to load tree speedtree/shrubs_flowers/boston_fern/BostonFern_RT.spt, Failed to load tree speedtree/shrubs_flowers/boston_fern/BostonFern_RT.spt, Failed to load tree speedtree/Conifers/italian_cypress/ItalianCypress_RT.spt, Failed to load tree speedtree/Conifers/italian_cypress/ItalianCypress_RT.spt, Failed to load tree speedtree/Conifers/italian_cypress/ItalianCypress_RT.spt, Failed to load tree speedtree/Conifers/italian_cypress/ItalianCypress_RT.spt, Failed to load tree speedtree/Conifers/italian_cypress/ItalianCypress_RT.spt, Failed to load tree speedtree/shrubs_flowers/boston_fern/BostonFern_RT.spt, Failed to load tree speedtree/shrubs_flowers/elephant_ear/ElephantEar_RT.spt, Failed to load tree speedtree/shrubs_flowers/cinnamon_fern/CinnamonFern_RT.spt, Failed to load tree speedtree/shrubs_flowers/cinnamon_fern/CinnamonFern_RT.spt, Failed to load tree speedtree/shrubs_flowers/cinnamon_fern/CinnamonFern_RT.spt
04/20/2016 - 20:44:26 : Error loading tree: speedtree/Conifers/douglas_fir/DouglasFir_RT.spt: License Error: [Key expired on September 01, 2011]
04/20/2016 - 20:44:26 : Error loading tree: speedtree/Conifers/douglas_fir/DouglasFir_RT.spt: License Error: [Key expired on September 01, 2011]
04/20/2016 - 20:44:26 : Error loading tree: speedtree/Conifers/douglas_fir/DouglasFir_RT.spt: License Error: [Key expired on September 01, 2011]
04/20/2016 - 20:44:26 : Error loading tree: speedtree/Conifers/douglas_fir/DouglasFir_RT.spt: License Error: [Key expired on September 01, 2011]
04/20/2016 - 20:44:26 : Error loading tree: speedtree/Conifers/douglas_fir/DouglasFir_RT.spt: License Error: [Key expired on September 01, 2011]
04/20/2016 - 20:44:26 : Error loading tree: speedtree/Conifers/douglas_fir_full/DouglasFir_RT_Full.spt: License Error: [Key expired on September 01, 2011]
04/20/2016 - 20:44:26 : Error loading tree: speedtree/Conifers/douglas_fir_full/DouglasFir_RT_Full.spt: License Error: [Key expired on September 01, 2011]
04/20/2016 - 20:44:26 : Error loading tree: speedtree/Conifers/douglas_fir_full/DouglasFir_RT_Full.spt: License Error: [Key expired on September 01, 2011]
04/20/2016 - 20:44:26 : Error loading tree: speedtree/Conifers/douglas_fir_full/DouglasFir_RT_Full.spt: License Error: [Key expired on September 01, 2011]
04/20/2016 - 20:44:26 : Error loading tree: speedtree/Conifers/douglas_fir/DouglasFir_RT.spt: License Error: [Key expired on September 01, 2011]
04/20/2016 - 20:44:26 : Error loading tree: speedtree/Conifers/douglas_fir/DouglasFir_RT.spt: License Error: [Key expired on September 01, 2011]
04/20/2016 - 20:44:26 : Error loading tree: speedtree/Conifers/douglas_fir/DouglasFir_RT.spt: License Error: [Key expired on September 01, 2011]
04/20/2016 - 20:44:26 : Error loading tree: speedtree/Conifers/douglas_fir_full/DouglasFir_RT_Full.spt: License Error: [Key expired on September 01, 2011]
04/20/2016 - 20:44:26 : Chunk::load: Failed to load chunk 0005fffco: Failed to load tree speedtree/Conifers/douglas_fir/DouglasFir_RT.spt, Failed to load tree speedtree/Conifers/douglas_fir/DouglasFir_RT.spt, Failed to load tree speedtree/Conifers/douglas_fir/DouglasFir_RT.spt, Failed to load tree speedtree/Conifers/douglas_fir/DouglasFir_RT.spt, Failed to load tree speedtree/Conifers/douglas_fir/DouglasFir_RT.spt, Failed to load tree speedtree/Conifers/douglas_fir_full/DouglasFir_RT_Full.spt, Failed to load tree speedtree/Conifers/douglas_fir_full/DouglasFir_RT_Full.spt, Failed to load tree speedtree/Conifers/douglas_fir_full/DouglasFir_RT_Full.spt, Failed to load tree speedtree/Conifers/douglas_fir_full/DouglasFir_RT_Full.spt, Failed to load tree speedtree/Conifers/douglas_fir/DouglasFir_RT.spt, Failed to load tree speedtree/Conifers/douglas_fir/DouglasFir_RT.spt, Failed to load tree speedtree/Conifers/douglas_fir/DouglasFir_RT.spt, Failed to load tree speedtree/Conifers/douglas_fir_full/DouglasFir_RT_Full.spt
04/20/2016 - 20:44:26 : Error loading tree: speedtree/shrubs_flowers/cinnamon_fern/CinnamonFern_RT.spt: License Error: [Key expired on September 01, 2011]
04/20/2016 - 20:44:26 : Error loading tree: speedtree/shrubs_flowers/cinnamon_fern/CinnamonFern_RT.spt: License Error: [Key expired on September 01, 2011]
04/20/2016 - 20:44:28 : Error loading tree: speedtree/shrubs_flowers/elephant_ear/ElephantEar_RT.spt: License Error: [Key expired on September 01, 2011]
04/20/2016 - 20:44:28 : Error loading tree: speedtree/shrubs_flowers/elephant_ear/ElephantEar_RT.spt: License Error: [Key expired on September 01, 2011]
04/20/2016 - 20:44:28 : Error loading tree: speedtree/shrubs_flowers/cinnamon_fern/CinnamonFern_RT.spt: License Error: [Key expired on September 01, 2011]
04/20/2016 - 20:44:28 : Error loading tree: speedtree/shrubs_flowers/boston_fern/BostonFern_RT.spt: License Error: [Key expired on September 01, 2011]
04/20/2016 - 20:44:28 : Error loading tree: speedtree/shrubs_flowers/cinnamon_fern/CinnamonFern_RT.spt: License Error: [Key expired on September 01, 2011]
04/20/2016 - 20:44:28 : Error loading tree: speedtree/shrubs_flowers/cinnamon_fern/CinnamonFern_RT.spt: License Error: [Key expired on September 01, 2011]
04/20/2016 - 20:44:28 : Chunk::load: Failed to load chunk 0005fffeo: Failed to load tree speedtree/shrubs_flowers/cinnamon_fern/CinnamonFern_RT.spt, Failed to load tree speedtree/shrubs_flowers/cinnamon_fern/CinnamonFern_RT.spt, Failed to load tree speedtree/shrubs_flowers/elephant_ear/ElephantEar_RT.spt, Failed to load tree speedtree/shrubs_flowers/elephant_ear/ElephantEar_RT.spt, Failed to load tree speedtree/shrubs_flowers/cinnamon_fern/CinnamonFern_RT.spt, Failed to load tree speedtree/shrubs_flowers/boston_fern/BostonFern_RT.spt, Failed to load tree speedtree/shrubs_flowers/cinnamon_fern/CinnamonFern_RT.spt, Failed to load tree speedtree/shrubs_flowers/cinnamon_fern/CinnamonFern_RT.spt
04/20/2016 - 20:44:28 : Error loading tree: speedtree/shrubs_flowers/american_boxwood/AmericanBoxwood_RT.spt: License Error: [Key expired on September 01, 2011]
04/20/2016 - 20:44:28 : Error loading tree: speedtree/Conifers/monterey_cypress/MontereyCypress_RT.spt: License Error: [Key expired on September 01, 2011]
04/20/2016 - 20:44:28 : Error loading tree: speedtree/Conifers/italian_stonepine/ItalianStonePine_RT_1.spt: License Error: [Key expired on September 01, 2011]
04/20/2016 - 20:44:28 : Error loading tree: speedtree/Broadleaves/umprellathorn/UmbrellaThorn_RT.spt: License Error: [Key expired on September 01, 2011]
04/20/2016 - 20:44:28 : Error loading tree: speedtree/Broadleaves/umprellathorn/UmbrellaThorn_RT.spt: License Error: [Key expired on September 01, 2011]
04/20/2016 - 20:44:28 : Error loading tree: speedtree/Broadleaves/umprellathorn/UmbrellaThorn_RT.spt: License Error: [Key expired on September 01, 2011]
04/20/2016 - 20:44:28 : Error loading tree: speedtree/Broadleaves/umprellathorn/UmbrellaThorn_RT.spt: License Error: [Key expired on September 01, 2011]
04/20/2016 - 20:44:28 : Error loading tree: speedtree/Conifers/monterey_cypress/MontereyCypress_RT.spt: License Error: [Key expired on September 01, 2011]
04/20/2016 - 20:44:28 : Error loading tree: speedtree/shrubs_flowers/american_boxwood/AmericanBoxwood_RT.spt: License Error: [Key expired on September 01, 2011]
04/20/2016 - 20:44:28 : Error loading tree: speedtree/Conifers/monterey_cypress/MontereyCypress_RT.spt: License Error: [Key expired on September 01, 2011]
04/20/2016 - 20:44:28 : Error loading tree: speedtree/Conifers/monterey_cypress/MontereyCypress_RT.spt: License Error: [Key expired on September 01, 2011]
04/20/2016 - 20:44:28 : Error loading tree: speedtree/Palms_Cacti_Cycads/joshua_tree/JoshuaTree_RT.spt: License Error: [Key expired on September 01, 2011]
04/20/2016 - 20:44:28 : Error loading tree: speedtree/Conifers/monterey_cypress/MontereyCypress_RT.spt: License Error: [Key expired on September 01, 2011]
04/20/2016 - 20:44:28 : Error loading tree: speedtree/Conifers/monterey_cypress/MontereyCypress_RT.spt: License Error: [Key expired on September 01, 2011]
04/20/2016 - 20:44:28 : Error loading tree: speedtree/Broadleaves/umprellathorn/UmbrellaThorn_RT.spt: License Error: [Key expired on September 01, 2011]
04/20/2016 - 20:44:28 : Error loading tree: speedtree/Conifers/monterey_cypress/MontereyCypress_RT.spt: License Error: [Key expired on September 01, 2011]
04/20/2016 - 20:44:28 : Error loading tree: speedtree/Conifers/italian_stonepine/ItalianStonePine_RT_1.spt: License Error: [Key expired on September 01, 2011]
04/20/2016 - 20:44:28 : Error loading tree: speedtree/Broadleaves/umprellathorn/UmbrellaThorn_RT.spt: License Error: [Key expired on September 01, 2011]
04/20/2016 - 20:44:28 : Error loading tree: speedtree/Conifers/monterey_cypress/MontereyCypress_RT.spt: License Error: [Key expired on September 01, 2011]
04/20/2016 - 20:44:28 : Error loading tree: speedtree/shrubs_flowers/american_boxwood/AmericanBoxwood_RT.spt: License Error: [Key expired on September 01, 2011]
04/20/2016 - 20:44:28 : Chunk::load: Failed to load chunk 0007fffco: Failed to load tree speedtree/shrubs_flowers/american_boxwood/AmericanBoxwood_RT.spt, Failed to load tree speedtree/Conifers/monterey_cypress/MontereyCypress_RT.spt, Failed to load tree speedtree/Conifers/italian_stonepine/ItalianStonePine_RT_1.spt, Failed to load tree speedtree/Broadleaves/umprellathorn/UmbrellaThorn_RT.spt, Failed to load tree speedtree/Broadleaves/umprellathorn/UmbrellaThorn_RT.spt, Failed to load tree speedtree/Broadleaves/umprellathorn/UmbrellaThorn_RT.spt, Failed to load tree speedtree/Broadleaves/umprellathorn/UmbrellaThorn_RT.spt, Failed to load tree speedtree/Conifers/monterey_cypress/MontereyCypress_RT.spt, Failed to load tree speedtree/shrubs_flowers/american_boxwood/AmericanBoxwood_RT.spt, Failed to load tree speedtree/Conifers/monterey_cypress/MontereyCypress_RT.spt, Failed to load tree speedtree/Conifers/monterey_cypress/MontereyCypress_RT.spt, Failed to load tree speedtree/Palms_Cacti_Cycads/joshua_tree/JoshuaTree_RT.spt, Failed to load tree speedtree/Conifers/monterey_cypress/MontereyCypress_RT.spt, Failed to load tree speedtree/Conifers/monterey_cypress/MontereyCypress_RT.spt, Failed to load tree speedtree/Broadleaves/umprellathorn/UmbrellaThorn_RT.spt, Failed to load tree speedtree/Conifers/monterey_cypress/MontereyCypress_RT.spt, Failed to load tree speedtree/Conifers/italian_stonepine/ItalianStonePine_RT_1.spt, Failed to load tree speedtree/Broadleaves/umprellathorn/UmbrellaThorn_RT.spt, Failed to load tree speedtree/Conifers/monterey_cypress/MontereyCypress_RT.spt, Failed to load tree speedtree/shrubs_flowers/american_boxwood/AmericanBoxwood_RT.spt
04/20/2016 - 20:44:28 : Error loading tree: speedtree/shrubs_flowers/american_boxwood/AmericanBoxwood_RT.spt: License Error: [Key expired on September 01, 2011]
04/20/2016 - 20:44:28 : Error loading tree: speedtree/Broadleaves/umprellathorn/UmbrellaThorn_RT.spt: License Error: [Key expired on September 01, 2011]
04/20/2016 - 20:44:28 : Error loading tree: speedtree/Conifers/italian_stonepine/ItalianStonePine_RT_1.spt: License Error: [Key expired on September 01, 2011]
04/20/2016 - 20:44:28 : Error loading tree: speedtree/Conifers/monterey_cypress/MontereyCypress_RT.spt: License Error: [Key expired on September 01, 2011]
04/20/2016 - 20:44:28 : Error loading tree: speedtree/Conifers/monterey_cypress/MontereyCypress_RT.spt: License Error: [Key expired on September 01, 2011]
04/20/2016 - 20:44:28 : Error loading tree: speedtree/Broadleaves/umprellathorn/UmbrellaThorn_RT.spt: License Error: [Key expired on September 01, 2011]
04/20/2016 - 20:44:29 : Error loading tree: speedtree/Conifers/monterey_cypress/MontereyCypress_RT.spt: License Error: [Key expired on September 01, 2011]
04/20/2016 - 20:44:29 : Error loading tree: speedtree/Conifers/monterey_cypress/MontereyCypress_RT.spt: License Error: [Key expired on September 01, 2011]
04/20/2016 - 20:44:29 : Error loading tree: speedtree/Conifers/monterey_cypress/MontereyCypress_RT.spt: License Error: [Key expired on September 01, 2011]
04/20/2016 - 20:44:29 : Error loading tree: speedtree/Conifers/monterey_cypress/MontereyCypress_RT.spt: License Error: [Key expired on September 01, 2011]
04/20/2016 - 20:44:29 : Error loading tree: speedtree/Broadleaves/umprellathorn/UmbrellaThorn_RT.spt: License Error: [Key expired on September 01, 2011]
04/20/2016 - 20:44:29 : Error loading tree: speedtree/Conifers/italian_stonepine/ItalianStonePine_RT_1.spt: License Error: [Key expired on September 01, 2011]
04/20/2016 - 20:44:29 : Error loading tree: speedtree/Conifers/monterey_cypress/MontereyCypress_RT.spt: License Error: [Key expired on September 01, 2011]
04/20/2016 - 20:44:29 : Error loading tree: speedtree/Conifers/monterey_cypress/MontereyCypress_RT.spt: License Error: [Key expired on September 01, 2011]
04/20/2016 - 20:44:29 : Error loading tree: speedtree/Broadleaves/umprellathorn/UmbrellaThorn_RT.spt: License Error: [Key expired on September 01, 2011]
04/20/2016 - 20:44:29 : Error loading tree: speedtree/shrubs_flowers/american_boxwood/AmericanBoxwood_RT.spt: License Error: [Key expired on September 01, 2011]
04/20/2016 - 20:44:29 : Error loading tree: speedtree/shrubs_flowers/american_boxwood/AmericanBoxwood_RT.spt: License Error: [Key expired on September 01, 2011]
04/20/2016 - 20:44:29 : Error loading tree: speedtree/shrubs_flowers/american_boxwood/AmericanBoxwood_RT.spt: License Error: [Key expired on September 01, 2011]
04/20/2016 - 20:44:29 : Error loading tree: speedtree/Conifers/italian_stonepine/ItalianStonePine_RT_1.spt: License Error: [Key expired on September 01, 2011]
04/20/2016 - 20:44:29 : Error loading tree: speedtree/Conifers/monterey_cypress/MontereyCypress_RT.spt: License Error: [Key expired on September 01, 2011]
04/20/2016 - 20:44:29 : Error loading tree: speedtree/Broadleaves/umprellathorn/UmbrellaThorn_RT.spt: License Error: [Key expired on September 01, 2011]
04/20/2016 - 20:44:29 : Error loading tree: speedtree/Broadleaves/umprellathorn/UmbrellaThorn_RT.spt: License Error: [Key expired on September 01, 2011]
04/20/2016 - 20:44:29 : Error loading tree: speedtree/Conifers/monterey_cypress/MontereyCypress_RT.spt: License Error: [Key expired on September 01, 2011]
04/20/2016 - 20:44:29 : Error loading tree: speedtree/Conifers/monterey_cypress/MontereyCypress_RT.spt: License Error: [Key expired on September 01, 2011]
04/20/2016 - 20:44:29 : Chunk::load: Failed to load chunk 0006fffbo: Failed to load tree speedtree/shrubs_flowers/american_boxwood/AmericanBoxwood_RT.spt, Failed to load tree speedtree/Broadleaves/umprellathorn/UmbrellaThorn_RT.spt, Failed to load tree speedtree/Conifers/italian_stonepine/ItalianStonePine_RT_1.spt, Failed to load tree speedtree/Conifers/monterey_cypress/MontereyCypress_RT.spt, Failed to load tree speedtree/Conifers/monterey_cypress/MontereyCypress_RT.spt, Failed to load tree speedtree/Broadleaves/umprellathorn/UmbrellaThorn_RT.spt, Failed to load tree speedtree/Conifers/monterey_cypress/MontereyCypress_RT.spt, Failed to load tree speedtree/Conifers/monterey_cypress/MontereyCypress_RT.spt, Failed to load tree speedtree/Conifers/monterey_cypress/MontereyCypress_RT.spt, Failed to load tree speedtree/Conifers/monterey_cypress/MontereyCypress_RT.spt, Failed to load tree speedtree/Broadleaves/umprellathorn/UmbrellaThorn_RT.spt, Failed to load tree speedtree/Conifers/italian_stonepine/ItalianStonePine_RT_1.spt, Failed to load tree speedtree/Conifers/monterey_cypress/MontereyCypress_RT.spt, Failed to load tree speedtree/Conifers/monterey_cypress/MontereyCypress_RT.spt, Failed to load tree speedtree/Broadleaves/umprellathorn/UmbrellaThorn_RT.spt, Failed to load tree speedtree/shrubs_flowers/american_boxwood/AmericanBoxwood_RT.spt, Failed to load tree speedtree/shrubs_flowers/american_boxwood/AmericanBoxwood_RT.spt, Failed to load tree speedtree/shrubs_flowers/american_boxwood/AmericanBoxwood_RT.spt, Failed to load tree speedtree/Conifers/italian_stonepine/ItalianStonePine_RT_1.spt, Failed to load tree speedtree/Conifers/monterey_cypress/MontereyCypress_RT.spt, Failed to load tree speedtree/Broadleaves/umprellathorn/UmbrellaThorn_RT.spt, Failed to load tree speedtree/Broadleaves/umprellathorn/UmbrellaThorn_RT.spt, Failed to load tree speedtree/Conifers/monterey_cypress/MontereyCypress_RT.spt, Failed to load tree speedtree/Conifers/monterey_cypress/MontereyCypress_RT.spt
04/20/2016 - 20:44:29 : Error loading tree: speedtree/Conifers/douglas_fir_full/DouglasFir_RT_Full.spt: License Error: [Key expired on September 01, 2011]
04/20/2016 - 20:44:29 : Error loading tree: speedtree/Conifers/douglas_fir_full/DouglasFir_RT_Full.spt: License Error: [Key expired on September 01, 2011]
04/20/2016 - 20:44:29 : Error loading tree: speedtree/Conifers/douglas_fir/DouglasFir_RT.spt: License Error: [Key expired on September 01, 2011]
04/20/2016 - 20:44:29 : Error loading tree: speedtree/Conifers/douglas_fir_full/DouglasFir_RT_Full.spt: License Error: [Key expired on September 01, 2011]
04/20/2016 - 20:44:29 : Error loading tree: speedtree/shrubs_flowers/cinnamon_fern/CinnamonFern_RT.spt: License Error: [Key expired on September 01, 2011]
04/20/2016 - 20:44:29 : Error loading tree: speedtree/Conifers/douglas_fir_full/DouglasFir_RT_Full.spt: License Error: [Key expired on September 01, 2011]
04/20/2016 - 20:44:29 : Error loading tree: speedtree/shrubs_flowers/cinnamon_fern/CinnamonFern_RT.spt: License Error: [Key expired on September 01, 2011]
04/20/2016 - 20:44:29 : Error loading tree: speedtree/Conifers/douglas_fir/DouglasFir_RT.spt: License Error: [Key expired on September 01, 2011]
04/20/2016 - 20:44:29 : Error loading tree: speedtree/shrubs_flowers/american_boxwood/AmericanBoxwood_RT.spt: License Error: [Key expired on September 01, 2011]
04/20/2016 - 20:44:29 : Error loading tree: speedtree/shrubs_flowers/cinnamon_fern/CinnamonFern_RT.spt: License Error: [Key expired on September 01, 2011]
04/20/2016 - 20:44:29 : Error loading tree: speedtree/shrubs_flowers/boston_fern/BostonFern_RT.spt: License Error: [Key expired on September 01, 2011]
04/20/2016 - 20:44:29 : Error loading tree: speedtree/shrubs_flowers/boston_fern/BostonFern_RT.spt: License Error: [Key expired on September 01, 2011]
04/20/2016 - 20:44:29 : Error loading tree: speedtree/shrubs_flowers/cinnamon_fern/CinnamonFern_RT.spt: License Error: [Key expired on September 01, 2011]
04/20/2016 - 20:44:29 : Error loading tree: speedtree/shrubs_flowers/boston_fern/BostonFern_RT.spt: License Error: [Key expired on September 01, 2011]
04/20/2016 - 20:44:29 : Error loading tree: speedtree/shrubs_flowers/american_boxwood/AmericanBoxwood_RT.spt: License Error: [Key expired on September 01, 2011]
04/20/2016 - 20:44:29 : Error loading tree: speedtree/shrubs_flowers/american_boxwood/AmericanBoxwood_RT.spt: License Error: [Key expired on September 01, 2011]
04/20/2016 - 20:44:29 : Error loading tree: speedtree/shrubs_flowers/cinnamon_fern/CinnamonFern_RT.spt: License Error: [Key expired on September 01, 2011]
04/20/2016 - 20:44:29 : Error loading tree: speedtree/shrubs_flowers/boston_fern/BostonFern_RT.spt: License Error: [Key expired on September 01, 2011]
04/20/2016 - 20:44:29 : Error loading tree: speedtree/Conifers/douglas_fir/DouglasFir_RT.spt: License Error: [Key expired on September 01, 2011]
04/20/2016 - 20:44:29 : Chunk::load: Failed to load chunk 0006ffffo: Failed to load tree speedtree/Conifers/douglas_fir_full/DouglasFir_RT_Full.spt, Failed to load tree speedtree/Conifers/douglas_fir_full/DouglasFir_RT_Full.spt, Failed to load tree speedtree/Conifers/douglas_fir/DouglasFir_RT.spt, Failed to load tree speedtree/Conifers/douglas_fir_full/DouglasFir_RT_Full.spt, Failed to load tree speedtree/shrubs_flowers/cinnamon_fern/CinnamonFern_RT.spt, Failed to load tree speedtree/Conifers/douglas_fir_full/DouglasFir_RT_Full.spt, Failed to load tree speedtree/shrubs_flowers/cinnamon_fern/CinnamonFern_RT.spt, Failed to load tree speedtree/Conifers/douglas_fir/DouglasFir_RT.spt, Failed to load tree speedtree/shrubs_flowers/american_boxwood/AmericanBoxwood_RT.spt, Failed to load tree speedtree/shrubs_flowers/cinnamon_fern/CinnamonFern_RT.spt, Failed to load tree speedtree/shrubs_flowers/boston_fern/BostonFern_RT.spt, Failed to load tree speedtree/shrubs_flowers/boston_fern/BostonFern_RT.spt, Failed to load tree speedtree/shrubs_flowers/cinnamon_fern/CinnamonFern_RT.spt, Failed to load tree speedtree/shrubs_flowers/boston_fern/BostonFern_RT.spt, Failed to load tree speedtree/shrubs_flowers/american_boxwood/AmericanBoxwood_RT.spt, Failed to load tree speedtree/shrubs_flowers/american_boxwood/AmericanBoxwood_RT.spt, Failed to load tree speedtree/shrubs_flowers/cinnamon_fern/CinnamonFern_RT.spt, Failed to load tree speedtree/shrubs_flowers/boston_fern/BostonFern_RT.spt, Failed to load tree speedtree/Conifers/douglas_fir/DouglasFir_RT.spt
04/20/2016 - 20:44:29 : Error loading tree: speedtree/Conifers/douglas_fir/DouglasFir_RT.spt: License Error: [Key expired on September 01, 2011]
04/20/2016 - 20:44:29 : Error loading tree: speedtree/Conifers/monterey_cypress/MontereyCypress_RT.spt: License Error: [Key expired on September 01, 2011]
04/20/2016 - 20:44:29 : Error loading tree: speedtree/Conifers/monterey_cypress/MontereyCypress_RT.spt: License Error: [Key expired on September 01, 2011]
04/20/2016 - 20:44:29 : Error loading tree: speedtree/Broadleaves/umprellathorn/UmbrellaThorn_RT.spt: License Error: [Key expired on September 01, 2011]
04/20/2016 - 20:44:29 : Error loading tree: speedtree/Conifers/italian_stonepine/ItalianStonePine_RT_1.spt: License Error: [Key expired on September 01, 2011]
04/20/2016 - 20:44:29 : Chunk::load: Failed to load chunk 0008fffco: Failed to load tree speedtree/Conifers/douglas_fir/DouglasFir_RT.spt, Failed to load tree speedtree/Conifers/monterey_cypress/MontereyCypress_RT.spt, Failed to load tree speedtree/Conifers/monterey_cypress/MontereyCypress_RT.spt, Failed to load tree speedtree/Broadleaves/umprellathorn/UmbrellaThorn_RT.spt, Failed to load tree speedtree/Conifers/italian_stonepine/ItalianStonePine_RT_1.spt
04/20/2016 - 20:44:29 : Error loading tree: speedtree/Conifers/douglas_fir/DouglasFir_RT.spt: License Error: [Key expired on September 01, 2011]
04/20/2016 - 20:44:29 : Error loading tree: speedtree/Conifers/douglas_fir/DouglasFir_RT.spt: License Error: [Key expired on September 01, 2011]
04/20/2016 - 20:44:29 : Error loading tree: speedtree/Conifers/monterey_cypress/MontereyCypress_RT.spt: License Error: [Key expired on September 01, 2011]
04/20/2016 - 20:44:29 : Error loading tree: speedtree/Conifers/monterey_cypress/MontereyCypress_RT.spt: License Error: [Key expired on September 01, 2011]
04/20/2016 - 20:44:29 : Error loading tree: speedtree/Conifers/monterey_cypress/MontereyCypress_RT.spt: License Error: [Key expired on September 01, 2011]
04/20/2016 - 20:44:29 : Error loading tree: speedtree/Broadleaves/umprellathorn/UmbrellaThorn_RT.spt: License Error: [Key expired on September 01, 2011]
04/20/2016 - 20:44:29 : Error loading tree: speedtree/Broadleaves/umprellathorn/UmbrellaThorn_RT.spt: License Error: [Key expired on September 01, 2011]
04/20/2016 - 20:44:29 : Error loading tree: speedtree/Conifers/italian_stonepine/ItalianStonePine_RT_1.spt: License Error: [Key expired on September 01, 2011]
04/20/2016 - 20:44:29 : Error loading tree: speedtree/Broadleaves/umprellathorn/UmbrellaThorn_RT.spt: License Error: [Key expired on September 01, 2011]
04/20/2016 - 20:44:29 : Error loading tree: speedtree/Conifers/monterey_cypress/MontereyCypress_RT.spt: License Error: [Key expired on September 01, 2011]
04/20/2016 - 20:44:29 : Error loading tree: speedtree/Conifers/monterey_cypress/MontereyCypress_RT.spt: License Error: [Key expired on September 01, 2011]
04/20/2016 - 20:44:29 : Error loading tree: speedtree/Conifers/monterey_cypress/MontereyCypress_RT.spt: License Error: [Key expired on September 01, 2011]
04/20/2016 - 20:44:29 : Error loading tree: speedtree/Broadleaves/umprellathorn/UmbrellaThorn_RT.spt: License Error: [Key expired on September 01, 2011]
04/20/2016 - 20:44:29 : Chunk::load: Failed to load chunk 0007fffbo: Failed to load tree speedtree/Conifers/douglas_fir/DouglasFir_RT.spt, Failed to load tree speedtree/Conifers/douglas_fir/DouglasFir_RT.spt, Failed to load tree speedtree/Conifers/monterey_cypress/MontereyCypress_RT.spt, Failed to load tree speedtree/Conifers/monterey_cypress/MontereyCypress_RT.spt, Failed to load tree speedtree/Conifers/monterey_cypress/MontereyCypress_RT.spt, Failed to load tree speedtree/Broadleaves/umprellathorn/UmbrellaThorn_RT.spt, Failed to load tree speedtree/Broadleaves/umprellathorn/UmbrellaThorn_RT.spt, Failed to load tree speedtree/Conifers/italian_stonepine/ItalianStonePine_RT_1.spt, Failed to load tree speedtree/Broadleaves/umprellathorn/UmbrellaThorn_RT.spt, Failed to load tree speedtree/Conifers/monterey_cypress/MontereyCypress_RT.spt, Failed to load tree speedtree/Conifers/monterey_cypress/MontereyCypress_RT.spt, Failed to load tree speedtree/Conifers/monterey_cypress/MontereyCypress_RT.spt, Failed to load tree speedtree/Broadleaves/umprellathorn/UmbrellaThorn_RT.spt
04/20/2016 - 20:44:29 : Error loading tree: speedtree/Conifers/douglas_fir/DouglasFir_RT.spt: License Error: [Key expired on September 01, 2011]
04/20/2016 - 20:44:29 : Error loading tree: speedtree/Conifers/monterey_cypress/MontereyCypress_RT.spt: License Error: [Key expired on September 01, 2011]
04/20/2016 - 20:44:29 : Error loading tree: speedtree/Conifers/monterey_cypress/MontereyCypress_RT.spt: License Error: [Key expired on September 01, 2011]
04/20/2016 - 20:44:29 : Error loading tree: speedtree/Broadleaves/umprellathorn/UmbrellaThorn_RT.spt: License Error: [Key expired on September 01, 2011]
04/20/2016 - 20:44:29 : Error loading tree: speedtree/Broadleaves/umprellathorn/UmbrellaThorn_RT.spt: License Error: [Key expired on September 01, 2011]
04/20/2016 - 20:44:29 : Error loading tree: speedtree/shrubs_flowers/american_boxwood/AmericanBoxwood_RT.spt: License Error: [Key expired on September 01, 2011]
04/20/2016 - 20:44:29 : Error loading tree: speedtree/Conifers/italian_stonepine/ItalianStonePine_RT_1.spt: License Error: [Key expired on September 01, 2011]
04/20/2016 - 20:44:29 : Error loading tree: speedtree/Broadleaves/umprellathorn/UmbrellaThorn_RT.spt: License Error: [Key expired on September 01, 2011]
04/20/2016 - 20:44:29 : Error loading tree: speedtree/Conifers/monterey_cypress/MontereyCypress_RT.spt: License Error: [Key expired on September 01, 2011]
04/20/2016 - 20:44:29 : Error loading tree: speedtree/Conifers/monterey_cypress/MontereyCypress_RT.spt: License Error: [Key expired on September 01, 2011]
04/20/2016 - 20:44:29 : Chunk::load: Failed to load chunk 0005fffbo: Failed to load tree speedtree/Conifers/douglas_fir/DouglasFir_RT.spt, Failed to load tree speedtree/Conifers/monterey_cypress/MontereyCypress_RT.spt, Failed to load tree speedtree/Conifers/monterey_cypress/MontereyCypress_RT.spt, Failed to load tree speedtree/Broadleaves/umprellathorn/UmbrellaThorn_RT.spt, Failed to load tree speedtree/Broadleaves/umprellathorn/UmbrellaThorn_RT.spt, Failed to load tree speedtree/shrubs_flowers/american_boxwood/AmericanBoxwood_RT.spt, Failed to load tree speedtree/Conifers/italian_stonepine/ItalianStonePine_RT_1.spt, Failed to load tree speedtree/Broadleaves/umprellathorn/UmbrellaThorn_RT.spt, Failed to load tree speedtree/Conifers/monterey_cypress/MontereyCypress_RT.spt, Failed to load tree speedtree/Conifers/monterey_cypress/MontereyCypress_RT.spt
04/20/2016 - 20:44:29 : Error loading tree: speedtree/Conifers/douglas_fir/DouglasFir_RT.spt: License Error: [Key expired on September 01, 2011]
04/20/2016 - 20:44:29 : Error loading tree: speedtree/Conifers/douglas_fir/DouglasFir_RT.spt: License Error: [Key expired on September 01, 2011]
04/20/2016 - 20:44:29 : Error loading tree: speedtree/Conifers/douglas_fir/DouglasFir_RT.spt: License Error: [Key expired on September 01, 2011]
04/20/2016 - 20:44:29 : Error loading tree: speedtree/Conifers/monterey_cypress/MontereyCypress_RT.spt: License Error: [Key expired on September 01, 2011]
04/20/2016 - 20:44:29 : Error loading tree: speedtree/Broadleaves/umprellathorn/UmbrellaThorn_RT.spt: License Error: [Key expired on September 01, 2011]
04/20/2016 - 20:44:29 : Error loading tree: speedtree/Conifers/monterey_cypress/MontereyCypress_RT.spt: License Error: [Key expired on September 01, 2011]
04/20/2016 - 20:44:29 : Chunk::load: Failed to load chunk 0008fffbo: Failed to load tree speedtree/Conifers/douglas_fir/DouglasFir_RT.spt, Failed to load tree speedtree/Conifers/douglas_fir/DouglasFir_RT.spt, Failed to load tree speedtree/Conifers/douglas_fir/DouglasFir_RT.spt, Failed to load tree speedtree/Conifers/monterey_cypress/MontereyCypress_RT.spt, Failed to load tree speedtree/Broadleaves/umprellathorn/UmbrellaThorn_RT.spt, Failed to load tree speedtree/Conifers/monterey_cypress/MontereyCypress_RT.spt
04/20/2016 - 20:44:43 : Error loading tree: speedtree/shrubs_flowers/cinnamon_fern/CinnamonFern_RT.spt: License Error: [Key expired on September 01, 2011]
04/20/2016 - 20:44:43 : Error loading tree: speedtree/shrubs_flowers/cinnamon_fern/CinnamonFern_RT.spt: License Error: [Key expired on September 01, 2011]
04/20/2016 - 20:44:43 : Error loading tree: speedtree/shrubs_flowers/american_boxwood/AmericanBoxwood_RT.spt: License Error: [Key expired on September 01, 2011]
04/20/2016 - 20:44:43 : Error loading tree: speedtree/shrubs_flowers/boston_fern/BostonFern_RT.spt: License Error: [Key expired on September 01, 2011]
04/20/2016 - 20:44:43 : Error loading tree: speedtree/shrubs_flowers/boston_fern/BostonFern_RT.spt: License Error: [Key expired on September 01, 2011]
04/20/2016 - 20:44:43 : Error loading tree: speedtree/shrubs_flowers/boston_fern/BostonFern_RT.spt: License Error: [Key expired on September 01, 2011]
04/20/2016 - 20:44:43 : Error loading tree: speedtree/shrubs_flowers/cinnamon_fern/CinnamonFern_RT.spt: License Error: [Key expired on September 01, 2011]
04/20/2016 - 20:44:43 : Error loading tree: speedtree/shrubs_flowers/cinnamon_fern/CinnamonFern_RT.spt: License Error: [Key expired on September 01, 2011]
04/20/2016 - 20:44:43 : Error loading tree: speedtree/shrubs_flowers/boston_fern/BostonFern_RT.spt: License Error: [Key expired on September 01, 2011]
04/20/2016 - 20:44:43 : Error loading tree: speedtree/shrubs_flowers/boston_fern/BostonFern_RT.spt: License Error: [Key expired on September 01, 2011]
04/20/2016 - 20:44:43 : Error loading tree: speedtree/shrubs_flowers/american_boxwood/AmericanBoxwood_RT.spt: License Error: [Key expired on September 01, 2011]
04/20/2016 - 20:44:43 : Error loading tree: speedtree/shrubs_flowers/boston_fern/BostonFern_RT.spt: License Error: [Key expired on September 01, 2011]
04/20/2016 - 20:44:43 : Error loading tree: speedtree/shrubs_flowers/cinnamon_fern/CinnamonFern_RT.spt: License Error: [Key expired on September 01, 2011]
04/20/2016 - 20:44:43 : Error loading tree: speedtree/shrubs_flowers/cinnamon_fern/CinnamonFern_RT.spt: License Error: [Key expired on September 01, 2011]
04/20/2016 - 20:44:43 : Error loading tree: speedtree/shrubs_flowers/american_boxwood/AmericanBoxwood_RT.spt: License Error: [Key expired on September 01, 2011]
04/20/2016 - 20:44:43 : Error loading tree: speedtree/Conifers/douglas_fir/DouglasFir_RT.spt: License Error: [Key expired on September 01, 2011]
04/20/2016 - 20:44:43 : Error loading tree: speedtree/Conifers/douglas_fir/DouglasFir_RT.spt: License Error: [Key expired on September 01, 2011]
04/20/2016 - 20:44:43 : Error loading tree: speedtree/Conifers/douglas_fir/DouglasFir_RT.spt: License Error: [Key expired on September 01, 2011]
04/20/2016 - 20:44:43 : Error loading tree: speedtree/Conifers/douglas_fir/DouglasFir_RT.spt: License Error: [Key expired on September 01, 2011]
04/20/2016 - 20:44:43 : Error loading tree: speedtree/Conifers/douglas_fir_full/DouglasFir_RT_Full.spt: License Error: [Key expired on September 01, 2011]
04/20/2016 - 20:44:43 : Error loading tree: speedtree/shrubs_flowers/cinnamon_fern/CinnamonFern_RT.spt: License Error: [Key expired on September 01, 2011]
04/20/2016 - 20:44:43 : Error loading tree: speedtree/Conifers/douglas_fir/DouglasFir_RT.spt: License Error: [Key expired on September 01, 2011]
04/20/2016 - 20:44:43 : Error loading tree: speedtree/shrubs_flowers/cinnamon_fern/CinnamonFern_RT.spt: License Error: [Key expired on September 01, 2011]
04/20/2016 - 20:44:43 : Error loading tree: speedtree/shrubs_flowers/cinnamon_fern/CinnamonFern_RT.spt: License Error: [Key expired on September 01, 2011]
04/20/2016 - 20:44:43 : Error loading tree: speedtree/shrubs_flowers/american_boxwood/AmericanBoxwood_RT.spt: License Error: [Key expired on September 01, 2011]
04/20/2016 - 20:44:43 : Error loading tree: speedtree/shrubs_flowers/american_boxwood/AmericanBoxwood_RT.spt: License Error: [Key expired on September 01, 2011]
04/20/2016 - 20:44:43 : Error loading tree: speedtree/Conifers/italian_cypress/ItalianCypress_RT.spt: License Error: [Key expired on September 01, 2011]
04/20/2016 - 20:44:43 : Error loading tree: speedtree/shrubs_flowers/boston_fern/BostonFern_RT.spt: License Error: [Key expired on September 01, 2011]
04/20/2016 - 20:44:43 : Error loading tree: speedtree/shrubs_flowers/boston_fern/BostonFern_RT.spt: License Error: [Key expired on September 01, 2011]
04/20/2016 - 20:44:43 : Error loading tree: speedtree/shrubs_flowers/boston_fern/BostonFern_RT.spt: License Error: [Key expired on September 01, 2011]
04/20/2016 - 20:44:43 : Error loading tree: speedtree/shrubs_flowers/boston_fern/BostonFern_RT.spt: License Error: [Key expired on September 01, 2011]
04/20/2016 - 20:44:43 : Error loading tree: speedtree/shrubs_flowers/boston_fern/BostonFern_RT.spt: License Error: [Key expired on September 01, 2011]
04/20/2016 - 20:44:43 : Error loading tree: speedtree/shrubs_flowers/boston_fern/BostonFern_RT.spt: License Error: [Key expired on September 01, 2011]
04/20/2016 - 20:44:43 : Error loading tree: speedtree/shrubs_flowers/boston_fern/BostonFern_RT.spt: License Error: [Key expired on September 01, 2011]
04/20/2016 - 20:44:43 : Error loading tree: speedtree/shrubs_flowers/cinnamon_fern/CinnamonFern_RT.spt: License Error: [Key expired on September 01, 2011]
04/20/2016 - 20:44:43 : Error loading tree: speedtree/Conifers/douglas_fir_full/DouglasFir_RT_Full.spt: License Error: [Key expired on September 01, 2011]
04/20/2016 - 20:44:43 : Error loading tree: speedtree/Conifers/italian_cypress/ItalianCypress_RT.spt: License Error: [Key expired on September 01, 2011]
04/20/2016 - 20:44:43 : Error loading tree: speedtree/Conifers/italian_cypress/ItalianCypress_RT.spt: License Error: [Key expired on September 01, 2011]
04/20/2016 - 20:44:43 : Error loading tree: speedtree/Conifers/douglas_fir_full/DouglasFir_RT_Full.spt: License Error: [Key expired on September 01, 2011]
04/20/2016 - 20:44:43 : Error loading tree: speedtree/shrubs_flowers/cinnamon_fern/CinnamonFern_RT.spt: License Error: [Key expired on September 01, 2011]
04/20/2016 - 20:44:43 : Error loading tree: speedtree/Conifers/italian_cypress/ItalianCypress_RT.spt: License Error: [Key expired on September 01, 2011]
04/20/2016 - 20:44:43 : Error loading tree: speedtree/shrubs_flowers/cinnamon_fern/CinnamonFern_RT.spt: License Error: [Key expired on September 01, 2011]
04/20/2016 - 20:44:43 : Error loading tree: speedtree/shrubs_flowers/american_boxwood/AmericanBoxwood_RT.spt: License Error: [Key expired on September 01, 2011]
04/20/2016 - 20:44:43 : Error loading tree: speedtree/Conifers/italian_cypress/ItalianCypress_RT.spt: License Error: [Key expired on September 01, 2011]
04/20/2016 - 20:44:43 : Error loading tree: speedtree/shrubs_flowers/american_boxwood/AmericanBoxwood_RT.spt: License Error: [Key expired on September 01, 2011]
04/20/2016 - 20:44:43 : Error loading tree: speedtree/shrubs_flowers/american_boxwood/AmericanBoxwood_RT.spt: License Error: [Key expired on September 01, 2011]
04/20/2016 - 20:44:43 : Error loading tree: speedtree/Conifers/italian_cypress/ItalianCypress_RT.spt: License Error: [Key expired on September 01, 2011]
04/20/2016 - 20:44:43 : Error loading tree: speedtree/shrubs_flowers/boston_fern/BostonFern_RT.spt: License Error: [Key expired on September 01, 2011]
04/20/2016 - 20:44:43 : Error loading tree: speedtree/shrubs_flowers/american_boxwood/AmericanBoxwood_RT.spt: License Error: [Key expired on September 01, 2011]
04/20/2016 - 20:44:43 : Error loading tree: speedtree/Conifers/douglas_fir_full/DouglasFir_RT_Full.spt: License Error: [Key expired on September 01, 2011]
04/20/2016 - 20:44:43 : Error loading tree: speedtree/shrubs_flowers/american_boxwood/AmericanBoxwood_RT.spt: License Error: [Key expired on September 01, 2011]
04/20/2016 - 20:44:43 : Error loading tree: speedtree/shrubs_flowers/cinnamon_fern/CinnamonFern_RT.spt: License Error: [Key expired on September 01, 2011]
04/20/2016 - 20:44:43 : Error loading tree: speedtree/Conifers/douglas_fir/DouglasFir_RT.spt: License Error: [Key expired on September 01, 2011]
04/20/2016 - 20:44:43 : Error loading tree: speedtree/shrubs_flowers/boston_fern/BostonFern_RT.spt: License Error: [Key expired on September 01, 2011]
04/20/2016 - 20:44:43 : Error loading tree: speedtree/shrubs_flowers/cinnamon_fern/CinnamonFern_RT.spt: License Error: [Key expired on September 01, 2011]
04/20/2016 - 20:44:43 : Error loading tree: speedtree/shrubs_flowers/american_boxwood/AmericanBoxwood_RT.spt: License Error: [Key expired on September 01, 2011]
04/20/2016 - 20:44:43 : Error loading tree: speedtree/shrubs_flowers/american_boxwood/AmericanBoxwood_RT.spt: License Error: [Key expired on September 01, 2011]
04/20/2016 - 20:44:43 : Error loading tree: speedtree/shrubs_flowers/boston_fern/BostonFern_RT.spt: License Error: [Key expired on September 01, 2011]
04/20/2016 - 20:44:43 : Error loading tree: speedtree/Conifers/douglas_fir_full/DouglasFir_RT_Full.spt: License Error: [Key expired on September 01, 2011]
04/20/2016 - 20:44:43 : Error loading tree: speedtree/shrubs_flowers/american_boxwood/AmericanBoxwood_RT.spt: License Error: [Key expired on September 01, 2011]
04/20/2016 - 20:44:43 : Error loading tree: speedtree/shrubs_flowers/american_boxwood/AmericanBoxwood_RT.spt: License Error: [Key expired on September 01, 2011]
04/20/2016 - 20:44:43 : Error loading tree: speedtree/shrubs_flowers/american_boxwood/AmericanBoxwood_RT.spt: License Error: [Key expired on September 01, 2011]
04/20/2016 - 20:44:43 : Error loading tree: speedtree/Conifers/douglas_fir_full/DouglasFir_RT_Full.spt: License Error: [Key expired on September 01, 2011]
04/20/2016 - 20:44:43 : Error loading tree: speedtree/shrubs_flowers/american_boxwood/AmericanBoxwood_RT.spt: License Error: [Key expired on September 01, 2011]
04/20/2016 - 20:44:43 : Error loading tree: speedtree/Conifers/italian_cypress/ItalianCypress_RT.spt: License Error: [Key expired on September 01, 2011]
04/20/2016 - 20:44:43 : Error loading tree: speedtree/shrubs_flowers/cinnamon_fern/CinnamonFern_RT.spt: License Error: [Key expired on September 01, 2011]
04/20/2016 - 20:44:43 : Error loading tree: speedtree/shrubs_flowers/cinnamon_fern/CinnamonFern_RT.spt: License Error: [Key expired on September 01, 2011]
04/20/2016 - 20:44:43 : Error loading tree: speedtree/Conifers/italian_cypress/ItalianCypress_RT.spt: License Error: [Key expired on September 01, 2011]
04/20/2016 - 20:44:43 : Error loading tree: speedtree/shrubs_flowers/american_boxwood/AmericanBoxwood_RT.spt: License Error: [Key expired on September 01, 2011]
04/20/2016 - 20:44:43 : Error loading tree: speedtree/Conifers/douglas_fir/DouglasFir_RT.spt: License Error: [Key expired on September 01, 2011]
04/20/2016 - 20:44:43 : Error loading tree: speedtree/shrubs_flowers/american_boxwood/AmericanBoxwood_RT.spt: License Error: [Key expired on September 01, 2011]
04/20/2016 - 20:44:43 : Error loading tree: speedtree/shrubs_flowers/american_boxwood/AmericanBoxwood_RT.spt: License Error: [Key expired on September 01, 2011]
04/20/2016 - 20:44:43 : Error loading tree: speedtree/Conifers/douglas_fir_full/DouglasFir_RT_Full.spt: License Error: [Key expired on September 01, 2011]
04/20/2016 - 20:44:43 : Error loading tree: speedtree/Conifers/italian_cypress/ItalianCypress_RT.spt: License Error: [Key expired on September 01, 2011]
04/20/2016 - 20:44:43 : Error loading tree: speedtree/shrubs_flowers/boston_fern/BostonFern_RT.spt: License Error: [Key expired on September 01, 2011]
04/20/2016 - 20:44:43 : Error loading tree: speedtree/Conifers/douglas_fir_full/DouglasFir_RT_Full.spt: License Error: [Key expired on September 01, 2011]
04/20/2016 - 20:44:43 : Error loading tree: speedtree/Conifers/douglas_fir_full/DouglasFir_RT_Full.spt: License Error: [Key expired on September 01, 2011]
04/20/2016 - 20:44:43 : Error loading tree: speedtree/shrubs_flowers/cinnamon_fern/CinnamonFern_RT.spt: License Error: [Key expired on September 01, 2011]
04/20/2016 - 20:44:43 : Error loading tree: speedtree/Conifers/douglas_fir_full/DouglasFir_RT_Full.spt: License Error: [Key expired on September 01, 2011]
04/20/2016 - 20:44:43 : Error loading tree: speedtree/Conifers/douglas_fir_full/DouglasFir_RT_Full.spt: License Error: [Key expired on September 01, 2011]
04/20/2016 - 20:44:43 : Error loading tree: speedtree/Conifers/douglas_fir_full/DouglasFir_RT_Full.spt: License Error: [Key expired on September 01, 2011]
04/20/2016 - 20:44:43 : Error loading tree: speedtree/shrubs_flowers/boston_fern/BostonFern_RT.spt: License Error: [Key expired on September 01, 2011]
04/20/2016 - 20:44:43 : Error loading tree: speedtree/shrubs_flowers/cinnamon_fern/CinnamonFern_RT.spt: License Error: [Key expired on September 01, 2011]
04/20/2016 - 20:44:43 : Error loading tree: speedtree/shrubs_flowers/cinnamon_fern/CinnamonFern_RT.spt: License Error: [Key expired on September 01, 2011]
04/20/2016 - 20:44:43 : Error loading tree: speedtree/shrubs_flowers/boston_fern/BostonFern_RT.spt: License Error: [Key expired on September 01, 2011]
04/20/2016 - 20:44:43 : Error loading tree: speedtree/shrubs_flowers/boston_fern/BostonFern_RT.spt: License Error: [Key expired on September 01, 2011]
04/20/2016 - 20:44:43 : Error loading tree: speedtree/shrubs_flowers/cinnamon_fern/CinnamonFern_RT.spt: License Error: [Key expired on September 01, 2011]
04/20/2016 - 20:44:43 : Error loading tree: speedtree/shrubs_flowers/boston_fern/BostonFern_RT.spt: License Error: [Key expired on September 01, 2011]
04/20/2016 - 20:44:43 : Error loading tree: speedtree/shrubs_flowers/american_boxwood/AmericanBoxwood_RT.spt: License Error: [Key expired on September 01, 2011]
04/20/2016 - 20:44:43 : Error loading tree: speedtree/shrubs_flowers/american_boxwood/AmericanBoxwood_RT.spt: License Error: [Key expired on September 01, 2011]
04/20/2016 - 20:44:43 : Error loading tree: speedtree/shrubs_flowers/boston_fern/BostonFern_RT.spt: License Error: [Key expired on September 01, 2011]
04/20/2016 - 20:44:43 : Error loading tree: speedtree/Conifers/douglas_fir_full/DouglasFir_RT_Full.spt: License Error: [Key expired on September 01, 2011]
04/20/2016 - 20:44:43 : Error loading tree: speedtree/shrubs_flowers/american_boxwood/AmericanBoxwood_RT.spt: License Error: [Key expired on September 01, 2011]
04/20/2016 - 20:44:43 : Error loading tree: speedtree/shrubs_flowers/boston_fern/BostonFern_RT.spt: License Error: [Key expired on September 01, 2011]
04/20/2016 - 20:44:43 : Error loading tree: speedtree/shrubs_flowers/american_boxwood/AmericanBoxwood_RT.spt: License Error: [Key expired on September 01, 2011]
04/20/2016 - 20:44:43 : Error loading tree: speedtree/shrubs_flowers/cinnamon_fern/CinnamonFern_RT.spt: License Error: [Key expired on September 01, 2011]
04/20/2016 - 20:44:43 : Error loading tree: speedtree/Conifers/douglas_fir_full/DouglasFir_RT_Full.spt: License Error: [Key expired on September 01, 2011]
04/20/2016 - 20:44:43 : Error loading tree: speedtree/Conifers/italian_cypress/ItalianCypress_RT.spt: License Error: [Key expired on September 01, 2011]
04/20/2016 - 20:44:43 : Error loading tree: speedtree/shrubs_flowers/cinnamon_fern/CinnamonFern_RT.spt: License Error: [Key expired on September 01, 2011]
04/20/2016 - 20:44:43 : Error loading tree: speedtree/Conifers/italian_stonepine/ItalianStonePine_RT_1.spt: License Error: [Key expired on September 01, 2011]
04/20/2016 - 20:44:43 : Error loading tree: speedtree/shrubs_flowers/american_boxwood/AmericanBoxwood_RT.spt: License Error: [Key expired on September 01, 2011]
04/20/2016 - 20:44:43 : Error loading tree: speedtree/Conifers/douglas_fir_full/DouglasFir_RT_Full.spt: License Error: [Key expired on September 01, 2011]
04/20/2016 - 20:44:43 : Error loading tree: speedtree/Conifers/douglas_fir_full/DouglasFir_RT_Full.spt: License Error: [Key expired on September 01, 2011]
04/20/2016 - 20:44:43 : Error loading tree: speedtree/Conifers/douglas_fir_full/DouglasFir_RT_Full.spt: License Error: [Key expired on September 01, 2011]
04/20/2016 - 20:44:43 : Chunk::load: Failed to load chunk 0004ffffo: Failed to load tree speedtree/shrubs_flowers/cinnamon_fern/CinnamonFern_RT.spt, Failed to load tree speedtree/shrubs_flowers/cinnamon_fern/CinnamonFern_RT.spt, Failed to load tree speedtree/shrubs_flowers/american_boxwood/AmericanBoxwood_RT.spt, Failed to load tree speedtree/shrubs_flowers/boston_fern/BostonFern_RT.spt, Failed to load tree speedtree/shrubs_flowers/boston_fern/BostonFern_RT.spt, Failed to load tree speedtree/shrubs_flowers/boston_fern/BostonFern_RT.spt, Failed to load tree speedtree/shrubs_flowers/cinnamon_fern/CinnamonFern_RT.spt, Failed to load tree speedtree/shrubs_flowers/cinnamon_fern/CinnamonFern_RT.spt, Failed to load tree speedtree/shrubs_flowers/boston_fern/BostonFern_RT.spt, Failed to load tree speedtree/shrubs_flowers/boston_fern/BostonFern_RT.spt, Failed to load tree speedtree/shrubs_flowers/american_boxwood/AmericanBoxwood_RT.spt, Failed to load tree speedtree/shrubs_flowers/boston_fern/BostonFern_RT.spt, Failed to load tree speedtree/shrubs_flowers/cinnamon_fern/CinnamonFern_RT.spt, Failed to load tree speedtree/shrubs_flowers/cinnamon_fern/CinnamonFern_RT.spt, Failed to load tree speedtree/shrubs_flowers/american_boxwood/AmericanBoxwood_RT.spt, Failed to load tree speedtree/Conifers/douglas_fir/DouglasFir_RT.spt, Failed to load tree speedtree/Conifers/douglas_fir/DouglasFir_RT.spt, Failed to load tree speedtree/Conifers/douglas_fir/DouglasFir_RT.spt, Failed to load tree speedtree/Conifers/douglas_fir/DouglasFir_RT.spt, Failed to load tree speedtree/Conifers/douglas_fir_full/DouglasFir_RT_Full.spt, Failed to load tree speedtree/shrubs_flowers/cinnamon_fern/CinnamonFern_RT.spt, Failed to load tree speedtree/Conifers/douglas_fir/DouglasFir_RT.spt, Failed to load tree speedtree/shrubs_flowers/cinnamon_fern/CinnamonFern_RT.spt, Failed to load tree speedtree/shrubs_flowers/cinnamon_fern/CinnamonFern_RT.spt, Failed to load tree speedtree/shrubs_flowers/american_boxwood/AmericanBoxwood_RT.spt, Failed to load tree speedtree/shrubs_flowers/american_boxwood/AmericanBoxwood_RT.spt, Failed to load tree speedtree/Conifers/italian_cypress/ItalianCypress_RT.spt, Failed to load tree speedtree/shrubs_flowers/boston_fern/BostonFern_RT.spt, Failed to load tree speedtree/shrubs_flowers/boston_fern/BostonFern_RT.spt, Failed to load tree speedtree/shrubs_flowers/boston_fern/BostonFern_RT.spt, Failed to load tree speedtree/shrubs_flowers/boston_fern/BostonFern_RT.spt, Failed to load tree speedtree/shrubs_flowers/boston_fern/BostonFern_RT.spt, Failed to load tree speedtree/shrubs_flowers/boston_fern/BostonFern_RT.spt, Failed to load tree speedtree/shrubs_flowers/boston_fern/BostonFern_RT.spt, Failed to load tree speedtree/shrubs_flowers/cinnamon_fern/CinnamonFern_RT.spt, Failed to load tree speedtree/Conifers/douglas_fir_full/DouglasFir_RT_Full.spt, Failed to load tree speedtree/Conifers/italian_cypress/ItalianCypress_RT.spt, Failed to load tree speedtree/Conifers/italian_cypress/ItalianCypress_RT.spt, Failed to load tree speedtree/Conifers/douglas_fir_full/DouglasFir_RT_Full.spt, Failed to load tree speedtree/shrubs_flowers/cinnamon_fern/CinnamonFern_RT.spt, Failed to load tree speedtree/Conifers/italian_cypress/ItalianCypress_RT.spt, Failed to load tree speedtree/shrubs_flowers/cinnamon_fern/CinnamonFern_RT.spt, Failed to load tree speedtree/shrubs_flowers/american_boxwood/AmericanBoxwood_RT.spt, Failed to load tree speedtree/Conifers/italian_cypress/ItalianCypress_RT.spt, Failed to load tree speedtree/shrubs_flowers/american_boxwood/AmericanBoxwood_RT.spt, Failed to load tree speedtree/shrubs_flowers/american_boxwood/AmericanBoxwood_RT.spt, Failed to load tree speedtree/Conifers/italian_cypress/ItalianCypress_RT.spt, Failed to load tree speedtree/shrubs_flowers/boston_fern/BostonFern_RT.spt, Failed to load tree speedtree/shrubs_flowers/american_boxwood/AmericanBoxwood_RT.spt, Failed to load tree speedtree/Conifers/douglas_fir_full/DouglasFir_RT_Full.spt, Failed to load tree speedtree/shrubs_flowers/american_boxwood/AmericanBoxwood_RT.spt, Failed to load tree speedtree/shrubs_flowers/cinnamon_fern/CinnamonFern_RT.spt, Failed to load tree speedtree/Conifers/douglas_fir/DouglasFir_RT.spt, Failed to load tree speedtree/shrubs_flowers/boston_fern/BostonFern_RT.spt, Failed to load tree speedtree/shrubs_flowers/cinnamon_fern/CinnamonFern_RT.spt, Failed to load tree speedtree/shrubs_flowers/american_boxwood/AmericanBoxwood_RT.spt, Failed to load tree speedtree/shrubs_flowers/american_boxwood/AmericanBoxwood_RT.spt, Failed to load tree speedtree/shrubs_flowers/boston_fern/BostonFern_RT.spt, Failed to load tree speedtree/Conifers/douglas_fir_full/DouglasFir_RT_Full.spt, Failed to load tree speedtree/shrubs_flowers/american_boxwood/AmericanBoxwood_RT.spt, Failed to load tree speedtree/shrubs_flowers/american_boxwood/AmericanBoxwood_RT.spt, Failed to load tree speedtree/shrubs_flowers/american_boxwood/AmericanBoxwood_RT.spt, Failed to load tree speedtree/Conifers/douglas_fir_full/DouglasFir_RT_Full.spt, Failed to load tree speedtree/shrubs_flowers/american_boxwood/AmericanBoxwood_RT.spt, Failed to load tree speedtree/Conifers/italian_cypress/ItalianCypress_RT.spt, Failed to load tree speedtree/shrubs_flowers/cinnamon_fern/CinnamonFern_RT.spt, Failed to load tree speedtree/shrubs_flowers/cinnamon_fern/CinnamonFern_RT.spt, Failed to load tree speedtree/Conifers/italian_cypress/ItalianCypress_RT.spt, Failed to load tree speedtree/shrubs_flowers/american_boxwood/AmericanBoxwood_RT.spt, Failed to load tree speedtree/Conifers/douglas_fir/DouglasFir_RT.spt, Failed to load tree speedtree/shrubs_flowers/american_boxwood/AmericanBoxwood_RT.spt, Failed to load tree speedtree/shrubs_flowers/american_boxwood/AmericanBoxwood_RT.spt, Failed to load tree speedtree/Conifers/douglas_fir_full/DouglasFir_RT_Full.spt, Failed to load tree speedtree/Conifers/italian_cypress/ItalianCypress_RT.spt, Failed to load tree speedtree/shrubs_flowers/boston_fern/BostonFern_RT.spt, Failed to load tree speedtree/Conifers/douglas_fir_full/DouglasFir_RT_Full.spt, Failed to load tree speedtree/Conifers/douglas_fir_full/DouglasFir_RT_Full.spt, Failed to load tree speedtree/shrubs_flowers/cinnamon_fern/CinnamonFern_RT.spt, Failed to load tree speedtree/Conifers/douglas_fir_full/DouglasFir_RT_Full.spt, Failed to load tree speedtree/Conifers/douglas_fir_full/DouglasFir_RT_Full.spt, Failed to load tree speedtree/Conifers/douglas_fir_full/DouglasFir_RT_Full.spt, Failed to load tree speedtree/shrubs_flowers/boston_fern/BostonFern_RT.spt, Failed to load tree speedtree/shrubs_flowers/cinnamon_fern/CinnamonFern_RT.spt, Failed to load tree speedtree/shrubs_flowers/cinnamon_fern/CinnamonFern_RT.spt, Failed to load tree speedtree/shrubs_flowers/boston_fern/BostonFern_RT.spt, Failed to load tree speedtree/shrubs_flowers/boston_fern/BostonFern_RT.spt, Failed to load tree speedtree/shrubs_flowers/cinnamon_fern/CinnamonFern_RT.spt, Failed to load tree speedtree/shrubs_flowers/boston_fern/BostonFern_RT.spt, Failed to load tree speedtree/shrubs_flowers/american_boxwood/AmericanBoxwood_RT.spt, Failed to load tree speedtree/shrubs_flowers/american_boxwood/AmericanBoxwood_RT.spt, Failed to load tree speedtree/shrubs_flowers/boston_fern/BostonFern_RT.spt, Failed to load tree speedtree/Conifers/douglas_fir_full/DouglasFir_RT_Full.spt, Failed to load tree speedtree/shrubs_flowers/american_boxwood/AmericanBoxwood_RT.spt, Failed to load tree speedtree/shrubs_flowers/boston_fern/BostonFern_RT.spt, Failed to load tree speedtree/shrubs_flowers/american_boxwood/AmericanBoxwood_RT.spt, Failed to load tree speedtree/shrubs_flowers/cinnamon_fern/CinnamonFern_RT.spt, Failed to load tree speedtree/Conifers/douglas_fir_full/DouglasFir_RT_Full.spt, Failed to load tree speedtree/Conifers/italian_cypress/ItalianCypress_RT.spt, Failed to load tree speedtree/shrubs_flowers/cinnamon_fern/CinnamonFern_RT.spt, Failed to load tree speedtree/Conifers/italian_stonepine/ItalianStonePine_RT_1.spt, Failed to load tree speedtree/shrubs_flowers/american_boxwood/AmericanBoxwood_RT.spt, Failed to load tree speedtree/Conifers/douglas_fir_full/DouglasFir_RT_Full.spt, Failed to load tree speedtree/Conifers/douglas_fir_full/DouglasFir_RT_Full.spt, Failed to load tree speedtree/Conifers/douglas_fir_full/DouglasFir_RT_Full.spt
04/20/2016 - 20:44:43 : Error loading tree: speedtree/Conifers/douglas_fir/DouglasFir_RT.spt: License Error: [Key expired on September 01, 2011]
04/20/2016 - 20:44:43 : Error loading tree: speedtree/Conifers/douglas_fir/DouglasFir_RT.spt: License Error: [Key expired on September 01, 2011]
04/20/2016 - 20:44:43 : Error loading tree: speedtree/Conifers/monterey_cypress/MontereyCypress_RT.spt: License Error: [Key expired on September 01, 2011]
04/20/2016 - 20:44:43 : Error loading tree: speedtree/Conifers/monterey_cypress/MontereyCypress_RT.spt: License Error: [Key expired on September 01, 2011]
04/20/2016 - 20:44:43 : Error loading tree: speedtree/Broadleaves/umprellathorn/UmbrellaThorn_RT.spt: License Error: [Key expired on September 01, 2011]
04/20/2016 - 20:44:43 : Error loading tree: speedtree/Broadleaves/umprellathorn/UmbrellaThorn_RT.spt: License Error: [Key expired on September 01, 2011]
04/20/2016 - 20:44:43 : Error loading tree: speedtree/Conifers/italian_stonepine/ItalianStonePine_RT_1.spt: License Error: [Key expired on September 01, 2011]
04/20/2016 - 20:44:43 : Error loading tree: speedtree/Conifers/monterey_cypress/MontereyCypress_RT.spt: License Error: [Key expired on September 01, 2011]
04/20/2016 - 20:44:43 : Error loading tree: speedtree/Broadleaves/umprellathorn/UmbrellaThorn_RT.spt: License Error: [Key expired on September 01, 2011]
04/20/2016 - 20:44:43 : Error loading tree: speedtree/Conifers/douglas_fir/DouglasFir_RT.spt: License Error: [Key expired on September 01, 2011]
04/20/2016 - 20:44:43 : Error loading tree: speedtree/Conifers/douglas_fir/DouglasFir_RT.spt: License Error: [Key expired on September 01, 2011]
04/20/2016 - 20:44:43 : Error loading tree: speedtree/Conifers/monterey_cypress/MontereyCypress_RT.spt: License Error: [Key expired on September 01, 2011]
04/20/2016 - 20:44:43 : Error loading tree: speedtree/Broadleaves/umprellathorn/UmbrellaThorn_RT.spt: License Error: [Key expired on September 01, 2011]
04/20/2016 - 20:44:43 : Error loading tree: speedtree/Conifers/douglas_fir/DouglasFir_RT.spt: License Error: [Key expired on September 01, 2011]
04/20/2016 - 20:44:43 : Error loading tree: speedtree/Conifers/douglas_fir/DouglasFir_RT.spt: License Error: [Key expired on September 01, 2011]
04/20/2016 - 20:44:43 : Error loading tree: speedtree/Conifers/monterey_cypress/MontereyCypress_RT.spt: License Error: [Key expired on September 01, 2011]
04/20/2016 - 20:44:43 : Chunk::load: Failed to load chunk 0006fffao: Failed to load tree speedtree/Conifers/douglas_fir/DouglasFir_RT.spt, Failed to load tree speedtree/Conifers/douglas_fir/DouglasFir_RT.spt, Failed to load tree speedtree/Conifers/monterey_cypress/MontereyCypress_RT.spt, Failed to load tree speedtree/Conifers/monterey_cypress/MontereyCypress_RT.spt, Failed to load tree speedtree/Broadleaves/umprellathorn/UmbrellaThorn_RT.spt, Failed to load tree speedtree/Broadleaves/umprellathorn/UmbrellaThorn_RT.spt, Failed to load tree speedtree/Conifers/italian_stonepine/ItalianStonePine_RT_1.spt, Failed to load tree speedtree/Conifers/monterey_cypress/MontereyCypress_RT.spt, Failed to load tree speedtree/Broadleaves/umprellathorn/UmbrellaThorn_RT.spt, Failed to load tree speedtree/Conifers/douglas_fir/DouglasFir_RT.spt, Failed to load tree speedtree/Conifers/douglas_fir/DouglasFir_RT.spt, Failed to load tree speedtree/Conifers/monterey_cypress/MontereyCypress_RT.spt, Failed to load tree speedtree/Broadleaves/umprellathorn/UmbrellaThorn_RT.spt, Failed to load tree speedtree/Conifers/douglas_fir/DouglasFir_RT.spt, Failed to load tree speedtree/Conifers/douglas_fir/DouglasFir_RT.spt, Failed to load tree speedtree/Conifers/monterey_cypress/MontereyCypress_RT.spt
04/20/2016 - 20:44:43 : Error loading tree: speedtree/Conifers/douglas_fir/DouglasFir_RT.spt: License Error: [Key expired on September 01, 2011]
04/20/2016 - 20:44:43 : Error loading tree: speedtree/Conifers/douglas_fir/DouglasFir_RT.spt: License Error: [Key expired on September 01, 2011]
04/20/2016 - 20:44:43 : Error loading tree: speedtree/Conifers/douglas_fir/DouglasFir_RT.spt: License Error: [Key expired on September 01, 2011]
04/20/2016 - 20:44:43 : Error loading tree: speedtree/Conifers/douglas_fir/DouglasFir_RT.spt: License Error: [Key expired on September 01, 2011]
04/20/2016 - 20:44:43 : Error loading tree: speedtree/shrubs_flowers/american_boxwood/AmericanBoxwood_RT.spt: License Error: [Key expired on September 01, 2011]
04/20/2016 - 20:44:43 : Error loading tree: speedtree/Conifers/monterey_cypress/MontereyCypress_RT.spt: License Error: [Key expired on September 01, 2011]
04/20/2016 - 20:44:43 : Error loading tree: speedtree/Broadleaves/umprellathorn/UmbrellaThorn_RT.spt: License Error: [Key expired on September 01, 2011]
04/20/2016 - 20:44:43 : Error loading tree: speedtree/Conifers/italian_stonepine/ItalianStonePine_RT_1.spt: License Error: [Key expired on September 01, 2011]
04/20/2016 - 20:44:43 : Error loading tree: speedtree/Broadleaves/umprellathorn/UmbrellaThorn_RT.spt: License Error: [Key expired on September 01, 2011]
04/20/2016 - 20:44:43 : Error loading tree: speedtree/Conifers/monterey_cypress/MontereyCypress_RT.spt: License Error: [Key expired on September 01, 2011]
04/20/2016 - 20:44:43 : Error loading tree: speedtree/Broadleaves/umprellathorn/UmbrellaThorn_RT.spt: License Error: [Key expired on September 01, 2011]
04/20/2016 - 20:44:43 : Error loading tree: speedtree/Conifers/monterey_cypress/MontereyCypress_RT.spt: License Error: [Key expired on September 01, 2011]
04/20/2016 - 20:44:43 : Error loading tree: speedtree/Conifers/monterey_cypress/MontereyCypress_RT.spt: License Error: [Key expired on September 01, 2011]
04/20/2016 - 20:44:43 : Error loading tree: speedtree/Conifers/monterey_cypress/MontereyCypress_RT.spt: License Error: [Key expired on September 01, 2011]
04/20/2016 - 20:44:43 : Error loading tree: speedtree/Conifers/monterey_cypress/MontereyCypress_RT.spt: License Error: [Key expired on September 01, 2011]
04/20/2016 - 20:44:43 : Chunk::load: Failed to load chunk 0005fffao: Failed to load tree speedtree/Conifers/douglas_fir/DouglasFir_RT.spt, Failed to load tree speedtree/Conifers/douglas_fir/DouglasFir_RT.spt, Failed to load tree speedtree/Conifers/douglas_fir/DouglasFir_RT.spt, Failed to load tree speedtree/Conifers/douglas_fir/DouglasFir_RT.spt, Failed to load tree speedtree/shrubs_flowers/american_boxwood/AmericanBoxwood_RT.spt, Failed to load tree speedtree/Conifers/monterey_cypress/MontereyCypress_RT.spt, Failed to load tree speedtree/Broadleaves/umprellathorn/UmbrellaThorn_RT.spt, Failed to load tree speedtree/Conifers/italian_stonepine/ItalianStonePine_RT_1.spt, Failed to load tree speedtree/Broadleaves/umprellathorn/UmbrellaThorn_RT.spt, Failed to load tree speedtree/Conifers/monterey_cypress/MontereyCypress_RT.spt, Failed to load tree speedtree/Broadleaves/umprellathorn/UmbrellaThorn_RT.spt, Failed to load tree speedtree/Conifers/monterey_cypress/MontereyCypress_RT.spt, Failed to load tree speedtree/Conifers/monterey_cypress/MontereyCypress_RT.spt, Failed to load tree speedtree/Conifers/monterey_cypress/MontereyCypress_RT.spt, Failed to load tree speedtree/Conifers/monterey_cypress/MontereyCypress_RT.spt
04/20/2016 - 20:44:44 : Error loading tree: speedtree/Conifers/douglas_fir/DouglasFir_RT.spt: License Error: [Key expired on September 01, 2011]
04/20/2016 - 20:44:44 : Error loading tree: speedtree/Conifers/douglas_fir/DouglasFir_RT.spt: License Error: [Key expired on September 01, 2011]
04/20/2016 - 20:44:44 : Error loading tree: speedtree/Conifers/monterey_cypress/MontereyCypress_RT.spt: License Error: [Key expired on September 01, 2011]
04/20/2016 - 20:44:44 : Error loading tree: speedtree/Conifers/monterey_cypress/MontereyCypress_RT.spt: License Error: [Key expired on September 01, 2011]
04/20/2016 - 20:44:44 : Error loading tree: speedtree/Broadleaves/umprellathorn/UmbrellaThorn_RT.spt: License Error: [Key expired on September 01, 2011]
04/20/2016 - 20:44:44 : Error loading tree: speedtree/Conifers/monterey_cypress/MontereyCypress_RT.spt: License Error: [Key expired on September 01, 2011]
04/20/2016 - 20:44:44 : Error loading tree: speedtree/Broadleaves/umprellathorn/UmbrellaThorn_RT.spt: License Error: [Key expired on September 01, 2011]
04/20/2016 - 20:44:44 : Error loading tree: speedtree/Conifers/italian_stonepine/ItalianStonePine_RT_1.spt: License Error: [Key expired on September 01, 2011]
04/20/2016 - 20:44:44 : Error loading tree: speedtree/Conifers/monterey_cypress/MontereyCypress_RT.spt: License Error: [Key expired on September 01, 2011]
04/20/2016 - 20:44:44 : Error loading tree: speedtree/Broadleaves/umprellathorn/UmbrellaThorn_RT.spt: License Error: [Key expired on September 01, 2011]
04/20/2016 - 20:44:44 : Error loading tree: speedtree/Conifers/douglas_fir/DouglasFir_RT.spt: License Error: [Key expired on September 01, 2011]
04/20/2016 - 20:44:44 : Chunk::load: Failed to load chunk 0007fffao: Failed to load tree speedtree/Conifers/douglas_fir/DouglasFir_RT.spt, Failed to load tree speedtree/Conifers/douglas_fir/DouglasFir_RT.spt, Failed to load tree speedtree/Conifers/monterey_cypress/MontereyCypress_RT.spt, Failed to load tree speedtree/Conifers/monterey_cypress/MontereyCypress_RT.spt, Failed to load tree speedtree/Broadleaves/umprellathorn/UmbrellaThorn_RT.spt, Failed to load tree speedtree/Conifers/monterey_cypress/MontereyCypress_RT.spt, Failed to load tree speedtree/Broadleaves/umprellathorn/UmbrellaThorn_RT.spt, Failed to load tree speedtree/Conifers/italian_stonepine/ItalianStonePine_RT_1.spt, Failed to load tree speedtree/Conifers/monterey_cypress/MontereyCypress_RT.spt, Failed to load tree speedtree/Broadleaves/umprellathorn/UmbrellaThorn_RT.spt, Failed to load tree speedtree/Conifers/douglas_fir/DouglasFir_RT.spt
04/20/2016 - 20:44:44 : Error loading tree: speedtree/Conifers/douglas_fir_full/DouglasFir_RT_Full.spt: License Error: [Key expired on September 01, 2011]
04/20/2016 - 20:44:44 : Error loading tree: speedtree/Conifers/douglas_fir_full/DouglasFir_RT_Full.spt: License Error: [Key expired on September 01, 2011]
04/20/2016 - 20:44:44 : Error loading tree: speedtree/Conifers/italian_cypress/ItalianCypress_RT.spt: License Error: [Key expired on September 01, 2011]
04/20/2016 - 20:44:44 : Error loading tree: speedtree/Conifers/italian_cypress/ItalianCypress_RT.spt: License Error: [Key expired on September 01, 2011]
04/20/2016 - 20:44:44 : Error loading tree: speedtree/Conifers/douglas_fir_full/DouglasFir_RT_Full.spt: License Error: [Key expired on September 01, 2011]
04/20/2016 - 20:44:44 : Error loading tree: speedtree/Conifers/douglas_fir_full/DouglasFir_RT_Full.spt: License Error: [Key expired on September 01, 2011]
04/20/2016 - 20:44:44 : Error loading tree: speedtree/Conifers/douglas_fir/DouglasFir_RT.spt: License Error: [Key expired on September 01, 2011]
04/20/2016 - 20:44:44 : Error loading tree: speedtree/Conifers/douglas_fir_full/DouglasFir_RT_Full.spt: License Error: [Key expired on September 01, 2011]
04/20/2016 - 20:44:44 : Error loading tree: speedtree/Conifers/douglas_fir_full/DouglasFir_RT_Full.spt: License Error: [Key expired on September 01, 2011]
04/20/2016 - 20:44:44 : Error loading tree: speedtree/Conifers/douglas_fir_full/DouglasFir_RT_Full.spt: License Error: [Key expired on September 01, 2011]
04/20/2016 - 20:44:44 : Error loading tree: speedtree/Conifers/douglas_fir/DouglasFir_RT.spt: License Error: [Key expired on September 01, 2011]
04/20/2016 - 20:44:44 : Error loading tree: speedtree/Conifers/douglas_fir_full/DouglasFir_RT_Full.spt: License Error: [Key expired on September 01, 2011]
04/20/2016 - 20:44:44 : Error loading tree: speedtree/Conifers/douglas_fir_full/DouglasFir_RT_Full.spt: License Error: [Key expired on September 01, 2011]
04/20/2016 - 20:44:44 : Error loading tree: speedtree/Conifers/douglas_fir/DouglasFir_RT.spt: License Error: [Key expired on September 01, 2011]
04/20/2016 - 20:44:44 : Error loading tree: speedtree/Conifers/douglas_fir_full/DouglasFir_RT_Full.spt: License Error: [Key expired on September 01, 2011]
04/20/2016 - 20:44:44 : Error loading tree: speedtree/shrubs_flowers/american_boxwood/AmericanBoxwood_RT.spt: License Error: [Key expired on September 01, 2011]
04/20/2016 - 20:44:44 : Error loading tree: speedtree/shrubs_flowers/american_boxwood/AmericanBoxwood_RT.spt: License Error: [Key expired on September 01, 2011]
04/20/2016 - 20:44:44 : Error loading tree: speedtree/shrubs_flowers/american_boxwood/AmericanBoxwood_RT.spt: License Error: [Key expired on September 01, 2011]
04/20/2016 - 20:44:44 : Error loading tree: speedtree/shrubs_flowers/american_boxwood/AmericanBoxwood_RT.spt: License Error: [Key expired on September 01, 2011]
04/20/2016 - 20:44:44 : Error loading tree: speedtree/shrubs_flowers/american_boxwood/AmericanBoxwood_RT.spt: License Error: [Key expired on September 01, 2011]
04/20/2016 - 20:44:44 : Error loading tree: speedtree/shrubs_flowers/american_boxwood/AmericanBoxwood_RT.spt: License Error: [Key expired on September 01, 2011]
04/20/2016 - 20:44:44 : Error loading tree: speedtree/shrubs_flowers/american_boxwood/AmericanBoxwood_RT.spt: License Error: [Key expired on September 01, 2011]
04/20/2016 - 20:44:44 : Error loading tree: speedtree/shrubs_flowers/american_boxwood/AmericanBoxwood_RT.spt: License Error: [Key expired on September 01, 2011]
04/20/2016 - 20:44:44 : Error loading tree: speedtree/shrubs_flowers/american_boxwood/AmericanBoxwood_RT.spt: License Error: [Key expired on September 01, 2011]
04/20/2016 - 20:44:44 : Error loading tree: speedtree/shrubs_flowers/american_boxwood/AmericanBoxwood_RT.spt: License Error: [Key expired on September 01, 2011]
04/20/2016 - 20:44:44 : Error loading tree: speedtree/shrubs_flowers/american_boxwood/AmericanBoxwood_RT.spt: License Error: [Key expired on September 01, 2011]
04/20/2016 - 20:44:44 : Error loading tree: speedtree/shrubs_flowers/american_boxwood/AmericanBoxwood_RT.spt: License Error: [Key expired on September 01, 2011]
04/20/2016 - 20:44:44 : Error loading tree: speedtree/shrubs_flowers/american_boxwood/AmericanBoxwood_RT.spt: License Error: [Key expired on September 01, 2011]
04/20/2016 - 20:44:44 : Error loading tree: speedtree/shrubs_flowers/american_boxwood/AmericanBoxwood_RT.spt: License Error: [Key expired on September 01, 2011]
04/20/2016 - 20:44:44 : Error loading tree: speedtree/shrubs_flowers/american_boxwood/AmericanBoxwood_RT.spt: License Error: [Key expired on September 01, 2011]
04/20/2016 - 20:44:44 : Error loading tree: speedtree/shrubs_flowers/american_boxwood/AmericanBoxwood_RT.spt: License Error: [Key expired on September 01, 2011]
04/20/2016 - 20:44:44 : Error loading tree: speedtree/shrubs_flowers/american_boxwood/AmericanBoxwood_RT.spt: License Error: [Key expired on September 01, 2011]
04/20/2016 - 20:44:44 : Error loading tree: speedtree/shrubs_flowers/american_boxwood/AmericanBoxwood_RT.spt: License Error: [Key expired on September 01, 2011]
04/20/2016 - 20:44:44 : Error loading tree: speedtree/shrubs_flowers/american_boxwood/AmericanBoxwood_RT.spt: License Error: [Key expired on September 01, 2011]
04/20/2016 - 20:44:44 : Error loading tree: speedtree/shrubs_flowers/american_boxwood/AmericanBoxwood_RT.spt: License Error: [Key expired on September 01, 2011]
04/20/2016 - 20:44:44 : Error loading tree: speedtree/shrubs_flowers/american_boxwood/AmericanBoxwood_RT.spt: License Error: [Key expired on September 01, 2011]
04/20/2016 - 20:44:44 : Error loading tree: speedtree/shrubs_flowers/boston_fern/BostonFern_RT.spt: License Error: [Key expired on September 01, 2011]
04/20/2016 - 20:44:44 : Error loading tree: speedtree/shrubs_flowers/boston_fern/BostonFern_RT.spt: License Error: [Key expired on September 01, 2011]
04/20/2016 - 20:44:44 : Error loading tree: speedtree/shrubs_flowers/boston_fern/BostonFern_RT.spt: License Error: [Key expired on September 01, 2011]
04/20/2016 - 20:44:44 : Error loading tree: speedtree/shrubs_flowers/boston_fern/BostonFern_RT.spt: License Error: [Key expired on September 01, 2011]
04/20/2016 - 20:44:44 : Error loading tree: speedtree/shrubs_flowers/boston_fern/BostonFern_RT.spt: License Error: [Key expired on September 01, 2011]
04/20/2016 - 20:44:44 : Error loading tree: speedtree/shrubs_flowers/boston_fern/BostonFern_RT.spt: License Error: [Key expired on September 01, 2011]
04/20/2016 - 20:44:44 : Error loading tree: speedtree/shrubs_flowers/boston_fern/BostonFern_RT.spt: License Error: [Key expired on September 01, 2011]
04/20/2016 - 20:44:44 : Error loading tree: speedtree/shrubs_flowers/boston_fern/BostonFern_RT.spt: License Error: [Key expired on September 01, 2011]
04/20/2016 - 20:44:44 : Error loading tree: speedtree/shrubs_flowers/boston_fern/BostonFern_RT.spt: License Error: [Key expired on September 01, 2011]
04/20/2016 - 20:44:44 : Error loading tree: speedtree/shrubs_flowers/boston_fern/BostonFern_RT.spt: License Error: [Key expired on September 01, 2011]
04/20/2016 - 20:44:44 : Error loading tree: speedtree/shrubs_flowers/cinnamon_fern/CinnamonFern_RT.spt: License Error: [Key expired on September 01, 2011]
04/20/2016 - 20:44:44 : Error loading tree: speedtree/shrubs_flowers/cinnamon_fern/CinnamonFern_RT.spt: License Error: [Key expired on September 01, 2011]
04/20/2016 - 20:44:44 : Error loading tree: speedtree/shrubs_flowers/cinnamon_fern/CinnamonFern_RT.spt: License Error: [Key expired on September 01, 2011]
04/20/2016 - 20:44:44 : Error loading tree: speedtree/shrubs_flowers/cinnamon_fern/CinnamonFern_RT.spt: License Error: [Key expired on September 01, 2011]
04/20/2016 - 20:44:44 : Error loading tree: speedtree/Conifers/douglas_fir_full/DouglasFir_RT_Full.spt: License Error: [Key expired on September 01, 2011]
04/20/2016 - 20:44:44 : Error loading tree: speedtree/Conifers/giant_redwood/GiantRedwood_small_rt.spt: License Error: [Key expired on September 01, 2011]
04/20/2016 - 20:44:44 : Error loading tree: speedtree/Conifers/italian_cypress/ItalianCypress_RT.spt: License Error: [Key expired on September 01, 2011]
04/20/2016 - 20:44:44 : Error loading tree: speedtree/Conifers/italian_cypress/ItalianCypress_RT.spt: License Error: [Key expired on September 01, 2011]
04/20/2016 - 20:44:44 : Error loading tree: speedtree/Conifers/italian_cypress/ItalianCypress_RT.spt: License Error: [Key expired on September 01, 2011]
04/20/2016 - 20:44:44 : Error loading tree: speedtree/shrubs_flowers/cinnamon_fern/CinnamonFern_RT.spt: License Error: [Key expired on September 01, 2011]
04/20/2016 - 20:44:44 : Error loading tree: speedtree/Conifers/italian_cypress/ItalianCypress_RT.spt: License Error: [Key expired on September 01, 2011]
04/20/2016 - 20:44:44 : Error loading tree: speedtree/shrubs_flowers/cinnamon_fern/CinnamonFern_RT.spt: License Error: [Key expired on September 01, 2011]
04/20/2016 - 20:44:44 : Error loading tree: speedtree/shrubs_flowers/boston_fern/BostonFern_RT.spt: License Error: [Key expired on September 01, 2011]
04/20/2016 - 20:44:44 : Error loading tree: speedtree/shrubs_flowers/american_boxwood/AmericanBoxwood_RT.spt: License Error: [Key expired on September 01, 2011]
04/20/2016 - 20:44:44 : Error loading tree: speedtree/Conifers/italian_cypress/ItalianCypress_RT.spt: License Error: [Key expired on September 01, 2011]
04/20/2016 - 20:44:44 : Error loading tree: speedtree/shrubs_flowers/boston_fern/BostonFern_RT.spt: License Error: [Key expired on September 01, 2011]
04/20/2016 - 20:44:44 : Error loading tree: speedtree/Conifers/italian_cypress/ItalianCypress_RT.spt: License Error: [Key expired on September 01, 2011]
04/20/2016 - 20:44:44 : Error loading tree: speedtree/shrubs_flowers/american_boxwood/AmericanBoxwood_RT.spt: License Error: [Key expired on September 01, 2011]
04/20/2016 - 20:44:44 : Error loading tree: speedtree/shrubs_flowers/boston_fern/BostonFern_RT.spt: License Error: [Key expired on September 01, 2011]
04/20/2016 - 20:44:44 : Error loading tree: speedtree/Conifers/italian_cypress/ItalianCypress_RT.spt: License Error: [Key expired on September 01, 2011]
04/20/2016 - 20:44:44 : Error loading tree: speedtree/shrubs_flowers/american_boxwood/AmericanBoxwood_RT.spt: License Error: [Key expired on September 01, 2011]
04/20/2016 - 20:44:44 : Error loading tree: speedtree/shrubs_flowers/boston_fern/BostonFern_RT.spt: License Error: [Key expired on September 01, 2011]
04/20/2016 - 20:44:44 : Error loading tree: speedtree/shrubs_flowers/american_boxwood/AmericanBoxwood_RT.spt: License Error: [Key expired on September 01, 2011]
04/20/2016 - 20:44:44 : Error loading tree: speedtree/shrubs_flowers/boston_fern/BostonFern_RT.spt: License Error: [Key expired on September 01, 2011]
04/20/2016 - 20:44:44 : Error loading tree: speedtree/shrubs_flowers/american_boxwood/AmericanBoxwood_RT.spt: License Error: [Key expired on September 01, 2011]
04/20/2016 - 20:44:44 : Error loading tree: speedtree/shrubs_flowers/american_boxwood/AmericanBoxwood_RT.spt: License Error: [Key expired on September 01, 2011]
04/20/2016 - 20:44:44 : Error loading tree: speedtree/Conifers/douglas_fir_full/DouglasFir_RT_Full.spt: License Error: [Key expired on September 01, 2011]
04/20/2016 - 20:44:44 : Error loading tree: speedtree/Conifers/douglas_fir_full/DouglasFir_RT_Full.spt: License Error: [Key expired on September 01, 2011]
04/20/2016 - 20:44:44 : Error loading tree: speedtree/Conifers/douglas_fir/DouglasFir_RT.spt: License Error: [Key expired on September 01, 2011]
04/20/2016 - 20:44:44 : Error loading tree: speedtree/shrubs_flowers/american_boxwood/AmericanBoxwood_RT.spt: License Error: [Key expired on September 01, 2011]
04/20/2016 - 20:44:44 : Error loading tree: speedtree/shrubs_flowers/boston_fern/BostonFern_RT.spt: License Error: [Key expired on September 01, 2011]
04/20/2016 - 20:44:44 : Error loading tree: speedtree/shrubs_flowers/american_boxwood/AmericanBoxwood_RT.spt: License Error: [Key expired on September 01, 2011]
04/20/2016 - 20:44:44 : Error loading tree: speedtree/shrubs_flowers/american_boxwood/AmericanBoxwood_RT.spt: License Error: [Key expired on September 01, 2011]
04/20/2016 - 20:44:44 : Error loading tree: speedtree/shrubs_flowers/american_boxwood/AmericanBoxwood_RT.spt: License Error: [Key expired on September 01, 2011]
04/20/2016 - 20:44:44 : Error loading tree: speedtree/Conifers/douglas_fir/DouglasFir_RT.spt: License Error: [Key expired on September 01, 2011]
04/20/2016 - 20:44:44 : Error loading tree: speedtree/Conifers/douglas_fir_full/DouglasFir_RT_Full.spt: License Error: [Key expired on September 01, 2011]
04/20/2016 - 20:44:44 : Error loading tree: speedtree/shrubs_flowers/cinnamon_fern/CinnamonFern_RT.spt: License Error: [Key expired on September 01, 2011]
04/20/2016 - 20:44:44 : Error loading tree: speedtree/shrubs_flowers/boston_fern/BostonFern_RT.spt: License Error: [Key expired on September 01, 2011]
04/20/2016 - 20:44:44 : Error loading tree: speedtree/Conifers/douglas_fir_full/DouglasFir_RT_Full.spt: License Error: [Key expired on September 01, 2011]
04/20/2016 - 20:44:44 : Error loading tree: speedtree/Conifers/douglas_fir/DouglasFir_RT.spt: License Error: [Key expired on September 01, 2011]
04/20/2016 - 20:44:44 : Error loading tree: speedtree/Conifers/douglas_fir_full/DouglasFir_RT_Full.spt: License Error: [Key expired on September 01, 2011]
04/20/2016 - 20:44:44 : Error loading tree: speedtree/shrubs_flowers/boston_fern/BostonFern_RT.spt: License Error: [Key expired on September 01, 2011]
04/20/2016 - 20:44:44 : Error loading tree: speedtree/shrubs_flowers/boston_fern/BostonFern_RT.spt: License Error: [Key expired on September 01, 2011]
04/20/2016 - 20:44:44 : Error loading tree: speedtree/shrubs_flowers/american_boxwood/AmericanBoxwood_RT.spt: License Error: [Key expired on September 01, 2011]
04/20/2016 - 20:44:44 : Error loading tree: speedtree/Conifers/italian_cypress/ItalianCypress_RT.spt: License Error: [Key expired on September 01, 2011]
04/20/2016 - 20:44:44 : Error loading tree: speedtree/Conifers/italian_cypress/ItalianCypress_RT.spt: License Error: [Key expired on September 01, 2011]
04/20/2016 - 20:44:44 : Error loading tree: speedtree/shrubs_flowers/cinnamon_fern/CinnamonFern_RT.spt: License Error: [Key expired on September 01, 2011]
04/20/2016 - 20:44:44 : Error loading tree: speedtree/Conifers/italian_cypress/ItalianCypress_RT.spt: License Error: [Key expired on September 01, 2011]
04/20/2016 - 20:44:44 : Error loading tree: speedtree/shrubs_flowers/boston_fern/BostonFern_RT.spt: License Error: [Key expired on September 01, 2011]
04/20/2016 - 20:44:44 : Error loading tree: speedtree/Conifers/douglas_fir_full/DouglasFir_RT_Full.spt: License Error: [Key expired on September 01, 2011]
04/20/2016 - 20:44:44 : Error loading tree: speedtree/shrubs_flowers/american_boxwood/AmericanBoxwood_RT.spt: License Error: [Key expired on September 01, 2011]
04/20/2016 - 20:44:44 : Error loading tree: speedtree/Conifers/italian_cypress/ItalianCypress_RT.spt: License Error: [Key expired on September 01, 2011]
04/20/2016 - 20:44:44 : Error loading tree: speedtree/Conifers/italian_cypress/ItalianCypress_RT.spt: License Error: [Key expired on September 01, 2011]
04/20/2016 - 20:44:44 : Error loading tree: speedtree/shrubs_flowers/boston_fern/BostonFern_RT.spt: License Error: [Key expired on September 01, 2011]
04/20/2016 - 20:44:44 : Error loading tree: speedtree/shrubs_flowers/boston_fern/BostonFern_RT.spt: License Error: [Key expired on September 01, 2011]
04/20/2016 - 20:44:44 : Error loading tree: speedtree/shrubs_flowers/american_boxwood/AmericanBoxwood_RT.spt: License Error: [Key expired on September 01, 2011]
04/20/2016 - 20:44:44 : Error loading tree: speedtree/Conifers/italian_cypress/ItalianCypress_RT.spt: License Error: [Key expired on September 01, 2011]
04/20/2016 - 20:44:44 : Error loading tree: speedtree/shrubs_flowers/boston_fern/BostonFern_RT.spt: License Error: [Key expired on September 01, 2011]
04/20/2016 - 20:44:44 : Error loading tree: speedtree/shrubs_flowers/american_boxwood/AmericanBoxwood_RT.spt: License Error: [Key expired on September 01, 2011]
04/20/2016 - 20:44:44 : Error loading tree: speedtree/shrubs_flowers/boston_fern/BostonFern_RT.spt: License Error: [Key expired on September 01, 2011]
04/20/2016 - 20:44:44 : Error loading tree: speedtree/shrubs_flowers/american_boxwood/AmericanBoxwood_RT.spt: License Error: [Key expired on September 01, 2011]
04/20/2016 - 20:44:44 : Error loading tree: speedtree/Conifers/douglas_fir_full/DouglasFir_RT_Full.spt: License Error: [Key expired on September 01, 2011]
04/20/2016 - 20:44:44 : Error loading tree: speedtree/shrubs_flowers/american_boxwood/AmericanBoxwood_RT.spt: License Error: [Key expired on September 01, 2011]
04/20/2016 - 20:44:44 : Error loading tree: speedtree/Conifers/italian_cypress/ItalianCypress_RT.spt: License Error: [Key expired on September 01, 2011]
04/20/2016 - 20:44:44 : Error loading tree: speedtree/shrubs_flowers/cinnamon_fern/CinnamonFern_RT.spt: License Error: [Key expired on September 01, 2011]
04/20/2016 - 20:44:44 : Error loading tree: speedtree/shrubs_flowers/boston_fern/BostonFern_RT.spt: License Error: [Key expired on September 01, 2011]
04/20/2016 - 20:44:44 : Error loading tree: speedtree/shrubs_flowers/american_boxwood/AmericanBoxwood_RT.spt: License Error: [Key expired on September 01, 2011]
04/20/2016 - 20:44:44 : Error loading tree: speedtree/Conifers/douglas_fir_full/DouglasFir_RT_Full.spt: License Error: [Key expired on September 01, 2011]
04/20/2016 - 20:44:44 : Error loading tree: speedtree/shrubs_flowers/cinnamon_fern/CinnamonFern_RT.spt: License Error: [Key expired on September 01, 2011]
04/20/2016 - 20:44:44 : Error loading tree: speedtree/shrubs_flowers/boston_fern/BostonFern_RT.spt: License Error: [Key expired on September 01, 2011]
04/20/2016 - 20:44:44 : Error loading tree: speedtree/Conifers/douglas_fir/DouglasFir_RT.spt: License Error: [Key expired on September 01, 2011]
04/20/2016 - 20:44:44 : Error loading tree: speedtree/shrubs_flowers/american_boxwood/AmericanBoxwood_RT.spt: License Error: [Key expired on September 01, 2011]
04/20/2016 - 20:44:44 : Error loading tree: speedtree/shrubs_flowers/boston_fern/BostonFern_RT.spt: License Error: [Key expired on September 01, 2011]
04/20/2016 - 20:44:44 : Error loading tree: speedtree/Conifers/douglas_fir/DouglasFir_RT.spt: License Error: [Key expired on September 01, 2011]
04/20/2016 - 20:44:44 : Error loading tree: speedtree/shrubs_flowers/boston_fern/BostonFern_RT.spt: License Error: [Key expired on September 01, 2011]
04/20/2016 - 20:44:44 : Error loading tree: speedtree/Conifers/douglas_fir/DouglasFir_RT.spt: License Error: [Key expired on September 01, 2011]
04/20/2016 - 20:44:44 : Error loading tree: speedtree/shrubs_flowers/boston_fern/BostonFern_RT.spt: License Error: [Key expired on September 01, 2011]
04/20/2016 - 20:44:44 : Error loading tree: speedtree/shrubs_flowers/boston_fern/BostonFern_RT.spt: License Error: [Key expired on September 01, 2011]
04/20/2016 - 20:44:44 : Error loading tree: speedtree/shrubs_flowers/american_boxwood/AmericanBoxwood_RT.spt: License Error: [Key expired on September 01, 2011]
04/20/2016 - 20:44:44 : Error loading tree: speedtree/shrubs_flowers/american_boxwood/AmericanBoxwood_RT.spt: License Error: [Key expired on September 01, 2011]
04/20/2016 - 20:44:44 : Error loading tree: speedtree/Conifers/douglas_fir/DouglasFir_RT.spt: License Error: [Key expired on September 01, 2011]
04/20/2016 - 20:44:44 : Error loading tree: speedtree/shrubs_flowers/boston_fern/BostonFern_RT.spt: License Error: [Key expired on September 01, 2011]
04/20/2016 - 20:44:44 : Error loading tree: speedtree/shrubs_flowers/boston_fern/BostonFern_RT.spt: License Error: [Key expired on September 01, 2011]
04/20/2016 - 20:44:44 : Error loading tree: speedtree/shrubs_flowers/boston_fern/BostonFern_RT.spt: License Error: [Key expired on September 01, 2011]
04/20/2016 - 20:44:44 : Error loading tree: speedtree/shrubs_flowers/american_boxwood/AmericanBoxwood_RT.spt: License Error: [Key expired on September 01, 2011]
04/20/2016 - 20:44:44 : Error loading tree: speedtree/shrubs_flowers/boston_fern/BostonFern_RT.spt: License Error: [Key expired on September 01, 2011]
04/20/2016 - 20:44:44 : Error loading tree: speedtree/Conifers/douglas_fir/DouglasFir_RT.spt: License Error: [Key expired on September 01, 2011]
04/20/2016 - 20:44:44 : Error loading tree: speedtree/shrubs_flowers/boston_fern/BostonFern_RT.spt: License Error: [Key expired on September 01, 2011]
04/20/2016 - 20:44:44 : Error loading tree: speedtree/Conifers/douglas_fir_full/DouglasFir_RT_Full.spt: License Error: [Key expired on September 01, 2011]
04/20/2016 - 20:44:44 : Error loading tree: speedtree/Conifers/douglas_fir/DouglasFir_RT.spt: License Error: [Key expired on September 01, 2011]
04/20/2016 - 20:44:44 : Error loading tree: speedtree/Conifers/douglas_fir_full/DouglasFir_RT_Full.spt: License Error: [Key expired on September 01, 2011]
04/20/2016 - 20:44:44 : Chunk::load: Failed to load chunk 0003fffeo: Failed to load tree speedtree/Conifers/douglas_fir_full/DouglasFir_RT_Full.spt, Failed to load tree speedtree/Conifers/douglas_fir_full/DouglasFir_RT_Full.spt, Failed to load tree speedtree/Conifers/italian_cypress/ItalianCypress_RT.spt, Failed to load tree speedtree/Conifers/italian_cypress/ItalianCypress_RT.spt, Failed to load tree speedtree/Conifers/douglas_fir_full/DouglasFir_RT_Full.spt, Failed to load tree speedtree/Conifers/douglas_fir_full/DouglasFir_RT_Full.spt, Failed to load tree speedtree/Conifers/douglas_fir/DouglasFir_RT.spt, Failed to load tree speedtree/Conifers/douglas_fir_full/DouglasFir_RT_Full.spt, Failed to load tree speedtree/Conifers/douglas_fir_full/DouglasFir_RT_Full.spt, Failed to load tree speedtree/Conifers/douglas_fir_full/DouglasFir_RT_Full.spt, Failed to load tree speedtree/Conifers/douglas_fir/DouglasFir_RT.spt, Failed to load tree speedtree/Conifers/douglas_fir_full/DouglasFir_RT_Full.spt, Failed to load tree speedtree/Conifers/douglas_fir_full/DouglasFir_RT_Full.spt, Failed to load tree speedtree/Conifers/douglas_fir/DouglasFir_RT.spt, Failed to load tree speedtree/Conifers/douglas_fir_full/DouglasFir_RT_Full.spt, Failed to load tree speedtree/shrubs_flowers/american_boxwood/AmericanBoxwood_RT.spt, Failed to load tree speedtree/shrubs_flowers/american_boxwood/AmericanBoxwood_RT.spt, Failed to load tree speedtree/shrubs_flowers/american_boxwood/AmericanBoxwood_RT.spt, Failed to load tree speedtree/shrubs_flowers/american_boxwood/AmericanBoxwood_RT.spt, Failed to load tree speedtree/shrubs_flowers/american_boxwood/AmericanBoxwood_RT.spt, Failed to load tree speedtree/shrubs_flowers/american_boxwood/AmericanBoxwood_RT.spt, Failed to load tree speedtree/shrubs_flowers/american_boxwood/AmericanBoxwood_RT.spt, Failed to load tree speedtree/shrubs_flowers/american_boxwood/AmericanBoxwood_RT.spt, Failed to load tree speedtree/shrubs_flowers/american_boxwood/AmericanBoxwood_RT.spt, Failed to load tree speedtree/shrubs_flowers/american_boxwood/AmericanBoxwood_RT.spt, Failed to load tree speedtree/shrubs_flowers/american_boxwood/AmericanBoxwood_RT.spt, Failed to load tree speedtree/shrubs_flowers/american_boxwood/AmericanBoxwood_RT.spt, Failed to load tree speedtree/shrubs_flowers/american_boxwood/AmericanBoxwood_RT.spt, Failed to load tree speedtree/shrubs_flowers/american_boxwood/AmericanBoxwood_RT.spt, Failed to load tree speedtree/shrubs_flowers/american_boxwood/AmericanBoxwood_RT.spt, Failed to load tree speedtree/shrubs_flowers/american_boxwood/AmericanBoxwood_RT.spt, Failed to load tree speedtree/shrubs_flowers/american_boxwood/AmericanBoxwood_RT.spt, Failed to load tree speedtree/shrubs_flowers/american_boxwood/AmericanBoxwood_RT.spt, Failed to load tree speedtree/shrubs_flowers/american_boxwood/AmericanBoxwood_RT.spt, Failed to load tree speedtree/shrubs_flowers/american_boxwood/AmericanBoxwood_RT.spt, Failed to load tree speedtree/shrubs_flowers/american_boxwood/AmericanBoxwood_RT.spt, Failed to load tree speedtree/shrubs_flowers/boston_fern/BostonFern_RT.spt, Failed to load tree speedtree/shrubs_flowers/boston_fern/BostonFern_RT.spt, Failed to load tree speedtree/shrubs_flowers/boston_fern/BostonFern_RT.spt, Failed to load tree speedtree/shrubs_flowers/boston_fern/BostonFern_RT.spt, Failed to load tree speedtree/shrubs_flowers/boston_fern/BostonFern_RT.spt, Failed to load tree speedtree/shrubs_flowers/boston_fern/BostonFern_RT.spt, Failed to load tree speedtree/shrubs_flowers/boston_fern/BostonFern_RT.spt, Failed to load tree speedtree/shrubs_flowers/boston_fern/BostonFern_RT.spt, Failed to load tree speedtree/shrubs_flowers/boston_fern/BostonFern_RT.spt, Failed to load tree speedtree/shrubs_flowers/boston_fern/BostonFern_RT.spt, Failed to load tree speedtree/shrubs_flowers/cinnamon_fern/CinnamonFern_RT.spt, Failed to load tree speedtree/shrubs_flowers/cinnamon_fern/CinnamonFern_RT.spt, Failed to load tree speedtree/shrubs_flowers/cinnamon_fern/CinnamonFern_RT.spt, Failed to load tree speedtree/shrubs_flowers/cinnamon_fern/CinnamonFern_RT.spt, Failed to load tree speedtree/Conifers/douglas_fir_full/DouglasFir_RT_Full.spt, Failed to load tree speedtree/Conifers/giant_redwood/GiantRedwood_small_rt.spt, Failed to load tree speedtree/Conifers/italian_cypress/ItalianCypress_RT.spt, Failed to load tree speedtree/Conifers/italian_cypress/ItalianCypress_RT.spt, Failed to load tree speedtree/Conifers/italian_cypress/ItalianCypress_RT.spt, Failed to load tree speedtree/shrubs_flowers/cinnamon_fern/CinnamonFern_RT.spt, Failed to load tree speedtree/Conifers/italian_cypress/ItalianCypress_RT.spt, Failed to load tree speedtree/shrubs_flowers/cinnamon_fern/CinnamonFern_RT.spt, Failed to load tree speedtree/shrubs_flowers/boston_fern/BostonFern_RT.spt, Failed to load tree speedtree/shrubs_flowers/american_boxwood/AmericanBoxwood_RT.spt, Failed to load tree speedtree/Conifers/italian_cypress/ItalianCypress_RT.spt, Failed to load tree speedtree/shrubs_flowers/boston_fern/BostonFern_RT.spt, Failed to load tree speedtree/Conifers/italian_cypress/ItalianCypress_RT.spt, Failed to load tree speedtree/shrubs_flowers/american_boxwood/AmericanBoxwood_RT.spt, Failed to load tree speedtree/shrubs_flowers/boston_fern/BostonFern_RT.spt, Failed to load tree speedtree/Conifers/italian_cypress/ItalianCypress_RT.spt, Failed to load tree speedtree/shrubs_flowers/american_boxwood/AmericanBoxwood_RT.spt, Failed to load tree speedtree/shrubs_flowers/boston_fern/BostonFern_RT.spt, Failed to load tree speedtree/shrubs_flowers/american_boxwood/AmericanBoxwood_RT.spt, Failed to load tree speedtree/shrubs_flowers/boston_fern/BostonFern_RT.spt, Failed to load tree speedtree/shrubs_flowers/american_boxwood/AmericanBoxwood_RT.spt, Failed to load tree speedtree/shrubs_flowers/american_boxwood/AmericanBoxwood_RT.spt, Failed to load tree speedtree/Conifers/douglas_fir_full/DouglasFir_RT_Full.spt, Failed to load tree speedtree/Conifers/douglas_fir_full/DouglasFir_RT_Full.spt, Failed to load tree speedtree/Conifers/douglas_fir/DouglasFir_RT.spt, Failed to load tree speedtree/shrubs_flowers/american_boxwood/AmericanBoxwood_RT.spt, Failed to load tree speedtree/shrubs_flowers/boston_fern/BostonFern_RT.spt, Failed to load tree speedtree/shrubs_flowers/american_boxwood/AmericanBoxwood_RT.spt, Failed to load tree speedtree/shrubs_flowers/american_boxwood/AmericanBoxwood_RT.spt, Failed to load tree speedtree/shrubs_flowers/american_boxwood/AmericanBoxwood_RT.spt, Failed to load tree speedtree/Conifers/douglas_fir/DouglasFir_RT.spt, Failed to load tree speedtree/Conifers/douglas_fir_full/DouglasFir_RT_Full.spt, Failed to load tree speedtree/shrubs_flowers/cinnamon_fern/CinnamonFern_RT.spt, Failed to load tree speedtree/shrubs_flowers/boston_fern/BostonFern_RT.spt, Failed to load tree speedtree/Conifers/douglas_fir_full/DouglasFir_RT_Full.spt, Failed to load tree speedtree/Conifers/douglas_fir/DouglasFir_RT.spt, Failed to load tree speedtree/Conifers/douglas_fir_full/DouglasFir_RT_Full.spt, Failed to load tree speedtree/shrubs_flowers/boston_fern/BostonFern_RT.spt, Failed to load tree speedtree/shrubs_flowers/boston_fern/BostonFern_RT.spt, Failed to load tree speedtree/shrubs_flowers/american_boxwood/AmericanBoxwood_RT.spt, Failed to load tree speedtree/Conifers/italian_cypress/ItalianCypress_RT.spt, Failed to load tree speedtree/Conifers/italian_cypress/ItalianCypress_RT.spt, Failed to load tree speedtree/shrubs_flowers/cinnamon_fern/CinnamonFern_RT.spt, Failed to load tree speedtree/Conifers/italian_cypress/ItalianCypress_RT.spt, Failed to load tree speedtree/shrubs_flowers/boston_fern/BostonFern_RT.spt, Failed to load tree speedtree/Conifers/douglas_fir_full/DouglasFir_RT_Full.spt, Failed to load tree speedtree/shrubs_flowers/american_boxwood/AmericanBoxwood_RT.spt, Failed to load tree speedtree/Conifers/italian_cypress/ItalianCypress_RT.spt, Failed to load tree speedtree/Conifers/italian_cypress/ItalianCypress_RT.spt, Failed to load tree speedtree/shrubs_flowers/boston_fern/BostonFern_RT.spt, Failed to load tree speedtree/shrubs_flowers/boston_fern/BostonFern_RT.spt, Failed to load tree speedtree/shrubs_flowers/american_boxwood/AmericanBoxwood_RT.spt, Failed to load tree speedtree/Conifers/italian_cypress/ItalianCypress_RT.spt, Failed to load tree speedtree/shrubs_flowers/boston_fern/BostonFern_RT.spt, Failed to load tree speedtree/shrubs_flowers/american_boxwood/AmericanBoxwood_RT.spt, Failed to load tree speedtree/shrubs_flowers/boston_fern/BostonFern_RT.spt, Failed to load tree speedtree/shrubs_flowers/american_boxwood/AmericanBoxwood_RT.spt, Failed to load tree speedtree/Conifers/douglas_fir_full/DouglasFir_RT_Full.spt, Failed to load tree speedtree/shrubs_flowers/american_boxwood/AmericanBoxwood_RT.spt, Failed to load tree speedtree/Conifers/italian_cypress/ItalianCypress_RT.spt, Failed to load tree speedtree/shrubs_flowers/cinnamon_fern/CinnamonFern_RT.spt, Failed to load tree speedtree/shrubs_flowers/boston_fern/BostonFern_RT.spt, Failed to load tree speedtree/shrubs_flowers/american_boxwood/AmericanBoxwood_RT.spt, Failed to load tree speedtree/Conifers/douglas_fir_full/DouglasFir_RT_Full.spt, Failed to load tree speedtree/shrubs_flowers/cinnamon_fern/CinnamonFern_RT.spt, Failed to load tree speedtree/shrubs_flowers/boston_fern/BostonFern_RT.spt, Failed to load tree speedtree/Conifers/douglas_fir/DouglasFir_RT.spt, Failed to load tree speedtree/shrubs_flowers/american_boxwood/AmericanBoxwood_RT.spt, Failed to load tree speedtree/shrubs_flowers/boston_fern/BostonFern_RT.spt, Failed to load tree speedtree/Conifers/douglas_fir/DouglasFir_RT.spt, Failed to load tree speedtree/shrubs_flowers/boston_fern/BostonFern_RT.spt, Failed to load tree speedtree/Conifers/douglas_fir/DouglasFir_RT.spt, Failed to load tree speedtree/shrubs_flowers/boston_fern/BostonFern_RT.spt, Failed to load tree speedtree/shrubs_flowers/boston_fern/BostonFern_RT.spt, Failed to load tree speedtree/shrubs_flowers/american_boxwood/AmericanBoxwood_RT.spt, Failed to load tree speedtree/shrubs_flowers/american_boxwood/AmericanBoxwood_RT.spt, Failed to load tree speedtree/Conifers/douglas_fir/DouglasFir_RT.spt, Failed to load tree speedtree/shrubs_flo04/20/2016 - 20:44:44 : Error loading tree: speedtree/Conifers/italian_cypress/ItalianCypress_RT.spt: License Error: [Key expired on September 01, 2011]
04/20/2016 - 20:44:44 : Error loading tree: speedtree/Conifers/italian_cypress/ItalianCypress_RT.spt: License Error: [Key expired on September 01, 2011]
04/20/2016 - 20:44:44 : Error loading tree: speedtree/Conifers/douglas_fir_full/DouglasFir_RT_Full.spt: License Error: [Key expired on September 01, 2011]
04/20/2016 - 20:44:44 : Error loading tree: speedtree/Conifers/douglas_fir/DouglasFir_RT.spt: License Error: [Key expired on September 01, 2011]
04/20/2016 - 20:44:44 : Error loading tree: speedtree/Conifers/douglas_fir_full/DouglasFir_RT_Full.spt: License Error: [Key expired on September 01, 2011]
04/20/2016 - 20:44:44 : Error loading tree: speedtree/Conifers/douglas_fir_full/DouglasFir_RT_Full.spt: License Error: [Key expired on September 01, 2011]
04/20/2016 - 20:44:44 : Error loading tree: speedtree/Conifers/douglas_fir_full/DouglasFir_RT_Full.spt: License Error: [Key expired on September 01, 2011]
04/20/2016 - 20:44:44 : Error loading tree: speedtree/Conifers/douglas_fir_full/DouglasFir_RT_Full.spt: License Error: [Key expired on September 01, 2011]
04/20/2016 - 20:44:44 : Error loading tree: speedtree/Conifers/douglas_fir_full/DouglasFir_RT_Full.spt: License Error: [Key expired on September 01, 2011]
04/20/2016 - 20:44:44 : Error loading tree: speedtree/Conifers/douglas_fir_full/DouglasFir_RT_Full.spt: License Error: [Key expired on September 01, 2011]
04/20/2016 - 20:44:44 : Error loading tree: speedtree/Conifers/douglas_fir_full/DouglasFir_RT_Full.spt: License Error: [Key expired on September 01, 2011]
04/20/2016 - 20:44:44 : Error loading tree: speedtree/Conifers/douglas_fir_full/DouglasFir_RT_Full.spt: License Error: [Key expired on September 01, 2011]
04/20/2016 - 20:44:44 : Error loading tree: speedtree/shrubs_flowers/american_boxwood/AmericanBoxwood_RT.spt: License Error: [Key expired on September 01, 2011]
04/20/2016 - 20:44:44 : Error loading tree: speedtree/shrubs_flowers/american_boxwood/AmericanBoxwood_RT.spt: License Error: [Key expired on September 01, 2011]
04/20/2016 - 20:44:44 : Error loading tree: speedtree/shrubs_flowers/american_boxwood/AmericanBoxwood_RT.spt: License Error: [Key expired on September 01, 2011]
04/20/2016 - 20:44:44 : Error loading tree: speedtree/shrubs_flowers/american_boxwood/AmericanBoxwood_RT.spt: License Error: [Key expired on September 01, 2011]
04/20/2016 - 20:44:44 : Error loading tree: speedtree/shrubs_flowers/american_boxwood/AmericanBoxwood_RT.spt: License Error: [Key expired on September 01, 2011]
04/20/2016 - 20:44:44 : Error loading tree: speedtree/shrubs_flowers/american_boxwood/AmericanBoxwood_RT.spt: License Error: [Key expired on September 01, 2011]
04/20/2016 - 20:44:44 : Error loading tree: speedtree/shrubs_flowers/boston_fern/BostonFern_RT.spt: License Error: [Key expired on September 01, 2011]
04/20/2016 - 20:44:44 : Error loading tree: speedtree/shrubs_flowers/boston_fern/BostonFern_RT.spt: License Error: [Key expired on September 01, 2011]
04/20/2016 - 20:44:44 : Error loading tree: speedtree/shrubs_flowers/american_boxwood/AmericanBoxwood_RT.spt: License Error: [Key expired on September 01, 2011]
04/20/2016 - 20:44:44 : Error loading tree: speedtree/shrubs_flowers/american_boxwood/AmericanBoxwood_RT.spt: License Error: [Key expired on September 01, 2011]
04/20/2016 - 20:44:44 : Error loading tree: speedtree/shrubs_flowers/american_boxwood/AmericanBoxwood_RT.spt: License Error: [Key expired on September 01, 2011]
04/20/2016 - 20:44:44 : Error loading tree: speedtree/shrubs_flowers/american_boxwood/AmericanBoxwood_RT.spt: License Error: [Key expired on September 01, 2011]
04/20/2016 - 20:44:44 : Error loading tree: speedtree/shrubs_flowers/cinnamon_fern/CinnamonFern_RT.spt: License Error: [Key expired on September 01, 2011]
04/20/2016 - 20:44:44 : Error loading tree: speedtree/shrubs_flowers/cinnamon_fern/CinnamonFern_RT.spt: License Error: [Key expired on September 01, 2011]
04/20/2016 - 20:44:44 : Error loading tree: speedtree/shrubs_flowers/cinnamon_fern/CinnamonFern_RT.spt: License Error: [Key expired on September 01, 2011]
04/20/2016 - 20:44:44 : Error loading tree: speedtree/shrubs_flowers/cinnamon_fern/CinnamonFern_RT.spt: License Error: [Key expired on September 01, 2011]
04/20/2016 - 20:44:44 : Error loading tree: speedtree/shrubs_flowers/cinnamon_fern/CinnamonFern_RT.spt: License Error: [Key expired on September 01, 2011]
04/20/2016 - 20:44:44 : Error loading tree: speedtree/Conifers/italian_cypress/ItalianCypress_RT.spt: License Error: [Key expired on September 01, 2011]
04/20/2016 - 20:44:44 : Error loading tree: speedtree/Conifers/douglas_fir_full/DouglasFir_RT_Full.spt: License Error: [Key expired on September 01, 2011]
04/20/2016 - 20:44:44 : Error loading tree: speedtree/Conifers/douglas_fir_full/DouglasFir_RT_Full.spt: License Error: [Key expired on September 01, 2011]
04/20/2016 - 20:44:44 : Error loading tree: speedtree/Conifers/italian_cypress/ItalianCypress_RT.spt: License Error: [Key expired on September 01, 2011]
04/20/2016 - 20:44:44 : Error loading tree: speedtree/Conifers/italian_cypress/ItalianCypress_RT.spt: License Error: [Key expired on September 01, 2011]
04/20/2016 - 20:44:44 : Error loading tree: speedtree/Conifers/italian_cypress/ItalianCypress_RT.spt: License Error: [Key expired on September 01, 2011]
04/20/2016 - 20:44:44 : Error loading tree: speedtree/Conifers/italian_cypress/ItalianCypress_RT.spt: License Error: [Key expired on September 01, 2011]
04/20/2016 - 20:44:44 : Error loading tree: speedtree/Conifers/italian_cypress/ItalianCypress_RT.spt: License Error: [Key expired on September 01, 2011]
04/20/2016 - 20:44:44 : Error loading tree: speedtree/Conifers/italian_cypress/ItalianCypress_RT.spt: License Error: [Key expired on September 01, 2011]
04/20/2016 - 20:44:44 : Error loading tree: speedtree/Conifers/italian_cypress/ItalianCypress_RT.spt: License Error: [Key expired on September 01, 2011]
04/20/2016 - 20:44:44 : Error loading tree: speedtree/Conifers/douglas_fir_full/DouglasFir_RT_Full.spt: License Error: [Key expired on September 01, 2011]
04/20/2016 - 20:44:44 : Error loading tree: speedtree/Conifers/douglas_fir_full/DouglasFir_RT_Full.spt: License Error: [Key expired on September 01, 2011]
04/20/2016 - 20:44:44 : Error loading tree: speedtree/Conifers/douglas_fir_full/DouglasFir_RT_Full.spt: License Error: [Key expired on September 01, 2011]
04/20/2016 - 20:44:44 : Error loading tree: speedtree/Conifers/douglas_fir_full/DouglasFir_RT_Full.spt: License Error: [Key expired on September 01, 2011]
04/20/2016 - 20:44:44 : Error loading tree: speedtree/Conifers/douglas_fir_full/DouglasFir_RT_Full.spt: License Error: [Key expired on September 01, 2011]
04/20/2016 - 20:44:44 : Error loading tree: speedtree/Conifers/douglas_fir_full/DouglasFir_RT_Full.spt: License Error: [Key expired on September 01, 2011]
04/20/2016 - 20:44:44 : Error loading tree: speedtree/Conifers/douglas_fir_full/DouglasFir_RT_Full.spt: License Error: [Key expired on September 01, 2011]
04/20/2016 - 20:44:44 : Error loading tree: speedtree/Conifers/douglas_fir_full/DouglasFir_RT_Full.spt: License Error: [Key expired on September 01, 2011]
04/20/2016 - 20:44:44 : Error loading tree: speedtree/shrubs_flowers/american_boxwood/AmericanBoxwood_RT.spt: License Error: [Key expired on September 01, 2011]
04/20/2016 - 20:44:44 : Error loading tree: speedtree/shrubs_flowers/american_boxwood/AmericanBoxwood_RT.spt: License Error: [Key expired on September 01, 2011]
04/20/2016 - 20:44:44 : Error loading tree: speedtree/shrubs_flowers/american_boxwood/AmericanBoxwood_RT.spt: License Error: [Key expired on September 01, 2011]
04/20/2016 - 20:44:44 : Error loading tree: speedtree/shrubs_flowers/american_boxwood/AmericanBoxwood_RT.spt: License Error: [Key expired on September 01, 2011]
04/20/2016 - 20:44:44 : Error loading tree: speedtree/shrubs_flowers/american_boxwood/AmericanBoxwood_RT.spt: License Error: [Key expired on September 01, 2011]
04/20/2016 - 20:44:44 : Error loading tree: speedtree/shrubs_flowers/american_boxwood/AmericanBoxwood_RT.spt: License Error: [Key expired on September 01, 2011]
04/20/2016 - 20:44:44 : Error loading tree: speedtree/shrubs_flowers/american_boxwood/AmericanBoxwood_RT.spt: License Error: [Key expired on September 01, 2011]
04/20/2016 - 20:44:44 : Error loading tree: speedtree/shrubs_flowers/american_boxwood/AmericanBoxwood_RT.spt: License Error: [Key expired on September 01, 2011]
04/20/2016 - 20:44:44 : Error loading tree: speedtree/shrubs_flowers/american_boxwood/AmericanBoxwood_RT.spt: License Error: [Key expired on September 01, 2011]
04/20/2016 - 20:44:44 : Error loading tree: speedtree/shrubs_flowers/american_boxwood/AmericanBoxwood_RT.spt: License Error: [Key expired on September 01, 2011]
04/20/2016 - 20:44:44 : Error loading tree: speedtree/shrubs_flowers/american_boxwood/AmericanBoxwood_RT.spt: License Error: [Key expired on September 01, 2011]
04/20/2016 - 20:44:44 : Error loading tree: speedtree/shrubs_flowers/american_boxwood/AmericanBoxwood_RT.spt: License Error: [Key expired on September 01, 2011]
04/20/2016 - 20:44:44 : Error loading tree: speedtree/shrubs_flowers/american_boxwood/AmericanBoxwood_RT.spt: License Error: [Key expired on September 01, 2011]
04/20/2016 - 20:44:44 : Error loading tree: speedtree/shrubs_flowers/american_boxwood/AmericanBoxwood_RT.spt: License Error: [Key expired on September 01, 2011]
04/20/2016 - 20:44:44 : Error loading tree: speedtree/shrubs_flowers/american_boxwood/AmericanBoxwood_RT.spt: License Error: [Key expired on September 01, 2011]
04/20/2016 - 20:44:44 : Error loading tree: speedtree/Conifers/douglas_fir_full/DouglasFir_RT_Full.spt: License Error: [Key expired on September 01, 2011]
04/20/2016 - 20:44:44 : Error loading tree: speedtree/shrubs_flowers/american_boxwood/AmericanBoxwood_RT.spt: License Error: [Key expired on September 01, 2011]
04/20/2016 - 20:44:44 : Error loading tree: speedtree/shrubs_flowers/american_boxwood/AmericanBoxwood_RT.spt: License Error: [Key expired on September 01, 2011]
04/20/2016 - 20:44:44 : Error loading tree: speedtree/shrubs_flowers/american_boxwood/AmericanBoxwood_RT.spt: License Error: [Key expired on September 01, 2011]
04/20/2016 - 20:44:44 : Error loading tree: speedtree/shrubs_flowers/american_boxwood/AmericanBoxwood_RT.spt: License Error: [Key expired on September 01, 2011]
04/20/2016 - 20:44:44 : Error loading tree: speedtree/shrubs_flowers/american_boxwood/AmericanBoxwood_RT.spt: License Error: [Key expired on September 01, 2011]
04/20/2016 - 20:44:44 : Error loading tree: speedtree/shrubs_flowers/american_boxwood/AmericanBoxwood_RT.spt: License Error: [Key expired on September 01, 2011]
04/20/2016 - 20:44:44 : Error loading tree: speedtree/Conifers/italian_cypress/ItalianCypress_RT.spt: License Error: [Key expired on September 01, 2011]
04/20/2016 - 20:44:44 : Error loading tree: speedtree/shrubs_flowers/american_boxwood/AmericanBoxwood_RT.spt: License Error: [Key expired on September 01, 2011]
04/20/2016 - 20:44:44 : Error loading tree: speedtree/shrubs_flowers/american_boxwood/AmericanBoxwood_RT.spt: License Error: [Key expired on September 01, 2011]
04/20/2016 - 20:44:44 : Error loading tree: speedtree/shrubs_flowers/cinnamon_fern/CinnamonFern_RT.spt: License Error: [Key expired on September 01, 2011]
04/20/2016 - 20:44:44 : Error loading tree: speedtree/shrubs_flowers/cinnamon_fern/CinnamonFern_RT.spt: License Error: [Key expired on September 01, 2011]
04/20/2016 - 20:44:44 : Error loading tree: speedtree/shrubs_flowers/cinnamon_fern/CinnamonFern_RT.spt: License Error: [Key expired on September 01, 2011]
04/20/2016 - 20:44:44 : Error loading tree: speedtree/shrubs_flowers/cinnamon_fern/CinnamonFern_RT.spt: License Error: [Key expired on September 01, 2011]
04/20/2016 - 20:44:44 : Error loading tree: speedtree/shrubs_flowers/cinnamon_fern/CinnamonFern_RT.spt: License Error: [Key expired on September 01, 2011]
04/20/2016 - 20:44:44 : Error loading tree: speedtree/shrubs_flowers/cinnamon_fern/CinnamonFern_RT.spt: License Error: [Key expired on September 01, 2011]
04/20/2016 - 20:44:44 : Error loading tree: speedtree/shrubs_flowers/cinnamon_fern/CinnamonFern_RT.spt: License Error: [Key expired on September 01, 2011]
04/20/2016 - 20:44:44 : Error loading tree: speedtree/shrubs_flowers/cinnamon_fern/CinnamonFern_RT.spt: License Error: [Key expired on September 01, 2011]
04/20/2016 - 20:44:44 : Error loading tree: speedtree/shrubs_flowers/cinnamon_fern/CinnamonFern_RT.spt: License Error: [Key expired on September 01, 2011]
04/20/2016 - 20:44:44 : Error loading tree: speedtree/shrubs_flowers/cinnamon_fern/CinnamonFern_RT.spt: License Error: [Key expired on September 01, 2011]
04/20/2016 - 20:44:44 : Error loading tree: speedtree/shrubs_flowers/cinnamon_fern/CinnamonFern_RT.spt: License Error: [Key expired on September 01, 2011]
04/20/2016 - 20:44:44 : Error loading tree: speedtree/shrubs_flowers/cinnamon_fern/CinnamonFern_RT.spt: License Error: [Key expired on September 01, 2011]
04/20/2016 - 20:44:44 : Error loading tree: speedtree/shrubs_flowers/cinnamon_fern/CinnamonFern_RT.spt: License Error: [Key expired on September 01, 2011]
04/20/2016 - 20:44:44 : Error loading tree: speedtree/shrubs_flowers/cinnamon_fern/CinnamonFern_RT.spt: License Error: [Key expired on September 01, 2011]
04/20/2016 - 20:44:44 : Error loading tree: speedtree/shrubs_flowers/cinnamon_fern/CinnamonFern_RT.spt: License Error: [Key expired on September 01, 2011]
04/20/2016 - 20:44:44 : Error loading tree: speedtree/shrubs_flowers/boston_fern/BostonFern_RT.spt: License Error: [Key expired on September 01, 2011]
04/20/2016 - 20:44:44 : Error loading tree: speedtree/shrubs_flowers/boston_fern/BostonFern_RT.spt: License Error: [Key expired on September 01, 2011]
04/20/2016 - 20:44:44 : Error loading tree: speedtree/shrubs_flowers/boston_fern/BostonFern_RT.spt: License Error: [Key expired on September 01, 2011]
04/20/2016 - 20:44:44 : Error loading tree: speedtree/shrubs_flowers/boston_fern/BostonFern_RT.spt: License Error: [Key expired on September 01, 2011]
04/20/2016 - 20:44:44 : Error loading tree: speedtree/shrubs_flowers/boston_fern/BostonFern_RT.spt: License Error: [Key expired on September 01, 2011]
04/20/2016 - 20:44:44 : Error loading tree: speedtree/shrubs_flowers/boston_fern/BostonFern_RT.spt: License Error: [Key expired on September 01, 2011]
04/20/2016 - 20:44:44 : Error loading tree: speedtree/shrubs_flowers/boston_fern/BostonFern_RT.spt: License Error: [Key expired on September 01, 2011]
04/20/2016 - 20:44:44 : Error loading tree: speedtree/shrubs_flowers/boston_fern/BostonFern_RT.spt: License Error: [Key expired on September 01, 2011]
04/20/2016 - 20:44:44 : Error loading tree: speedtree/shrubs_flowers/boston_fern/BostonFern_RT.spt: License Error: [Key expired on September 01, 2011]
04/20/2016 - 20:44:44 : Error loading tree: speedtree/shrubs_flowers/boston_fern/BostonFern_RT.spt: License Error: [Key expired on September 01, 2011]
04/20/2016 - 20:44:44 : Error loading tree: speedtree/shrubs_flowers/boston_fern/BostonFern_RT.spt: License Error: [Key expired on September 01, 2011]
04/20/2016 - 20:44:44 : Error loading tree: speedtree/shrubs_flowers/boston_fern/BostonFern_RT.spt: License Error: [Key expired on September 01, 2011]
04/20/2016 - 20:44:44 : Error loading tree: speedtree/Conifers/italian_stonepine/ItalianStonePine_RT_1.spt: License Error: [Key expired on September 01, 2011]
04/20/2016 - 20:44:44 : Error loading tree: speedtree/shrubs_flowers/boston_fern/BostonFern_RT.spt: License Error: [Key expired on September 01, 2011]
04/20/2016 - 20:44:44 : Error loading tree: speedtree/Conifers/douglas_fir_full/DouglasFir_RT_Full.spt: License Error: [Key expired on September 01, 2011]
04/20/2016 - 20:44:44 : Error loading tree: speedtree/shrubs_flowers/american_boxwood/AmericanBoxwood_RT.spt: License Error: [Key expired on September 01, 2011]
04/20/2016 - 20:44:44 : Error loading tree: speedtree/Conifers/douglas_fir_full/DouglasFir_RT_Full.spt: License Error: [Key expired on September 01, 2011]
04/20/2016 - 20:44:44 : Error loading tree: speedtree/shrubs_flowers/boston_fern/BostonFern_RT.spt: License Error: [Key expired on September 01, 2011]
04/20/2016 - 20:44:44 : Error loading tree: speedtree/shrubs_flowers/american_boxwood/AmericanBoxwood_RT.spt: License Error: [Key expired on September 01, 2011]
04/20/2016 - 20:44:44 : Error loading tree: speedtree/shrubs_flowers/boston_fern/BostonFern_RT.spt: License Error: [Key expired on September 01, 2011]
04/20/2016 - 20:44:44 : Error loading tree: speedtree/shrubs_flowers/boston_fern/BostonFern_RT.spt: License Error: [Key expired on September 01, 2011]
04/20/2016 - 20:44:44 : Error loading tree: speedtree/shrubs_flowers/boston_fern/BostonFern_RT.spt: License Error: [Key expired on September 01, 2011]
04/20/2016 - 20:44:44 : Error loading tree: speedtree/Conifers/douglas_fir_full/DouglasFir_RT_Full.spt: License Error: [Key expired on September 01, 2011]
04/20/2016 - 20:44:44 : Error loading tree: speedtree/shrubs_flowers/boston_fern/BostonFern_RT.spt: License Error: [Key expired on September 01, 2011]
04/20/2016 - 20:44:44 : Error loading tree: speedtree/shrubs_flowers/cinnamon_fern/CinnamonFern_RT.spt: License Error: [Key expired on September 01, 2011]
04/20/2016 - 20:44:44 : Error loading tree: speedtree/shrubs_flowers/boston_fern/BostonFern_RT.spt: License Error: [Key expired on September 01, 2011]
04/20/2016 - 20:44:44 : Error loading tree: speedtree/shrubs_flowers/american_boxwood/AmericanBoxwood_RT.spt: License Error: [Key expired on September 01, 2011]
04/20/2016 - 20:44:44 : Error loading tree: speedtree/shrubs_flowers/cinnamon_fern/CinnamonFern_RT.spt: License Error: [Key expired on September 01, 2011]
04/20/2016 - 20:44:44 : Error loading tree: speedtree/shrubs_flowers/boston_fern/BostonFern_RT.spt: License Error: [Key expired on September 01, 2011]
04/20/2016 - 20:44:44 : Error loading tree: speedtree/Conifers/douglas_fir/DouglasFir_RT.spt: License Error: [Key expired on September 01, 2011]
04/20/2016 - 20:44:44 : Error loading tree: speedtree/Conifers/douglas_fir_full/DouglasFir_RT_Full.spt: License Error: [Key expired on September 01, 2011]
04/20/2016 - 20:44:44 : Error loading tree: speedtree/Conifers/douglas_fir_full/DouglasFir_RT_Full.spt: License Error: [Key expired on September 01, 2011]
04/20/2016 - 20:44:44 : Error loading tree: speedtree/shrubs_flowers/cinnamon_fern/CinnamonFern_RT.spt: License Error: [Key expired on September 01, 2011]
04/20/2016 - 20:44:44 : Error loading tree: speedtree/shrubs_flowers/american_boxwood/AmericanBoxwood_RT.spt: License Error: [Key expired on September 01, 2011]
04/20/2016 - 20:44:44 : Error loading tree: speedtree/shrubs_flowers/american_boxwood/AmericanBoxwood_RT.spt: License Error: [Key expired on September 01, 2011]
04/20/2016 - 20:44:44 : Error loading tree: speedtree/Conifers/italian_cypress/ItalianCypress_RT.spt: License Error: [Key expired on September 01, 2011]
04/20/2016 - 20:44:44 : Error loading tree: speedtree/shrubs_flowers/boston_fern/BostonFern_RT.spt: License Error: [Key expired on September 01, 2011]
04/20/2016 - 20:44:44 : Error loading tree: speedtree/Conifers/douglas_fir_full/DouglasFir_RT_Full.spt: License Error: [Key expired on September 01, 2011]
04/20/2016 - 20:44:44 : Error loading tree: speedtree/Conifers/douglas_fir_full/DouglasFir_RT_Full.spt: License Error: [Key expired on September 01, 2011]
04/20/2016 - 20:44:44 : Error loading tree: speedtree/shrubs_flowers/cinnamon_fern/CinnamonFern_RT.spt: License Error: [Key expired on September 01, 2011]
04/20/2016 - 20:44:44 : Error loading tree: speedtree/shrubs_flowers/american_boxwood/AmericanBoxwood_RT.spt: License Error: [Key expired on September 01, 2011]
04/20/2016 - 20:44:44 : Error loading tree: speedtree/shrubs_flowers/american_boxwood/AmericanBoxwood_RT.spt: License Error: [Key expired on September 01, 2011]
04/20/2016 - 20:44:44 : Error loading tree: speedtree/shrubs_flowers/boston_fern/BostonFern_RT.spt: License Error: [Key expired on September 01, 2011]
04/20/2016 - 20:44:44 : Error loading tree: speedtree/Conifers/douglas_fir_full/DouglasFir_RT_Full.spt: License Error: [Key expired on September 01, 2011]
04/20/2016 - 20:44:44 : Error loading tree: speedtree/Conifers/douglas_fir/DouglasFir_RT.spt: License Error: [Key expired on September 01, 2011]
04/20/2016 - 20:44:44 : Error loading tree: speedtree/Conifers/douglas_fir_full/DouglasFir_RT_Full.spt: License Error: [Key expired on September 01, 2011]
04/20/2016 - 20:44:44 : Error loading tree: speedtree/Conifers/douglas_fir_full/DouglasFir_RT_Full.spt: License Error: [Key expired on September 01, 2011]
04/20/2016 - 20:44:44 : Error loading tree: speedtree/shrubs_flowers/boston_fern/BostonFern_RT.spt: License Error: [Key expired on September 01, 2011]
04/20/2016 - 20:44:44 : Error loading tree: speedtree/Conifers/italian_cypress/ItalianCypress_RT.spt: License Error: [Key expired on September 01, 2011]
04/20/2016 - 20:44:44 : Error loading tree: speedtree/shrubs_flowers/american_boxwood/AmericanBoxwood_RT.spt: License Error: [Key expired on September 01, 2011]
04/20/2016 - 20:44:44 : Error loading tree: speedtree/shrubs_flowers/american_boxwood/AmericanBoxwood_RT.spt: License Error: [Key expired on September 01, 2011]
04/20/2016 - 20:44:44 : Error loading tree: speedtree/Conifers/italian_cypress/ItalianCypress_RT.spt: License Error: [Key expired on September 01, 2011]
04/20/2016 - 20:44:44 : Error loading tree: speedtree/shrubs_flowers/cinnamon_fern/CinnamonFern_RT.spt: License Error: [Key expired on September 01, 2011]
04/20/2016 - 20:44:44 : Error loading tree: speedtree/shrubs_flowers/boston_fern/BostonFern_RT.spt: License Error: [Key expired on September 01, 2011]
04/20/2016 - 20:44:44 : Error loading tree: speedtree/Conifers/douglas_fir_full/DouglasFir_RT_Full.spt: License Error: [Key expired on September 01, 2011]
04/20/2016 - 20:44:44 : Error loading tree: speedtree/shrubs_flowers/boston_fern/BostonFern_RT.spt: License Error: [Key expired on September 01, 2011]
04/20/2016 - 20:44:44 : Error loading tree: speedtree/shrubs_flowers/american_boxwood/AmericanBoxwood_RT.spt: License Error: [Key expired on September 01, 2011]
04/20/2016 - 20:44:44 : Error loading tree: speedtree/Conifers/italian_cypress/ItalianCypress_RT.spt: License Error: [Key expired on September 01, 2011]
04/20/2016 - 20:44:44 : Error loading tree: speedtree/shrubs_flowers/american_boxwood/AmericanBoxwood_RT.spt: License Error: [Key expired on September 01, 2011]
04/20/2016 - 20:44:44 : Error loading tree: speedtree/shrubs_flowers/cinnamon_fern/CinnamonFern_RT.spt: License Error: [Key expired on September 01, 2011]
04/20/2016 - 20:44:44 : Error loading tree: speedtree/shrubs_flowers/cinnamon_fern/CinnamonFern_RT.spt: License Error: [Key expired on September 01, 2011]
04/20/2016 - 20:44:44 : Error loading tree: speedtree/Conifers/douglas_fir_full/DouglasFir_RT_Full.spt: License Error: [Key expired on September 01, 2011]
04/20/2016 - 20:44:44 : Error loading tree: speedtree/Conifers/douglas_fir/DouglasFir_RT.spt: License Error: [Key expired on September 01, 2011]
04/20/2016 - 20:44:44 : Error loading tree: speedtree/Conifers/douglas_fir/DouglasFir_RT.spt: License Error: [Key expired on September 01, 2011]
04/20/2016 - 20:44:44 : Error loading tree: speedtree/Conifers/douglas_fir_full/DouglasFir_RT_Full.spt: License Error: [Key expired on September 01, 2011]
04/20/2016 - 20:44:44 : Chunk::load: Failed to load chunk 0003ffffo: Failed to load tree speedtree/Conifers/italian_cypress/ItalianCypress_RT.spt, Failed to load tree speedtree/Conifers/italian_cypress/ItalianCypress_RT.spt, Failed to load tree speedtree/Conifers/douglas_fir_full/DouglasFir_RT_Full.spt, Failed to load tree speedtree/Conifers/douglas_fir/DouglasFir_RT.spt, Failed to load tree speedtree/Conifers/douglas_fir_full/DouglasFir_RT_Full.spt, Failed to load tree speedtree/Conifers/douglas_fir_full/DouglasFir_RT_Full.spt, Failed to load tree speedtree/Conifers/douglas_fir_full/DouglasFir_RT_Full.spt, Failed to load tree speedtree/Conifers/douglas_fir_full/DouglasFir_RT_Full.spt, Failed to load tree speedtree/Conifers/douglas_fir_full/DouglasFir_RT_Full.spt, Failed to load tree speedtree/Conifers/douglas_fir_full/DouglasFir_RT_Full.spt, Failed to load tree speedtree/Conifers/douglas_fir_full/DouglasFir_RT_Full.spt, Failed to load tree speedtree/Conifers/douglas_fir_full/DouglasFir_RT_Full.spt, Failed to load tree speedtree/shrubs_flowers/american_boxwood/AmericanBoxwood_RT.spt, Failed to load tree speedtree/shrubs_flowers/american_boxwood/AmericanBoxwood_RT.spt, Failed to load tree speedtree/shrubs_flowers/american_boxwood/AmericanBoxwood_RT.spt, Failed to load tree speedtree/shrubs_flowers/american_boxwood/AmericanBoxwood_RT.spt, Failed to load tree speedtree/shrubs_flowers/american_boxwood/AmericanBoxwood_RT.spt, Failed to load tree speedtree/shrubs_flowers/american_boxwood/AmericanBoxwood_RT.spt, Failed to load tree speedtree/shrubs_flowers/boston_fern/BostonFern_RT.spt, Failed to load tree speedtree/shrubs_flowers/boston_fern/BostonFern_RT.spt, Failed to load tree speedtree/shrubs_flowers/american_boxwood/AmericanBoxwood_RT.spt, Failed to load tree speedtree/shrubs_flowers/american_boxwood/AmericanBoxwood_RT.spt, Failed to load tree speedtree/shrubs_flowers/american_boxwood/AmericanBoxwood_RT.spt, Failed to load tree speedtree/shrubs_flowers/american_boxwood/AmericanBoxwood_RT.spt, Failed to load tree speedtree/shrubs_flowers/cinnamon_fern/CinnamonFern_RT.spt, Failed to load tree speedtree/shrubs_flowers/cinnamon_fern/CinnamonFern_RT.spt, Failed to load tree speedtree/shrubs_flowers/cinnamon_fern/CinnamonFern_RT.spt, Failed to load tree speedtree/shrubs_flowers/cinnamon_fern/CinnamonFern_RT.spt, Failed to load tree speedtree/shrubs_flowers/cinnamon_fern/CinnamonFern_RT.spt, Failed to load tree speedtree/Conifers/italian_cypress/ItalianCypress_RT.spt, Failed to load tree speedtree/Conifers/douglas_fir_full/DouglasFir_RT_Full.spt, Failed to load tree speedtree/Conifers/douglas_fir_full/DouglasFir_RT_Full.spt, Failed to load tree speedtree/Conifers/italian_cypress/ItalianCypress_RT.spt, Failed to load tree speedtree/Conifers/italian_cypress/ItalianCypress_RT.spt, Failed to load tree speedtree/Conifers/italian_cypress/ItalianCypress_RT.spt, Failed to load tree speedtree/Conifers/italian_cypress/ItalianCypress_RT.spt, Failed to load tree speedtree/Conifers/italian_cypress/ItalianCypress_RT.spt, Failed to load tree speedtree/Conifers/italian_cypress/ItalianCypress_RT.spt, Failed to load tree speedtree/Conifers/italian_cypress/ItalianCypress_RT.spt, Failed to load tree speedtree/Conifers/douglas_fir_full/DouglasFir_RT_Full.spt, Failed to load tree speedtree/Conifers/douglas_fir_full/DouglasFir_RT_Full.spt, Failed to load tree speedtree/Conifers/douglas_fir_full/DouglasFir_RT_Full.spt, Failed to load tree speedtree/Conifers/douglas_fir_full/DouglasFir_RT_Full.spt, Failed to load tree speedtree/Conifers/douglas_fir_full/DouglasFir_RT_Full.spt, Failed to load tree speedtree/Conifers/douglas_fir_full/DouglasFir_RT_Full.spt, Failed to load tree speedtree/Conifers/douglas_fir_full/DouglasFir_RT_Full.spt, Failed to load tree speedtree/Conifers/douglas_fir_full/DouglasFir_RT_Full.spt, Failed to load tree speedtree/shrubs_flowers/american_boxwood/AmericanBoxwood_RT.spt, Failed to load tree speedtree/shrubs_flowers/american_boxwood/AmericanBoxwood_RT.spt, Failed to load tree speedtree/shrubs_flowers/american_boxwood/AmericanBoxwood_RT.spt, Failed to load tree speedtree/shrubs_flowers/american_boxwood/AmericanBoxwood_RT.spt, Failed to load tree speedtree/shrubs_flowers/american_boxwood/AmericanBoxwood_RT.spt, Failed to load tree speedtree/shrubs_flowers/american_boxwood/AmericanBoxwood_RT.spt, Failed to load tree speedtree/shrubs_flowers/american_boxwood/AmericanBoxwood_RT.spt, Failed to load tree speedtree/shrubs_flowers/american_boxwood/AmericanBoxwood_RT.spt, Failed to load tree speedtree/shrubs_flowers/american_boxwood/AmericanBoxwood_RT.spt, Failed to load tree speedtree/shrubs_flowers/american_boxwood/AmericanBoxwood_RT.spt, Failed to load tree speedtree/shrubs_flowers/american_boxwood/AmericanBoxwood_RT.spt, Failed to load tree speedtree/shrubs_flowers/american_boxwood/AmericanBoxwood_RT.spt, Failed to load tree speedtree/shrubs_flowers/american_boxwood/AmericanBoxwood_RT.spt, Failed to load tree speedtree/shrubs_flowers/american_boxwood/AmericanBoxwood_RT.spt, Failed to load tree speedtree/shrubs_flowers/american_boxwood/AmericanBoxwood_RT.spt, Failed to load tree speedtree/Conifers/douglas_fir_full/DouglasFir_RT_Full.spt, Failed to load tree speedtree/shrubs_flowers/american_boxwood/AmericanBoxwood_RT.spt, Failed to load tree speedtree/shrubs_flowers/american_boxwood/AmericanBoxwood_RT.spt, Failed to load tree speedtree/shrubs_flowers/american_boxwood/AmericanBoxwood_RT.spt, Failed to load tree speedtree/shrubs_flowers/american_boxwood/AmericanBoxwood_RT.spt, Failed to load tree speedtree/shrubs_flowers/american_boxwood/AmericanBoxwood_RT.spt, Failed to load tree speedtree/shrubs_flowers/american_boxwood/AmericanBoxwood_RT.spt, Failed to load tree speedtree/Conifers/italian_cypress/ItalianCypress_RT.spt, Failed to load tree speedtree/shrubs_flowers/american_boxwood/AmericanBoxwood_RT.spt, Failed to load tree speedtree/shrubs_flowers/american_boxwood/AmericanBoxwood_RT.spt, Failed to load tree speedtree/shrubs_flowers/cinnamon_fern/CinnamonFern_RT.spt, Failed to load tree speedtree/shrubs_flowers/cinnamon_fern/CinnamonFern_RT.spt, Failed to load tree speedtree/shrubs_flowers/cinnamon_fern/CinnamonFern_RT.spt, Failed to load tree speedtree/shrubs_flowers/cinnamon_fern/CinnamonFern_RT.spt, Failed to load tree speedtree/shrubs_flowers/cinnamon_fern/CinnamonFern_RT.spt, Failed to load tree speedtree/shrubs_flowers/cinnamon_fern/CinnamonFern_RT.spt, Failed to load tree speedtree/shrubs_flowers/cinnamon_fern/CinnamonFern_RT.spt, Failed to load tree speedtree/shrubs_flowers/cinnamon_fern/CinnamonFern_RT.spt, Failed to load tree speedtree/shrubs_flowers/cinnamon_fern/CinnamonFern_RT.spt, Failed to load tree speedtree/shrubs_flowers/cinnamon_fern/CinnamonFern_RT.spt, Failed to load tree speedtree/shrubs_flowers/cinnamon_fern/CinnamonFern_RT.spt, Failed to load tree speedtree/shrubs_flowers/cinnamon_fern/CinnamonFern_RT.spt, Failed to load tree speedtree/shrubs_flowers/cinnamon_fern/CinnamonFern_RT.spt, Failed to load tree speedtree/shrubs_flowers/cinnamon_fern/CinnamonFern_RT.spt, Failed to load tree speedtree/shrubs_flowers/cinnamon_fern/CinnamonFern_RT.spt, Failed to load tree speedtree/shrubs_flowers/boston_fern/BostonFern_RT.spt, Failed to load tree speedtree/shrubs_flowers/boston_fern/BostonFern_RT.spt, Failed to load tree speedtree/shrubs_flowers/boston_fern/BostonFern_RT.spt, Failed to load tree speedtree/shrubs_flowers/boston_fern/BostonFern_RT.spt, Failed to load tree speedtree/shrubs_flowers/boston_fern/BostonFern_RT.spt, Failed to load tree speedtree/shrubs_flowers/boston_fern/BostonFern_RT.spt, Failed to load tree speedtree/shrubs_flowers/boston_fern/BostonFern_RT.spt, Failed to load tree speedtree/shrubs_flowers/boston_fern/BostonFern_RT.spt, Failed to load tree speedtree/shrubs_flowers/boston_fern/BostonFern_RT.spt, Failed to load tree speedtree/shrubs_flowers/boston_fern/BostonFern_RT.spt, Failed to load tree speedtree/shrubs_flowers/boston_fern/BostonFern_RT.spt, Failed to load tree speedtree/shrubs_flowers/boston_fern/BostonFern_RT.spt, Failed to load tree speedtree/Conifers/italian_stonepine/ItalianStonePine_RT_1.spt, Failed to load tree speedtree/shrubs_flowers/boston_fern/BostonFern_RT.spt, Failed to load tree speedtree/Conifers/douglas_fir_full/DouglasFir_RT_Full.spt, Failed to load tree speedtree/shrubs_flowers/american_boxwood/AmericanBoxwood_RT.spt, Failed to load tree speedtree/Conifers/douglas_fir_full/DouglasFir_RT_Full.spt, Failed to load tree speedtree/shrubs_flowers/boston_fern/BostonFern_RT.spt, Failed to load tree speedtree/shrubs_flowers/american_boxwood/AmericanBoxwood_RT.spt, Failed to load tree speedtree/shrubs_flowers/boston_fern/BostonFern_RT.spt, Failed to load tree speedtree/shrubs_flowers/boston_fern/BostonFern_RT.spt, Failed to load tree speedtree/shrubs_flowers/boston_fern/BostonFern_RT.spt, Failed to load tree speedtree/Conifers/douglas_fir_full/DouglasFir_RT_Full.spt, Failed to load tree speedtree/shrubs_flowers/boston_fern/BostonFern_RT.spt, Failed to load tree speedtree/shrubs_flowers/cinnamon_fern/CinnamonFern_RT.spt, Failed to load tree speedtree/shrubs_flowers/boston_fern/BostonFern_RT.spt, Failed to load tree speedtree/shrubs_flowers/american_boxwood/AmericanBoxwood_RT.spt, Failed to load tree speedtree/shrubs_flowers/cinnamon_fern/CinnamonFern_RT.spt, Failed to load tree speedtree/shrubs_flowers/boston_fern/BostonFern_RT.spt, Failed to load tree speedtree/Conifers/douglas_fir/DouglasFir_RT.spt, Failed to load tree speedtree/Conifers/douglas_fir_full/DouglasFir_RT_Full.spt, Failed to load tree speedtree/Conifers/douglas_fir_full/DouglasFir_RT_Full.spt, Failed to load tree speedtree/shrubs_flowers/cinnamon_fern/CinnamonFern_RT.spt, Failed to load tree speedtree/shrubs_flowers/american_boxwood/AmericanBoxwood_RT.spt, Failed to load tree speedtree/shrubs_flowers/american_boxwood/AmericanBoxwood_RT.spt, Failed to load tree speedtree/Conifers/italian_cypress/ItalianCypress_RT.spt, Failed to load tree speedtree/shrubs_flowers/boston_fern/BostonFern_RT.spt, Failed to load tree speedtree/Conifers/douglas_fir_full/DouglasFir_RT_Full.spt, Failed to load tree speedtree/Conifers/douglas_fir_full/DouglasFir_RT_Full.spt, Failed to load tre04/20/2016 - 20:44:44 : Error loading tree: speedtree/Conifers/douglas_fir_full/DouglasFir_RT_Full.spt: License Error: [Key expired on September 01, 2011]
04/20/2016 - 20:44:44 : Error loading tree: speedtree/Conifers/douglas_fir_full/DouglasFir_RT_Full.spt: License Error: [Key expired on September 01, 2011]
04/20/2016 - 20:44:44 : Error loading tree: speedtree/Conifers/douglas_fir/DouglasFir_RT.spt: License Error: [Key expired on September 01, 2011]
04/20/2016 - 20:44:44 : Chunk::load: Failed to load chunk 0002fffdo: Failed to load tree speedtree/Conifers/douglas_fir_full/DouglasFir_RT_Full.spt, Failed to load tree speedtree/Conifers/douglas_fir_full/DouglasFir_RT_Full.spt, Failed to load tree speedtree/Conifers/douglas_fir/DouglasFir_RT.spt
04/20/2016 - 20:44:45 : Error loading tree: speedtree/Conifers/douglas_fir_full/DouglasFir_RT_Full.spt: License Error: [Key expired on September 01, 2011]
04/20/2016 - 20:44:45 : Error loading tree: speedtree/Conifers/douglas_fir_full/DouglasFir_RT_Full.spt: License Error: [Key expired on September 01, 2011]
04/20/2016 - 20:44:45 : Error loading tree: speedtree/Conifers/italian_cypress/ItalianCypress_RT.spt: License Error: [Key expired on September 01, 2011]
04/20/2016 - 20:44:45 : Error loading tree: speedtree/Conifers/italian_cypress/ItalianCypress_RT.spt: License Error: [Key expired on September 01, 2011]
04/20/2016 - 20:44:45 : Error loading tree: speedtree/Conifers/italian_cypress/ItalianCypress_RT.spt: License Error: [Key expired on September 01, 2011]
04/20/2016 - 20:44:45 : Error loading tree: speedtree/Conifers/douglas_fir/DouglasFir_RT.spt: License Error: [Key expired on September 01, 2011]
04/20/2016 - 20:44:45 : Error loading tree: speedtree/Conifers/douglas_fir_full/DouglasFir_RT_Full.spt: License Error: [Key expired on September 01, 2011]
04/20/2016 - 20:44:45 : Error loading tree: speedtree/Conifers/douglas_fir_full/DouglasFir_RT_Full.spt: License Error: [Key expired on September 01, 2011]
04/20/2016 - 20:44:45 : Error loading tree: speedtree/Conifers/douglas_fir_full/DouglasFir_RT_Full.spt: License Error: [Key expired on September 01, 2011]
04/20/2016 - 20:44:45 : Error loading tree: speedtree/Conifers/douglas_fir/DouglasFir_RT.spt: License Error: [Key expired on September 01, 2011]
04/20/2016 - 20:44:45 : Error loading tree: speedtree/Conifers/douglas_fir/DouglasFir_RT.spt: License Error: [Key expired on September 01, 2011]
04/20/2016 - 20:44:45 : Error loading tree: speedtree/Conifers/douglas_fir_full/DouglasFir_RT_Full.spt: License Error: [Key expired on September 01, 2011]
04/20/2016 - 20:44:45 : Error loading tree: speedtree/Conifers/douglas_fir_full/DouglasFir_RT_Full.spt: License Error: [Key expired on September 01, 2011]
04/20/2016 - 20:44:45 : Error loading tree: speedtree/shrubs_flowers/american_boxwood/AmericanBoxwood_RT.spt: License Error: [Key expired on September 01, 2011]
04/20/2016 - 20:44:45 : Error loading tree: speedtree/shrubs_flowers/american_boxwood/AmericanBoxwood_RT.spt: License Error: [Key expired on September 01, 2011]
04/20/2016 - 20:44:45 : Error loading tree: speedtree/shrubs_flowers/american_boxwood/AmericanBoxwood_RT.spt: License Error: [Key expired on September 01, 2011]
04/20/2016 - 20:44:45 : Error loading tree: speedtree/shrubs_flowers/american_boxwood/AmericanBoxwood_RT.spt: License Error: [Key expired on September 01, 2011]
04/20/2016 - 20:44:45 : Error loading tree: speedtree/shrubs_flowers/american_boxwood/AmericanBoxwood_RT.spt: License Error: [Key expired on September 01, 2011]
04/20/2016 - 20:44:45 : Error loading tree: speedtree/shrubs_flowers/american_boxwood/AmericanBoxwood_RT.spt: License Error: [Key expired on September 01, 2011]
04/20/2016 - 20:44:45 : Error loading tree: speedtree/shrubs_flowers/american_boxwood/AmericanBoxwood_RT.spt: License Error: [Key expired on September 01, 2011]
04/20/2016 - 20:44:45 : Error loading tree: speedtree/shrubs_flowers/american_boxwood/AmericanBoxwood_RT.spt: License Error: [Key expired on September 01, 2011]
04/20/2016 - 20:44:45 : Error loading tree: speedtree/shrubs_flowers/american_boxwood/AmericanBoxwood_RT.spt: License Error: [Key expired on September 01, 2011]
04/20/2016 - 20:44:45 : Error loading tree: speedtree/shrubs_flowers/american_boxwood/AmericanBoxwood_RT.spt: License Error: [Key expired on September 01, 2011]
04/20/2016 - 20:44:45 : Error loading tree: speedtree/shrubs_flowers/american_boxwood/AmericanBoxwood_RT.spt: License Error: [Key expired on September 01, 2011]
04/20/2016 - 20:44:45 : Error loading tree: speedtree/shrubs_flowers/american_boxwood/AmericanBoxwood_RT.spt: License Error: [Key expired on September 01, 2011]
04/20/2016 - 20:44:45 : Error loading tree: speedtree/shrubs_flowers/american_boxwood/AmericanBoxwood_RT.spt: License Error: [Key expired on September 01, 2011]
04/20/2016 - 20:44:45 : Error loading tree: speedtree/shrubs_flowers/american_boxwood/AmericanBoxwood_RT.spt: License Error: [Key expired on September 01, 2011]
04/20/2016 - 20:44:45 : Error loading tree: speedtree/shrubs_flowers/american_boxwood/AmericanBoxwood_RT.spt: License Error: [Key expired on September 01, 2011]
04/20/2016 - 20:44:45 : Error loading tree: speedtree/shrubs_flowers/boston_fern/BostonFern_RT.spt: License Error: [Key expired on September 01, 2011]
04/20/2016 - 20:44:45 : Error loading tree: speedtree/shrubs_flowers/boston_fern/BostonFern_RT.spt: License Error: [Key expired on September 01, 2011]
04/20/2016 - 20:44:45 : Error loading tree: speedtree/shrubs_flowers/boston_fern/BostonFern_RT.spt: License Error: [Key expired on September 01, 2011]
04/20/2016 - 20:44:45 : Error loading tree: speedtree/shrubs_flowers/boston_fern/BostonFern_RT.spt: License Error: [Key expired on September 01, 2011]
04/20/2016 - 20:44:45 : Error loading tree: speedtree/Conifers/douglas_fir_full/DouglasFir_RT_Full.spt: License Error: [Key expired on September 01, 2011]
04/20/2016 - 20:44:45 : Error loading tree: speedtree/shrubs_flowers/cinnamon_fern/CinnamonFern_RT.spt: License Error: [Key expired on September 01, 2011]
04/20/2016 - 20:44:45 : Error loading tree: speedtree/shrubs_flowers/cinnamon_fern/CinnamonFern_RT.spt: License Error: [Key expired on September 01, 2011]
04/20/2016 - 20:44:45 : Error loading tree: speedtree/shrubs_flowers/cinnamon_fern/CinnamonFern_RT.spt: License Error: [Key expired on September 01, 2011]
04/20/2016 - 20:44:45 : Error loading tree: speedtree/shrubs_flowers/cinnamon_fern/CinnamonFern_RT.spt: License Error: [Key expired on September 01, 2011]
04/20/2016 - 20:44:45 : Error loading tree: speedtree/shrubs_flowers/cinnamon_fern/CinnamonFern_RT.spt: License Error: [Key expired on September 01, 2011]
04/20/2016 - 20:44:45 : Error loading tree: speedtree/shrubs_flowers/cinnamon_fern/CinnamonFern_RT.spt: License Error: [Key expired on September 01, 2011]
04/20/2016 - 20:44:45 : Error loading tree: speedtree/shrubs_flowers/cinnamon_fern/CinnamonFern_RT.spt: License Error: [Key expired on September 01, 2011]
04/20/2016 - 20:44:45 : Error loading tree: speedtree/Conifers/douglas_fir_full/DouglasFir_RT_Full.spt: License Error: [Key expired on September 01, 2011]
04/20/2016 - 20:44:45 : Error loading tree: speedtree/Conifers/douglas_fir_full/DouglasFir_RT_Full.spt: License Error: [Key expired on September 01, 2011]
04/20/2016 - 20:44:45 : Error loading tree: speedtree/Conifers/douglas_fir/DouglasFir_RT.spt: License Error: [Key expired on September 01, 2011]
04/20/2016 - 20:44:45 : Error loading tree: speedtree/Conifers/italian_stonepine/ItalianStonePine_RT_1.spt: License Error: [Key expired on September 01, 2011]
04/20/2016 - 20:44:45 : Error loading tree: speedtree/Conifers/giant_redwood/GiantRedwood_small_rt.spt: License Error: [Key expired on September 01, 2011]
04/20/2016 - 20:44:45 : Error loading tree: speedtree/Conifers/douglas_fir_full/DouglasFir_RT_Full.spt: License Error: [Key expired on September 01, 2011]
04/20/2016 - 20:44:45 : Error loading tree: speedtree/Conifers/douglas_fir/DouglasFir_RT.spt: License Error: [Key expired on September 01, 2011]
04/20/2016 - 20:44:45 : Error loading tree: speedtree/Conifers/italian_cypress/ItalianCypress_RT.spt: License Error: [Key expired on September 01, 2011]
04/20/2016 - 20:44:45 : Error loading tree: speedtree/shrubs_flowers/boston_fern/BostonFern_RT.spt: License Error: [Key expired on September 01, 2011]
04/20/2016 - 20:44:45 : Error loading tree: speedtree/shrubs_flowers/boston_fern/BostonFern_RT.spt: License Error: [Key expired on September 01, 2011]
04/20/2016 - 20:44:45 : Error loading tree: speedtree/shrubs_flowers/boston_fern/BostonFern_RT.spt: License Error: [Key expired on September 01, 2011]
04/20/2016 - 20:44:45 : Error loading tree: speedtree/shrubs_flowers/boston_fern/BostonFern_RT.spt: License Error: [Key expired on September 01, 2011]
04/20/2016 - 20:44:45 : Error loading tree: speedtree/shrubs_flowers/cinnamon_fern/CinnamonFern_RT.spt: License Error: [Key expired on September 01, 2011]
04/20/2016 - 20:44:45 : Error loading tree: speedtree/shrubs_flowers/cinnamon_fern/CinnamonFern_RT.spt: License Error: [Key expired on September 01, 2011]
04/20/2016 - 20:44:45 : Error loading tree: speedtree/shrubs_flowers/cinnamon_fern/CinnamonFern_RT.spt: License Error: [Key expired on September 01, 2011]
04/20/2016 - 20:44:45 : Error loading tree: speedtree/shrubs_flowers/cinnamon_fern/CinnamonFern_RT.spt: License Error: [Key expired on September 01, 2011]
04/20/2016 - 20:44:45 : Error loading tree: speedtree/shrubs_flowers/cinnamon_fern/CinnamonFern_RT.spt: License Error: [Key expired on September 01, 2011]
04/20/2016 - 20:44:45 : Error loading tree: speedtree/shrubs_flowers/cinnamon_fern/CinnamonFern_RT.spt: License Error: [Key expired on September 01, 2011]
04/20/2016 - 20:44:45 : Error loading tree: speedtree/shrubs_flowers/cinnamon_fern/CinnamonFern_RT.spt: License Error: [Key expired on September 01, 2011]
04/20/2016 - 20:44:45 : Error loading tree: speedtree/shrubs_flowers/american_boxwood/AmericanBoxwood_RT.spt: License Error: [Key expired on September 01, 2011]
04/20/2016 - 20:44:45 : Error loading tree: speedtree/shrubs_flowers/american_boxwood/AmericanBoxwood_RT.spt: License Error: [Key expired on September 01, 2011]
04/20/2016 - 20:44:45 : Error loading tree: speedtree/shrubs_flowers/american_boxwood/AmericanBoxwood_RT.spt: License Error: [Key expired on September 01, 2011]
04/20/2016 - 20:44:45 : Error loading tree: speedtree/shrubs_flowers/american_boxwood/AmericanBoxwood_RT.spt: License Error: [Key expired on September 01, 2011]
04/20/2016 - 20:44:45 : Error loading tree: speedtree/shrubs_flowers/american_boxwood/AmericanBoxwood_RT.spt: License Error: [Key expired on September 01, 2011]
04/20/2016 - 20:44:45 : Error loading tree: speedtree/shrubs_flowers/american_boxwood/AmericanBoxwood_RT.spt: License Error: [Key expired on September 01, 2011]
04/20/2016 - 20:44:45 : Error loading tree: speedtree/shrubs_flowers/american_boxwood/AmericanBoxwood_RT.spt: License Error: [Key expired on September 01, 2011]
04/20/2016 - 20:44:45 : Error loading tree: speedtree/shrubs_flowers/american_boxwood/AmericanBoxwood_RT.spt: License Error: [Key expired on September 01, 2011]
04/20/2016 - 20:44:45 : Error loading tree: speedtree/shrubs_flowers/american_boxwood/AmericanBoxwood_RT.spt: License Error: [Key expired on September 01, 2011]
04/20/2016 - 20:44:45 : Error loading tree: speedtree/shrubs_flowers/american_boxwood/AmericanBoxwood_RT.spt: License Error: [Key expired on September 01, 2011]
04/20/2016 - 20:44:45 : Error loading tree: speedtree/shrubs_flowers/american_boxwood/AmericanBoxwood_RT.spt: License Error: [Key expired on September 01, 2011]
04/20/2016 - 20:44:45 : Error loading tree: speedtree/Broadleaves/american_elm_noleaves/AmericanElm_RT_noleaves.spt: License Error: [Key expired on September 01, 2011]
04/20/2016 - 20:44:45 : Error loading tree: speedtree/Broadleaves/american_elm_noleaves/AmericanElm_RT_noleaves.spt: License Error: [Key expired on September 01, 2011]
04/20/2016 - 20:44:45 : Error loading tree: speedtree/shrubs_flowers/american_boxwood/AmericanBoxwood_RT.spt: License Error: [Key expired on September 01, 2011]
04/20/2016 - 20:44:45 : Error loading tree: speedtree/shrubs_flowers/cinnamon_fern/CinnamonFern_RT.spt: License Error: [Key expired on September 01, 2011]
04/20/2016 - 20:44:45 : Error loading tree: speedtree/shrubs_flowers/american_boxwood/AmericanBoxwood_RT.spt: License Error: [Key expired on September 01, 2011]
04/20/2016 - 20:44:45 : Error loading tree: speedtree/shrubs_flowers/cinnamon_fern/CinnamonFern_RT.spt: License Error: [Key expired on September 01, 2011]
04/20/2016 - 20:44:45 : Error loading tree: speedtree/shrubs_flowers/cinnamon_fern/CinnamonFern_RT.spt: License Error: [Key expired on September 01, 2011]
04/20/2016 - 20:44:45 : Error loading tree: speedtree/shrubs_flowers/american_boxwood/AmericanBoxwood_RT.spt: License Error: [Key expired on September 01, 2011]
04/20/2016 - 20:44:45 : Error loading tree: speedtree/shrubs_flowers/cinnamon_fern/CinnamonFern_RT.spt: License Error: [Key expired on September 01, 2011]
04/20/2016 - 20:44:45 : Error loading tree: speedtree/shrubs_flowers/american_boxwood/AmericanBoxwood_RT.spt: License Error: [Key expired on September 01, 2011]
04/20/2016 - 20:44:45 : Error loading tree: speedtree/shrubs_flowers/american_boxwood/AmericanBoxwood_RT.spt: License Error: [Key expired on September 01, 2011]
04/20/2016 - 20:44:45 : Error loading tree: speedtree/Conifers/douglas_fir/DouglasFir_RT.spt: License Error: [Key expired on September 01, 2011]
04/20/2016 - 20:44:45 : Error loading tree: speedtree/Conifers/douglas_fir/DouglasFir_RT.spt: License Error: [Key expired on September 01, 2011]
04/20/2016 - 20:44:45 : Error loading tree: speedtree/shrubs_flowers/american_boxwood/AmericanBoxwood_RT.spt: License Error: [Key expired on September 01, 2011]
04/20/2016 - 20:44:45 : Error loading tree: speedtree/Conifers/douglas_fir/DouglasFir_RT.spt: License Error: [Key expired on September 01, 2011]
04/20/2016 - 20:44:45 : Error loading tree: speedtree/Conifers/italian_cypress/ItalianCypress_RT.spt: License Error: [Key expired on September 01, 2011]
04/20/2016 - 20:44:45 : Error loading tree: speedtree/Conifers/douglas_fir/DouglasFir_RT.spt: License Error: [Key expired on September 01, 2011]
04/20/2016 - 20:44:45 : Error loading tree: speedtree/shrubs_flowers/american_boxwood/AmericanBoxwood_RT.spt: License Error: [Key expired on September 01, 2011]
04/20/2016 - 20:44:45 : Error loading tree: speedtree/shrubs_flowers/american_boxwood/AmericanBoxwood_RT.spt: License Error: [Key expired on September 01, 2011]
04/20/2016 - 20:44:45 : Error loading tree: speedtree/shrubs_flowers/cinnamon_fern/CinnamonFern_RT.spt: License Error: [Key expired on September 01, 2011]
04/20/2016 - 20:44:45 : Error loading tree: speedtree/Conifers/douglas_fir/DouglasFir_RT.spt: License Error: [Key expired on September 01, 2011]
04/20/2016 - 20:44:45 : Error loading tree: speedtree/Conifers/douglas_fir_full/DouglasFir_RT_Full.spt: License Error: [Key expired on September 01, 2011]
04/20/2016 - 20:44:45 : Error loading tree: speedtree/Conifers/douglas_fir_full/DouglasFir_RT_Full.spt: License Error: [Key expired on September 01, 2011]
04/20/2016 - 20:44:45 : Error loading tree: speedtree/shrubs_flowers/cinnamon_fern/CinnamonFern_RT.spt: License Error: [Key expired on September 01, 2011]
04/20/2016 - 20:44:45 : Error loading tree: speedtree/Conifers/douglas_fir/DouglasFir_RT.spt: License Error: [Key expired on September 01, 2011]
04/20/2016 - 20:44:45 : Error loading tree: speedtree/Conifers/douglas_fir/DouglasFir_RT.spt: License Error: [Key expired on September 01, 2011]
04/20/2016 - 20:44:45 : Error loading tree: speedtree/Conifers/douglas_fir/DouglasFir_RT.spt: License Error: [Key expired on September 01, 2011]
04/20/2016 - 20:44:45 : Error loading tree: speedtree/shrubs_flowers/american_boxwood/AmericanBoxwood_RT.spt: License Error: [Key expired on September 01, 2011]
04/20/2016 - 20:44:45 : Error loading tree: speedtree/shrubs_flowers/american_boxwood/AmericanBoxwood_RT.spt: License Error: [Key expired on September 01, 2011]
04/20/2016 - 20:44:45 : Error loading tree: speedtree/shrubs_flowers/cinnamon_fern/CinnamonFern_RT.spt: License Error: [Key expired on September 01, 2011]
04/20/2016 - 20:44:45 : Error loading tree: speedtree/shrubs_flowers/boston_fern/BostonFern_RT.spt: License Error: [Key expired on September 01, 2011]
04/20/2016 - 20:44:45 : Error loading tree: speedtree/shrubs_flowers/american_boxwood/AmericanBoxwood_RT.spt: License Error: [Key expired on September 01, 2011]
04/20/2016 - 20:44:45 : Error loading tree: speedtree/shrubs_flowers/american_boxwood/AmericanBoxwood_RT.spt: License Error: [Key expired on September 01, 2011]
04/20/2016 - 20:44:45 : Error loading tree: speedtree/Conifers/italian_cypress/ItalianCypress_RT.spt: License Error: [Key expired on September 01, 2011]
04/20/2016 - 20:44:45 : Error loading tree: speedtree/shrubs_flowers/american_boxwood/AmericanBoxwood_RT.spt: License Error: [Key expired on September 01, 2011]
04/20/2016 - 20:44:45 : Error loading tree: speedtree/Conifers/italian_stonepine/ItalianStonePine_RT_1.spt: License Error: [Key expired on September 01, 2011]
04/20/2016 - 20:44:45 : Error loading tree: speedtree/shrubs_flowers/boston_fern/BostonFern_RT.spt: License Error: [Key expired on September 01, 2011]
04/20/2016 - 20:44:45 : Error loading tree: speedtree/shrubs_flowers/american_boxwood/AmericanBoxwood_RT.spt: License Error: [Key expired on September 01, 2011]
04/20/2016 - 20:44:45 : Error loading tree: speedtree/shrubs_flowers/boston_fern/BostonFern_RT.spt: License Error: [Key expired on September 01, 2011]
04/20/2016 - 20:44:45 : Error loading tree: speedtree/shrubs_flowers/boston_fern/BostonFern_RT.spt: License Error: [Key expired on September 01, 2011]
04/20/2016 - 20:44:45 : Error loading tree: speedtree/shrubs_flowers/american_boxwood/AmericanBoxwood_RT.spt: License Error: [Key expired on September 01, 2011]
04/20/2016 - 20:44:45 : Error loading tree: speedtree/Conifers/italian_cypress/ItalianCypress_RT.spt: License Error: [Key expired on September 01, 2011]
04/20/2016 - 20:44:45 : Error loading tree: speedtree/shrubs_flowers/cinnamon_fern/CinnamonFern_RT.spt: License Error: [Key expired on September 01, 2011]
04/20/2016 - 20:44:45 : Error loading tree: speedtree/shrubs_flowers/boston_fern/BostonFern_RT.spt: License Error: [Key expired on September 01, 2011]
04/20/2016 - 20:44:45 : Error loading tree: speedtree/Conifers/douglas_fir_full/DouglasFir_RT_Full.spt: License Error: [Key expired on September 01, 2011]
04/20/2016 - 20:44:45 : Error loading tree: speedtree/shrubs_flowers/cinnamon_fern/CinnamonFern_RT.spt: License Error: [Key expired on September 01, 2011]
04/20/2016 - 20:44:45 : Error loading tree: speedtree/shrubs_flowers/cinnamon_fern/CinnamonFern_RT.spt: License Error: [Key expired on September 01, 2011]
04/20/2016 - 20:44:45 : Error loading tree: speedtree/shrubs_flowers/cinnamon_fern/CinnamonFern_RT.spt: License Error: [Key expired on September 01, 2011]
04/20/2016 - 20:44:45 : Error loading tree: speedtree/shrubs_flowers/american_boxwood/AmericanBoxwood_RT.spt: License Error: [Key expired on September 01, 2011]
04/20/2016 - 20:44:45 : Error loading tree: speedtree/Conifers/douglas_fir_full/DouglasFir_RT_Full.spt: License Error: [Key expired on September 01, 2011]
04/20/2016 - 20:44:45 : Error loading tree: speedtree/shrubs_flowers/boston_fern/BostonFern_RT.spt: License Error: [Key expired on September 01, 2011]
04/20/2016 - 20:44:45 : Error loading tree: speedtree/shrubs_flowers/american_boxwood/AmericanBoxwood_RT.spt: License Error: [Key expired on September 01, 2011]
04/20/2016 - 20:44:45 : Error loading tree: speedtree/shrubs_flowers/boston_fern/BostonFern_RT.spt: License Error: [Key expired on September 01, 2011]
04/20/2016 - 20:44:45 : Error loading tree: speedtree/shrubs_flowers/cinnamon_fern/CinnamonFern_RT.spt: License Error: [Key expired on September 01, 2011]
04/20/2016 - 20:44:45 : Error loading tree: speedtree/shrubs_flowers/boston_fern/BostonFern_RT.spt: License Error: [Key expired on September 01, 2011]
04/20/2016 - 20:44:45 : Error loading tree: speedtree/shrubs_flowers/boston_fern/BostonFern_RT.spt: License Error: [Key expired on September 01, 2011]
04/20/2016 - 20:44:45 : Error loading tree: speedtree/shrubs_flowers/american_boxwood/AmericanBoxwood_RT.spt: License Error: [Key expired on September 01, 2011]
04/20/2016 - 20:44:45 : Error loading tree: speedtree/Conifers/douglas_fir_full/DouglasFir_RT_Full.spt: License Error: [Key expired on September 01, 2011]
04/20/2016 - 20:44:45 : Error loading tree: speedtree/Conifers/douglas_fir/DouglasFir_RT.spt: License Error: [Key expired on September 01, 2011]
04/20/2016 - 20:44:45 : Error loading tree: speedtree/shrubs_flowers/boston_fern/BostonFern_RT.spt: License Error: [Key expired on September 01, 2011]
04/20/2016 - 20:44:45 : Error loading tree: speedtree/shrubs_flowers/american_boxwood/AmericanBoxwood_RT.spt: License Error: [Key expired on September 01, 2011]
04/20/2016 - 20:44:45 : Error loading tree: speedtree/shrubs_flowers/boston_fern/BostonFern_RT.spt: License Error: [Key expired on September 01, 2011]
04/20/2016 - 20:44:45 : Error loading tree: speedtree/shrubs_flowers/cinnamon_fern/CinnamonFern_RT.spt: License Error: [Key expired on September 01, 2011]
04/20/2016 - 20:44:45 : Error loading tree: speedtree/shrubs_flowers/american_boxwood/AmericanBoxwood_RT.spt: License Error: [Key expired on September 01, 2011]
04/20/2016 - 20:44:45 : Error loading tree: speedtree/shrubs_flowers/american_boxwood/AmericanBoxwood_RT.spt: License Error: [Key expired on September 01, 2011]
04/20/2016 - 20:44:45 : Error loading tree: speedtree/shrubs_flowers/boston_fern/BostonFern_RT.spt: License Error: [Key expired on September 01, 2011]
04/20/2016 - 20:44:45 : Error loading tree: speedtree/shrubs_flowers/boston_fern/BostonFern_RT.spt: License Error: [Key expired on September 01, 2011]
04/20/2016 - 20:44:45 : Error loading tree: speedtree/Conifers/italian_cypress/ItalianCypress_RT.spt: License Error: [Key expired on September 01, 2011]
04/20/2016 - 20:44:45 : Error loading tree: speedtree/Conifers/douglas_fir_full/DouglasFir_RT_Full.spt: License Error: [Key expired on September 01, 2011]
04/20/2016 - 20:44:46 : Error loading tree: speedtree/Conifers/giant_redwood/GiantRedwood_small_rt.spt: License Error: [Key expired on September 01, 2011]
04/20/2016 - 20:44:46 : Error loading tree: speedtree/Conifers/giant_redwood/GiantRedwood_small_rt.spt: License Error: [Key expired on September 01, 2011]
04/20/2016 - 20:44:46 : Chunk::load: Failed to load chunk 0002fffeo: Failed to load tree speedtree/Conifers/douglas_fir_full/DouglasFir_RT_Full.spt, Failed to load tree speedtree/Conifers/douglas_fir_full/DouglasFir_RT_Full.spt, Failed to load tree speedtree/Conifers/italian_cypress/ItalianCypress_RT.spt, Failed to load tree speedtree/Conifers/italian_cypress/ItalianCypress_RT.spt, Failed to load tree speedtree/Conifers/italian_cypress/ItalianCypress_RT.spt, Failed to load tree speedtree/Conifers/douglas_fir/DouglasFir_RT.spt, Failed to load tree speedtree/Conifers/douglas_fir_full/DouglasFir_RT_Full.spt, Failed to load tree speedtree/Conifers/douglas_fir_full/DouglasFir_RT_Full.spt, Failed to load tree speedtree/Conifers/douglas_fir_full/DouglasFir_RT_Full.spt, Failed to load tree speedtree/Conifers/douglas_fir/DouglasFir_RT.spt, Failed to load tree speedtree/Conifers/douglas_fir/DouglasFir_RT.spt, Failed to load tree speedtree/Conifers/douglas_fir_full/DouglasFir_RT_Full.spt, Failed to load tree speedtree/Conifers/douglas_fir_full/DouglasFir_RT_Full.spt, Failed to load tree speedtree/shrubs_flowers/american_boxwood/AmericanBoxwood_RT.spt, Failed to load tree speedtree/shrubs_flowers/american_boxwood/AmericanBoxwood_RT.spt, Failed to load tree speedtree/shrubs_flowers/american_boxwood/AmericanBoxwood_RT.spt, Failed to load tree speedtree/shrubs_flowers/american_boxwood/AmericanBoxwood_RT.spt, Failed to load tree speedtree/shrubs_flowers/american_boxwood/AmericanBoxwood_RT.spt, Failed to load tree speedtree/shrubs_flowers/american_boxwood/AmericanBoxwood_RT.spt, Failed to load tree speedtree/shrubs_flowers/american_boxwood/AmericanBoxwood_RT.spt, Failed to load tree speedtree/shrubs_flowers/american_boxwood/AmericanBoxwood_RT.spt, Failed to load tree speedtree/shrubs_flowers/american_boxwood/AmericanBoxwood_RT.spt, Failed to load tree speedtree/shrubs_flowers/american_boxwood/AmericanBoxwood_RT.spt, Failed to load tree speedtree/shrubs_flowers/american_boxwood/AmericanBoxwood_RT.spt, Failed to load tree speedtree/shrubs_flowers/american_boxwood/AmericanBoxwood_RT.spt, Failed to load tree speedtree/shrubs_flowers/american_boxwood/AmericanBoxwood_RT.spt, Failed to load tree speedtree/shrubs_flowers/american_boxwood/AmericanBoxwood_RT.spt, Failed to load tree speedtree/shrubs_flowers/american_boxwood/AmericanBoxwood_RT.spt, Failed to load tree speedtree/shrubs_flowers/boston_fern/BostonFern_RT.spt, Failed to load tree speedtree/shrubs_flowers/boston_fern/BostonFern_RT.spt, Failed to load tree speedtree/shrubs_flowers/boston_fern/BostonFern_RT.spt, Failed to load tree speedtree/shrubs_flowers/boston_fern/BostonFern_RT.spt, Failed to load tree speedtree/Conifers/douglas_fir_full/DouglasFir_RT_Full.spt, Failed to load tree speedtree/shrubs_flowers/cinnamon_fern/CinnamonFern_RT.spt, Failed to load tree speedtree/shrubs_flowers/cinnamon_fern/CinnamonFern_RT.spt, Failed to load tree speedtree/shrubs_flowers/cinnamon_fern/CinnamonFern_RT.spt, Failed to load tree speedtree/shrubs_flowers/cinnamon_fern/CinnamonFern_RT.spt, Failed to load tree speedtree/shrubs_flowers/cinnamon_fern/CinnamonFern_RT.spt, Failed to load tree speedtree/shrubs_flowers/cinnamon_fern/CinnamonFern_RT.spt, Failed to load tree speedtree/shrubs_flowers/cinnamon_fern/CinnamonFern_RT.spt, Failed to load tree speedtree/Conifers/douglas_fir_full/DouglasFir_RT_Full.spt, Failed to load tree speedtree/Conifers/douglas_fir_full/DouglasFir_RT_Full.spt, Failed to load tree speedtree/Conifers/douglas_fir/DouglasFir_RT.spt, Failed to load tree speedtree/Conifers/italian_stonepine/ItalianStonePine_RT_1.spt, Failed to load tree speedtree/Conifers/giant_redwood/GiantRedwood_small_rt.spt, Failed to load tree speedtree/Conifers/douglas_fir_full/DouglasFir_RT_Full.spt, Failed to load tree speedtree/Conifers/douglas_fir/DouglasFir_RT.spt, Failed to load tree speedtree/Conifers/italian_cypress/ItalianCypress_RT.spt, Failed to load tree speedtree/shrubs_flowers/boston_fern/BostonFern_RT.spt, Failed to load tree speedtree/shrubs_flowers/boston_fern/BostonFern_RT.spt, Failed to load tree speedtree/shrubs_flowers/boston_fern/BostonFern_RT.spt, Failed to load tree speedtree/shrubs_flowers/boston_fern/BostonFern_RT.spt, Failed to load tree speedtree/shrubs_flowers/cinnamon_fern/CinnamonFern_RT.spt, Failed to load tree speedtree/shrubs_flowers/cinnamon_fern/CinnamonFern_RT.spt, Failed to load tree speedtree/shrubs_flowers/cinnamon_fern/CinnamonFern_RT.spt, Failed to load tree speedtree/shrubs_flowers/cinnamon_fern/CinnamonFern_RT.spt, Failed to load tree speedtree/shrubs_flowers/cinnamon_fern/CinnamonFern_RT.spt, Failed to load tree speedtree/shrubs_flowers/cinnamon_fern/CinnamonFern_RT.spt, Failed to load tree speedtree/shrubs_flowers/cinnamon_fern/CinnamonFern_RT.spt, Failed to load tree speedtree/shrubs_flowers/american_boxwood/AmericanBoxwood_RT.spt, Failed to load tree speedtree/shrubs_flowers/american_boxwood/AmericanBoxwood_RT.spt, Failed to load tree speedtree/shrubs_flowers/american_boxwood/AmericanBoxwood_RT.spt, Failed to load tree speedtree/shrubs_flowers/american_boxwood/AmericanBoxwood_RT.spt, Failed to load tree speedtree/shrubs_flowers/american_boxwood/AmericanBoxwood_RT.spt, Failed to load tree speedtree/shrubs_flowers/american_boxwood/AmericanBoxwood_RT.spt, Failed to load tree speedtree/shrubs_flowers/american_boxwood/AmericanBoxwood_RT.spt, Failed to load tree speedtree/shrubs_flowers/american_boxwood/AmericanBoxwood_RT.spt, Failed to load tree speedtree/shrubs_flowers/american_boxwood/AmericanBoxwood_RT.spt, Failed to load tree speedtree/shrubs_flowers/american_boxwood/AmericanBoxwood_RT.spt, Failed to load tree speedtree/shrubs_flowers/american_boxwood/AmericanBoxwood_RT.spt, Failed to load tree speedtree/Broadleaves/american_elm_noleaves/AmericanElm_RT_noleaves.spt, Failed to load tree speedtree/Broadleaves/american_elm_noleaves/AmericanElm_RT_noleaves.spt, Failed to load tree speedtree/shrubs_flowers/american_boxwood/AmericanBoxwood_RT.spt, Failed to load tree speedtree/shrubs_flowers/cinnamon_fern/CinnamonFern_RT.spt, Failed to load tree speedtree/shrubs_flowers/american_boxwood/AmericanBoxwood_RT.spt, Failed to load tree speedtree/shrubs_flowers/cinnamon_fern/CinnamonFern_RT.spt, Failed to load tree speedtree/shrubs_flowers/cinnamon_fern/CinnamonFern_RT.spt, Failed to load tree speedtree/shrubs_flowers/american_boxwood/AmericanBoxwood_RT.spt, Failed to load tree speedtree/shrubs_flowers/cinnamon_fern/CinnamonFern_RT.spt, Failed to load tree speedtree/shrubs_flowers/american_boxwood/AmericanBoxwood_RT.spt, Failed to load tree speedtree/shrubs_flowers/american_boxwood/AmericanBoxwood_RT.spt, Failed to load tree speedtree/Conifers/douglas_fir/DouglasFir_RT.spt, Failed to load tree speedtree/Conifers/douglas_fir/DouglasFir_RT.spt, Failed to load tree speedtree/shrubs_flowers/american_boxwood/AmericanBoxwood_RT.spt, Failed to load tree speedtree/Conifers/douglas_fir/DouglasFir_RT.spt, Failed to load tree speedtree/Conifers/italian_cypress/ItalianCypress_RT.spt, Failed to load tree speedtree/Conifers/douglas_fir/DouglasFir_RT.spt, Failed to load tree speedtree/shrubs_flowers/american_boxwood/AmericanBoxwood_RT.spt, Failed to load tree speedtree/shrubs_flowers/american_boxwood/AmericanBoxwood_RT.spt, Failed to load tree speedtree/shrubs_flowers/cinnamon_fern/CinnamonFern_RT.spt, Failed to load tree speedtree/Conifers/douglas_fir/DouglasFir_RT.spt, Failed to load tree speedtree/Conifers/douglas_fir_full/DouglasFir_RT_Full.spt, Failed to load tree speedtree/Conifers/douglas_fir_full/DouglasFir_RT_Full.spt, Failed to load tree speedtree/shrubs_flowers/cinnamon_fern/CinnamonFern_RT.spt, Failed to load tree speedtree/Conifers/douglas_fir/DouglasFir_RT.spt, Failed to load tree speedtree/Conifers/douglas_fir/DouglasFir_RT.spt, Failed to load tree speedtree/Conifers/douglas_fir/DouglasFir_RT.spt, Failed to load tree speedtree/shrubs_flowers/american_boxwood/AmericanBoxwood_RT.spt, Failed to load tree speedtree/shrubs_flowers/american_boxwood/AmericanBoxwood_RT.spt, Failed to load tree speedtree/shrubs_flowers/cinnamon_fern/CinnamonFern_RT.spt, Failed to load tree speedtree/shrubs_flowers/boston_fern/BostonFern_RT.spt, Failed to load tree speedtree/shrubs_flowers/american_boxwood/AmericanBoxwood_RT.spt, Failed to load tree speedtree/shrubs_flowers/american_boxwood/AmericanBoxwood_RT.spt, Failed to load tree speedtree/Conifers/italian_cypress/ItalianCypress_RT.spt, Failed to load tree speedtree/shrubs_flowers/american_boxwood/AmericanBoxwood_RT.spt, Failed to load tree speedtree/Conifers/italian_stonepine/ItalianStonePine_RT_1.spt, Failed to load tree speedtree/shrubs_flowers/boston_fern/BostonFern_RT.spt, Failed to load tree speedtree/shrubs_flowers/american_boxwood/AmericanBoxwood_RT.spt, Failed to load tree speedtree/shrubs_flowers/boston_fern/BostonFern_RT.spt, Failed to load tree speedtree/shrubs_flowers/boston_fern/BostonFern_RT.spt, Failed to load tree speedtree/shrubs_flowers/american_boxwood/AmericanBoxwood_RT.spt, Failed to load tree speedtree/Conifers/italian_cypress/ItalianCypress_RT.spt, Failed to load tree speedtree/shrubs_flowers/cinnamon_fern/CinnamonFern_RT.spt, Failed to load tree speedtree/shrubs_flowers/boston_fern/BostonFern_RT.spt, Failed to load tree speedtree/Conifers/douglas_fir_full/DouglasFir_RT_Full.spt, Failed to load tree speedtree/shrubs_flowers/cinnamon_fern/CinnamonFern_RT.spt, Failed to load tree speedtree/shrubs_flowers/cinnamon_fern/CinnamonFern_RT.spt, Failed to load tree speedtree/shrubs_flowers/cinnamon_fern/CinnamonFern_RT.spt, Failed to load tree speedtree/shrubs_flowers/american_boxwood/AmericanBoxwood_RT.spt, Failed to load tree speedtree/Conifers/douglas_fir_full/DouglasFir_RT_Full.spt, Failed to load tree speedtree/shrubs_flowers/boston_fern/BostonFern_RT.spt, Failed to load tree speedtree/shrubs_flowers/american_boxwood/AmericanBoxwood_RT.spt, Failed to load tree speedtree/shrubs_flowers/boston_fern/BostonFern_RT.spt, Failed to load tree speedtree/shrubs_flowers/cinnamon_fern/CinnamonFern_RT.spt, Failed to load tree speedtree/shrubs_flowers/boston_fern/BostonFern_RT.spt, Failed to load tree speedtree/shrubs_flowers/boston_fern/BostonFern_RT.spt, Failed to load tree speedtree/shru04/20/2016 - 20:44:46 : Error loading tree: speedtree/Broadleaves/umprellathorn/UmbrellaThorn_RT.spt: License Error: [Key expired on September 01, 2011]
04/20/2016 - 20:44:46 : Error loading tree: speedtree/Conifers/monterey_cypress/MontereyCypress_RT.spt: License Error: [Key expired on September 01, 2011]
04/20/2016 - 20:44:46 : Error loading tree: speedtree/Conifers/italian_stonepine/ItalianStonePine_RT_1.spt: License Error: [Key expired on September 01, 2011]
04/20/2016 - 20:44:46 : Error loading tree: speedtree/Broadleaves/umprellathorn/UmbrellaThorn_RT.spt: License Error: [Key expired on September 01, 2011]
04/20/2016 - 20:44:46 : Error loading tree: speedtree/Conifers/monterey_cypress/MontereyCypress_RT.spt: License Error: [Key expired on September 01, 2011]
04/20/2016 - 20:44:46 : Error loading tree: speedtree/Conifers/monterey_cypress/MontereyCypress_RT.spt: License Error: [Key expired on September 01, 2011]
04/20/2016 - 20:44:46 : Error loading tree: speedtree/Broadleaves/umprellathorn/UmbrellaThorn_RT.spt: License Error: [Key expired on September 01, 2011]
04/20/2016 - 20:44:46 : Error loading tree: speedtree/Conifers/monterey_cypress/MontereyCypress_RT.spt: License Error: [Key expired on September 01, 2011]
04/20/2016 - 20:44:46 : Error loading tree: speedtree/Conifers/monterey_cypress/MontereyCypress_RT.spt: License Error: [Key expired on September 01, 2011]
04/20/2016 - 20:44:46 : Error loading tree: speedtree/Conifers/monterey_cypress/MontereyCypress_RT.spt: License Error: [Key expired on September 01, 2011]
04/20/2016 - 20:44:46 : Error loading tree: speedtree/Conifers/monterey_cypress/MontereyCypress_RT.spt: License Error: [Key expired on September 01, 2011]
04/20/2016 - 20:44:46 : Error loading tree: speedtree/Conifers/monterey_cypress/MontereyCypress_RT.spt: License Error: [Key expired on September 01, 2011]
04/20/2016 - 20:44:46 : Error loading tree: speedtree/Conifers/monterey_cypress/MontereyCypress_RT.spt: License Error: [Key expired on September 01, 2011]
04/20/2016 - 20:44:46 : Error loading tree: speedtree/Broadleaves/umprellathorn/UmbrellaThorn_RT.spt: License Error: [Key expired on September 01, 2011]
04/20/2016 - 20:44:46 : Error loading tree: speedtree/Conifers/monterey_cypress/MontereyCypress_RT.spt: License Error: [Key expired on September 01, 2011]
04/20/2016 - 20:44:46 : Error loading tree: speedtree/shrubs_flowers/american_boxwood/AmericanBoxwood_RT.spt: License Error: [Key expired on September 01, 2011]
04/20/2016 - 20:44:46 : Error loading tree: speedtree/Conifers/monterey_cypress/MontereyCypress_RT.spt: License Error: [Key expired on September 01, 2011]
04/20/2016 - 20:44:46 : Error loading tree: speedtree/Conifers/monterey_cypress/MontereyCypress_RT.spt: License Error: [Key expired on September 01, 2011]
04/20/2016 - 20:44:46 : Error loading tree: speedtree/Conifers/monterey_cypress/MontereyCypress_RT.spt: License Error: [Key expired on September 01, 2011]
04/20/2016 - 20:44:46 : Error loading tree: speedtree/Conifers/monterey_cypress/MontereyCypress_RT.spt: License Error: [Key expired on September 01, 2011]
04/20/2016 - 20:44:46 : Error loading tree: speedtree/Conifers/monterey_cypress/MontereyCypress_RT.spt: License Error: [Key expired on September 01, 2011]
04/20/2016 - 20:44:46 : Error loading tree: speedtree/Conifers/monterey_cypress/MontereyCypress_RT.spt: License Error: [Key expired on September 01, 2011]
04/20/2016 - 20:44:46 : Error loading tree: speedtree/Broadleaves/umprellathorn/UmbrellaThorn_RT.spt: License Error: [Key expired on September 01, 2011]
04/20/2016 - 20:44:46 : Error loading tree: speedtree/Conifers/monterey_cypress/MontereyCypress_RT.spt: License Error: [Key expired on September 01, 2011]
04/20/2016 - 20:44:46 : Error loading tree: speedtree/Conifers/monterey_cypress/MontereyCypress_RT.spt: License Error: [Key expired on September 01, 2011]
04/20/2016 - 20:44:46 : Error loading tree: speedtree/shrubs_flowers/american_boxwood/AmericanBoxwood_RT.spt: License Error: [Key expired on September 01, 2011]
04/20/2016 - 20:44:46 : Error loading tree: speedtree/Conifers/monterey_cypress/MontereyCypress_RT.spt: License Error: [Key expired on September 01, 2011]
04/20/2016 - 20:44:46 : Error loading tree: speedtree/Broadleaves/umprellathorn/UmbrellaThorn_RT.spt: License Error: [Key expired on September 01, 2011]
04/20/2016 - 20:44:46 : Chunk::load: Failed to load chunk 00030000o: Failed to load tree speedtree/Broadleaves/umprellathorn/UmbrellaThorn_RT.spt, Failed to load tree speedtree/Conifers/monterey_cypress/MontereyCypress_RT.spt, Failed to load tree speedtree/Conifers/italian_stonepine/ItalianStonePine_RT_1.spt, Failed to load tree speedtree/Broadleaves/umprellathorn/UmbrellaThorn_RT.spt, Failed to load tree speedtree/Conifers/monterey_cypress/MontereyCypress_RT.spt, Failed to load tree speedtree/Conifers/monterey_cypress/MontereyCypress_RT.spt, Failed to load tree speedtree/Broadleaves/umprellathorn/UmbrellaThorn_RT.spt, Failed to load tree speedtree/Conifers/monterey_cypress/MontereyCypress_RT.spt, Failed to load tree speedtree/Conifers/monterey_cypress/MontereyCypress_RT.spt, Failed to load tree speedtree/Conifers/monterey_cypress/MontereyCypress_RT.spt, Failed to load tree speedtree/Conifers/monterey_cypress/MontereyCypress_RT.spt, Failed to load tree speedtree/Conifers/monterey_cypress/MontereyCypress_RT.spt, Failed to load tree speedtree/Conifers/monterey_cypress/MontereyCypress_RT.spt, Failed to load tree speedtree/Broadleaves/umprellathorn/UmbrellaThorn_RT.spt, Failed to load tree speedtree/Conifers/monterey_cypress/MontereyCypress_RT.spt, Failed to load tree speedtree/shrubs_flowers/american_boxwood/AmericanBoxwood_RT.spt, Failed to load tree speedtree/Conifers/monterey_cypress/MontereyCypress_RT.spt, Failed to load tree speedtree/Conifers/monterey_cypress/MontereyCypress_RT.spt, Failed to load tree speedtree/Conifers/monterey_cypress/MontereyCypress_RT.spt, Failed to load tree speedtree/Conifers/monterey_cypress/MontereyCypress_RT.spt, Failed to load tree speedtree/Conifers/monterey_cypress/MontereyCypress_RT.spt, Failed to load tree speedtree/Conifers/monterey_cypress/MontereyCypress_RT.spt, Failed to load tree speedtree/Broadleaves/umprellathorn/UmbrellaThorn_RT.spt, Failed to load tree speedtree/Conifers/monterey_cypress/MontereyCypress_RT.spt, Failed to load tree speedtree/Conifers/monterey_cypress/MontereyCypress_RT.spt, Failed to load tree speedtree/shrubs_flowers/american_boxwood/AmericanBoxwood_RT.spt, Failed to load tree speedtree/Conifers/monterey_cypress/MontereyCypress_RT.spt, Failed to load tree speedtree/Broadleaves/umprellathorn/UmbrellaThorn_RT.spt
04/20/2016 - 20:44:46 : Error loading tree: speedtree/Conifers/douglas_fir_full/DouglasFir_RT_Full.spt: License Error: [Key expired on September 01, 2011]
04/20/2016 - 20:44:46 : Chunk::load: Failed to load chunk 0002fffbo: Failed to load tree speedtree/Conifers/douglas_fir_full/DouglasFir_RT_Full.spt
04/20/2016 - 20:44:46 : Error loading tree: speedtree/Conifers/italian_cypress/ItalianCypress_RT.spt: License Error: [Key expired on September 01, 2011]
04/20/2016 - 20:44:46 : Error loading tree: speedtree/Conifers/italian_cypress/ItalianCypress_RT.spt: License Error: [Key expired on September 01, 2011]
04/20/2016 - 20:44:46 : Error loading tree: speedtree/Conifers/douglas_fir_full/DouglasFir_RT_Full.spt: License Error: [Key expired on September 01, 2011]
04/20/2016 - 20:44:46 : Error loading tree: speedtree/Conifers/douglas_fir_full/DouglasFir_RT_Full.spt: License Error: [Key expired on September 01, 2011]
04/20/2016 - 20:44:46 : Error loading tree: speedtree/Conifers/douglas_fir_full/DouglasFir_RT_Full.spt: License Error: [Key expired on September 01, 2011]
04/20/2016 - 20:44:46 : Error loading tree: speedtree/Conifers/douglas_fir_full/DouglasFir_RT_Full.spt: License Error: [Key expired on September 01, 2011]
04/20/2016 - 20:44:46 : Error loading tree: speedtree/Conifers/douglas_fir_full/DouglasFir_RT_Full.spt: License Error: [Key expired on September 01, 2011]
04/20/2016 - 20:44:46 : Error loading tree: speedtree/Conifers/douglas_fir_full/DouglasFir_RT_Full.spt: License Error: [Key expired on September 01, 2011]
04/20/2016 - 20:44:46 : Error loading tree: speedtree/Conifers/douglas_fir_full/DouglasFir_RT_Full.spt: License Error: [Key expired on September 01, 2011]
04/20/2016 - 20:44:46 : Error loading tree: speedtree/Conifers/douglas_fir/DouglasFir_RT.spt: License Error: [Key expired on September 01, 2011]
04/20/2016 - 20:44:46 : Error loading tree: speedtree/shrubs_flowers/american_boxwood/AmericanBoxwood_RT.spt: License Error: [Key expired on September 01, 2011]
04/20/2016 - 20:44:46 : Error loading tree: speedtree/shrubs_flowers/american_boxwood/AmericanBoxwood_RT.spt: License Error: [Key expired on September 01, 2011]
04/20/2016 - 20:44:46 : Error loading tree: speedtree/shrubs_flowers/american_boxwood/AmericanBoxwood_RT.spt: License Error: [Key expired on September 01, 2011]
04/20/2016 - 20:44:46 : Error loading tree: speedtree/shrubs_flowers/american_boxwood/AmericanBoxwood_RT.spt: License Error: [Key expired on September 01, 2011]
04/20/2016 - 20:44:46 : Error loading tree: speedtree/shrubs_flowers/american_boxwood/AmericanBoxwood_RT.spt: License Error: [Key expired on September 01, 2011]
04/20/2016 - 20:44:46 : Error loading tree: speedtree/shrubs_flowers/american_boxwood/AmericanBoxwood_RT.spt: License Error: [Key expired on September 01, 2011]
04/20/2016 - 20:44:46 : Error loading tree: speedtree/shrubs_flowers/boston_fern/BostonFern_RT.spt: License Error: [Key expired on September 01, 2011]
04/20/2016 - 20:44:46 : Error loading tree: speedtree/shrubs_flowers/boston_fern/BostonFern_RT.spt: License Error: [Key expired on September 01, 2011]
04/20/2016 - 20:44:46 : Error loading tree: speedtree/shrubs_flowers/boston_fern/BostonFern_RT.spt: License Error: [Key expired on September 01, 2011]
04/20/2016 - 20:44:46 : Error loading tree: speedtree/shrubs_flowers/boston_fern/BostonFern_RT.spt: License Error: [Key expired on September 01, 2011]
04/20/2016 - 20:44:46 : Error loading tree: speedtree/shrubs_flowers/cinnamon_fern/CinnamonFern_RT.spt: License Error: [Key expired on September 01, 2011]
04/20/2016 - 20:44:46 : Error loading tree: speedtree/shrubs_flowers/cinnamon_fern/CinnamonFern_RT.spt: License Error: [Key expired on September 01, 2011]
04/20/2016 - 20:44:46 : Error loading tree: speedtree/shrubs_flowers/cinnamon_fern/CinnamonFern_RT.spt: License Error: [Key expired on September 01, 2011]
04/20/2016 - 20:44:46 : Error loading tree: speedtree/shrubs_flowers/cinnamon_fern/CinnamonFern_RT.spt: License Error: [Key expired on September 01, 2011]
04/20/2016 - 20:44:46 : Error loading tree: speedtree/Conifers/italian_stonepine/ItalianStonePine_RT_1.spt: License Error: [Key expired on September 01, 2011]
04/20/2016 - 20:44:46 : Error loading tree: speedtree/Conifers/douglas_fir_full/DouglasFir_RT_Full.spt: License Error: [Key expired on September 01, 2011]
04/20/2016 - 20:44:47 : Error loading tree: speedtree/Conifers/douglas_fir_full/DouglasFir_RT_Full.spt: License Error: [Key expired on September 01, 2011]
04/20/2016 - 20:44:47 : Error loading tree: speedtree/shrubs_flowers/boston_fern/BostonFern_RT.spt: License Error: [Key expired on September 01, 2011]
04/20/2016 - 20:44:47 : Error loading tree: speedtree/shrubs_flowers/boston_fern/BostonFern_RT.spt: License Error: [Key expired on September 01, 2011]
04/20/2016 - 20:44:47 : Error loading tree: speedtree/shrubs_flowers/boston_fern/BostonFern_RT.spt: License Error: [Key expired on September 01, 2011]
04/20/2016 - 20:44:47 : Error loading tree: speedtree/shrubs_flowers/boston_fern/BostonFern_RT.spt: License Error: [Key expired on September 01, 2011]
04/20/2016 - 20:44:47 : Error loading tree: speedtree/shrubs_flowers/boston_fern/BostonFern_RT.spt: License Error: [Key expired on September 01, 2011]
04/20/2016 - 20:44:47 : Error loading tree: speedtree/shrubs_flowers/cinnamon_fern/CinnamonFern_RT.spt: License Error: [Key expired on September 01, 2011]
04/20/2016 - 20:44:47 : Error loading tree: speedtree/shrubs_flowers/cinnamon_fern/CinnamonFern_RT.spt: License Error: [Key expired on September 01, 2011]
04/20/2016 - 20:44:47 : Error loading tree: speedtree/shrubs_flowers/cinnamon_fern/CinnamonFern_RT.spt: License Error: [Key expired on September 01, 2011]
04/20/2016 - 20:44:47 : Error loading tree: speedtree/shrubs_flowers/cinnamon_fern/CinnamonFern_RT.spt: License Error: [Key expired on September 01, 2011]
04/20/2016 - 20:44:47 : Error loading tree: speedtree/shrubs_flowers/cinnamon_fern/CinnamonFern_RT.spt: License Error: [Key expired on September 01, 2011]
04/20/2016 - 20:44:47 : Error loading tree: speedtree/shrubs_flowers/cinnamon_fern/CinnamonFern_RT.spt: License Error: [Key expired on September 01, 2011]
04/20/2016 - 20:44:47 : Error loading tree: speedtree/shrubs_flowers/cinnamon_fern/CinnamonFern_RT.spt: License Error: [Key expired on September 01, 2011]
04/20/2016 - 20:44:47 : Error loading tree: speedtree/shrubs_flowers/american_boxwood/AmericanBoxwood_RT.spt: License Error: [Key expired on September 01, 2011]
04/20/2016 - 20:44:47 : Error loading tree: speedtree/shrubs_flowers/american_boxwood/AmericanBoxwood_RT.spt: License Error: [Key expired on September 01, 2011]
04/20/2016 - 20:44:47 : Error loading tree: speedtree/shrubs_flowers/american_boxwood/AmericanBoxwood_RT.spt: License Error: [Key expired on September 01, 2011]
04/20/2016 - 20:44:47 : Error loading tree: speedtree/Broadleaves/american_elm_noleaves/AmericanElm_RT_noleaves.spt: License Error: [Key expired on September 01, 2011]
04/20/2016 - 20:44:47 : Error loading tree: speedtree/Broadleaves/american_elm_noleaves/AmericanElm_RT_noleaves.spt: License Error: [Key expired on September 01, 2011]
04/20/2016 - 20:44:47 : Error loading tree: speedtree/Broadleaves/american_elm_noleaves/AmericanElm_RT_noleaves.spt: License Error: [Key expired on September 01, 2011]
04/20/2016 - 20:44:47 : Error loading tree: speedtree/Broadleaves/american_elm_noleaves/AmericanElm_RT_noleaves.spt: License Error: [Key expired on September 01, 2011]
04/20/2016 - 20:44:47 : Error loading tree: speedtree/Conifers/italian_cypress/ItalianCypress_RT.spt: License Error: [Key expired on September 01, 2011]
04/20/2016 - 20:44:47 : Error loading tree: speedtree/Conifers/italian_cypress/ItalianCypress_RT.spt: License Error: [Key expired on September 01, 2011]
04/20/2016 - 20:44:47 : Error loading tree: speedtree/Conifers/italian_cypress/ItalianCypress_RT.spt: License Error: [Key expired on September 01, 2011]
04/20/2016 - 20:44:47 : Error loading tree: speedtree/Conifers/italian_cypress/ItalianCypress_RT.spt: License Error: [Key expired on September 01, 2011]
04/20/2016 - 20:44:47 : Error loading tree: speedtree/Conifers/italian_cypress/ItalianCypress_RT.spt: License Error: [Key expired on September 01, 2011]
04/20/2016 - 20:44:47 : Error loading tree: speedtree/Conifers/italian_cypress/ItalianCypress_RT.spt: License Error: [Key expired on September 01, 2011]
04/20/2016 - 20:44:47 : Error loading tree: speedtree/Conifers/italian_cypress/ItalianCypress_RT.spt: License Error: [Key expired on September 01, 2011]
04/20/2016 - 20:44:47 : Error loading tree: speedtree/Conifers/italian_cypress/ItalianCypress_RT.spt: License Error: [Key expired on September 01, 2011]
04/20/2016 - 20:44:47 : Error loading tree: speedtree/Conifers/douglas_fir_full/DouglasFir_RT_Full.spt: License Error: [Key expired on September 01, 2011]
04/20/2016 - 20:44:47 : Error loading tree: speedtree/Conifers/douglas_fir_full/DouglasFir_RT_Full.spt: License Error: [Key expired on September 01, 2011]
04/20/2016 - 20:44:47 : Error loading tree: speedtree/Conifers/italian_cypress/ItalianCypress_RT.spt: License Error: [Key expired on September 01, 2011]
04/20/2016 - 20:44:47 : Error loading tree: speedtree/Conifers/douglas_fir_full/DouglasFir_RT_Full.spt: License Error: [Key expired on September 01, 2011]
04/20/2016 - 20:44:47 : Error loading tree: speedtree/Conifers/douglas_fir_full/DouglasFir_RT_Full.spt: License Error: [Key expired on September 01, 2011]
04/20/2016 - 20:44:47 : Error loading tree: speedtree/Conifers/douglas_fir_full/DouglasFir_RT_Full.spt: License Error: [Key expired on September 01, 2011]
04/20/2016 - 20:44:47 : Error loading tree: speedtree/Conifers/douglas_fir_full/DouglasFir_RT_Full.spt: License Error: [Key expired on September 01, 2011]
04/20/2016 - 20:44:47 : Error loading tree: speedtree/Conifers/italian_cypress/ItalianCypress_RT.spt: License Error: [Key expired on September 01, 2011]
04/20/2016 - 20:44:47 : Error loading tree: speedtree/Conifers/douglas_fir_full/DouglasFir_RT_Full.spt: License Error: [Key expired on September 01, 2011]
04/20/2016 - 20:44:47 : Error loading tree: speedtree/Conifers/douglas_fir_full/DouglasFir_RT_Full.spt: License Error: [Key expired on September 01, 2011]
04/20/2016 - 20:44:47 : Error loading tree: speedtree/Conifers/italian_cypress/ItalianCypress_RT.spt: License Error: [Key expired on September 01, 2011]
04/20/2016 - 20:44:47 : Error loading tree: speedtree/Conifers/douglas_fir_full/DouglasFir_RT_Full.spt: License Error: [Key expired on September 01, 2011]
04/20/2016 - 20:44:47 : Error loading tree: speedtree/Conifers/douglas_fir_full/DouglasFir_RT_Full.spt: License Error: [Key expired on September 01, 2011]
04/20/2016 - 20:44:47 : Error loading tree: speedtree/Conifers/italian_cypress/ItalianCypress_RT.spt: License Error: [Key expired on September 01, 2011]
04/20/2016 - 20:44:47 : Error loading tree: speedtree/Conifers/douglas_fir_full/DouglasFir_RT_Full.spt: License Error: [Key expired on September 01, 2011]
04/20/2016 - 20:44:47 : Error loading tree: speedtree/shrubs_flowers/american_boxwood/AmericanBoxwood_RT.spt: License Error: [Key expired on September 01, 2011]
04/20/2016 - 20:44:47 : Error loading tree: speedtree/shrubs_flowers/american_boxwood/AmericanBoxwood_RT.spt: License Error: [Key expired on September 01, 2011]
04/20/2016 - 20:44:47 : Error loading tree: speedtree/shrubs_flowers/american_boxwood/AmericanBoxwood_RT.spt: License Error: [Key expired on September 01, 2011]
04/20/2016 - 20:44:47 : Error loading tree: speedtree/shrubs_flowers/american_boxwood/AmericanBoxwood_RT.spt: License Error: [Key expired on September 01, 2011]
04/20/2016 - 20:44:47 : Error loading tree: speedtree/shrubs_flowers/american_boxwood/AmericanBoxwood_RT.spt: License Error: [Key expired on September 01, 2011]
04/20/2016 - 20:44:47 : Error loading tree: speedtree/shrubs_flowers/american_boxwood/AmericanBoxwood_RT.spt: License Error: [Key expired on September 01, 2011]
04/20/2016 - 20:44:47 : Error loading tree: speedtree/shrubs_flowers/american_boxwood/AmericanBoxwood_RT.spt: License Error: [Key expired on September 01, 2011]
04/20/2016 - 20:44:47 : Error loading tree: speedtree/shrubs_flowers/american_boxwood/AmericanBoxwood_RT.spt: License Error: [Key expired on September 01, 2011]
04/20/2016 - 20:44:47 : Error loading tree: speedtree/shrubs_flowers/american_boxwood/AmericanBoxwood_RT.spt: License Error: [Key expired on September 01, 2011]
04/20/2016 - 20:44:47 : Error loading tree: speedtree/shrubs_flowers/american_boxwood/AmericanBoxwood_RT.spt: License Error: [Key expired on September 01, 2011]
04/20/2016 - 20:44:47 : Error loading tree: speedtree/shrubs_flowers/american_boxwood/AmericanBoxwood_RT.spt: License Error: [Key expired on September 01, 2011]
04/20/2016 - 20:44:47 : Error loading tree: speedtree/shrubs_flowers/american_boxwood/AmericanBoxwood_RT.spt: License Error: [Key expired on September 01, 2011]
04/20/2016 - 20:44:47 : Error loading tree: speedtree/shrubs_flowers/american_boxwood/AmericanBoxwood_RT.spt: License Error: [Key expired on September 01, 2011]
04/20/2016 - 20:44:47 : Error loading tree: speedtree/shrubs_flowers/american_boxwood/AmericanBoxwood_RT.spt: License Error: [Key expired on September 01, 2011]
04/20/2016 - 20:44:47 : Error loading tree: speedtree/shrubs_flowers/american_boxwood/AmericanBoxwood_RT.spt: License Error: [Key expired on September 01, 2011]
04/20/2016 - 20:44:47 : Error loading tree: speedtree/shrubs_flowers/american_boxwood/AmericanBoxwood_RT.spt: License Error: [Key expired on September 01, 2011]
04/20/2016 - 20:44:47 : Error loading tree: speedtree/shrubs_flowers/american_boxwood/AmericanBoxwood_RT.spt: License Error: [Key expired on September 01, 2011]
04/20/2016 - 20:44:47 : Error loading tree: speedtree/shrubs_flowers/american_boxwood/AmericanBoxwood_RT.spt: License Error: [Key expired on September 01, 2011]
04/20/2016 - 20:44:47 : Error loading tree: speedtree/shrubs_flowers/american_boxwood/AmericanBoxwood_RT.spt: License Error: [Key expired on September 01, 2011]
04/20/2016 - 20:44:47 : Error loading tree: speedtree/shrubs_flowers/american_boxwood/AmericanBoxwood_RT.spt: License Error: [Key expired on September 01, 2011]
04/20/2016 - 20:44:47 : Error loading tree: speedtree/shrubs_flowers/american_boxwood/AmericanBoxwood_RT.spt: License Error: [Key expired on September 01, 2011]
04/20/2016 - 20:44:47 : Error loading tree: speedtree/shrubs_flowers/american_boxwood/AmericanBoxwood_RT.spt: License Error: [Key expired on September 01, 2011]
04/20/2016 - 20:44:47 : Error loading tree: speedtree/shrubs_flowers/american_boxwood/AmericanBoxwood_RT.spt: License Error: [Key expired on September 01, 2011]
04/20/2016 - 20:44:47 : Error loading tree: speedtree/shrubs_flowers/cinnamon_fern/CinnamonFern_RT.spt: License Error: [Key expired on September 01, 2011]
04/20/2016 - 20:44:47 : Error loading tree: speedtree/Conifers/italian_cypress/ItalianCypress_RT.spt: License Error: [Key expired on September 01, 2011]
04/20/2016 - 20:44:47 : Error loading tree: speedtree/shrubs_flowers/cinnamon_fern/CinnamonFern_RT.spt: License Error: [Key expired on September 01, 2011]
04/20/2016 - 20:44:47 : Error loading tree: speedtree/shrubs_flowers/cinnamon_fern/CinnamonFern_RT.spt: License Error: [Key expired on September 01, 2011]
04/20/2016 - 20:44:47 : Error loading tree: speedtree/shrubs_flowers/cinnamon_fern/CinnamonFern_RT.spt: License Error: [Key expired on September 01, 2011]
04/20/2016 - 20:44:47 : Error loading tree: speedtree/shrubs_flowers/cinnamon_fern/CinnamonFern_RT.spt: License Error: [Key expired on September 01, 2011]
04/20/2016 - 20:44:47 : Error loading tree: speedtree/shrubs_flowers/cinnamon_fern/CinnamonFern_RT.spt: License Error: [Key expired on September 01, 2011]
04/20/2016 - 20:44:47 : Error loading tree: speedtree/shrubs_flowers/cinnamon_fern/CinnamonFern_RT.spt: License Error: [Key expired on September 01, 2011]
04/20/2016 - 20:44:47 : Error loading tree: speedtree/shrubs_flowers/cinnamon_fern/CinnamonFern_RT.spt: License Error: [Key expired on September 01, 2011]
04/20/2016 - 20:44:47 : Error loading tree: speedtree/shrubs_flowers/cinnamon_fern/CinnamonFern_RT.spt: License Error: [Key expired on September 01, 2011]
04/20/2016 - 20:44:47 : Error loading tree: speedtree/shrubs_flowers/cinnamon_fern/CinnamonFern_RT.spt: License Error: [Key expired on September 01, 2011]
04/20/2016 - 20:44:47 : Error loading tree: speedtree/shrubs_flowers/cinnamon_fern/CinnamonFern_RT.spt: License Error: [Key expired on September 01, 2011]
04/20/2016 - 20:44:47 : Error loading tree: speedtree/shrubs_flowers/cinnamon_fern/CinnamonFern_RT.spt: License Error: [Key expired on September 01, 2011]
04/20/2016 - 20:44:47 : Error loading tree: speedtree/shrubs_flowers/cinnamon_fern/CinnamonFern_RT.spt: License Error: [Key expired on September 01, 2011]
04/20/2016 - 20:44:47 : Error loading tree: speedtree/Conifers/italian_stonepine/ItalianStonePine_RT_1.spt: License Error: [Key expired on September 01, 2011]
04/20/2016 - 20:44:47 : Error loading tree: speedtree/shrubs_flowers/american_boxwood/AmericanBoxwood_RT.spt: License Error: [Key expired on September 01, 2011]
04/20/2016 - 20:44:47 : Error loading tree: speedtree/shrubs_flowers/boston_fern/BostonFern_RT.spt: License Error: [Key expired on September 01, 2011]
04/20/2016 - 20:44:47 : Error loading tree: speedtree/shrubs_flowers/boston_fern/BostonFern_RT.spt: License Error: [Key expired on September 01, 2011]
04/20/2016 - 20:44:47 : Error loading tree: speedtree/Conifers/douglas_fir/DouglasFir_RT.spt: License Error: [Key expired on September 01, 2011]
04/20/2016 - 20:44:47 : Error loading tree: speedtree/shrubs_flowers/american_boxwood/AmericanBoxwood_RT.spt: License Error: [Key expired on September 01, 2011]
04/20/2016 - 20:44:47 : Error loading tree: speedtree/shrubs_flowers/american_boxwood/AmericanBoxwood_RT.spt: License Error: [Key expired on September 01, 2011]
04/20/2016 - 20:44:47 : Error loading tree: speedtree/shrubs_flowers/boston_fern/BostonFern_RT.spt: License Error: [Key expired on September 01, 2011]
04/20/2016 - 20:44:47 : Error loading tree: speedtree/shrubs_flowers/boston_fern/BostonFern_RT.spt: License Error: [Key expired on September 01, 2011]
04/20/2016 - 20:44:47 : Error loading tree: speedtree/Conifers/douglas_fir_full/DouglasFir_RT_Full.spt: License Error: [Key expired on September 01, 2011]
04/20/2016 - 20:44:47 : Error loading tree: speedtree/shrubs_flowers/american_boxwood/AmericanBoxwood_RT.spt: License Error: [Key expired on September 01, 2011]
04/20/2016 - 20:44:47 : Error loading tree: speedtree/Conifers/douglas_fir_full/DouglasFir_RT_Full.spt: License Error: [Key expired on September 01, 2011]
04/20/2016 - 20:44:47 : Error loading tree: speedtree/Conifers/douglas_fir_full/DouglasFir_RT_Full.spt: License Error: [Key expired on September 01, 2011]
04/20/2016 - 20:44:47 : Error loading tree: speedtree/shrubs_flowers/american_boxwood/AmericanBoxwood_RT.spt: License Error: [Key expired on September 01, 2011]
04/20/2016 - 20:44:47 : Error loading tree: speedtree/Conifers/douglas_fir_full/DouglasFir_RT_Full.spt: License Error: [Key expired on September 01, 2011]
04/20/2016 - 20:44:47 : Error loading tree: speedtree/shrubs_flowers/american_boxwood/AmericanBoxwood_RT.spt: License Error: [Key expired on September 01, 2011]
04/20/2016 - 20:44:47 : Error loading tree: speedtree/shrubs_flowers/american_boxwood/AmericanBoxwood_RT.spt: License Error: [Key expired on September 01, 2011]
04/20/2016 - 20:44:47 : Error loading tree: speedtree/shrubs_flowers/american_boxwood/AmericanBoxwood_RT.spt: License Error: [Key expired on September 01, 2011]
04/20/2016 - 20:44:47 : Error loading tree: speedtree/shrubs_flowers/boston_fern/BostonFern_RT.spt: License Error: [Key expired on September 01, 2011]
04/20/2016 - 20:44:47 : Error loading tree: speedtree/shrubs_flowers/cinnamon_fern/CinnamonFern_RT.spt: License Error: [Key expired on September 01, 2011]
04/20/2016 - 20:44:47 : Error loading tree: speedtree/Conifers/italian_cypress/ItalianCypress_RT.spt: License Error: [Key expired on September 01, 2011]
04/20/2016 - 20:44:47 : Error loading tree: speedtree/shrubs_flowers/american_boxwood/AmericanBoxwood_RT.spt: License Error: [Key expired on September 01, 2011]
04/20/2016 - 20:44:47 : Error loading tree: speedtree/shrubs_flowers/american_boxwood/AmericanBoxwood_RT.spt: License Error: [Key expired on September 01, 2011]
04/20/2016 - 20:44:47 : Error loading tree: speedtree/shrubs_flowers/cinnamon_fern/CinnamonFern_RT.spt: License Error: [Key expired on September 01, 2011]
04/20/2016 - 20:44:47 : Error loading tree: speedtree/shrubs_flowers/cinnamon_fern/CinnamonFern_RT.spt: License Error: [Key expired on September 01, 2011]
04/20/2016 - 20:44:47 : Error loading tree: speedtree/Conifers/douglas_fir_full/DouglasFir_RT_Full.spt: License Error: [Key expired on September 01, 2011]
04/20/2016 - 20:44:47 : Error loading tree: speedtree/shrubs_flowers/boston_fern/BostonFern_RT.spt: License Error: [Key expired on September 01, 2011]
04/20/2016 - 20:44:47 : Error loading tree: speedtree/shrubs_flowers/boston_fern/BostonFern_RT.spt: License Error: [Key expired on September 01, 2011]
04/20/2016 - 20:44:47 : Error loading tree: speedtree/shrubs_flowers/boston_fern/BostonFern_RT.spt: License Error: [Key expired on September 01, 2011]
04/20/2016 - 20:44:47 : Error loading tree: speedtree/shrubs_flowers/cinnamon_fern/CinnamonFern_RT.spt: License Error: [Key expired on September 01, 2011]
04/20/2016 - 20:44:47 : Error loading tree: speedtree/shrubs_flowers/cinnamon_fern/CinnamonFern_RT.spt: License Error: [Key expired on September 01, 2011]
04/20/2016 - 20:44:47 : Chunk::load: Failed to load chunk 0002ffffo: Failed to load tree speedtree/Conifers/italian_cypress/ItalianCypress_RT.spt, Failed to load tree speedtree/Conifers/italian_cypress/ItalianCypress_RT.spt, Failed to load tree speedtree/Conifers/douglas_fir_full/DouglasFir_RT_Full.spt, Failed to load tree speedtree/Conifers/douglas_fir_full/DouglasFir_RT_Full.spt, Failed to load tree speedtree/Conifers/douglas_fir_full/DouglasFir_RT_Full.spt, Failed to load tree speedtree/Conifers/douglas_fir_full/DouglasFir_RT_Full.spt, Failed to load tree speedtree/Conifers/douglas_fir_full/DouglasFir_RT_Full.spt, Failed to load tree speedtree/Conifers/douglas_fir_full/DouglasFir_RT_Full.spt, Failed to load tree speedtree/Conifers/douglas_fir_full/DouglasFir_RT_Full.spt, Failed to load tree speedtree/Conifers/douglas_fir/DouglasFir_RT.spt, Failed to load tree speedtree/shrubs_flowers/american_boxwood/AmericanBoxwood_RT.spt, Failed to load tree speedtree/shrubs_flowers/american_boxwood/AmericanBoxwood_RT.spt, Failed to load tree speedtree/shrubs_flowers/american_boxwood/AmericanBoxwood_RT.spt, Failed to load tree speedtree/shrubs_flowers/american_boxwood/AmericanBoxwood_RT.spt, Failed to load tree speedtree/shrubs_flowers/american_boxwood/AmericanBoxwood_RT.spt, Failed to load tree speedtree/shrubs_flowers/american_boxwood/AmericanBoxwood_RT.spt, Failed to load tree speedtree/shrubs_flowers/boston_fern/BostonFern_RT.spt, Failed to load tree speedtree/shrubs_flowers/boston_fern/BostonFern_RT.spt, Failed to load tree speedtree/shrubs_flowers/boston_fern/BostonFern_RT.spt, Failed to load tree speedtree/shrubs_flowers/boston_fern/BostonFern_RT.spt, Failed to load tree speedtree/shrubs_flowers/cinnamon_fern/CinnamonFern_RT.spt, Failed to load tree speedtree/shrubs_flowers/cinnamon_fern/CinnamonFern_RT.spt, Failed to load tree speedtree/shrubs_flowers/cinnamon_fern/CinnamonFern_RT.spt, Failed to load tree speedtree/shrubs_flowers/cinnamon_fern/CinnamonFern_RT.spt, Failed to load tree speedtree/Conifers/italian_stonepine/ItalianStonePine_RT_1.spt, Failed to load tree speedtree/Conifers/douglas_fir_full/DouglasFir_RT_Full.spt, Failed to load tree speedtree/Conifers/douglas_fir_full/DouglasFir_RT_Full.spt, Failed to load tree speedtree/shrubs_flowers/boston_fern/BostonFern_RT.spt, Failed to load tree speedtree/shrubs_flowers/boston_fern/BostonFern_RT.spt, Failed to load tree speedtree/shrubs_flowers/boston_fern/BostonFern_RT.spt, Failed to load tree speedtree/shrubs_flowers/boston_fern/BostonFern_RT.spt, Failed to load tree speedtree/shrubs_flowers/boston_fern/BostonFern_RT.spt, Failed to load tree speedtree/shrubs_flowers/cinnamon_fern/CinnamonFern_RT.spt, Failed to load tree speedtree/shrubs_flowers/cinnamon_fern/CinnamonFern_RT.spt, Failed to load tree speedtree/shrubs_flowers/cinnamon_fern/CinnamonFern_RT.spt, Failed to load tree speedtree/shrubs_flowers/cinnamon_fern/CinnamonFern_RT.spt, Failed to load tree speedtree/shrubs_flowers/cinnamon_fern/CinnamonFern_RT.spt, Failed to load tree speedtree/shrubs_flowers/cinnamon_fern/CinnamonFern_RT.spt, Failed to load tree speedtree/shrubs_flowers/cinnamon_fern/CinnamonFern_RT.spt, Failed to load tree speedtree/shrubs_flowers/american_boxwood/AmericanBoxwood_RT.spt, Failed to load tree speedtree/shrubs_flowers/american_boxwood/AmericanBoxwood_RT.spt, Failed to load tree speedtree/shrubs_flowers/american_boxwood/AmericanBoxwood_RT.spt, Failed to load tree speedtree/Broadleaves/american_elm_noleaves/AmericanElm_RT_noleaves.spt, Failed to load tree speedtree/Broadleaves/american_elm_noleaves/AmericanElm_RT_noleaves.spt, Failed to load tree speedtree/Broadleaves/american_elm_noleaves/AmericanElm_RT_noleaves.spt, Failed to load tree speedtree/Broadleaves/american_elm_noleaves/AmericanElm_RT_noleaves.spt, Failed to load tree speedtree/Conifers/italian_cypress/ItalianCypress_RT.spt, Failed to load tree speedtree/Conifers/italian_cypress/ItalianCypress_RT.spt, Failed to load tree speedtree/Conifers/italian_cypress/ItalianCypress_RT.spt, Failed to load tree speedtree/Conifers/italian_cypress/ItalianCypress_RT.spt, Failed to load tree speedtree/Conifers/italian_cypress/ItalianCypress_RT.spt, Failed to load tree speedtree/Conifers/italian_cypress/ItalianCypress_RT.spt, Failed to load tree speedtree/Conifers/italian_cypress/ItalianCypress_RT.spt, Failed to load tree speedtree/Conifers/italian_cypress/ItalianCypress_RT.spt, Failed to load tree speedtree/Conifers/douglas_fir_full/DouglasFir_RT_Full.spt, Failed to load tree speedtree/Conifers/douglas_fir_full/DouglasFir_RT_Full.spt, Failed to load tree speedtree/Conifers/italian_cypress/ItalianCypress_RT.spt, Failed to load tree speedtree/Conifers/douglas_fir_full/DouglasFir_RT_Full.spt, Failed to load tree speedtree/Conifers/douglas_fir_full/DouglasFir_RT_Full.spt, Failed to load tree speedtree/Conifers/douglas_fir_full/DouglasFir_RT_Full.spt, Failed to load tree speedtree/Conifers/douglas_fir_full/DouglasFir_RT_Full.spt, Failed to load tree speedtree/Conifers/italian_cypress/ItalianCypress_RT.spt, Failed to load tree speedtree/Conifers/douglas_fir_full/DouglasFir_RT_Full.spt, Failed to load tree speedtree/Conifers/douglas_fir_full/DouglasFir_RT_Full.spt, Failed to load tree speedtree/Conifers/italian_cypress/ItalianCypress_RT.spt, Failed to load tree speedtree/Conifers/douglas_fir_full/DouglasFir_RT_Full.spt, Failed to load tree speedtree/Conifers/douglas_fir_full/DouglasFir_RT_Full.spt, Failed to load tree speedtree/Conifers/italian_cypress/ItalianCypress_RT.spt, Failed to load tree speedtree/Conifers/douglas_fir_full/DouglasFir_RT_Full.spt, Failed to load tree speedtree/shrubs_flowers/american_boxwood/AmericanBoxwood_RT.spt, Failed to load tree speedtree/shrubs_flowers/american_boxwood/AmericanBoxwood_RT.spt, Failed to load tree speedtree/shrubs_flowers/american_boxwood/AmericanBoxwood_RT.spt, Failed to load tree speedtree/shrubs_flowers/american_boxwood/AmericanBoxwood_RT.spt, Failed to load tree speedtree/shrubs_flowers/american_boxwood/AmericanBoxwood_RT.spt, Failed to load tree speedtree/shrubs_flowers/american_boxwood/AmericanBoxwood_RT.spt, Failed to load tree speedtree/shrubs_flowers/american_boxwood/AmericanBoxwood_RT.spt, Failed to load tree speedtree/shrubs_flowers/american_boxwood/AmericanBoxwood_RT.spt, Failed to load tree speedtree/shrubs_flowers/american_boxwood/AmericanBoxwood_RT.spt, Failed to load tree speedtree/shrubs_flowers/american_boxwood/AmericanBoxwood_RT.spt, Failed to load tree speedtree/shrubs_flowers/american_boxwood/AmericanBoxwood_RT.spt, Failed to load tree speedtree/shrubs_flowers/american_boxwood/AmericanBoxwood_RT.spt, Failed to load tree speedtree/shrubs_flowers/american_boxwood/AmericanBoxwood_RT.spt, Failed to load tree speedtree/shrubs_flowers/american_boxwood/AmericanBoxwood_RT.spt, Failed to load tree speedtree/shrubs_flowers/american_boxwood/AmericanBoxwood_RT.spt, Failed to load tree speedtree/shrubs_flowers/american_boxwood/AmericanBoxwood_RT.spt, Failed to load tree speedtree/shrubs_flowers/american_boxwood/AmericanBoxwood_RT.spt, Failed to load tree speedtree/shrubs_flowers/american_boxwood/AmericanBoxwood_RT.spt, Failed to load tree speedtree/shrubs_flowers/american_boxwood/AmericanBoxwood_RT.spt, Failed to load tree speedtree/shrubs_flowers/american_boxwood/AmericanBoxwood_RT.spt, Failed to load tree speedtree/shrubs_flowers/american_boxwood/AmericanBoxwood_RT.spt, Failed to load tree speedtree/shrubs_flowers/american_boxwood/AmericanBoxwood_RT.spt, Failed to load tree speedtree/shrubs_flowers/american_boxwood/AmericanBoxwood_RT.spt, Failed to load tree speedtree/shrubs_flowers/cinnamon_fern/CinnamonFern_RT.spt, Failed to load tree speedtree/Conifers/italian_cypress/ItalianCypress_RT.spt, Failed to load tree speedtree/shrubs_flowers/cinnamon_fern/CinnamonFern_RT.spt, Failed to load tree speedtree/shrubs_flowers/cinnamon_fern/CinnamonFern_RT.spt, Failed to load tree speedtree/shrubs_flowers/cinnamon_fern/CinnamonFern_RT.spt, Failed to load tree speedtree/shrubs_flowers/cinnamon_fern/CinnamonFern_RT.spt, Failed to load tree speedtree/shrubs_flowers/cinnamon_fern/CinnamonFern_RT.spt, Failed to load tree speedtree/shrubs_flowers/cinnamon_fern/CinnamonFern_RT.spt, Failed to load tree speedtree/shrubs_flowers/cinnamon_fern/CinnamonFern_RT.spt, Failed to load tree speedtree/shrubs_flowers/cinnamon_fern/CinnamonFern_RT.spt, Failed to load tree speedtree/shrubs_flowers/cinnamon_fern/CinnamonFern_RT.spt, Failed to load tree speedtree/shrubs_flowers/cinnamon_fern/CinnamonFern_RT.spt, Failed to load tree speedtree/shrubs_flowers/cinnamon_fern/CinnamonFern_RT.spt, Failed to load tree speedtree/shrubs_flowers/cinnamon_fern/CinnamonFern_RT.spt, Failed to load tree speedtree/Conifers/italian_stonepine/ItalianStonePine_RT_1.spt, Failed to load tree speedtree/shrubs_flowers/american_boxwood/AmericanBoxwood_RT.spt, Failed to load tree speedtree/shrubs_flowers/boston_fern/BostonFern_RT.spt, Failed to load tree speedtree/shrubs_flowers/boston_fern/BostonFern_RT.spt, Failed to load tree speedtree/Conifers/douglas_fir/DouglasFir_RT.spt, Failed to load tree speedtree/shrubs_flowers/american_boxwood/AmericanBoxwood_RT.spt, Failed to load tree speedtree/shrubs_flowers/american_boxwood/AmericanBoxwood_RT.spt, Failed to load tree speedtree/shrubs_flowers/boston_fern/BostonFern_RT.spt, Failed to load tree speedtree/shrubs_flowers/boston_fern/BostonFern_RT.spt, Failed to load tree speedtree/Conifers/douglas_fir_full/DouglasFir_RT_Full.spt, Failed to load tree speedtree/shrubs_flowers/american_boxwood/AmericanBoxwood_RT.spt, Failed to load tree speedtree/Conifers/douglas_fir_full/DouglasFir_RT_Full.spt, Failed to load tree speedtree/Conifers/douglas_fir_full/DouglasFir_RT_Full.spt, Failed to load tree speedtree/shrubs_flowers/american_boxwood/AmericanBoxwood_RT.spt, Failed to load tree speedtree/Conifers/douglas_fir_full/DouglasFir_RT_Full.spt, Failed to load tree speedtree/shrubs_flowers/american_boxwood/AmericanBoxwood_RT.spt, Failed to load tree speedtree/shrubs_flowers/american_boxwood/AmericanBoxwood_RT.spt, Failed to load tree speedtree/shrubs_flowers/american_boxwood/AmericanBoxwood_RT.spt, Failed to load tree speedtree/shrubs_flowers/boston_fern/BostonFern_RT.spt, 04/20/2016 - 20:44:47 : Error loading tree: speedtree/Conifers/italian_stonepine/ItalianStonePine_RT_1.spt: License Error: [Key expired on September 01, 2011]
04/20/2016 - 20:44:47 : Chunk::load: Failed to load chunk 00040001o: Failed to load tree speedtree/Conifers/italian_stonepine/ItalianStonePine_RT_1.spt
04/20/2016 - 20:44:47 : Error loading tree: speedtree/Conifers/monterey_cypress/MontereyCypress_RT.spt: License Error: [Key expired on September 01, 2011]
04/20/2016 - 20:44:47 : Error loading tree: speedtree/Palms_Cacti_Cycads/joshua_tree/JoshuaTree_RT.spt: License Error: [Key expired on September 01, 2011]
04/20/2016 - 20:44:47 : Error loading tree: speedtree/shrubs_flowers/american_boxwood/AmericanBoxwood_RT.spt: License Error: [Key expired on September 01, 2011]
04/20/2016 - 20:44:47 : Error loading tree: speedtree/Broadleaves/umprellathorn/UmbrellaThorn_RT.spt: License Error: [Key expired on September 01, 2011]
04/20/2016 - 20:44:47 : Error loading tree: speedtree/Conifers/italian_stonepine/ItalianStonePine_RT_1.spt: License Error: [Key expired on September 01, 2011]
04/20/2016 - 20:44:47 : Error loading tree: speedtree/Broadleaves/umprellathorn/UmbrellaThorn_RT.spt: License Error: [Key expired on September 01, 2011]
04/20/2016 - 20:44:47 : Error loading tree: speedtree/Broadleaves/umprellathorn/UmbrellaThorn_RT.spt: License Error: [Key expired on September 01, 2011]
04/20/2016 - 20:44:47 : Error loading tree: speedtree/Conifers/monterey_cypress/MontereyCypress_RT.spt: License Error: [Key expired on September 01, 2011]
04/20/2016 - 20:44:47 : Error loading tree: speedtree/Conifers/monterey_cypress/MontereyCypress_RT.spt: License Error: [Key expired on September 01, 2011]
04/20/2016 - 20:44:47 : Error loading tree: speedtree/Conifers/monterey_cypress/MontereyCypress_RT.spt: License Error: [Key expired on September 01, 2011]
04/20/2016 - 20:44:47 : Chunk::load: Failed to load chunk 00030001o: Failed to load tree speedtree/Conifers/monterey_cypress/MontereyCypress_RT.spt, Failed to load tree speedtree/Palms_Cacti_Cycads/joshua_tree/JoshuaTree_RT.spt, Failed to load tree speedtree/shrubs_flowers/american_boxwood/AmericanBoxwood_RT.spt, Failed to load tree speedtree/Broadleaves/umprellathorn/UmbrellaThorn_RT.spt, Failed to load tree speedtree/Conifers/italian_stonepine/ItalianStonePine_RT_1.spt, Failed to load tree speedtree/Broadleaves/umprellathorn/UmbrellaThorn_RT.spt, Failed to load tree speedtree/Broadleaves/umprellathorn/UmbrellaThorn_RT.spt, Failed to load tree speedtree/Conifers/monterey_cypress/MontereyCypress_RT.spt, Failed to load tree speedtree/Conifers/monterey_cypress/MontereyCypress_RT.spt, Failed to load tree speedtree/Conifers/monterey_cypress/MontereyCypress_RT.spt
04/20/2016 - 20:44:47 : Error loading tree: speedtree/Conifers/douglas_fir_full/DouglasFir_RT_Full.spt: License Error: [Key expired on September 01, 2011]
04/20/2016 - 20:44:47 : Error loading tree: speedtree/Conifers/douglas_fir_full/DouglasFir_RT_Full.spt: License Error: [Key expired on September 01, 2011]
04/20/2016 - 20:44:47 : Error loading tree: speedtree/Conifers/douglas_fir_full/DouglasFir_RT_Full.spt: License Error: [Key expired on September 01, 2011]
04/20/2016 - 20:44:47 : Error loading tree: speedtree/Conifers/douglas_fir_full/DouglasFir_RT_Full.spt: License Error: [Key expired on September 01, 2011]
04/20/2016 - 20:44:47 : Error loading tree: speedtree/Conifers/douglas_fir/DouglasFir_RT.spt: License Error: [Key expired on September 01, 2011]
04/20/2016 - 20:44:47 : Error loading tree: speedtree/Conifers/douglas_fir/DouglasFir_RT.spt: License Error: [Key expired on September 01, 2011]
04/20/2016 - 20:44:47 : Error loading tree: speedtree/Conifers/douglas_fir_full/DouglasFir_RT_Full.spt: License Error: [Key expired on September 01, 2011]
04/20/2016 - 20:44:47 : Error loading tree: speedtree/Conifers/douglas_fir_full/DouglasFir_RT_Full.spt: License Error: [Key expired on September 01, 2011]
04/20/2016 - 20:44:47 : Chunk::load: Failed to load chunk 0002fffao: Failed to load tree speedtree/Conifers/douglas_fir_full/DouglasFir_RT_Full.spt, Failed to load tree speedtree/Conifers/douglas_fir_full/DouglasFir_RT_Full.spt, Failed to load tree speedtree/Conifers/douglas_fir_full/DouglasFir_RT_Full.spt, Failed to load tree speedtree/Conifers/douglas_fir_full/DouglasFir_RT_Full.spt, Failed to load tree speedtree/Conifers/douglas_fir/DouglasFir_RT.spt, Failed to load tree speedtree/Conifers/douglas_fir/DouglasFir_RT.spt, Failed to load tree speedtree/Conifers/douglas_fir_full/DouglasFir_RT_Full.spt, Failed to load tree speedtree/Conifers/douglas_fir_full/DouglasFir_RT_Full.spt
04/20/2016 - 20:44:47 : Error loading tree: speedtree/Conifers/monterey_cypress/MontereyCypress_RT.spt: License Error: [Key expired on September 01, 2011]
04/20/2016 - 20:44:47 : Error loading tree: speedtree/Conifers/monterey_cypress/MontereyCypress_RT.spt: License Error: [Key expired on September 01, 2011]
04/20/2016 - 20:44:47 : Error loading tree: speedtree/Conifers/monterey_cypress/MontereyCypress_RT.spt: License Error: [Key expired on September 01, 2011]
04/20/2016 - 20:44:47 : Error loading tree: speedtree/Conifers/monterey_cypress/MontereyCypress_RT.spt: License Error: [Key expired on September 01, 2011]
04/20/2016 - 20:44:47 : Chunk::load: Failed to load chunk 00020000o: Failed to load tree speedtree/Conifers/monterey_cypress/MontereyCypress_RT.spt, Failed to load tree speedtree/Conifers/monterey_cypress/MontereyCypress_RT.spt, Failed to load tree speedtree/Conifers/monterey_cypress/MontereyCypress_RT.spt, Failed to load tree speedtree/Conifers/monterey_cypress/MontereyCypress_RT.spt
04/20/2016 - 20:44:47 : Error loading tree: speedtree/Conifers/italian_stonepine/ItalianStonePine_RT_1.spt: License Error: [Key expired on September 01, 2011]
04/20/2016 - 20:44:47 : Error loading tree: speedtree/Conifers/italian_stonepine/ItalianStonePine_RT_1.spt: License Error: [Key expired on September 01, 2011]
04/20/2016 - 20:44:47 : Error loading tree: speedtree/Conifers/italian_cypress/ItalianCypress_RT.spt: License Error: [Key expired on September 01, 2011]
04/20/2016 - 20:44:48 : Error loading tree: speedtree/Conifers/italian_cypress/ItalianCypress_RT.spt: License Error: [Key expired on September 01, 2011]
04/20/2016 - 20:44:48 : Error loading tree: speedtree/Conifers/douglas_fir_full/DouglasFir_RT_Full.spt: License Error: [Key expired on September 01, 2011]
04/20/2016 - 20:44:48 : Error loading tree: speedtree/Conifers/italian_cypress/ItalianCypress_RT.spt: License Error: [Key expired on September 01, 2011]
04/20/2016 - 20:44:48 : Error loading tree: speedtree/Conifers/douglas_fir_full/DouglasFir_RT_Full.spt: License Error: [Key expired on September 01, 2011]
04/20/2016 - 20:44:48 : Error loading tree: speedtree/Conifers/italian_cypress/ItalianCypress_RT.spt: License Error: [Key expired on September 01, 2011]
04/20/2016 - 20:44:48 : Error loading tree: speedtree/Conifers/italian_cypress/ItalianCypress_RT.spt: License Error: [Key expired on September 01, 2011]
04/20/2016 - 20:44:48 : Error loading tree: speedtree/shrubs_flowers/boston_fern/BostonFern_RT.spt: License Error: [Key expired on September 01, 2011]
04/20/2016 - 20:44:48 : Error loading tree: speedtree/shrubs_flowers/boston_fern/BostonFern_RT.spt: License Error: [Key expired on September 01, 2011]
04/20/2016 - 20:44:48 : Error loading tree: speedtree/shrubs_flowers/boston_fern/BostonFern_RT.spt: License Error: [Key expired on September 01, 2011]
04/20/2016 - 20:44:48 : Error loading tree: speedtree/shrubs_flowers/boston_fern/BostonFern_RT.spt: License Error: [Key expired on September 01, 2011]
04/20/2016 - 20:44:48 : Error loading tree: speedtree/shrubs_flowers/boston_fern/BostonFern_RT.spt: License Error: [Key expired on September 01, 2011]
04/20/2016 - 20:44:48 : Error loading tree: speedtree/shrubs_flowers/boston_fern/BostonFern_RT.spt: License Error: [Key expired on September 01, 2011]
04/20/2016 - 20:44:48 : Error loading tree: speedtree/shrubs_flowers/boston_fern/BostonFern_RT.spt: License Error: [Key expired on September 01, 2011]
04/20/2016 - 20:44:48 : Error loading tree: speedtree/shrubs_flowers/boston_fern/BostonFern_RT.spt: License Error: [Key expired on September 01, 2011]
04/20/2016 - 20:44:48 : Error loading tree: speedtree/shrubs_flowers/boston_fern/BostonFern_RT.spt: License Error: [Key expired on September 01, 2011]
04/20/2016 - 20:44:48 : Error loading tree: speedtree/shrubs_flowers/boston_fern/BostonFern_RT.spt: License Error: [Key expired on September 01, 2011]
04/20/2016 - 20:44:48 : Error loading tree: speedtree/shrubs_flowers/boston_fern/BostonFern_RT.spt: License Error: [Key expired on September 01, 2011]
04/20/2016 - 20:44:48 : Error loading tree: speedtree/shrubs_flowers/cinnamon_fern/CinnamonFern_RT.spt: License Error: [Key expired on September 01, 2011]
04/20/2016 - 20:44:48 : Error loading tree: speedtree/shrubs_flowers/cinnamon_fern/CinnamonFern_RT.spt: License Error: [Key expired on September 01, 2011]
04/20/2016 - 20:44:48 : Error loading tree: speedtree/shrubs_flowers/cinnamon_fern/CinnamonFern_RT.spt: License Error: [Key expired on September 01, 2011]
04/20/2016 - 20:44:48 : Error loading tree: speedtree/shrubs_flowers/cinnamon_fern/CinnamonFern_RT.spt: License Error: [Key expired on September 01, 2011]
04/20/2016 - 20:44:48 : Error loading tree: speedtree/shrubs_flowers/cinnamon_fern/CinnamonFern_RT.spt: License Error: [Key expired on September 01, 2011]
04/20/2016 - 20:44:48 : Error loading tree: speedtree/shrubs_flowers/american_boxwood/AmericanBoxwood_RT.spt: License Error: [Key expired on September 01, 2011]
04/20/2016 - 20:44:48 : Error loading tree: speedtree/shrubs_flowers/american_boxwood/AmericanBoxwood_RT.spt: License Error: [Key expired on September 01, 2011]
04/20/2016 - 20:44:48 : Error loading tree: speedtree/shrubs_flowers/american_boxwood/AmericanBoxwood_RT.spt: License Error: [Key expired on September 01, 2011]
04/20/2016 - 20:44:48 : Error loading tree: speedtree/shrubs_flowers/american_boxwood/AmericanBoxwood_RT.spt: License Error: [Key expired on September 01, 2011]
04/20/2016 - 20:44:48 : Error loading tree: speedtree/shrubs_flowers/american_boxwood/AmericanBoxwood_RT.spt: License Error: [Key expired on September 01, 2011]
04/20/2016 - 20:44:48 : Error loading tree: speedtree/Conifers/italian_cypress/ItalianCypress_RT.spt: License Error: [Key expired on September 01, 2011]
04/20/2016 - 20:44:48 : Error loading tree: speedtree/Conifers/italian_cypress/ItalianCypress_RT.spt: License Error: [Key expired on September 01, 2011]
04/20/2016 - 20:44:48 : Error loading tree: speedtree/Conifers/douglas_fir_full/DouglasFir_RT_Full.spt: License Error: [Key expired on September 01, 2011]
04/20/2016 - 20:44:48 : Error loading tree: speedtree/Conifers/douglas_fir/DouglasFir_RT.spt: License Error: [Key expired on September 01, 2011]
04/20/2016 - 20:44:48 : Error loading tree: speedtree/Conifers/douglas_fir_full/DouglasFir_RT_Full.spt: License Error: [Key expired on September 01, 2011]
04/20/2016 - 20:44:48 : Error loading tree: speedtree/Conifers/douglas_fir/DouglasFir_RT.spt: License Error: [Key expired on September 01, 2011]
04/20/2016 - 20:44:48 : Error loading tree: speedtree/shrubs_flowers/american_boxwood/AmericanBoxwood_RT.spt: License Error: [Key expired on September 01, 2011]
04/20/2016 - 20:44:48 : Error loading tree: speedtree/Conifers/italian_stonepine/ItalianStonePine_RT_1.spt: License Error: [Key expired on September 01, 2011]
04/20/2016 - 20:44:48 : Error loading tree: speedtree/shrubs_flowers/american_boxwood/AmericanBoxwood_RT.spt: License Error: [Key expired on September 01, 2011]
04/20/2016 - 20:44:48 : Error loading tree: speedtree/shrubs_flowers/american_boxwood/AmericanBoxwood_RT.spt: License Error: [Key expired on September 01, 2011]
04/20/2016 - 20:44:48 : Error loading tree: speedtree/shrubs_flowers/american_boxwood/AmericanBoxwood_RT.spt: License Error: [Key expired on September 01, 2011]
04/20/2016 - 20:44:48 : Error loading tree: speedtree/Conifers/douglas_fir_full/DouglasFir_RT_Full.spt: License Error: [Key expired on September 01, 2011]
04/20/2016 - 20:44:48 : Error loading tree: speedtree/Conifers/douglas_fir/DouglasFir_RT.spt: License Error: [Key expired on September 01, 2011]
04/20/2016 - 20:44:48 : Error loading tree: speedtree/shrubs_flowers/cinnamon_fern/CinnamonFern_RT.spt: License Error: [Key expired on September 01, 2011]
04/20/2016 - 20:44:48 : Error loading tree: speedtree/shrubs_flowers/cinnamon_fern/CinnamonFern_RT.spt: License Error: [Key expired on September 01, 2011]
04/20/2016 - 20:44:48 : Error loading tree: speedtree/shrubs_flowers/cinnamon_fern/CinnamonFern_RT.spt: License Error: [Key expired on September 01, 2011]
04/20/2016 - 20:44:48 : Error loading tree: speedtree/shrubs_flowers/cinnamon_fern/CinnamonFern_RT.spt: License Error: [Key expired on September 01, 2011]
04/20/2016 - 20:44:48 : Error loading tree: speedtree/shrubs_flowers/cinnamon_fern/CinnamonFern_RT.spt: License Error: [Key expired on September 01, 2011]
04/20/2016 - 20:44:48 : Error loading tree: speedtree/shrubs_flowers/cinnamon_fern/CinnamonFern_RT.spt: License Error: [Key expired on September 01, 2011]
04/20/2016 - 20:44:48 : Error loading tree: speedtree/shrubs_flowers/cinnamon_fern/CinnamonFern_RT.spt: License Error: [Key expired on September 01, 2011]
04/20/2016 - 20:44:48 : Error loading tree: speedtree/shrubs_flowers/cinnamon_fern/CinnamonFern_RT.spt: License Error: [Key expired on September 01, 2011]
04/20/2016 - 20:44:48 : Error loading tree: speedtree/shrubs_flowers/cinnamon_fern/CinnamonFern_RT.spt: License Error: [Key expired on September 01, 2011]
04/20/2016 - 20:44:48 : Error loading tree: speedtree/shrubs_flowers/boston_fern/BostonFern_RT.spt: License Error: [Key expired on September 01, 2011]
04/20/2016 - 20:44:48 : Error loading tree: speedtree/shrubs_flowers/boston_fern/BostonFern_RT.spt: License Error: [Key expired on September 01, 2011]
04/20/2016 - 20:44:48 : Error loading tree: speedtree/shrubs_flowers/cinnamon_fern/CinnamonFern_RT.spt: License Error: [Key expired on September 01, 2011]
04/20/2016 - 20:44:48 : Error loading tree: speedtree/shrubs_flowers/boston_fern/BostonFern_RT.spt: License Error: [Key expired on September 01, 2011]
04/20/2016 - 20:44:48 : Error loading tree: speedtree/shrubs_flowers/boston_fern/BostonFern_RT.spt: License Error: [Key expired on September 01, 2011]
04/20/2016 - 20:44:48 : Error loading tree: speedtree/Conifers/douglas_fir_full/DouglasFir_RT_Full.spt: License Error: [Key expired on September 01, 2011]
04/20/2016 - 20:44:48 : Error loading tree: speedtree/Conifers/italian_cypress/ItalianCypress_RT.spt: License Error: [Key expired on September 01, 2011]
04/20/2016 - 20:44:48 : Error loading tree: speedtree/shrubs_flowers/boston_fern/BostonFern_RT.spt: License Error: [Key expired on September 01, 2011]
04/20/2016 - 20:44:48 : Error loading tree: speedtree/shrubs_flowers/boston_fern/BostonFern_RT.spt: License Error: [Key expired on September 01, 2011]
04/20/2016 - 20:44:48 : Error loading tree: speedtree/Conifers/italian_cypress/ItalianCypress_RT.spt: License Error: [Key expired on September 01, 2011]
04/20/2016 - 20:44:48 : Error loading tree: speedtree/shrubs_flowers/american_boxwood/AmericanBoxwood_RT.spt: License Error: [Key expired on September 01, 2011]
04/20/2016 - 20:44:48 : Error loading tree: speedtree/shrubs_flowers/american_boxwood/AmericanBoxwood_RT.spt: License Error: [Key expired on September 01, 2011]
04/20/2016 - 20:44:48 : Error loading tree: speedtree/Conifers/italian_cypress/ItalianCypress_RT.spt: License Error: [Key expired on September 01, 2011]
04/20/2016 - 20:44:48 : Error loading tree: speedtree/shrubs_flowers/american_boxwood/AmericanBoxwood_RT.spt: License Error: [Key expired on September 01, 2011]
04/20/2016 - 20:44:48 : Error loading tree: speedtree/shrubs_flowers/cinnamon_fern/CinnamonFern_RT.spt: License Error: [Key expired on September 01, 2011]
04/20/2016 - 20:44:48 : Error loading tree: speedtree/Conifers/douglas_fir_full/DouglasFir_RT_Full.spt: License Error: [Key expired on September 01, 2011]
04/20/2016 - 20:44:48 : Error loading tree: speedtree/shrubs_flowers/cinnamon_fern/CinnamonFern_RT.spt: License Error: [Key expired on September 01, 2011]
04/20/2016 - 20:44:48 : Error loading tree: speedtree/shrubs_flowers/cinnamon_fern/CinnamonFern_RT.spt: License Error: [Key expired on September 01, 2011]
04/20/2016 - 20:44:48 : Error loading tree: speedtree/shrubs_flowers/american_boxwood/AmericanBoxwood_RT.spt: License Error: [Key expired on September 01, 2011]
04/20/2016 - 20:44:48 : Error loading tree: speedtree/shrubs_flowers/american_boxwood/AmericanBoxwood_RT.spt: License Error: [Key expired on September 01, 2011]
04/20/2016 - 20:44:48 : Error loading tree: speedtree/Conifers/douglas_fir_full/DouglasFir_RT_Full.spt: License Error: [Key expired on September 01, 2011]
04/20/2016 - 20:44:48 : Error loading tree: speedtree/shrubs_flowers/boston_fern/BostonFern_RT.spt: License Error: [Key expired on September 01, 2011]
04/20/2016 - 20:44:48 : Error loading tree: speedtree/shrubs_flowers/boston_fern/BostonFern_RT.spt: License Error: [Key expired on September 01, 2011]
04/20/2016 - 20:44:48 : Error loading tree: speedtree/Conifers/italian_stonepine/ItalianStonePine_RT_1.spt: License Error: [Key expired on September 01, 2011]
04/20/2016 - 20:44:48 : Error loading tree: speedtree/shrubs_flowers/american_boxwood/AmericanBoxwood_RT.spt: License Error: [Key expired on September 01, 2011]
04/20/2016 - 20:44:48 : Error loading tree: speedtree/shrubs_flowers/cinnamon_fern/CinnamonFern_RT.spt: License Error: [Key expired on September 01, 2011]
04/20/2016 - 20:44:48 : Error loading tree: speedtree/shrubs_flowers/american_boxwood/AmericanBoxwood_RT.spt: License Error: [Key expired on September 01, 2011]
04/20/2016 - 20:44:48 : Error loading tree: speedtree/shrubs_flowers/boston_fern/BostonFern_RT.spt: License Error: [Key expired on September 01, 2011]
04/20/2016 - 20:44:48 : Error loading tree: speedtree/shrubs_flowers/cinnamon_fern/CinnamonFern_RT.spt: License Error: [Key expired on September 01, 2011]
04/20/2016 - 20:44:48 : Error loading tree: speedtree/shrubs_flowers/boston_fern/BostonFern_RT.spt: License Error: [Key expired on September 01, 2011]
04/20/2016 - 20:44:48 : Chunk::load: Failed to load chunk 0001fffeo: Failed to load tree speedtree/Conifers/italian_stonepine/ItalianStonePine_RT_1.spt, Failed to load tree speedtree/Conifers/italian_stonepine/ItalianStonePine_RT_1.spt, Failed to load tree speedtree/Conifers/italian_cypress/ItalianCypress_RT.spt, Failed to load tree speedtree/Conifers/italian_cypress/ItalianCypress_RT.spt, Failed to load tree speedtree/Conifers/douglas_fir_full/DouglasFir_RT_Full.spt, Failed to load tree speedtree/Conifers/italian_cypress/ItalianCypress_RT.spt, Failed to load tree speedtree/Conifers/douglas_fir_full/DouglasFir_RT_Full.spt, Failed to load tree speedtree/Conifers/italian_cypress/ItalianCypress_RT.spt, Failed to load tree speedtree/Conifers/italian_cypress/ItalianCypress_RT.spt, Failed to load tree speedtree/shrubs_flowers/boston_fern/BostonFern_RT.spt, Failed to load tree speedtree/shrubs_flowers/boston_fern/BostonFern_RT.spt, Failed to load tree speedtree/shrubs_flowers/boston_fern/BostonFern_RT.spt, Failed to load tree speedtree/shrubs_flowers/boston_fern/BostonFern_RT.spt, Failed to load tree speedtree/shrubs_flowers/boston_fern/BostonFern_RT.spt, Failed to load tree speedtree/shrubs_flowers/boston_fern/BostonFern_RT.spt, Failed to load tree speedtree/shrubs_flowers/boston_fern/BostonFern_RT.spt, Failed to load tree speedtree/shrubs_flowers/boston_fern/BostonFern_RT.spt, Failed to load tree speedtree/shrubs_flowers/boston_fern/BostonFern_RT.spt, Failed to load tree speedtree/shrubs_flowers/boston_fern/BostonFern_RT.spt, Failed to load tree speedtree/shrubs_flowers/boston_fern/BostonFern_RT.spt, Failed to load tree speedtree/shrubs_flowers/cinnamon_fern/CinnamonFern_RT.spt, Failed to load tree speedtree/shrubs_flowers/cinnamon_fern/CinnamonFern_RT.spt, Failed to load tree speedtree/shrubs_flowers/cinnamon_fern/CinnamonFern_RT.spt, Failed to load tree speedtree/shrubs_flowers/cinnamon_fern/CinnamonFern_RT.spt, Failed to load tree speedtree/shrubs_flowers/cinnamon_fern/CinnamonFern_RT.spt, Failed to load tree speedtree/shrubs_flowers/american_boxwood/AmericanBoxwood_RT.spt, Failed to load tree speedtree/shrubs_flowers/american_boxwood/AmericanBoxwood_RT.spt, Failed to load tree speedtree/shrubs_flowers/american_boxwood/AmericanBoxwood_RT.spt, Failed to load tree speedtree/shrubs_flowers/american_boxwood/AmericanBoxwood_RT.spt, Failed to load tree speedtree/shrubs_flowers/american_boxwood/AmericanBoxwood_RT.spt, Failed to load tree speedtree/Conifers/italian_cypress/ItalianCypress_RT.spt, Failed to load tree speedtree/Conifers/italian_cypress/ItalianCypress_RT.spt, Failed to load tree speedtree/Conifers/douglas_fir_full/DouglasFir_RT_Full.spt, Failed to load tree speedtree/Conifers/douglas_fir/DouglasFir_RT.spt, Failed to load tree speedtree/Conifers/douglas_fir_full/DouglasFir_RT_Full.spt, Failed to load tree speedtree/Conifers/douglas_fir/DouglasFir_RT.spt, Failed to load tree speedtree/shrubs_flowers/american_boxwood/AmericanBoxwood_RT.spt, Failed to load tree speedtree/Conifers/italian_stonepine/ItalianStonePine_RT_1.spt, Failed to load tree speedtree/shrubs_flowers/american_boxwood/AmericanBoxwood_RT.spt, Failed to load tree speedtree/shrubs_flowers/american_boxwood/AmericanBoxwood_RT.spt, Failed to load tree speedtree/shrubs_flowers/american_boxwood/AmericanBoxwood_RT.spt, Failed to load tree speedtree/Conifers/douglas_fir_full/DouglasFir_RT_Full.spt, Failed to load tree speedtree/Conifers/douglas_fir/DouglasFir_RT.spt, Failed to load tree speedtree/shrubs_flowers/cinnamon_fern/CinnamonFern_RT.spt, Failed to load tree speedtree/shrubs_flowers/cinnamon_fern/CinnamonFern_RT.spt, Failed to load tree speedtree/shrubs_flowers/cinnamon_fern/CinnamonFern_RT.spt, Failed to load tree speedtree/shrubs_flowers/cinnamon_fern/CinnamonFern_RT.spt, Failed to load tree speedtree/shrubs_flowers/cinnamon_fern/CinnamonFern_RT.spt, Failed to load tree speedtree/shrubs_flowers/cinnamon_fern/CinnamonFern_RT.spt, Failed to load tree speedtree/shrubs_flowers/cinnamon_fern/CinnamonFern_RT.spt, Failed to load tree speedtree/shrubs_flowers/cinnamon_fern/CinnamonFern_RT.spt, Failed to load tree speedtree/shrubs_flowers/cinnamon_fern/CinnamonFern_RT.spt, Failed to load tree speedtree/shrubs_flowers/boston_fern/BostonFern_RT.spt, Failed to load tree speedtree/shrubs_flowers/boston_fern/BostonFern_RT.spt, Failed to load tree speedtree/shrubs_flowers/cinnamon_fern/CinnamonFern_RT.spt, Failed to load tree speedtree/shrubs_flowers/boston_fern/BostonFern_RT.spt, Failed to load tree speedtree/shrubs_flowers/boston_fern/BostonFern_RT.spt, Failed to load tree speedtree/Conifers/douglas_fir_full/DouglasFir_RT_Full.spt, Failed to load tree speedtree/Conifers/italian_cypress/ItalianCypress_RT.spt, Failed to load tree speedtree/shrubs_flowers/boston_fern/BostonFern_RT.spt, Failed to load tree speedtree/shrubs_flowers/boston_fern/BostonFern_RT.spt, Failed to load tree speedtree/Conifers/italian_cypress/ItalianCypress_RT.spt, Failed to load tree speedtree/shrubs_flowers/american_boxwood/AmericanBoxwood_RT.spt, Failed to load tree speedtree/shrubs_flowers/american_boxwood/AmericanBoxwood_RT.spt, Failed to load tree speedtree/Conifers/italian_cypress/ItalianCypress_RT.spt, Failed to load tree speedtree/shrubs_flowers/american_boxwood/AmericanBoxwood_RT.spt, Failed to load tree speedtree/shrubs_flowers/cinnamon_fern/CinnamonFern_RT.spt, Failed to load tree speedtree/Conifers/douglas_fir_full/DouglasFir_RT_Full.spt, Failed to load tree speedtree/shrubs_flowers/cinnamon_fern/CinnamonFern_RT.spt, Failed to load tree speedtree/shrubs_flowers/cinnamon_fern/CinnamonFern_RT.spt, Failed to load tree speedtree/shrubs_flowers/american_boxwood/AmericanBoxwood_RT.spt, Failed to load tree speedtree/shrubs_flowers/american_boxwood/AmericanBoxwood_RT.spt, Failed to load tree speedtree/Conifers/douglas_fir_full/DouglasFir_RT_Full.spt, Failed to load tree speedtree/shrubs_flowers/boston_fern/BostonFern_RT.spt, Failed to load tree speedtree/shrubs_flowers/boston_fern/BostonFern_RT.spt, Failed to load tree speedtree/Conifers/italian_stonepine/ItalianStonePine_RT_1.spt, Failed to load tree speedtree/shrubs_flowers/american_boxwood/AmericanBoxwood_RT.spt, Failed to load tree speedtree/shrubs_flowers/cinnamon_fern/CinnamonFern_RT.spt, Failed to load tree speedtree/shrubs_flowers/american_boxwood/AmericanBoxwood_RT.spt, Failed to load tree speedtree/shrubs_flowers/boston_fern/BostonFern_RT.spt, Failed to load tree speedtree/shrubs_flowers/cinnamon_fern/CinnamonFern_RT.spt, Failed to load tree speedtree/shrubs_flowers/boston_fern/BostonFern_RT.spt
04/20/2016 - 20:44:48 : Error loading tree: speedtree/Conifers/douglas_fir_full/DouglasFir_RT_Full.spt: License Error: [Key expired on September 01, 2011]
04/20/2016 - 20:44:48 : Error loading tree: speedtree/Conifers/douglas_fir_full/DouglasFir_RT_Full.spt: License Error: [Key expired on September 01, 2011]
04/20/2016 - 20:44:48 : Chunk::load: Failed to load chunk 0002fff9o: Failed to load tree speedtree/Conifers/douglas_fir_full/DouglasFir_RT_Full.spt, Failed to load tree speedtree/Conifers/douglas_fir_full/DouglasFir_RT_Full.spt
04/20/2016 - 20:44:48 : Error loading tree: speedtree/Conifers/douglas_fir_full/DouglasFir_RT_Full.spt: License Error: [Key expired on September 01, 2011]
04/20/2016 - 20:44:48 : Error loading tree: speedtree/Conifers/douglas_fir_full/DouglasFir_RT_Full.spt: License Error: [Key expired on September 01, 2011]
04/20/2016 - 20:44:48 : Error loading tree: speedtree/Conifers/douglas_fir_full/DouglasFir_RT_Full.spt: License Error: [Key expired on September 01, 2011]
04/20/2016 - 20:44:48 : Error loading tree: speedtree/Conifers/douglas_fir_full/DouglasFir_RT_Full.spt: License Error: [Key expired on September 01, 2011]
04/20/2016 - 20:44:48 : Error loading tree: speedtree/Conifers/douglas_fir_full/DouglasFir_RT_Full.spt: License Error: [Key expired on September 01, 2011]
04/20/2016 - 20:44:48 : Error loading tree: speedtree/Conifers/douglas_fir_full/DouglasFir_RT_Full.spt: License Error: [Key expired on September 01, 2011]
04/20/2016 - 20:44:48 : Error loading tree: speedtree/Conifers/douglas_fir_full/DouglasFir_RT_Full.spt: License Error: [Key expired on September 01, 2011]
04/20/2016 - 20:44:48 : Error loading tree: speedtree/Conifers/douglas_fir_full/DouglasFir_RT_Full.spt: License Error: [Key expired on September 01, 2011]
04/20/2016 - 20:44:48 : Error loading tree: speedtree/Conifers/douglas_fir_full/DouglasFir_RT_Full.spt: License Error: [Key expired on September 01, 2011]
04/20/2016 - 20:44:48 : Error loading tree: speedtree/Conifers/douglas_fir_full/DouglasFir_RT_Full.spt: License Error: [Key expired on September 01, 2011]
04/20/2016 - 20:44:48 : Error loading tree: speedtree/Conifers/douglas_fir_full/DouglasFir_RT_Full.spt: License Error: [Key expired on September 01, 2011]
04/20/2016 - 20:44:48 : Error loading tree: speedtree/Conifers/douglas_fir/DouglasFir_RT.spt: License Error: [Key expired on September 01, 2011]
04/20/2016 - 20:44:48 : Error loading tree: speedtree/Conifers/douglas_fir/DouglasFir_RT.spt: License Error: [Key expired on September 01, 2011]
04/20/2016 - 20:44:48 : Error loading tree: speedtree/Conifers/douglas_fir/DouglasFir_RT.spt: License Error: [Key expired on September 01, 2011]
04/20/2016 - 20:44:48 : Error loading tree: speedtree/Conifers/douglas_fir/DouglasFir_RT.spt: License Error: [Key expired on September 01, 2011]
04/20/2016 - 20:44:48 : Error loading tree: speedtree/Conifers/douglas_fir/DouglasFir_RT.spt: License Error: [Key expired on September 01, 2011]
04/20/2016 - 20:44:48 : Error loading tree: speedtree/Conifers/douglas_fir/DouglasFir_RT.spt: License Error: [Key expired on September 01, 2011]
04/20/2016 - 20:44:48 : Error loading tree: speedtree/Conifers/douglas_fir_full/DouglasFir_RT_Full.spt: License Error: [Key expired on September 01, 2011]
04/20/2016 - 20:44:48 : Error loading tree: speedtree/Conifers/douglas_fir_full/DouglasFir_RT_Full.spt: License Error: [Key expired on September 01, 2011]
04/20/2016 - 20:44:48 : Error loading tree: speedtree/Conifers/douglas_fir_full/DouglasFir_RT_Full.spt: License Error: [Key expired on September 01, 2011]
04/20/2016 - 20:44:48 : Chunk::load: Failed to load chunk 0001fffao: Failed to load tree speedtree/Conifers/douglas_fir_full/DouglasFir_RT_Full.spt, Failed to load tree speedtree/Conifers/douglas_fir_full/DouglasFir_RT_Full.spt, Failed to load tree speedtree/Conifers/douglas_fir_full/DouglasFir_RT_Full.spt, Failed to load tree speedtree/Conifers/douglas_fir_full/DouglasFir_RT_Full.spt, Failed to load tree speedtree/Conifers/douglas_fir_full/DouglasFir_RT_Full.spt, Failed to load tree speedtree/Conifers/douglas_fir_full/DouglasFir_RT_Full.spt, Failed to load tree speedtree/Conifers/douglas_fir_full/DouglasFir_RT_Full.spt, Failed to load tree speedtree/Conifers/douglas_fir_full/DouglasFir_RT_Full.spt, Failed to load tree speedtree/Conifers/douglas_fir_full/DouglasFir_RT_Full.spt, Failed to load tree speedtree/Conifers/douglas_fir_full/DouglasFir_RT_Full.spt, Failed to load tree speedtree/Conifers/douglas_fir_full/DouglasFir_RT_Full.spt, Failed to load tree speedtree/Conifers/douglas_fir/DouglasFir_RT.spt, Failed to load tree speedtree/Conifers/douglas_fir/DouglasFir_RT.spt, Failed to load tree speedtree/Conifers/douglas_fir/DouglasFir_RT.spt, Failed to load tree speedtree/Conifers/douglas_fir/DouglasFir_RT.spt, Failed to load tree speedtree/Conifers/douglas_fir/DouglasFir_RT.spt, Failed to load tree speedtree/Conifers/douglas_fir/DouglasFir_RT.spt, Failed to load tree speedtree/Conifers/douglas_fir_full/DouglasFir_RT_Full.spt, Failed to load tree speedtree/Conifers/douglas_fir_full/DouglasFir_RT_Full.spt, Failed to load tree speedtree/Conifers/douglas_fir_full/DouglasFir_RT_Full.spt
04/20/2016 - 20:44:48 : Error loading tree: speedtree/Broadleaves/american_elm_noleaves/AmericanElm_RT_noleaves.spt: License Error: [Key expired on September 01, 2011]
04/20/2016 - 20:44:48 : Chunk::load: Failed to load chunk 00040002o: Failed to load tree speedtree/Broadleaves/american_elm_noleaves/AmericanElm_RT_noleaves.spt
04/20/2016 - 20:44:48 : Error loading tree: speedtree/shrubs_flowers/american_boxwood/AmericanBoxwood_RT.spt: License Error: [Key expired on September 01, 2011]
04/20/2016 - 20:44:48 : Error loading tree: speedtree/shrubs_flowers/american_boxwood/AmericanBoxwood_RT.spt: License Error: [Key expired on September 01, 2011]
04/20/2016 - 20:44:48 : Error loading tree: speedtree/shrubs_flowers/american_boxwood/AmericanBoxwood_RT.spt: License Error: [Key expired on September 01, 2011]
04/20/2016 - 20:44:48 : Error loading tree: speedtree/shrubs_flowers/american_boxwood/AmericanBoxwood_RT.spt: License Error: [Key expired on September 01, 2011]
04/20/2016 - 20:44:48 : Error loading tree: speedtree/Conifers/douglas_fir/DouglasFir_RT.spt: License Error: [Key expired on September 01, 2011]
04/20/2016 - 20:44:48 : Error loading tree: speedtree/Conifers/italian_stonepine/ItalianStonePine_RT_1.spt: License Error: [Key expired on September 01, 2011]
04/20/2016 - 20:44:48 : Error loading tree: speedtree/Conifers/italian_cypress/ItalianCypress_RT.spt: License Error: [Key expired on September 01, 2011]
04/20/2016 - 20:44:48 : Error loading tree: speedtree/Conifers/italian_cypress/ItalianCypress_RT.spt: License Error: [Key expired on September 01, 2011]
04/20/2016 - 20:44:48 : Error loading tree: speedtree/Conifers/italian_cypress/ItalianCypress_RT.spt: License Error: [Key expired on September 01, 2011]
04/20/2016 - 20:44:48 : Error loading tree: speedtree/Conifers/italian_cypress/ItalianCypress_RT.spt: License Error: [Key expired on September 01, 2011]
04/20/2016 - 20:44:48 : Error loading tree: speedtree/Conifers/italian_cypress/ItalianCypress_RT.spt: License Error: [Key expired on September 01, 2011]
04/20/2016 - 20:44:48 : Error loading tree: speedtree/Conifers/italian_cypress/ItalianCypress_RT.spt: License Error: [Key expired on September 01, 2011]
04/20/2016 - 20:44:48 : Error loading tree: speedtree/Conifers/italian_cypress/ItalianCypress_RT.spt: License Error: [Key expired on September 01, 2011]
04/20/2016 - 20:44:48 : Error loading tree: speedtree/Conifers/douglas_fir/DouglasFir_RT.spt: License Error: [Key expired on September 01, 2011]
04/20/2016 - 20:44:48 : Error loading tree: speedtree/Conifers/douglas_fir_full/DouglasFir_RT_Full.spt: License Error: [Key expired on September 01, 2011]
04/20/2016 - 20:44:48 : Error loading tree: speedtree/Conifers/douglas_fir_full/DouglasFir_RT_Full.spt: License Error: [Key expired on September 01, 2011]
04/20/2016 - 20:44:48 : Error loading tree: speedtree/Conifers/italian_stonepine/ItalianStonePine_RT_1.spt: License Error: [Key expired on September 01, 2011]
04/20/2016 - 20:44:48 : Error loading tree: speedtree/Conifers/douglas_fir_full/DouglasFir_RT_Full.spt: License Error: [Key expired on September 01, 2011]
04/20/2016 - 20:44:48 : Error loading tree: speedtree/Conifers/douglas_fir_full/DouglasFir_RT_Full.spt: License Error: [Key expired on September 01, 2011]
04/20/2016 - 20:44:48 : Error loading tree: speedtree/Conifers/douglas_fir_full/DouglasFir_RT_Full.spt: License Error: [Key expired on September 01, 2011]
04/20/2016 - 20:44:48 : Error loading tree: speedtree/Conifers/douglas_fir_full/DouglasFir_RT_Full.spt: License Error: [Key expired on September 01, 2011]
04/20/2016 - 20:44:48 : Error loading tree: speedtree/Conifers/douglas_fir_full/DouglasFir_RT_Full.spt: License Error: [Key expired on September 01, 2011]
04/20/2016 - 20:44:48 : Error loading tree: speedtree/Conifers/douglas_fir_full/DouglasFir_RT_Full.spt: License Error: [Key expired on September 01, 2011]
04/20/2016 - 20:44:48 : Error loading tree: speedtree/shrubs_flowers/american_boxwood/AmericanBoxwood_RT.spt: License Error: [Key expired on September 01, 2011]
04/20/2016 - 20:44:48 : Error loading tree: speedtree/shrubs_flowers/american_boxwood/AmericanBoxwood_RT.spt: License Error: [Key expired on September 01, 2011]
04/20/2016 - 20:44:48 : Error loading tree: speedtree/shrubs_flowers/american_boxwood/AmericanBoxwood_RT.spt: License Error: [Key expired on September 01, 2011]
04/20/2016 - 20:44:48 : Error loading tree: speedtree/shrubs_flowers/american_boxwood/AmericanBoxwood_RT.spt: License Error: [Key expired on September 01, 2011]
04/20/2016 - 20:44:48 : Error loading tree: speedtree/shrubs_flowers/american_boxwood/AmericanBoxwood_RT.spt: License Error: [Key expired on September 01, 2011]
04/20/2016 - 20:44:48 : Error loading tree: speedtree/shrubs_flowers/american_boxwood/AmericanBoxwood_RT.spt: License Error: [Key expired on September 01, 2011]
04/20/2016 - 20:44:48 : Error loading tree: speedtree/shrubs_flowers/american_boxwood/AmericanBoxwood_RT.spt: License Error: [Key expired on September 01, 2011]
04/20/2016 - 20:44:48 : Error loading tree: speedtree/shrubs_flowers/american_boxwood/AmericanBoxwood_RT.spt: License Error: [Key expired on September 01, 2011]
04/20/2016 - 20:44:48 : Error loading tree: speedtree/shrubs_flowers/american_boxwood/AmericanBoxwood_RT.spt: License Error: [Key expired on September 01, 2011]
04/20/2016 - 20:44:48 : Error loading tree: speedtree/shrubs_flowers/american_boxwood/AmericanBoxwood_RT.spt: License Error: [Key expired on September 01, 2011]
04/20/2016 - 20:44:48 : Error loading tree: speedtree/shrubs_flowers/american_boxwood/AmericanBoxwood_RT.spt: License Error: [Key expired on September 01, 2011]
04/20/2016 - 20:44:48 : Error loading tree: speedtree/shrubs_flowers/american_boxwood/AmericanBoxwood_RT.spt: License Error: [Key expired on September 01, 2011]
04/20/2016 - 20:44:48 : Error loading tree: speedtree/shrubs_flowers/american_boxwood/AmericanBoxwood_RT.spt: License Error: [Key expired on September 01, 2011]
04/20/2016 - 20:44:48 : Error loading tree: speedtree/shrubs_flowers/american_boxwood/AmericanBoxwood_RT.spt: License Error: [Key expired on September 01, 2011]
04/20/2016 - 20:44:48 : Error loading tree: speedtree/shrubs_flowers/american_boxwood/AmericanBoxwood_RT.spt: License Error: [Key expired on September 01, 2011]
04/20/2016 - 20:44:48 : Error loading tree: speedtree/shrubs_flowers/american_boxwood/AmericanBoxwood_RT.spt: License Error: [Key expired on September 01, 2011]
04/20/2016 - 20:44:48 : Error loading tree: speedtree/shrubs_flowers/american_boxwood/AmericanBoxwood_RT.spt: License Error: [Key expired on September 01, 2011]
04/20/2016 - 20:44:48 : Error loading tree: speedtree/shrubs_flowers/american_boxwood/AmericanBoxwood_RT.spt: License Error: [Key expired on September 01, 2011]
04/20/2016 - 20:44:48 : Error loading tree: speedtree/shrubs_flowers/american_boxwood/AmericanBoxwood_RT.spt: License Error: [Key expired on September 01, 2011]
04/20/2016 - 20:44:48 : Error loading tree: speedtree/shrubs_flowers/american_boxwood/AmericanBoxwood_RT.spt: License Error: [Key expired on September 01, 2011]
04/20/2016 - 20:44:48 : Error loading tree: speedtree/shrubs_flowers/american_boxwood/AmericanBoxwood_RT.spt: License Error: [Key expired on September 01, 2011]
04/20/2016 - 20:44:48 : Error loading tree: speedtree/shrubs_flowers/american_boxwood/AmericanBoxwood_RT.spt: License Error: [Key expired on September 01, 2011]
04/20/2016 - 20:44:48 : Error loading tree: speedtree/shrubs_flowers/american_boxwood/AmericanBoxwood_RT.spt: License Error: [Key expired on September 01, 2011]
04/20/2016 - 20:44:48 : Error loading tree: speedtree/shrubs_flowers/american_boxwood/AmericanBoxwood_RT.spt: License Error: [Key expired on September 01, 2011]
04/20/2016 - 20:44:48 : Error loading tree: speedtree/shrubs_flowers/american_boxwood/AmericanBoxwood_RT.spt: License Error: [Key expired on September 01, 2011]
04/20/2016 - 20:44:48 : Error loading tree: speedtree/shrubs_flowers/american_boxwood/AmericanBoxwood_RT.spt: License Error: [Key expired on September 01, 2011]
04/20/2016 - 20:44:48 : Error loading tree: speedtree/shrubs_flowers/american_boxwood/AmericanBoxwood_RT.spt: License Error: [Key expired on September 01, 2011]
04/20/2016 - 20:44:48 : Error loading tree: speedtree/shrubs_flowers/american_boxwood/AmericanBoxwood_RT.spt: License Error: [Key expired on September 01, 2011]
04/20/2016 - 20:44:48 : Error loading tree: speedtree/shrubs_flowers/american_boxwood/AmericanBoxwood_RT.spt: License Error: [Key expired on September 01, 2011]
04/20/2016 - 20:44:48 : Error loading tree: speedtree/shrubs_flowers/american_boxwood/AmericanBoxwood_RT.spt: License Error: [Key expired on September 01, 2011]
04/20/2016 - 20:44:48 : Error loading tree: speedtree/shrubs_flowers/american_boxwood/AmericanBoxwood_RT.spt: License Error: [Key expired on September 01, 2011]
04/20/2016 - 20:44:48 : Error loading tree: speedtree/shrubs_flowers/american_boxwood/AmericanBoxwood_RT.spt: License Error: [Key expired on September 01, 2011]
04/20/2016 - 20:44:48 : Error loading tree: speedtree/shrubs_flowers/american_boxwood/AmericanBoxwood_RT.spt: License Error: [Key expired on September 01, 2011]
04/20/2016 - 20:44:48 : Error loading tree: speedtree/shrubs_flowers/american_boxwood/AmericanBoxwood_RT.spt: License Error: [Key expired on September 01, 2011]
04/20/2016 - 20:44:48 : Error loading tree: speedtree/shrubs_flowers/american_boxwood/AmericanBoxwood_RT.spt: License Error: [Key expired on September 01, 2011]
04/20/2016 - 20:44:48 : Error loading tree: speedtree/shrubs_flowers/american_boxwood/AmericanBoxwood_RT.spt: License Error: [Key expired on September 01, 2011]
04/20/2016 - 20:44:48 : Error loading tree: speedtree/shrubs_flowers/american_boxwood/AmericanBoxwood_RT.spt: License Error: [Key expired on September 01, 2011]
04/20/2016 - 20:44:48 : Error loading tree: speedtree/shrubs_flowers/american_boxwood/AmericanBoxwood_RT.spt: License Error: [Key expired on September 01, 2011]
04/20/2016 - 20:44:48 : Error loading tree: speedtree/shrubs_flowers/american_boxwood/AmericanBoxwood_RT.spt: License Error: [Key expired on September 01, 2011]
04/20/2016 - 20:44:48 : Error loading tree: speedtree/shrubs_flowers/american_boxwood/AmericanBoxwood_RT.spt: License Error: [Key expired on September 01, 2011]
04/20/2016 - 20:44:48 : Error loading tree: speedtree/shrubs_flowers/american_boxwood/AmericanBoxwood_RT.spt: License Error: [Key expired on September 01, 2011]
04/20/2016 - 20:44:48 : Error loading tree: speedtree/shrubs_flowers/american_boxwood/AmericanBoxwood_RT.spt: License Error: [Key expired on September 01, 2011]
04/20/2016 - 20:44:48 : Error loading tree: speedtree/shrubs_flowers/american_boxwood/AmericanBoxwood_RT.spt: License Error: [Key expired on September 01, 2011]
04/20/2016 - 20:44:48 : Error loading tree: speedtree/shrubs_flowers/cinnamon_fern/CinnamonFern_RT.spt: License Error: [Key expired on September 01, 2011]
04/20/2016 - 20:44:48 : Error loading tree: speedtree/shrubs_flowers/cinnamon_fern/CinnamonFern_RT.spt: License Error: [Key expired on September 01, 2011]
04/20/2016 - 20:44:48 : Error loading tree: speedtree/shrubs_flowers/cinnamon_fern/CinnamonFern_RT.spt: License Error: [Key expired on September 01, 2011]
04/20/2016 - 20:44:48 : Error loading tree: speedtree/shrubs_flowers/cinnamon_fern/CinnamonFern_RT.spt: License Error: [Key expired on September 01, 2011]
04/20/2016 - 20:44:48 : Error loading tree: speedtree/shrubs_flowers/cinnamon_fern/CinnamonFern_RT.spt: License Error: [Key expired on September 01, 2011]
04/20/2016 - 20:44:48 : Error loading tree: speedtree/shrubs_flowers/cinnamon_fern/CinnamonFern_RT.spt: License Error: [Key expired on September 01, 2011]
04/20/2016 - 20:44:48 : Error loading tree: speedtree/shrubs_flowers/cinnamon_fern/CinnamonFern_RT.spt: License Error: [Key expired on September 01, 2011]
04/20/2016 - 20:44:48 : Error loading tree: speedtree/shrubs_flowers/cinnamon_fern/CinnamonFern_RT.spt: License Error: [Key expired on September 01, 2011]
04/20/2016 - 20:44:48 : Error loading tree: speedtree/shrubs_flowers/cinnamon_fern/CinnamonFern_RT.spt: License Error: [Key expired on September 01, 2011]
04/20/2016 - 20:44:48 : Error loading tree: speedtree/shrubs_flowers/cinnamon_fern/CinnamonFern_RT.spt: License Error: [Key expired on September 01, 2011]
04/20/2016 - 20:44:48 : Error loading tree: speedtree/shrubs_flowers/cinnamon_fern/CinnamonFern_RT.spt: License Error: [Key expired on September 01, 2011]
04/20/2016 - 20:44:48 : Error loading tree: speedtree/shrubs_flowers/cinnamon_fern/CinnamonFern_RT.spt: License Error: [Key expired on September 01, 2011]
04/20/2016 - 20:44:48 : Error loading tree: speedtree/shrubs_flowers/cinnamon_fern/CinnamonFern_RT.spt: License Error: [Key expired on September 01, 2011]
04/20/2016 - 20:44:48 : Error loading tree: speedtree/shrubs_flowers/cinnamon_fern/CinnamonFern_RT.spt: License Error: [Key expired on September 01, 2011]
04/20/2016 - 20:44:48 : Error loading tree: speedtree/shrubs_flowers/cinnamon_fern/CinnamonFern_RT.spt: License Error: [Key expired on September 01, 2011]
04/20/2016 - 20:44:48 : Error loading tree: speedtree/shrubs_flowers/cinnamon_fern/CinnamonFern_RT.spt: License Error: [Key expired on September 01, 2011]
04/20/2016 - 20:44:48 : Error loading tree: speedtree/shrubs_flowers/cinnamon_fern/CinnamonFern_RT.spt: License Error: [Key expired on September 01, 2011]
04/20/2016 - 20:44:48 : Error loading tree: speedtree/shrubs_flowers/american_boxwood/AmericanBoxwood_RT.spt: License Error: [Key expired on September 01, 2011]
04/20/2016 - 20:44:48 : Error loading tree: speedtree/shrubs_flowers/american_boxwood/AmericanBoxwood_RT.spt: License Error: [Key expired on September 01, 2011]
04/20/2016 - 20:44:48 : Error loading tree: speedtree/shrubs_flowers/american_boxwood/AmericanBoxwood_RT.spt: License Error: [Key expired on September 01, 2011]
04/20/2016 - 20:44:48 : Error loading tree: speedtree/shrubs_flowers/american_boxwood/AmericanBoxwood_RT.spt: License Error: [Key expired on September 01, 2011]
04/20/2016 - 20:44:48 : Error loading tree: speedtree/shrubs_flowers/cinnamon_fern/CinnamonFern_RT.spt: License Error: [Key expired on September 01, 2011]
04/20/2016 - 20:44:48 : Error loading tree: speedtree/shrubs_flowers/cinnamon_fern/CinnamonFern_RT.spt: License Error: [Key expired on September 01, 2011]
04/20/2016 - 20:44:48 : Error loading tree: speedtree/shrubs_flowers/cinnamon_fern/CinnamonFern_RT.spt: License Error: [Key expired on September 01, 2011]
04/20/2016 - 20:44:48 : Error loading tree: speedtree/shrubs_flowers/cinnamon_fern/CinnamonFern_RT.spt: License Error: [Key expired on September 01, 2011]
04/20/2016 - 20:44:48 : Error loading tree: speedtree/shrubs_flowers/cinnamon_fern/CinnamonFern_RT.spt: License Error: [Key expired on September 01, 2011]
04/20/2016 - 20:44:48 : Error loading tree: speedtree/shrubs_flowers/cinnamon_fern/CinnamonFern_RT.spt: License Error: [Key expired on September 01, 2011]
04/20/2016 - 20:44:48 : Error loading tree: speedtree/shrubs_flowers/cinnamon_fern/CinnamonFern_RT.spt: License Error: [Key expired on September 01, 2011]
04/20/2016 - 20:44:48 : Error loading tree: speedtree/shrubs_flowers/cinnamon_fern/CinnamonFern_RT.spt: License Error: [Key expired on September 01, 2011]
04/20/2016 - 20:44:48 : Error loading tree: speedtree/shrubs_flowers/cinnamon_fern/CinnamonFern_RT.spt: License Error: [Key expired on September 01, 2011]
04/20/2016 - 20:44:48 : Error loading tree: speedtree/shrubs_flowers/cinnamon_fern/CinnamonFern_RT.spt: License Error: [Key expired on September 01, 2011]
04/20/2016 - 20:44:48 : Error loading tree: speedtree/shrubs_flowers/cinnamon_fern/CinnamonFern_RT.spt: License Error: [Key expired on September 01, 2011]
04/20/2016 - 20:44:48 : Error loading tree: speedtree/shrubs_flowers/cinnamon_fern/CinnamonFern_RT.spt: License Error: [Key expired on September 01, 2011]
04/20/2016 - 20:44:48 : Error loading tree: speedtree/shrubs_flowers/cinnamon_fern/CinnamonFern_RT.spt: License Error: [Key expired on September 01, 2011]
04/20/2016 - 20:44:48 : Error loading tree: speedtree/shrubs_flowers/cinnamon_fern/CinnamonFern_RT.spt: License Error: [Key expired on September 01, 2011]
04/20/2016 - 20:44:48 : Error loading tree: speedtree/shrubs_flowers/cinnamon_fern/CinnamonFern_RT.spt: License Error: [Key expired on September 01, 2011]
04/20/2016 - 20:44:48 : Error loading tree: speedtree/Conifers/douglas_fir_full/DouglasFir_RT_Full.spt: License Error: [Key expired on September 01, 2011]
04/20/2016 - 20:44:48 : Error loading tree: speedtree/Conifers/italian_cypress/ItalianCypress_RT.spt: License Error: [Key expired on September 01, 2011]
04/20/2016 - 20:44:48 : Error loading tree: speedtree/shrubs_flowers/cinnamon_fern/CinnamonFern_RT.spt: License Error: [Key expired on September 01, 2011]
04/20/2016 - 20:44:48 : Error loading tree: speedtree/shrubs_flowers/cinnamon_fern/CinnamonFern_RT.spt: License Error: [Key expired on September 01, 2011]
04/20/2016 - 20:44:48 : Error loading tree: speedtree/shrubs_flowers/cinnamon_fern/CinnamonFern_RT.spt: License Error: [Key expired on September 01, 2011]
04/20/2016 - 20:44:48 : Error loading tree: speedtree/shrubs_flowers/cinnamon_fern/CinnamonFern_RT.spt: License Error: [Key expired on September 01, 2011]
04/20/2016 - 20:44:48 : Error loading tree: speedtree/shrubs_flowers/cinnamon_fern/CinnamonFern_RT.spt: License Error: [Key expired on September 01, 2011]
04/20/2016 - 20:44:48 : Error loading tree: speedtree/shrubs_flowers/cinnamon_fern/CinnamonFern_RT.spt: License Error: [Key expired on September 01, 2011]
04/20/2016 - 20:44:48 : Error loading tree: speedtree/shrubs_flowers/american_boxwood/AmericanBoxwood_RT.spt: License Error: [Key expired on September 01, 2011]
04/20/2016 - 20:44:48 : Error loading tree: speedtree/shrubs_flowers/cinnamon_fern/CinnamonFern_RT.spt: License Error: [Key expired on September 01, 2011]
04/20/2016 - 20:44:48 : Error loading tree: speedtree/shrubs_flowers/cinnamon_fern/CinnamonFern_RT.spt: License Error: [Key expired on September 01, 2011]
04/20/2016 - 20:44:48 : Error loading tree: speedtree/shrubs_flowers/cinnamon_fern/CinnamonFern_RT.spt: License Error: [Key expired on September 01, 2011]
04/20/2016 - 20:44:48 : Error loading tree: speedtree/shrubs_flowers/cinnamon_fern/CinnamonFern_RT.spt: License Error: [Key expired on September 01, 2011]
04/20/2016 - 20:44:48 : Error loading tree: speedtree/shrubs_flowers/american_boxwood/AmericanBoxwood_RT.spt: License Error: [Key expired on September 01, 2011]
04/20/2016 - 20:44:48 : Error loading tree: speedtree/shrubs_flowers/american_boxwood/AmericanBoxwood_RT.spt: License Error: [Key expired on September 01, 2011]
04/20/2016 - 20:44:48 : Error loading tree: speedtree/shrubs_flowers/american_boxwood/AmericanBoxwood_RT.spt: License Error: [Key expired on September 01, 2011]
04/20/2016 - 20:44:48 : Error loading tree: speedtree/shrubs_flowers/american_boxwood/AmericanBoxwood_RT.spt: License Error: [Key expired on September 01, 2011]
04/20/2016 - 20:44:48 : Error loading tree: speedtree/shrubs_flowers/cinnamon_fern/CinnamonFern_RT.spt: License Error: [Key expired on September 01, 2011]
04/20/2016 - 20:44:48 : Error loading tree: speedtree/shrubs_flowers/boston_fern/BostonFern_RT.spt: License Error: [Key expired on September 01, 2011]
04/20/2016 - 20:44:48 : Error loading tree: speedtree/shrubs_flowers/boston_fern/BostonFern_RT.spt: License Error: [Key expired on September 01, 2011]
04/20/2016 - 20:44:48 : Error loading tree: speedtree/shrubs_flowers/boston_fern/BostonFern_RT.spt: License Error: [Key expired on September 01, 2011]
04/20/2016 - 20:44:48 : Error loading tree: speedtree/shrubs_flowers/boston_fern/BostonFern_RT.spt: License Error: [Key expired on September 01, 2011]
04/20/2016 - 20:44:48 : Error loading tree: speedtree/shrubs_flowers/boston_fern/BostonFern_RT.spt: License Error: [Key expired on September 01, 2011]
04/20/2016 - 20:44:48 : Error loading tree: speedtree/shrubs_flowers/boston_fern/BostonFern_RT.spt: License Error: [Key expired on September 01, 2011]
04/20/2016 - 20:44:48 : Error loading tree: speedtree/shrubs_flowers/boston_fern/BostonFern_RT.spt: License Error: [Key expired on September 01, 2011]
04/20/2016 - 20:44:48 : Error loading tree: speedtree/shrubs_flowers/boston_fern/BostonFern_RT.spt: License Error: [Key expired on September 01, 2011]
04/20/2016 - 20:44:48 : Error loading tree: speedtree/shrubs_flowers/boston_fern/BostonFern_RT.spt: License Error: [Key expired on September 01, 2011]
04/20/2016 - 20:44:48 : Error loading tree: speedtree/shrubs_flowers/boston_fern/BostonFern_RT.spt: License Error: [Key expired on September 01, 2011]
04/20/2016 - 20:44:48 : Error loading tree: speedtree/shrubs_flowers/boston_fern/BostonFern_RT.spt: License Error: [Key expired on September 01, 2011]
04/20/2016 - 20:44:48 : Error loading tree: speedtree/shrubs_flowers/boston_fern/BostonFern_RT.spt: License Error: [Key expired on September 01, 2011]
04/20/2016 - 20:44:48 : Error loading tree: speedtree/shrubs_flowers/boston_fern/BostonFern_RT.spt: License Error: [Key expired on September 01, 2011]
04/20/2016 - 20:44:48 : Error loading tree: speedtree/shrubs_flowers/boston_fern/BostonFern_RT.spt: License Error: [Key expired on September 01, 2011]
04/20/2016 - 20:44:48 : Error loading tree: speedtree/shrubs_flowers/boston_fern/BostonFern_RT.spt: License Error: [Key expired on September 01, 2011]
04/20/2016 - 20:44:48 : Error loading tree: speedtree/shrubs_flowers/boston_fern/BostonFern_RT.spt: License Error: [Key expired on September 01, 2011]
04/20/2016 - 20:44:48 : Error loading tree: speedtree/shrubs_flowers/boston_fern/BostonFern_RT.spt: License Error: [Key expired on September 01, 2011]
04/20/2016 - 20:44:48 : Error loading tree: speedtree/shrubs_flowers/boston_fern/BostonFern_RT.spt: License Error: [Key expired on September 01, 2011]
04/20/2016 - 20:44:48 : Error loading tree: speedtree/shrubs_flowers/boston_fern/BostonFern_RT.spt: License Error: [Key expired on September 01, 2011]
04/20/2016 - 20:44:48 : Error loading tree: speedtree/shrubs_flowers/boston_fern/BostonFern_RT.spt: License Error: [Key expired on September 01, 2011]
04/20/2016 - 20:44:48 : Error loading tree: speedtree/shrubs_flowers/boston_fern/BostonFern_RT.spt: License Error: [Key expired on September 01, 2011]
04/20/2016 - 20:44:48 : Error loading tree: speedtree/shrubs_flowers/boston_fern/BostonFern_RT.spt: License Error: [Key expired on September 01, 2011]
04/20/2016 - 20:44:48 : Error loading tree: speedtree/shrubs_flowers/boston_fern/BostonFern_RT.spt: License Error: [Key expired on September 01, 2011]
04/20/2016 - 20:44:49 : Error loading tree: speedtree/shrubs_flowers/boston_fern/BostonFern_RT.spt: License Error: [Key expired on September 01, 2011]
04/20/2016 - 20:44:49 : Error loading tree: speedtree/shrubs_flowers/boston_fern/BostonFern_RT.spt: License Error: [Key expired on September 01, 2011]
04/20/2016 - 20:44:49 : Error loading tree: speedtree/shrubs_flowers/boston_fern/BostonFern_RT.spt: License Error: [Key expired on September 01, 2011]
04/20/2016 - 20:44:49 : Error loading tree: speedtree/shrubs_flowers/boston_fern/BostonFern_RT.spt: License Error: [Key expired on September 01, 2011]
04/20/2016 - 20:44:49 : Error loading tree: speedtree/shrubs_flowers/boston_fern/BostonFern_RT.spt: License Error: [Key expired on September 01, 2011]
04/20/2016 - 20:44:49 : Error loading tree: speedtree/shrubs_flowers/boston_fern/BostonFern_RT.spt: License Error: [Key expired on September 01, 2011]
04/20/2016 - 20:44:49 : Error loading tree: speedtree/shrubs_flowers/boston_fern/BostonFern_RT.spt: License Error: [Key expired on September 01, 2011]
04/20/2016 - 20:44:49 : Error loading tree: speedtree/shrubs_flowers/boston_fern/BostonFern_RT.spt: License Error: [Key expired on September 01, 2011]
04/20/2016 - 20:44:49 : Error loading tree: speedtree/shrubs_flowers/boston_fern/BostonFern_RT.spt: License Error: [Key expired on September 01, 2011]
04/20/2016 - 20:44:49 : Error loading tree: speedtree/Conifers/italian_cypress/ItalianCypress_RT.spt: License Error: [Key expired on September 01, 2011]
04/20/2016 - 20:44:49 : Error loading tree: speedtree/shrubs_flowers/american_boxwood/AmericanBoxwood_RT.spt: License Error: [Key expired on September 01, 2011]
04/20/2016 - 20:44:49 : Error loading tree: speedtree/shrubs_flowers/american_boxwood/AmericanBoxwood_RT.spt: License Error: [Key expired on September 01, 2011]
04/20/2016 - 20:44:49 : Error loading tree: speedtree/shrubs_flowers/american_boxwood/AmericanBoxwood_RT.spt: License Error: [Key expired on September 01, 2011]
04/20/2016 - 20:44:49 : Error loading tree: speedtree/shrubs_flowers/american_boxwood/AmericanBoxwood_RT.spt: License Error: [Key expired on September 01, 2011]
04/20/2016 - 20:44:49 : Error loading tree: speedtree/shrubs_flowers/american_boxwood/AmericanBoxwood_RT.spt: License Error: [Key expired on September 01, 2011]
04/20/2016 - 20:44:49 : Error loading tree: speedtree/shrubs_flowers/american_boxwood/AmericanBoxwood_RT.spt: License Error: [Key expired on September 01, 2011]
04/20/2016 - 20:44:49 : Error loading tree: speedtree/shrubs_flowers/cinnamon_fern/CinnamonFern_RT.spt: License Error: [Key expired on September 01, 2011]
04/20/2016 - 20:44:49 : Error loading tree: speedtree/shrubs_flowers/cinnamon_fern/CinnamonFern_RT.spt: License Error: [Key expired on September 01, 2011]
04/20/2016 - 20:44:49 : Error loading tree: speedtree/shrubs_flowers/cinnamon_fern/CinnamonFern_RT.spt: License Error: [Key expired on September 01, 2011]
04/20/2016 - 20:44:49 : Error loading tree: speedtree/shrubs_flowers/cinnamon_fern/CinnamonFern_RT.spt: License Error: [Key expired on September 01, 2011]
04/20/2016 - 20:44:49 : Error loading tree: speedtree/Conifers/italian_stonepine/ItalianStonePine_RT_1.spt: License Error: [Key expired on September 01, 2011]
04/20/2016 - 20:44:49 : Error loading tree: speedtree/shrubs_flowers/boston_fern/BostonFern_RT.spt: License Error: [Key expired on September 01, 2011]
04/20/2016 - 20:44:49 : Error loading tree: speedtree/shrubs_flowers/boston_fern/BostonFern_RT.spt: License Error: [Key expired on September 01, 2011]
04/20/2016 - 20:44:49 : Error loading tree: speedtree/shrubs_flowers/boston_fern/BostonFern_RT.spt: License Error: [Key expired on September 01, 2011]
04/20/2016 - 20:44:49 : Error loading tree: speedtree/shrubs_flowers/boston_fern/BostonFern_RT.spt: License Error: [Key expired on September 01, 2011]
04/20/2016 - 20:44:49 : Error loading tree: speedtree/Conifers/italian_cypress/ItalianCypress_RT.spt: License Error: [Key expired on September 01, 2011]
04/20/2016 - 20:44:49 : Error loading tree: speedtree/Conifers/douglas_fir_full/DouglasFir_RT_Full.spt: License Error: [Key expired on September 01, 2011]
04/20/2016 - 20:44:49 : Error loading tree: speedtree/shrubs_flowers/american_boxwood/AmericanBoxwood_RT.spt: License Error: [Key expired on September 01, 2011]
04/20/2016 - 20:44:49 : Error loading tree: speedtree/shrubs_flowers/american_boxwood/AmericanBoxwood_RT.spt: License Error: [Key expired on September 01, 2011]
04/20/2016 - 20:44:49 : Error loading tree: speedtree/shrubs_flowers/boston_fern/BostonFern_RT.spt: License Error: [Key expired on September 01, 2011]
04/20/2016 - 20:44:49 : Error loading tree: speedtree/shrubs_flowers/american_boxwood/AmericanBoxwood_RT.spt: License Error: [Key expired on September 01, 2011]
04/20/2016 - 20:44:49 : Error loading tree: speedtree/shrubs_flowers/american_boxwood/AmericanBoxwood_RT.spt: License Error: [Key expired on September 01, 2011]
04/20/2016 - 20:44:49 : Error loading tree: speedtree/shrubs_flowers/boston_fern/BostonFern_RT.spt: License Error: [Key expired on September 01, 2011]
04/20/2016 - 20:44:49 : Error loading tree: speedtree/shrubs_flowers/cinnamon_fern/CinnamonFern_RT.spt: License Error: [Key expired on September 01, 2011]
04/20/2016 - 20:44:49 : Error loading tree: speedtree/shrubs_flowers/boston_fern/BostonFern_RT.spt: License Error: [Key expired on September 01, 2011]
04/20/2016 - 20:44:49 : Error loading tree: speedtree/shrubs_flowers/cinnamon_fern/CinnamonFern_RT.spt: License Error: [Key expired on September 01, 2011]
04/20/2016 - 20:44:49 : Error loading tree: speedtree/Conifers/italian_cypress/ItalianCypress_RT.spt: License Error: [Key expired on September 01, 2011]
04/20/2016 - 20:44:49 : Error loading tree: speedtree/Conifers/italian_cypress/ItalianCypress_RT.spt: License Error: [Key expired on September 01, 2011]
04/20/2016 - 20:44:49 : Error loading tree: speedtree/shrubs_flowers/boston_fern/BostonFern_RT.spt: License Error: [Key expired on September 01, 2011]
04/20/2016 - 20:44:49 : Error loading tree: speedtree/shrubs_flowers/boston_fern/BostonFern_RT.spt: License Error: [Key expired on September 01, 2011]
04/20/2016 - 20:44:49 : Error loading tree: speedtree/shrubs_flowers/boston_fern/BostonFern_RT.spt: License Error: [Key expired on September 01, 2011]
04/20/2016 - 20:44:49 : Error loading tree: speedtree/shrubs_flowers/boston_fern/BostonFern_RT.spt: License Error: [Key expired on September 01, 2011]
04/20/2016 - 20:44:49 : Error loading tree: speedtree/shrubs_flowers/boston_fern/BostonFern_RT.spt: License Error: [Key expired on September 01, 2011]
04/20/2016 - 20:44:49 : Error loading tree: speedtree/shrubs_flowers/american_boxwood/AmericanBoxwood_RT.spt: License Error: [Key expired on September 01, 2011]
04/20/2016 - 20:44:49 : Error loading tree: speedtree/shrubs_flowers/cinnamon_fern/CinnamonFern_RT.spt: License Error: [Key expired on September 01, 2011]
04/20/2016 - 20:44:49 : Chunk::load: Failed to load chunk 0001ffffo: Failed to load tree speedtree/shrubs_flowers/american_boxwood/AmericanBoxwood_RT.spt, Failed to load tree speedtree/shrubs_flowers/american_boxwood/AmericanBoxwood_RT.spt, Failed to load tree speedtree/shrubs_flowers/american_boxwood/AmericanBoxwood_RT.spt, Failed to load tree speedtree/shrubs_flowers/american_boxwood/AmericanBoxwood_RT.spt, Failed to load tree speedtree/Conifers/douglas_fir/DouglasFir_RT.spt, Failed to load tree speedtree/Conifers/italian_stonepine/ItalianStonePine_RT_1.spt, Failed to load tree speedtree/Conifers/italian_cypress/ItalianCypress_RT.spt, Failed to load tree speedtree/Conifers/italian_cypress/ItalianCypress_RT.spt, Failed to load tree speedtree/Conifers/italian_cypress/ItalianCypress_RT.spt, Failed to load tree speedtree/Conifers/italian_cypress/ItalianCypress_RT.spt, Failed to load tree speedtree/Conifers/italian_cypress/ItalianCypress_RT.spt, Failed to load tree speedtree/Conifers/italian_cypress/ItalianCypress_RT.spt, Failed to load tree speedtree/Conifers/italian_cypress/ItalianCypress_RT.spt, Failed to load tree speedtree/Conifers/douglas_fir/DouglasFir_RT.spt, Failed to load tree speedtree/Conifers/douglas_fir_full/DouglasFir_RT_Full.spt, Failed to load tree speedtree/Conifers/douglas_fir_full/DouglasFir_RT_Full.spt, Failed to load tree speedtree/Conifers/italian_stonepine/ItalianStonePine_RT_1.spt, Failed to load tree speedtree/Conifers/douglas_fir_full/DouglasFir_RT_Full.spt, Failed to load tree speedtree/Conifers/douglas_fir_full/DouglasFir_RT_Full.spt, Failed to load tree speedtree/Conifers/douglas_fir_full/DouglasFir_RT_Full.spt, Failed to load tree speedtree/Conifers/douglas_fir_full/DouglasFir_RT_Full.spt, Failed to load tree speedtree/Conifers/douglas_fir_full/DouglasFir_RT_Full.spt, Failed to load tree speedtree/Conifers/douglas_fir_full/DouglasFir_RT_Full.spt, Failed to load tree speedtree/shrubs_flowers/american_boxwood/AmericanBoxwood_RT.spt, Failed to load tree speedtree/shrubs_flowers/american_boxwood/AmericanBoxwood_RT.spt, Failed to load tree speedtree/shrubs_flowers/american_boxwood/AmericanBoxwood_RT.spt, Failed to load tree speedtree/shrubs_flowers/american_boxwood/AmericanBoxwood_RT.spt, Failed to load tree speedtree/shrubs_flowers/american_boxwood/AmericanBoxwood_RT.spt, Failed to load tree speedtree/shrubs_flowers/american_boxwood/AmericanBoxwood_RT.spt, Failed to load tree speedtree/shrubs_flowers/american_boxwood/AmericanBoxwood_RT.spt, Failed to load tree speedtree/shrubs_flowers/american_boxwood/AmericanBoxwood_RT.spt, Failed to load tree speedtree/shrubs_flowers/american_boxwood/AmericanBoxwood_RT.spt, Failed to load tree speedtree/shrubs_flowers/american_boxwood/AmericanBoxwood_RT.spt, Failed to load tree speedtree/shrubs_flowers/american_boxwood/AmericanBoxwood_RT.spt, Failed to load tree speedtree/shrubs_flowers/american_boxwood/AmericanBoxwood_RT.spt, Failed to load tree speedtree/shrubs_flowers/american_boxwood/AmericanBoxwood_RT.spt, Failed to load tree speedtree/shrubs_flowers/american_boxwood/AmericanBoxwood_RT.spt, Failed to load tree speedtree/shrubs_flowers/american_boxwood/AmericanBoxwood_RT.spt, Failed to load tree speedtree/shrubs_flowers/american_boxwood/AmericanBoxwood_RT.spt, Failed to load tree speedtree/shrubs_flowers/american_boxwood/AmericanBoxwood_RT.spt, Failed to load tree speedtree/shrubs_flowers/american_boxwood/AmericanBoxwood_RT.spt, Failed to load tree speedtree/shrubs_flowers/american_boxwood/AmericanBoxwood_RT.spt, Failed to load tree speedtree/shrubs_flowers/american_boxwood/AmericanBoxwood_RT.spt, Failed to load tree speedtree/shrubs_flowers/american_boxwood/AmericanBoxwood_RT.spt, Failed to load tree speedtree/shrubs_flowers/american_boxwood/AmericanBoxwood_RT.spt, Failed to load tree speedtree/shrubs_flowers/american_boxwood/AmericanBoxwood_RT.spt, Failed to load tree speedtree/shrubs_flowers/american_boxwood/AmericanBoxwood_RT.spt, Failed to load tree speedtree/shrubs_flowers/american_boxwood/AmericanBoxwood_RT.spt, Failed to load tree speedtree/shrubs_flowers/american_boxwood/AmericanBoxwood_RT.spt, Failed to load tree speedtree/shrubs_flowers/american_boxwood/AmericanBoxwood_RT.spt, Failed to load tree speedtree/shrubs_flowers/american_boxwood/AmericanBoxwood_RT.spt, Failed to load tree speedtree/shrubs_flowers/american_boxwood/AmericanBoxwood_RT.spt, Failed to load tree speedtree/shrubs_flowers/american_boxwood/AmericanBoxwood_RT.spt, Failed to load tree speedtree/shrubs_flowers/american_boxwood/AmericanBoxwood_RT.spt, Failed to load tree speedtree/shrubs_flowers/american_boxwood/AmericanBoxwood_RT.spt, Failed to load tree speedtree/shrubs_flowers/american_boxwood/AmericanBoxwood_RT.spt, Failed to load tree speedtree/shrubs_flowers/american_boxwood/AmericanBoxwood_RT.spt, Failed to load tree speedtree/shrubs_flowers/american_boxwood/AmericanBoxwood_RT.spt, Failed to load tree speedtree/shrubs_flowers/american_boxwood/AmericanBoxwood_RT.spt, Failed to load tree speedtree/shrubs_flowers/american_boxwood/AmericanBoxwood_RT.spt, Failed to load tree speedtree/shrubs_flowers/american_boxwood/AmericanBoxwood_RT.spt, Failed to load tree speedtree/shrubs_flowers/american_boxwood/AmericanBoxwood_RT.spt, Failed to load tree speedtree/shrubs_flowers/american_boxwood/AmericanBoxwood_RT.spt, Failed to load tree speedtree/shrubs_flowers/american_boxwood/AmericanBoxwood_RT.spt, Failed to load tree speedtree/shrubs_flowers/american_boxwood/AmericanBoxwood_RT.spt, Failed to load tree speedtree/shrubs_flowers/american_boxwood/AmericanBoxwood_RT.spt, Failed to load tree speedtree/shrubs_flowers/cinnamon_fern/CinnamonFern_RT.spt, Failed to load tree speedtree/shrubs_flowers/cinnamon_fern/CinnamonFern_RT.spt, Failed to load tree speedtree/shrubs_flowers/cinnamon_fern/CinnamonFern_RT.spt, Failed to load tree speedtree/shrubs_flowers/cinnamon_fern/CinnamonFern_RT.spt, Failed to load tree speedtree/shrubs_flowers/cinnamon_fern/CinnamonFern_RT.spt, Failed to load tree speedtree/shrubs_flowers/cinnamon_fern/CinnamonFern_RT.spt, Failed to load tree speedtree/shrubs_flowers/cinnamon_fern/CinnamonFern_RT.spt, Failed to load tree speedtree/shrubs_flowers/cinnamon_fern/CinnamonFern_RT.spt, Failed to load tree speedtree/shrubs_flowers/cinnamon_fern/CinnamonFern_RT.spt, Failed to load tree speedtree/shrubs_flowers/cinnamon_fern/CinnamonFern_RT.spt, Failed to load tree speedtree/shrubs_flowers/cinnamon_fern/CinnamonFern_RT.spt, Failed to load tree speedtree/shrubs_flowers/cinnamon_fern/CinnamonFern_RT.spt, Failed to load tree speedtree/shrubs_flowers/cinnamon_fern/CinnamonFern_RT.spt, Failed to load tree speedtree/shrubs_flowers/cinnamon_fern/CinnamonFern_RT.spt, Failed to load tree speedtree/shrubs_flowers/cinnamon_fern/CinnamonFern_RT.spt, Failed to load tree speedtree/shrubs_flowers/cinnamon_fern/CinnamonFern_RT.spt, Failed to load tree speedtree/shrubs_flowers/cinnamon_fern/CinnamonFern_RT.spt, Failed to load tree speedtree/shrubs_flowers/american_boxwood/AmericanBoxwood_RT.spt, Failed to load tree speedtree/shrubs_flowers/american_boxwood/AmericanBoxwood_RT.spt, Failed to load tree speedtree/shrubs_flowers/american_boxwood/AmericanBoxwood_RT.spt, Failed to load tree speedtree/shrubs_flowers/american_boxwood/AmericanBoxwood_RT.spt, Failed to load tree speedtree/shrubs_flowers/cinnamon_fern/CinnamonFern_RT.spt, Failed to load tree speedtree/shrubs_flowers/cinnamon_fern/CinnamonFern_RT.spt, Failed to load tree speedtree/shrubs_flowers/cinnamon_fern/CinnamonFern_RT.spt, Failed to load tree speedtree/shrubs_flowers/cinnamon_fern/CinnamonFern_RT.spt, Failed to load tree speedtree/shrubs_flowers/cinnamon_fern/CinnamonFern_RT.spt, Failed to load tree speedtree/shrubs_flowers/cinnamon_fern/CinnamonFern_RT.spt, Failed to load tree speedtree/shrubs_flowers/cinnamon_fern/CinnamonFern_RT.spt, Failed to load tree speedtree/shrubs_flowers/cinnamon_fern/CinnamonFern_RT.spt, Failed to load tree speedtree/shrubs_flowers/cinnamon_fern/CinnamonFern_RT.spt, Failed to load tree speedtree/shrubs_flowers/cinnamon_fern/CinnamonFern_RT.spt, Failed to load tree speedtree/shrubs_flowers/cinnamon_fern/CinnamonFern_RT.spt, Failed to load tree speedtree/shrubs_flowers/cinnamon_fern/CinnamonFern_RT.spt, Failed to load tree speedtree/shrubs_flowers/cinnamon_fern/CinnamonFern_RT.spt, Failed to load tree speedtree/shrubs_flowers/cinnamon_fern/CinnamonFern_RT.spt, Failed to load tree speedtree/shrubs_flowers/cinnamon_fern/CinnamonFern_RT.spt, Failed to load tree speedtree/Conifers/douglas_fir_full/DouglasFir_RT_Full.spt, Failed to load tree speedtree/Conifers/italian_cypress/ItalianCypress_RT.spt, Failed to load tree speedtree/shrubs_flowers/cinnamon_fern/CinnamonFern_RT.spt, Failed to load tree speedtree/shrubs_flowers/cinnamon_fern/CinnamonFern_RT.spt, Failed to load tree speedtree/shrubs_flowers/cinnamon_fern/CinnamonFern_RT.spt, Failed to load tree speedtree/shrubs_flowers/cinnamon_fern/CinnamonFern_RT.spt, Failed to load tree speedtree/shrubs_flowers/cinnamon_fern/CinnamonFern_RT.spt, Failed to load tree speedtree/shrubs_flowers/cinnamon_fern/CinnamonFern_RT.spt, Failed to load tree speedtree/shrubs_flowers/american_boxwood/AmericanBoxwood_RT.spt, Failed to load tree speedtree/shrubs_flowers/cinnamon_fern/CinnamonFern_RT.spt, Failed to load tree speedtree/shrubs_flowers/cinnamon_fern/CinnamonFern_RT.spt, Failed to load tree speedtree/shrubs_flowers/cinnamon_fern/CinnamonFern_RT.spt, Failed to load tree speedtree/shrubs_flowers/cinnamon_fern/CinnamonFern_RT.spt, Failed to load tree speedtree/shrubs_flowers/american_boxwood/AmericanBoxwood_RT.spt, Failed to load tree speedtree/shrubs_flowers/american_boxwood/AmericanBoxwood_RT.spt, Failed to load tree speedtree/shrubs_flowers/american_boxwood/AmericanBoxwood_RT.spt, Failed to load tree speedtree/shrubs_flowers/american_boxwood/AmericanBoxwood_RT.spt, Failed to load tree speedtree/shrubs_flowers/cinnamon_fern/CinnamonFern_RT.spt, Failed to load tree speedtree/shrubs_flowers/boston_fern/BostonFern_RT.spt, Failed to load tree speedtree/shrubs_flowers/boston_fern/BostonFern_RT.spt, Failed to load tree speedtree/shrubs_flowers/boston_fern/BostonFern_RT.spt, Failed to load tree speedtree/shrubs_flowers/boston_fern/B04/20/2016 - 20:44:49 : Error loading tree: speedtree/Broadleaves/umprellathorn/UmbrellaThorn_RT.spt: License Error: [Key expired on September 01, 2011]
04/20/2016 - 20:44:49 : Error loading tree: speedtree/Conifers/monterey_cypress/MontereyCypress_RT.spt: License Error: [Key expired on September 01, 2011]
04/20/2016 - 20:44:49 : Error loading tree: speedtree/Conifers/monterey_cypress/MontereyCypress_RT.spt: License Error: [Key expired on September 01, 2011]
04/20/2016 - 20:44:49 : Error loading tree: speedtree/Conifers/monterey_cypress/MontereyCypress_RT.spt: License Error: [Key expired on September 01, 2011]
04/20/2016 - 20:44:49 : Chunk::load: Failed to load chunk 00020001o: Failed to load tree speedtree/Broadleaves/umprellathorn/UmbrellaThorn_RT.spt, Failed to load tree speedtree/Conifers/monterey_cypress/MontereyCypress_RT.spt, Failed to load tree speedtree/Conifers/monterey_cypress/MontereyCypress_RT.spt, Failed to load tree speedtree/Conifers/monterey_cypress/MontereyCypress_RT.spt
04/20/2016 - 20:44:49 : Error loading tree: speedtree/Broadleaves/agarwoodcluster/bwAgarwoodCluster_RT.spt: License Error: [Key expired on September 01, 2011]
04/20/2016 - 20:44:49 : Error loading tree: speedtree/Broadleaves/agarwoodcluster/bwAgarwoodCluster_RT.spt: License Error: [Key expired on September 01, 2011]
04/20/2016 - 20:44:49 : Error loading tree: speedtree/Conifers/italian_cypress/ItalianCypress_RT.spt: License Error: [Key expired on September 01, 2011]
04/20/2016 - 20:44:49 : Error loading tree: speedtree/Conifers/italian_cypress/ItalianCypress_RT.spt: License Error: [Key expired on September 01, 2011]
04/20/2016 - 20:44:49 : Error loading tree: speedtree/Conifers/italian_cypress/ItalianCypress_RT.spt: License Error: [Key expired on September 01, 2011]
04/20/2016 - 20:44:49 : Error loading tree: speedtree/Conifers/italian_cypress/ItalianCypress_RT.spt: License Error: [Key expired on September 01, 2011]
04/20/2016 - 20:44:49 : Error loading tree: speedtree/Broadleaves/agarwoodcluster/bwAgarwoodCluster_RT.spt: License Error: [Key expired on September 01, 2011]
04/20/2016 - 20:44:49 : Error loading tree: speedtree/Conifers/italian_cypress/ItalianCypress_RT.spt: License Error: [Key expired on September 01, 2011]
04/20/2016 - 20:44:49 : Error loading tree: speedtree/Conifers/italian_cypress/ItalianCypress_RT.spt: License Error: [Key expired on September 01, 2011]
04/20/2016 - 20:44:49 : Error loading tree: speedtree/Conifers/italian_cypress/ItalianCypress_RT.spt: License Error: [Key expired on September 01, 2011]
04/20/2016 - 20:44:49 : Error loading tree: speedtree/Conifers/italian_cypress/ItalianCypress_RT.spt: License Error: [Key expired on September 01, 2011]
04/20/2016 - 20:44:49 : Error loading tree: speedtree/Conifers/italian_cypress/ItalianCypress_RT.spt: License Error: [Key expired on September 01, 2011]
04/20/2016 - 20:44:49 : Error loading tree: speedtree/Conifers/italian_cypress/ItalianCypress_RT.spt: License Error: [Key expired on September 01, 2011]
04/20/2016 - 20:44:49 : Error loading tree: speedtree/Conifers/douglas_fir_full/DouglasFir_RT_Full.spt: License Error: [Key expired on September 01, 2011]
04/20/2016 - 20:44:49 : Error loading tree: speedtree/Conifers/douglas_fir_full/DouglasFir_RT_Full.spt: License Error: [Key expired on September 01, 2011]
04/20/2016 - 20:44:49 : Error loading tree: speedtree/Conifers/douglas_fir_full/DouglasFir_RT_Full.spt: License Error: [Key expired on September 01, 2011]
04/20/2016 - 20:44:49 : Error loading tree: speedtree/Conifers/douglas_fir_full/DouglasFir_RT_Full.spt: License Error: [Key expired on September 01, 2011]
04/20/2016 - 20:44:49 : Error loading tree: speedtree/Conifers/douglas_fir_full/DouglasFir_RT_Full.spt: License Error: [Key expired on September 01, 2011]
04/20/2016 - 20:44:49 : Error loading tree: speedtree/Conifers/douglas_fir_full/DouglasFir_RT_Full.spt: License Error: [Key expired on September 01, 2011]
04/20/2016 - 20:44:49 : Error loading tree: speedtree/Conifers/douglas_fir_full/DouglasFir_RT_Full.spt: License Error: [Key expired on September 01, 2011]
04/20/2016 - 20:44:49 : Error loading tree: speedtree/Conifers/douglas_fir_full/DouglasFir_RT_Full.spt: License Error: [Key expired on September 01, 2011]
04/20/2016 - 20:44:49 : Error loading tree: speedtree/Conifers/douglas_fir_full/DouglasFir_RT_Full.spt: License Error: [Key expired on September 01, 2011]
04/20/2016 - 20:44:49 : Error loading tree: speedtree/shrubs_flowers/cinnamon_fern/CinnamonFern_RT.spt: License Error: [Key expired on September 01, 2011]
04/20/2016 - 20:44:49 : Error loading tree: speedtree/shrubs_flowers/cinnamon_fern/CinnamonFern_RT.spt: License Error: [Key expired on September 01, 2011]
04/20/2016 - 20:44:49 : Error loading tree: speedtree/shrubs_flowers/cinnamon_fern/CinnamonFern_RT.spt: License Error: [Key expired on September 01, 2011]
04/20/2016 - 20:44:49 : Error loading tree: speedtree/shrubs_flowers/cinnamon_fern/CinnamonFern_RT.spt: License Error: [Key expired on September 01, 2011]
04/20/2016 - 20:44:49 : Error loading tree: speedtree/shrubs_flowers/cinnamon_fern/CinnamonFern_RT.spt: License Error: [Key expired on September 01, 2011]
04/20/2016 - 20:44:49 : Error loading tree: speedtree/shrubs_flowers/cinnamon_fern/CinnamonFern_RT.spt: License Error: [Key expired on September 01, 2011]
04/20/2016 - 20:44:49 : Error loading tree: speedtree/shrubs_flowers/cinnamon_fern/CinnamonFern_RT.spt: License Error: [Key expired on September 01, 2011]
04/20/2016 - 20:44:49 : Error loading tree: speedtree/shrubs_flowers/cinnamon_fern/CinnamonFern_RT.spt: License Error: [Key expired on September 01, 2011]
04/20/2016 - 20:44:49 : Error loading tree: speedtree/shrubs_flowers/cinnamon_fern/CinnamonFern_RT.spt: License Error: [Key expired on September 01, 2011]
04/20/2016 - 20:44:49 : Error loading tree: speedtree/shrubs_flowers/cinnamon_fern/CinnamonFern_RT.spt: License Error: [Key expired on September 01, 2011]
04/20/2016 - 20:44:49 : Error loading tree: speedtree/shrubs_flowers/cinnamon_fern/CinnamonFern_RT.spt: License Error: [Key expired on September 01, 2011]
04/20/2016 - 20:44:49 : Error loading tree: speedtree/shrubs_flowers/cinnamon_fern/CinnamonFern_RT.spt: License Error: [Key expired on September 01, 2011]
04/20/2016 - 20:44:49 : Error loading tree: speedtree/shrubs_flowers/cinnamon_fern/CinnamonFern_RT.spt: License Error: [Key expired on September 01, 2011]
04/20/2016 - 20:44:49 : Error loading tree: speedtree/shrubs_flowers/cinnamon_fern/CinnamonFern_RT.spt: License Error: [Key expired on September 01, 2011]
04/20/2016 - 20:44:49 : Error loading tree: speedtree/shrubs_flowers/cinnamon_fern/CinnamonFern_RT.spt: License Error: [Key expired on September 01, 2011]
04/20/2016 - 20:44:49 : Error loading tree: speedtree/shrubs_flowers/cinnamon_fern/CinnamonFern_RT.spt: License Error: [Key expired on September 01, 2011]
04/20/2016 - 20:44:49 : Error loading tree: speedtree/shrubs_flowers/cinnamon_fern/CinnamonFern_RT.spt: License Error: [Key expired on September 01, 2011]
04/20/2016 - 20:44:49 : Error loading tree: speedtree/shrubs_flowers/cinnamon_fern/CinnamonFern_RT.spt: License Error: [Key expired on September 01, 2011]
04/20/2016 - 20:44:49 : Error loading tree: speedtree/shrubs_flowers/cinnamon_fern/CinnamonFern_RT.spt: License Error: [Key expired on September 01, 2011]
04/20/2016 - 20:44:49 : Error loading tree: speedtree/shrubs_flowers/cinnamon_fern/CinnamonFern_RT.spt: License Error: [Key expired on September 01, 2011]
04/20/2016 - 20:44:49 : Error loading tree: speedtree/shrubs_flowers/cinnamon_fern/CinnamonFern_RT.spt: License Error: [Key expired on September 01, 2011]
04/20/2016 - 20:44:49 : Error loading tree: speedtree/shrubs_flowers/cinnamon_fern/CinnamonFern_RT.spt: License Error: [Key expired on September 01, 2011]
04/20/2016 - 20:44:49 : Error loading tree: speedtree/shrubs_flowers/american_boxwood/AmericanBoxwood_RT.spt: License Error: [Key expired on September 01, 2011]
04/20/2016 - 20:44:49 : Error loading tree: speedtree/shrubs_flowers/american_boxwood/AmericanBoxwood_RT.spt: License Error: [Key expired on September 01, 2011]
04/20/2016 - 20:44:49 : Error loading tree: speedtree/shrubs_flowers/american_boxwood/AmericanBoxwood_RT.spt: License Error: [Key expired on September 01, 2011]
04/20/2016 - 20:44:49 : Error loading tree: speedtree/shrubs_flowers/american_boxwood/AmericanBoxwood_RT.spt: License Error: [Key expired on September 01, 2011]
04/20/2016 - 20:44:49 : Error loading tree: speedtree/shrubs_flowers/american_boxwood/AmericanBoxwood_RT.spt: License Error: [Key expired on September 01, 2011]
04/20/2016 - 20:44:49 : Error loading tree: speedtree/shrubs_flowers/american_boxwood/AmericanBoxwood_RT.spt: License Error: [Key expired on September 01, 2011]
04/20/2016 - 20:44:49 : Error loading tree: speedtree/shrubs_flowers/american_boxwood/AmericanBoxwood_RT.spt: License Error: [Key expired on September 01, 2011]
04/20/2016 - 20:44:49 : Error loading tree: speedtree/shrubs_flowers/american_boxwood/AmericanBoxwood_RT.spt: License Error: [Key expired on September 01, 2011]
04/20/2016 - 20:44:49 : Error loading tree: speedtree/shrubs_flowers/american_boxwood/AmericanBoxwood_RT.spt: License Error: [Key expired on September 01, 2011]
04/20/2016 - 20:44:49 : Error loading tree: speedtree/shrubs_flowers/american_boxwood/AmericanBoxwood_RT.spt: License Error: [Key expired on September 01, 2011]
04/20/2016 - 20:44:49 : Error loading tree: speedtree/shrubs_flowers/american_boxwood/AmericanBoxwood_RT.spt: License Error: [Key expired on September 01, 2011]
04/20/2016 - 20:44:49 : Error loading tree: speedtree/shrubs_flowers/american_boxwood/AmericanBoxwood_RT.spt: License Error: [Key expired on September 01, 2011]
04/20/2016 - 20:44:49 : Error loading tree: speedtree/shrubs_flowers/american_boxwood/AmericanBoxwood_RT.spt: License Error: [Key expired on September 01, 2011]
04/20/2016 - 20:44:49 : Error loading tree: speedtree/shrubs_flowers/american_boxwood/AmericanBoxwood_RT.spt: License Error: [Key expired on September 01, 2011]
04/20/2016 - 20:44:49 : Error loading tree: speedtree/shrubs_flowers/boston_fern/BostonFern_RT.spt: License Error: [Key expired on September 01, 2011]
04/20/2016 - 20:44:49 : Error loading tree: speedtree/shrubs_flowers/boston_fern/BostonFern_RT.spt: License Error: [Key expired on September 01, 2011]
04/20/2016 - 20:44:49 : Error loading tree: speedtree/shrubs_flowers/boston_fern/BostonFern_RT.spt: License Error: [Key expired on September 01, 2011]
04/20/2016 - 20:44:49 : Error loading tree: speedtree/shrubs_flowers/boston_fern/BostonFern_RT.spt: License Error: [Key expired on September 01, 2011]
04/20/2016 - 20:44:49 : Error loading tree: speedtree/shrubs_flowers/boston_fern/BostonFern_RT.spt: License Error: [Key expired on September 01, 2011]
04/20/2016 - 20:44:49 : Error loading tree: speedtree/shrubs_flowers/boston_fern/BostonFern_RT.spt: License Error: [Key expired on September 01, 2011]
04/20/2016 - 20:44:49 : Error loading tree: speedtree/shrubs_flowers/boston_fern/BostonFern_RT.spt: License Error: [Key expired on September 01, 2011]
04/20/2016 - 20:44:49 : Error loading tree: speedtree/shrubs_flowers/boston_fern/BostonFern_RT.spt: License Error: [Key expired on September 01, 2011]
04/20/2016 - 20:44:49 : Error loading tree: speedtree/shrubs_flowers/boston_fern/BostonFern_RT.spt: License Error: [Key expired on September 01, 2011]
04/20/2016 - 20:44:49 : Error loading tree: speedtree/shrubs_flowers/boston_fern/BostonFern_RT.spt: License Error: [Key expired on September 01, 2011]
04/20/2016 - 20:44:49 : Error loading tree: speedtree/shrubs_flowers/boston_fern/BostonFern_RT.spt: License Error: [Key expired on September 01, 2011]
04/20/2016 - 20:44:49 : Error loading tree: speedtree/shrubs_flowers/boston_fern/BostonFern_RT.spt: License Error: [Key expired on September 01, 2011]
04/20/2016 - 20:44:49 : Error loading tree: speedtree/shrubs_flowers/boston_fern/BostonFern_RT.spt: License Error: [Key expired on September 01, 2011]
04/20/2016 - 20:44:49 : Error loading tree: speedtree/shrubs_flowers/boston_fern/BostonFern_RT.spt: License Error: [Key expired on September 01, 2011]
04/20/2016 - 20:44:49 : Error loading tree: speedtree/shrubs_flowers/boston_fern/BostonFern_RT.spt: License Error: [Key expired on September 01, 2011]
04/20/2016 - 20:44:49 : Error loading tree: speedtree/shrubs_flowers/boston_fern/BostonFern_RT.spt: License Error: [Key expired on September 01, 2011]
04/20/2016 - 20:44:49 : Error loading tree: speedtree/shrubs_flowers/american_boxwood/AmericanBoxwood_RT.spt: License Error: [Key expired on September 01, 2011]
04/20/2016 - 20:44:49 : Error loading tree: speedtree/shrubs_flowers/boston_fern/BostonFern_RT.spt: License Error: [Key expired on September 01, 2011]
04/20/2016 - 20:44:49 : Error loading tree: speedtree/shrubs_flowers/american_boxwood/AmericanBoxwood_RT.spt: License Error: [Key expired on September 01, 2011]
04/20/2016 - 20:44:49 : Chunk::load: Failed to load chunk 00010000o: Failed to load tree speedtree/Broadleaves/agarwoodcluster/bwAgarwoodCluster_RT.spt, Failed to load tree speedtree/Broadleaves/agarwoodcluster/bwAgarwoodCluster_RT.spt, Failed to load tree speedtree/Conifers/italian_cypress/ItalianCypress_RT.spt, Failed to load tree speedtree/Conifers/italian_cypress/ItalianCypress_RT.spt, Failed to load tree speedtree/Conifers/italian_cypress/ItalianCypress_RT.spt, Failed to load tree speedtree/Conifers/italian_cypress/ItalianCypress_RT.spt, Failed to load tree speedtree/Broadleaves/agarwoodcluster/bwAgarwoodCluster_RT.spt, Failed to load tree speedtree/Conifers/italian_cypress/ItalianCypress_RT.spt, Failed to load tree speedtree/Conifers/italian_cypress/ItalianCypress_RT.spt, Failed to load tree speedtree/Conifers/italian_cypress/ItalianCypress_RT.spt, Failed to load tree speedtree/Conifers/italian_cypress/ItalianCypress_RT.spt, Failed to load tree speedtree/Conifers/italian_cypress/ItalianCypress_RT.spt, Failed to load tree speedtree/Conifers/italian_cypress/ItalianCypress_RT.spt, Failed to load tree speedtree/Conifers/douglas_fir_full/DouglasFir_RT_Full.spt, Failed to load tree speedtree/Conifers/douglas_fir_full/DouglasFir_RT_Full.spt, Failed to load tree speedtree/Conifers/douglas_fir_full/DouglasFir_RT_Full.spt, Failed to load tree speedtree/Conifers/douglas_fir_full/DouglasFir_RT_Full.spt, Failed to load tree speedtree/Conifers/douglas_fir_full/DouglasFir_RT_Full.spt, Failed to load tree speedtree/Conifers/douglas_fir_full/DouglasFir_RT_Full.spt, Failed to load tree speedtree/Conifers/douglas_fir_full/DouglasFir_RT_Full.spt, Failed to load tree speedtree/Conifers/douglas_fir_full/DouglasFir_RT_Full.spt, Failed to load tree speedtree/Conifers/douglas_fir_full/DouglasFir_RT_Full.spt, Failed to load tree speedtree/shrubs_flowers/cinnamon_fern/CinnamonFern_RT.spt, Failed to load tree speedtree/shrubs_flowers/cinnamon_fern/CinnamonFern_RT.spt, Failed to load tree speedtree/shrubs_flowers/cinnamon_fern/CinnamonFern_RT.spt, Failed to load tree speedtree/shrubs_flowers/cinnamon_fern/CinnamonFern_RT.spt, Failed to load tree speedtree/shrubs_flowers/cinnamon_fern/CinnamonFern_RT.spt, Failed to load tree speedtree/shrubs_flowers/cinnamon_fern/CinnamonFern_RT.spt, Failed to load tree speedtree/shrubs_flowers/cinnamon_fern/CinnamonFern_RT.spt, Failed to load tree speedtree/shrubs_flowers/cinnamon_fern/CinnamonFern_RT.spt, Failed to load tree speedtree/shrubs_flowers/cinnamon_fern/CinnamonFern_RT.spt, Failed to load tree speedtree/shrubs_flowers/cinnamon_fern/CinnamonFern_RT.spt, Failed to load tree speedtree/shrubs_flowers/cinnamon_fern/CinnamonFern_RT.spt, Failed to load tree speedtree/shrubs_flowers/cinnamon_fern/CinnamonFern_RT.spt, Failed to load tree speedtree/shrubs_flowers/cinnamon_fern/CinnamonFern_RT.spt, Failed to load tree speedtree/shrubs_flowers/cinnamon_fern/CinnamonFern_RT.spt, Failed to load tree speedtree/shrubs_flowers/cinnamon_fern/CinnamonFern_RT.spt, Failed to load tree speedtree/shrubs_flowers/cinnamon_fern/CinnamonFern_RT.spt, Failed to load tree speedtree/shrubs_flowers/cinnamon_fern/CinnamonFern_RT.spt, Failed to load tree speedtree/shrubs_flowers/cinnamon_fern/CinnamonFern_RT.spt, Failed to load tree speedtree/shrubs_flowers/cinnamon_fern/CinnamonFern_RT.spt, Failed to load tree speedtree/shrubs_flowers/cinnamon_fern/CinnamonFern_RT.spt, Failed to load tree speedtree/shrubs_flowers/cinnamon_fern/CinnamonFern_RT.spt, Failed to load tree speedtree/shrubs_flowers/cinnamon_fern/CinnamonFern_RT.spt, Failed to load tree speedtree/shrubs_flowers/american_boxwood/AmericanBoxwood_RT.spt, Failed to load tree speedtree/shrubs_flowers/american_boxwood/AmericanBoxwood_RT.spt, Failed to load tree speedtree/shrubs_flowers/american_boxwood/AmericanBoxwood_RT.spt, Failed to load tree speedtree/shrubs_flowers/american_boxwood/AmericanBoxwood_RT.spt, Failed to load tree speedtree/shrubs_flowers/american_boxwood/AmericanBoxwood_RT.spt, Failed to load tree speedtree/shrubs_flowers/american_boxwood/AmericanBoxwood_RT.spt, Failed to load tree speedtree/shrubs_flowers/american_boxwood/AmericanBoxwood_RT.spt, Failed to load tree speedtree/shrubs_flowers/american_boxwood/AmericanBoxwood_RT.spt, Failed to load tree speedtree/shrubs_flowers/american_boxwood/AmericanBoxwood_RT.spt, Failed to load tree speedtree/shrubs_flowers/american_boxwood/AmericanBoxwood_RT.spt, Failed to load tree speedtree/shrubs_flowers/american_boxwood/AmericanBoxwood_RT.spt, Failed to load tree speedtree/shrubs_flowers/american_boxwood/AmericanBoxwood_RT.spt, Failed to load tree speedtree/shrubs_flowers/american_boxwood/AmericanBoxwood_RT.spt, Failed to load tree speedtree/shrubs_flowers/american_boxwood/AmericanBoxwood_RT.spt, Failed to load tree speedtree/shrubs_flowers/boston_fern/BostonFern_RT.spt, Failed to load tree speedtree/shrubs_flowers/boston_fern/BostonFern_RT.spt, Failed to load tree speedtree/shrubs_flowers/boston_fern/BostonFern_RT.spt, Failed to load tree speedtree/shrubs_flowers/boston_fern/BostonFern_RT.spt, Failed to load tree speedtree/shrubs_flowers/boston_fern/BostonFern_RT.spt, Failed to load tree speedtree/shrubs_flowers/boston_fern/BostonFern_RT.spt, Failed to load tree speedtree/shrubs_flowers/boston_fern/BostonFern_RT.spt, Failed to load tree speedtree/shrubs_flowers/boston_fern/BostonFern_RT.spt, Failed to load tree speedtree/shrubs_flowers/boston_fern/BostonFern_RT.spt, Failed to load tree speedtree/shrubs_flowers/boston_fern/BostonFern_RT.spt, Failed to load tree speedtree/shrubs_flowers/boston_fern/BostonFern_RT.spt, Failed to load tree speedtree/shrubs_flowers/boston_fern/BostonFern_RT.spt, Failed to load tree speedtree/shrubs_flowers/boston_fern/BostonFern_RT.spt, Failed to load tree speedtree/shrubs_flowers/boston_fern/BostonFern_RT.spt, Failed to load tree speedtree/shrubs_flowers/boston_fern/BostonFern_RT.spt, Failed to load tree speedtree/shrubs_flowers/boston_fern/BostonFern_RT.spt, Failed to load tree speedtree/shrubs_flowers/american_boxwood/AmericanBoxwood_RT.spt, Failed to load tree speedtree/shrubs_flowers/boston_fern/BostonFern_RT.spt, Failed to load tree speedtree/shrubs_flowers/american_boxwood/AmericanBoxwood_RT.spt
04/20/2016 - 20:44:49 : Error loading tree: speedtree/Palms_Cacti_Cycads/joshua_tree/JoshuaTree_RT.spt: License Error: [Key expired on September 01, 2011]
04/20/2016 - 20:44:49 : Error loading tree: speedtree/Palms_Cacti_Cycads/joshua_tree/JoshuaTree_RT.spt: License Error: [Key expired on September 01, 2011]
04/20/2016 - 20:44:49 : Error loading tree: speedtree/Palms_Cacti_Cycads/joshua_tree/JoshuaTree_RT.spt: License Error: [Key expired on September 01, 2011]
04/20/2016 - 20:44:49 : Error loading tree: speedtree/Broadleaves/american_elm_noleaves/AmericanElm_RT_noleaves.spt: License Error: [Key expired on September 01, 2011]
04/20/2016 - 20:44:49 : Chunk::load: Failed to load chunk 00030002o: Failed to load tree speedtree/Palms_Cacti_Cycads/joshua_tree/JoshuaTree_RT.spt, Failed to load tree speedtree/Palms_Cacti_Cycads/joshua_tree/JoshuaTree_RT.spt, Failed to load tree speedtree/Palms_Cacti_Cycads/joshua_tree/JoshuaTree_RT.spt, Failed to load tree speedtree/Broadleaves/american_elm_noleaves/AmericanElm_RT_noleaves.spt
04/20/2016 - 20:44:49 : Error loading tree: speedtree/Palms_Cacti_Cycads/joshua_tree/JoshuaTree_RT.spt: License Error: [Key expired on September 01, 2011]
04/20/2016 - 20:44:49 : Error loading tree: speedtree/Palms_Cacti_Cycads/joshua_tree/JoshuaTree_RT.spt: License Error: [Key expired on September 01, 2011]
04/20/2016 - 20:44:49 : Error loading tree: speedtree/Palms_Cacti_Cycads/joshua_tree/JoshuaTree_RT.spt: License Error: [Key expired on September 01, 2011]
04/20/2016 - 20:44:49 : Error loading tree: speedtree/Palms_Cacti_Cycads/joshua_tree/JoshuaTree_RT.spt: License Error: [Key expired on September 01, 2011]
04/20/2016 - 20:44:49 : Chunk::load: Failed to load chunk 00060003o: Failed to load tree speedtree/Palms_Cacti_Cycads/joshua_tree/JoshuaTree_RT.spt, Failed to load tree speedtree/Palms_Cacti_Cycads/joshua_tree/JoshuaTree_RT.spt, Failed to load tree speedtree/Palms_Cacti_Cycads/joshua_tree/JoshuaTree_RT.spt, Failed to load tree speedtree/Palms_Cacti_Cycads/joshua_tree/JoshuaTree_RT.spt
04/20/2016 - 20:44:49 : Error loading tree: speedtree/Conifers/douglas_fir_full/DouglasFir_RT_Full.spt: License Error: [Key expired on September 01, 2011]
04/20/2016 - 20:44:49 : Error loading tree: speedtree/Conifers/douglas_fir_full/DouglasFir_RT_Full.spt: License Error: [Key expired on September 01, 2011]
04/20/2016 - 20:44:49 : Error loading tree: speedtree/shrubs_flowers/american_boxwood/AmericanBoxwood_RT.spt: License Error: [Key expired on September 01, 2011]
04/20/2016 - 20:44:49 : Error loading tree: speedtree/shrubs_flowers/american_boxwood/AmericanBoxwood_RT.spt: License Error: [Key expired on September 01, 2011]
04/20/2016 - 20:44:49 : Error loading tree: speedtree/shrubs_flowers/american_boxwood/AmericanBoxwood_RT.spt: License Error: [Key expired on September 01, 2011]
04/20/2016 - 20:44:49 : Chunk::load: Failed to load chunk 0000fffdo: Failed to load tree speedtree/Conifers/douglas_fir_full/DouglasFir_RT_Full.spt, Failed to load tree speedtree/Conifers/douglas_fir_full/DouglasFir_RT_Full.spt, Failed to load tree speedtree/shrubs_flowers/american_boxwood/AmericanBoxwood_RT.spt, Failed to load tree speedtree/shrubs_flowers/american_boxwood/AmericanBoxwood_RT.spt, Failed to load tree speedtree/shrubs_flowers/american_boxwood/AmericanBoxwood_RT.spt
04/20/2016 - 20:44:49 : Error loading tree: speedtree/Broadleaves/american_elm_noleaves/AmericanElm_RT_noleaves.spt: License Error: [Key expired on September 01, 2011]
04/20/2016 - 20:44:49 : Chunk::load: Failed to load chunk 00050003o: Failed to load tree speedtree/Broadleaves/american_elm_noleaves/AmericanElm_RT_noleaves.spt
04/20/2016 - 20:44:49 : Error loading tree: speedtree/Conifers/douglas_fir_full/DouglasFir_RT_Full.spt: License Error: [Key expired on September 01, 2011]
04/20/2016 - 20:44:50 : Error loading tree: speedtree/Conifers/italian_stonepine/ItalianStonePine_RT_1.spt: License Error: [Key expired on September 01, 2011]
04/20/2016 - 20:44:50 : Error loading tree: speedtree/Conifers/italian_stonepine/ItalianStonePine_RT_1.spt: License Error: [Key expired on September 01, 2011]
04/20/2016 - 20:44:50 : Error loading tree: speedtree/Conifers/italian_cypress/ItalianCypress_RT.spt: License Error: [Key expired on September 01, 2011]
04/20/2016 - 20:44:50 : Error loading tree: speedtree/Conifers/italian_cypress/ItalianCypress_RT.spt: License Error: [Key expired on September 01, 2011]
04/20/2016 - 20:44:50 : Error loading tree: speedtree/Conifers/italian_cypress/ItalianCypress_RT.spt: License Error: [Key expired on September 01, 2011]
04/20/2016 - 20:44:50 : Error loading tree: speedtree/Conifers/italian_cypress/ItalianCypress_RT.spt: License Error: [Key expired on September 01, 2011]
04/20/2016 - 20:44:50 : Error loading tree: speedtree/Conifers/italian_cypress/ItalianCypress_RT.spt: License Error: [Key expired on September 01, 2011]
04/20/2016 - 20:44:50 : Error loading tree: speedtree/Conifers/douglas_fir/DouglasFir_RT.spt: License Error: [Key expired on September 01, 2011]
04/20/2016 - 20:44:50 : Error loading tree: speedtree/Conifers/douglas_fir_full/DouglasFir_RT_Full.spt: License Error: [Key expired on September 01, 2011]
04/20/2016 - 20:44:50 : Error loading tree: speedtree/Conifers/douglas_fir_full/DouglasFir_RT_Full.spt: License Error: [Key expired on September 01, 2011]
04/20/2016 - 20:44:50 : Error loading tree: speedtree/Conifers/douglas_fir/DouglasFir_RT.spt: License Error: [Key expired on September 01, 2011]
04/20/2016 - 20:44:50 : Error loading tree: speedtree/Conifers/douglas_fir/DouglasFir_RT.spt: License Error: [Key expired on September 01, 2011]
04/20/2016 - 20:44:50 : Error loading tree: speedtree/shrubs_flowers/american_boxwood/AmericanBoxwood_RT.spt: License Error: [Key expired on September 01, 2011]
04/20/2016 - 20:44:50 : Error loading tree: speedtree/shrubs_flowers/american_boxwood/AmericanBoxwood_RT.spt: License Error: [Key expired on September 01, 2011]
04/20/2016 - 20:44:50 : Error loading tree: speedtree/shrubs_flowers/american_boxwood/AmericanBoxwood_RT.spt: License Error: [Key expired on September 01, 2011]
04/20/2016 - 20:44:50 : Error loading tree: speedtree/shrubs_flowers/american_boxwood/AmericanBoxwood_RT.spt: License Error: [Key expired on September 01, 2011]
04/20/2016 - 20:44:50 : Error loading tree: speedtree/shrubs_flowers/american_boxwood/AmericanBoxwood_RT.spt: License Error: [Key expired on September 01, 2011]
04/20/2016 - 20:44:50 : Error loading tree: speedtree/shrubs_flowers/american_boxwood/AmericanBoxwood_RT.spt: License Error: [Key expired on September 01, 2011]
04/20/2016 - 20:44:50 : Error loading tree: speedtree/shrubs_flowers/american_boxwood/AmericanBoxwood_RT.spt: License Error: [Key expired on September 01, 2011]
04/20/2016 - 20:44:50 : Error loading tree: speedtree/shrubs_flowers/american_boxwood/AmericanBoxwood_RT.spt: License Error: [Key expired on September 01, 2011]
04/20/2016 - 20:44:50 : Error loading tree: speedtree/shrubs_flowers/american_boxwood/AmericanBoxwood_RT.spt: License Error: [Key expired on September 01, 2011]
04/20/2016 - 20:44:50 : Error loading tree: speedtree/shrubs_flowers/american_boxwood/AmericanBoxwood_RT.spt: License Error: [Key expired on September 01, 2011]
04/20/2016 - 20:44:50 : Error loading tree: speedtree/shrubs_flowers/american_boxwood/AmericanBoxwood_RT.spt: License Error: [Key expired on September 01, 2011]
04/20/2016 - 20:44:50 : Error loading tree: speedtree/shrubs_flowers/american_boxwood/AmericanBoxwood_RT.spt: License Error: [Key expired on September 01, 2011]
04/20/2016 - 20:44:50 : Error loading tree: speedtree/shrubs_flowers/american_boxwood/AmericanBoxwood_RT.spt: License Error: [Key expired on September 01, 2011]
04/20/2016 - 20:44:50 : Error loading tree: speedtree/shrubs_flowers/american_boxwood/AmericanBoxwood_RT.spt: License Error: [Key expired on September 01, 2011]
04/20/2016 - 20:44:50 : Error loading tree: speedtree/shrubs_flowers/american_boxwood/AmericanBoxwood_RT.spt: License Error: [Key expired on September 01, 2011]
04/20/2016 - 20:44:50 : Error loading tree: speedtree/shrubs_flowers/american_boxwood/AmericanBoxwood_RT.spt: License Error: [Key expired on September 01, 2011]
04/20/2016 - 20:44:50 : Error loading tree: speedtree/shrubs_flowers/american_boxwood/AmericanBoxwood_RT.spt: License Error: [Key expired on September 01, 2011]
04/20/2016 - 20:44:50 : Error loading tree: speedtree/shrubs_flowers/american_boxwood/AmericanBoxwood_RT.spt: License Error: [Key expired on September 01, 2011]
04/20/2016 - 20:44:50 : Error loading tree: speedtree/shrubs_flowers/american_boxwood/AmericanBoxwood_RT.spt: License Error: [Key expired on September 01, 2011]
04/20/2016 - 20:44:50 : Error loading tree: speedtree/shrubs_flowers/american_boxwood/AmericanBoxwood_RT.spt: License Error: [Key expired on September 01, 2011]
04/20/2016 - 20:44:50 : Error loading tree: speedtree/shrubs_flowers/american_boxwood/AmericanBoxwood_RT.spt: License Error: [Key expired on September 01, 2011]
04/20/2016 - 20:44:50 : Error loading tree: speedtree/shrubs_flowers/american_boxwood/AmericanBoxwood_RT.spt: License Error: [Key expired on September 01, 2011]
04/20/2016 - 20:44:50 : Error loading tree: speedtree/shrubs_flowers/american_boxwood/AmericanBoxwood_RT.spt: License Error: [Key expired on September 01, 2011]
04/20/2016 - 20:44:50 : Error loading tree: speedtree/shrubs_flowers/american_boxwood/AmericanBoxwood_RT.spt: License Error: [Key expired on September 01, 2011]
04/20/2016 - 20:44:50 : Error loading tree: speedtree/shrubs_flowers/american_boxwood/AmericanBoxwood_RT.spt: License Error: [Key expired on September 01, 2011]
04/20/2016 - 20:44:50 : Error loading tree: speedtree/shrubs_flowers/american_boxwood/AmericanBoxwood_RT.spt: License Error: [Key expired on September 01, 2011]
04/20/2016 - 20:44:50 : Error loading tree: speedtree/shrubs_flowers/american_boxwood/AmericanBoxwood_RT.spt: License Error: [Key expired on September 01, 2011]
04/20/2016 - 20:44:50 : Error loading tree: speedtree/shrubs_flowers/american_boxwood/AmericanBoxwood_RT.spt: License Error: [Key expired on September 01, 2011]
04/20/2016 - 20:44:50 : Error loading tree: speedtree/shrubs_flowers/american_boxwood/AmericanBoxwood_RT.spt: License Error: [Key expired on September 01, 2011]
04/20/2016 - 20:44:50 : Error loading tree: speedtree/shrubs_flowers/american_boxwood/AmericanBoxwood_RT.spt: License Error: [Key expired on September 01, 2011]
04/20/2016 - 20:44:50 : Error loading tree: speedtree/shrubs_flowers/american_boxwood/AmericanBoxwood_RT.spt: License Error: [Key expired on September 01, 2011]
04/20/2016 - 20:44:50 : Error loading tree: speedtree/shrubs_flowers/american_boxwood/AmericanBoxwood_RT.spt: License Error: [Key expired on September 01, 2011]
04/20/2016 - 20:44:50 : Error loading tree: speedtree/shrubs_flowers/american_boxwood/AmericanBoxwood_RT.spt: License Error: [Key expired on September 01, 2011]
04/20/2016 - 20:44:50 : Error loading tree: speedtree/shrubs_flowers/american_boxwood/AmericanBoxwood_RT.spt: License Error: [Key expired on September 01, 2011]
04/20/2016 - 20:44:50 : Error loading tree: speedtree/shrubs_flowers/american_boxwood/AmericanBoxwood_RT.spt: License Error: [Key expired on September 01, 2011]
04/20/2016 - 20:44:50 : Error loading tree: speedtree/shrubs_flowers/cinnamon_fern/CinnamonFern_RT.spt: License Error: [Key expired on September 01, 2011]
04/20/2016 - 20:44:50 : Error loading tree: speedtree/shrubs_flowers/cinnamon_fern/CinnamonFern_RT.spt: License Error: [Key expired on September 01, 2011]
04/20/2016 - 20:44:50 : Error loading tree: speedtree/shrubs_flowers/cinnamon_fern/CinnamonFern_RT.spt: License Error: [Key expired on September 01, 2011]
04/20/2016 - 20:44:50 : Error loading tree: speedtree/shrubs_flowers/cinnamon_fern/CinnamonFern_RT.spt: License Error: [Key expired on September 01, 2011]
04/20/2016 - 20:44:50 : Error loading tree: speedtree/shrubs_flowers/cinnamon_fern/CinnamonFern_RT.spt: License Error: [Key expired on September 01, 2011]
04/20/2016 - 20:44:50 : Error loading tree: speedtree/shrubs_flowers/cinnamon_fern/CinnamonFern_RT.spt: License Error: [Key expired on September 01, 2011]
04/20/2016 - 20:44:50 : Error loading tree: speedtree/shrubs_flowers/cinnamon_fern/CinnamonFern_RT.spt: License Error: [Key expired on September 01, 2011]
04/20/2016 - 20:44:50 : Error loading tree: speedtree/shrubs_flowers/cinnamon_fern/CinnamonFern_RT.spt: License Error: [Key expired on September 01, 2011]
04/20/2016 - 20:44:50 : Error loading tree: speedtree/shrubs_flowers/cinnamon_fern/CinnamonFern_RT.spt: License Error: [Key expired on September 01, 2011]
04/20/2016 - 20:44:50 : Error loading tree: speedtree/shrubs_flowers/cinnamon_fern/CinnamonFern_RT.spt: License Error: [Key expired on September 01, 2011]
04/20/2016 - 20:44:50 : Error loading tree: speedtree/shrubs_flowers/cinnamon_fern/CinnamonFern_RT.spt: License Error: [Key expired on September 01, 2011]
04/20/2016 - 20:44:50 : Error loading tree: speedtree/shrubs_flowers/cinnamon_fern/CinnamonFern_RT.spt: License Error: [Key expired on September 01, 2011]
04/20/2016 - 20:44:50 : Error loading tree: speedtree/shrubs_flowers/cinnamon_fern/CinnamonFern_RT.spt: License Error: [Key expired on September 01, 2011]
04/20/2016 - 20:44:50 : Error loading tree: speedtree/shrubs_flowers/cinnamon_fern/CinnamonFern_RT.spt: License Error: [Key expired on September 01, 2011]
04/20/2016 - 20:44:50 : Error loading tree: speedtree/shrubs_flowers/cinnamon_fern/CinnamonFern_RT.spt: License Error: [Key expired on September 01, 2011]
04/20/2016 - 20:44:50 : Error loading tree: speedtree/shrubs_flowers/cinnamon_fern/CinnamonFern_RT.spt: License Error: [Key expired on September 01, 2011]
04/20/2016 - 20:44:50 : Error loading tree: speedtree/shrubs_flowers/cinnamon_fern/CinnamonFern_RT.spt: License Error: [Key expired on September 01, 2011]
04/20/2016 - 20:44:50 : Error loading tree: speedtree/shrubs_flowers/cinnamon_fern/CinnamonFern_RT.spt: License Error: [Key expired on September 01, 2011]
04/20/2016 - 20:44:50 : Error loading tree: speedtree/shrubs_flowers/cinnamon_fern/CinnamonFern_RT.spt: License Error: [Key expired on September 01, 2011]
04/20/2016 - 20:44:50 : Error loading tree: speedtree/shrubs_flowers/cinnamon_fern/CinnamonFern_RT.spt: License Error: [Key expired on September 01, 2011]
04/20/2016 - 20:44:50 : Error loading tree: speedtree/shrubs_flowers/cinnamon_fern/CinnamonFern_RT.spt: License Error: [Key expired on September 01, 2011]
04/20/2016 - 20:44:50 : Error loading tree: speedtree/shrubs_flowers/cinnamon_fern/CinnamonFern_RT.spt: License Error: [Key expired on September 01, 2011]
04/20/2016 - 20:44:50 : Error loading tree: speedtree/shrubs_flowers/cinnamon_fern/CinnamonFern_RT.spt: License Error: [Key expired on September 01, 2011]
04/20/2016 - 20:44:50 : Error loading tree: speedtree/shrubs_flowers/cinnamon_fern/CinnamonFern_RT.spt: License Error: [Key expired on September 01, 2011]
04/20/2016 - 20:44:50 : Error loading tree: speedtree/shrubs_flowers/cinnamon_fern/CinnamonFern_RT.spt: License Error: [Key expired on September 01, 2011]
04/20/2016 - 20:44:50 : Error loading tree: speedtree/shrubs_flowers/cinnamon_fern/CinnamonFern_RT.spt: License Error: [Key expired on September 01, 2011]
04/20/2016 - 20:44:50 : Error loading tree: speedtree/shrubs_flowers/cinnamon_fern/CinnamonFern_RT.spt: License Error: [Key expired on September 01, 2011]
04/20/2016 - 20:44:50 : Error loading tree: speedtree/shrubs_flowers/cinnamon_fern/CinnamonFern_RT.spt: License Error: [Key expired on September 01, 2011]
04/20/2016 - 20:44:50 : Error loading tree: speedtree/shrubs_flowers/cinnamon_fern/CinnamonFern_RT.spt: License Error: [Key expired on September 01, 2011]
04/20/2016 - 20:44:50 : Error loading tree: speedtree/shrubs_flowers/cinnamon_fern/CinnamonFern_RT.spt: License Error: [Key expired on September 01, 2011]
04/20/2016 - 20:44:50 : Error loading tree: speedtree/shrubs_flowers/cinnamon_fern/CinnamonFern_RT.spt: License Error: [Key expired on September 01, 2011]
04/20/2016 - 20:44:50 : Error loading tree: speedtree/shrubs_flowers/cinnamon_fern/CinnamonFern_RT.spt: License Error: [Key expired on September 01, 2011]
04/20/2016 - 20:44:50 : Error loading tree: speedtree/shrubs_flowers/cinnamon_fern/CinnamonFern_RT.spt: License Error: [Key expired on September 01, 2011]
04/20/2016 - 20:44:50 : Error loading tree: speedtree/shrubs_flowers/boston_fern/BostonFern_RT.spt: License Error: [Key expired on September 01, 2011]
04/20/2016 - 20:44:50 : Error loading tree: speedtree/shrubs_flowers/boston_fern/BostonFern_RT.spt: License Error: [Key expired on September 01, 2011]
04/20/2016 - 20:44:50 : Error loading tree: speedtree/shrubs_flowers/boston_fern/BostonFern_RT.spt: License Error: [Key expired on September 01, 2011]
04/20/2016 - 20:44:50 : Error loading tree: speedtree/shrubs_flowers/boston_fern/BostonFern_RT.spt: License Error: [Key expired on September 01, 2011]
04/20/2016 - 20:44:50 : Error loading tree: speedtree/shrubs_flowers/boston_fern/BostonFern_RT.spt: License Error: [Key expired on September 01, 2011]
04/20/2016 - 20:44:50 : Error loading tree: speedtree/shrubs_flowers/boston_fern/BostonFern_RT.spt: License Error: [Key expired on September 01, 2011]
04/20/2016 - 20:44:50 : Error loading tree: speedtree/shrubs_flowers/boston_fern/BostonFern_RT.spt: License Error: [Key expired on September 01, 2011]
04/20/2016 - 20:44:50 : Error loading tree: speedtree/Conifers/douglas_fir_full/DouglasFir_RT_Full.spt: License Error: [Key expired on September 01, 2011]
04/20/2016 - 20:44:50 : Error loading tree: speedtree/Conifers/douglas_fir_full/DouglasFir_RT_Full.spt: License Error: [Key expired on September 01, 2011]
04/20/2016 - 20:44:50 : Error loading tree: speedtree/Conifers/douglas_fir_full/DouglasFir_RT_Full.spt: License Error: [Key expired on September 01, 2011]
04/20/2016 - 20:44:50 : Error loading tree: speedtree/shrubs_flowers/cinnamon_fern/CinnamonFern_RT.spt: License Error: [Key expired on September 01, 2011]
04/20/2016 - 20:44:50 : Error loading tree: speedtree/shrubs_flowers/american_boxwood/AmericanBoxwood_RT.spt: License Error: [Key expired on September 01, 2011]
04/20/2016 - 20:44:50 : Error loading tree: speedtree/shrubs_flowers/american_boxwood/AmericanBoxwood_RT.spt: License Error: [Key expired on September 01, 2011]
04/20/2016 - 20:44:50 : Error loading tree: speedtree/shrubs_flowers/american_boxwood/AmericanBoxwood_RT.spt: License Error: [Key expired on September 01, 2011]
04/20/2016 - 20:44:50 : Error loading tree: speedtree/shrubs_flowers/american_boxwood/AmericanBoxwood_RT.spt: License Error: [Key expired on September 01, 2011]
04/20/2016 - 20:44:50 : Error loading tree: speedtree/Conifers/douglas_fir/DouglasFir_RT.spt: License Error: [Key expired on September 01, 2011]
04/20/2016 - 20:44:50 : Error loading tree: speedtree/Conifers/douglas_fir/DouglasFir_RT.spt: License Error: [Key expired on September 01, 2011]
04/20/2016 - 20:44:50 : Error loading tree: speedtree/shrubs_flowers/boston_fern/BostonFern_RT.spt: License Error: [Key expired on September 01, 2011]
04/20/2016 - 20:44:50 : Error loading tree: speedtree/shrubs_flowers/cinnamon_fern/CinnamonFern_RT.spt: License Error: [Key expired on September 01, 2011]
04/20/2016 - 20:44:50 : Error loading tree: speedtree/shrubs_flowers/boston_fern/BostonFern_RT.spt: License Error: [Key expired on September 01, 2011]
04/20/2016 - 20:44:50 : Error loading tree: speedtree/shrubs_flowers/cinnamon_fern/CinnamonFern_RT.spt: License Error: [Key expired on September 01, 2011]
04/20/2016 - 20:44:50 : Error loading tree: speedtree/Conifers/italian_cypress/ItalianCypress_RT.spt: License Error: [Key expired on September 01, 2011]
04/20/2016 - 20:44:50 : Error loading tree: speedtree/Conifers/italian_cypress/ItalianCypress_RT.spt: License Error: [Key expired on September 01, 2011]
04/20/2016 - 20:44:50 : Error loading tree: speedtree/Conifers/italian_cypress/ItalianCypress_RT.spt: License Error: [Key expired on September 01, 2011]
04/20/2016 - 20:44:50 : Error loading tree: speedtree/shrubs_flowers/cinnamon_fern/CinnamonFern_RT.spt: License Error: [Key expired on September 01, 2011]
04/20/2016 - 20:44:50 : Error loading tree: speedtree/shrubs_flowers/american_boxwood/AmericanBoxwood_RT.spt: License Error: [Key expired on September 01, 2011]
04/20/2016 - 20:44:50 : Error loading tree: speedtree/shrubs_flowers/boston_fern/BostonFern_RT.spt: License Error: [Key expired on September 01, 2011]
04/20/2016 - 20:44:50 : Error loading tree: speedtree/shrubs_flowers/american_boxwood/AmericanBoxwood_RT.spt: License Error: [Key expired on September 01, 2011]
04/20/2016 - 20:44:50 : Error loading tree: speedtree/shrubs_flowers/cinnamon_fern/CinnamonFern_RT.spt: License Error: [Key expired on September 01, 2011]
04/20/2016 - 20:44:50 : Error loading tree: speedtree/shrubs_flowers/boston_fern/BostonFern_RT.spt: License Error: [Key expired on September 01, 2011]
04/20/2016 - 20:44:50 : Error loading tree: speedtree/shrubs_flowers/boston_fern/BostonFern_RT.spt: License Error: [Key expired on September 01, 2011]
04/20/2016 - 20:44:50 : Error loading tree: speedtree/shrubs_flowers/american_boxwood/AmericanBoxwood_RT.spt: License Error: [Key expired on September 01, 2011]
04/20/2016 - 20:44:50 : Error loading tree: speedtree/Conifers/italian_cypress/ItalianCypress_RT.spt: License Error: [Key expired on September 01, 2011]
04/20/2016 - 20:44:50 : Error loading tree: speedtree/shrubs_flowers/american_boxwood/AmericanBoxwood_RT.spt: License Error: [Key expired on September 01, 2011]
04/20/2016 - 20:44:50 : Error loading tree: speedtree/shrubs_flowers/american_boxwood/AmericanBoxwood_RT.spt: License Error: [Key expired on September 01, 2011]
04/20/2016 - 20:44:50 : Error loading tree: speedtree/shrubs_flowers/american_boxwood/AmericanBoxwood_RT.spt: License Error: [Key expired on September 01, 2011]
04/20/2016 - 20:44:50 : Error loading tree: speedtree/Conifers/italian_cypress/ItalianCypress_RT.spt: License Error: [Key expired on September 01, 2011]
04/20/2016 - 20:44:50 : Error loading tree: speedtree/shrubs_flowers/boston_fern/BostonFern_RT.spt: License Error: [Key expired on September 01, 2011]
04/20/2016 - 20:44:50 : Error loading tree: speedtree/shrubs_flowers/american_boxwood/AmericanBoxwood_RT.spt: License Error: [Key expired on September 01, 2011]
04/20/2016 - 20:44:50 : Error loading tree: speedtree/Conifers/italian_cypress/ItalianCypress_RT.spt: License Error: [Key expired on September 01, 2011]
04/20/2016 - 20:44:50 : Error loading tree: speedtree/shrubs_flowers/american_boxwood/AmericanBoxwood_RT.spt: License Error: [Key expired on September 01, 2011]
04/20/2016 - 20:44:50 : Error loading tree: speedtree/Conifers/douglas_fir/DouglasFir_RT.spt: License Error: [Key expired on September 01, 2011]
04/20/2016 - 20:44:50 : Error loading tree: speedtree/shrubs_flowers/boston_fern/BostonFern_RT.spt: License Error: [Key expired on September 01, 2011]
04/20/2016 - 20:44:50 : Error loading tree: speedtree/shrubs_flowers/boston_fern/BostonFern_RT.spt: License Error: [Key expired on September 01, 2011]
04/20/2016 - 20:44:50 : Error loading tree: speedtree/shrubs_flowers/boston_fern/BostonFern_RT.spt: License Error: [Key expired on September 01, 2011]
04/20/2016 - 20:44:50 : Error loading tree: speedtree/shrubs_flowers/cinnamon_fern/CinnamonFern_RT.spt: License Error: [Key expired on September 01, 2011]
04/20/2016 - 20:44:50 : Error loading tree: speedtree/Broadleaves/crab_apple/bwcrabapple_rt_flowers.spt: License Error: [Key expired on September 01, 2011]
04/20/2016 - 20:44:50 : Error loading tree: speedtree/shrubs_flowers/boston_fern/BostonFern_RT.spt: License Error: [Key expired on September 01, 2011]
04/20/2016 - 20:44:50 : Error loading tree: speedtree/shrubs_flowers/cinnamon_fern/CinnamonFern_RT.spt: License Error: [Key expired on September 01, 2011]
04/20/2016 - 20:44:50 : Chunk::load: Failed to load chunk 0000fffeo: Failed to load tree speedtree/Conifers/douglas_fir_full/DouglasFir_RT_Full.spt, Failed to load tree speedtree/Conifers/italian_stonepine/ItalianStonePine_RT_1.spt, Failed to load tree speedtree/Conifers/italian_stonepine/ItalianStonePine_RT_1.spt, Failed to load tree speedtree/Conifers/italian_cypress/ItalianCypress_RT.spt, Failed to load tree speedtree/Conifers/italian_cypress/ItalianCypress_RT.spt, Failed to load tree speedtree/Conifers/italian_cypress/ItalianCypress_RT.spt, Failed to load tree speedtree/Conifers/italian_cypress/ItalianCypress_RT.spt, Failed to load tree speedtree/Conifers/italian_cypress/ItalianCypress_RT.spt, Failed to load tree speedtree/Conifers/douglas_fir/DouglasFir_RT.spt, Failed to load tree speedtree/Conifers/douglas_fir_full/DouglasFir_RT_Full.spt, Failed to load tree speedtree/Conifers/douglas_fir_full/DouglasFir_RT_Full.spt, Failed to load tree speedtree/Conifers/douglas_fir/DouglasFir_RT.spt, Failed to load tree speedtree/Conifers/douglas_fir/DouglasFir_RT.spt, Failed to load tree speedtree/shrubs_flowers/american_boxwood/AmericanBoxwood_RT.spt, Failed to load tree speedtree/shrubs_flowers/american_boxwood/AmericanBoxwood_RT.spt, Failed to load tree speedtree/shrubs_flowers/american_boxwood/AmericanBoxwood_RT.spt, Failed to load tree speedtree/shrubs_flowers/american_boxwood/AmericanBoxwood_RT.spt, Failed to load tree speedtree/shrubs_flowers/american_boxwood/AmericanBoxwood_RT.spt, Failed to load tree speedtree/shrubs_flowers/american_boxwood/AmericanBoxwood_RT.spt, Failed to load tree speedtree/shrubs_flowers/american_boxwood/AmericanBoxwood_RT.spt, Failed to load tree speedtree/shrubs_flowers/american_boxwood/AmericanBoxwood_RT.spt, Failed to load tree speedtree/shrubs_flowers/american_boxwood/AmericanBoxwood_RT.spt, Failed to load tree speedtree/shrubs_flowers/american_boxwood/AmericanBoxwood_RT.spt, Failed to load tree speedtree/shrubs_flowers/american_boxwood/AmericanBoxwood_RT.spt, Failed to load tree speedtree/shrubs_flowers/american_boxwood/AmericanBoxwood_RT.spt, Failed to load tree speedtree/shrubs_flowers/american_boxwood/AmericanBoxwood_RT.spt, Failed to load tree speedtree/shrubs_flowers/american_boxwood/AmericanBoxwood_RT.spt, Failed to load tree speedtree/shrubs_flowers/american_boxwood/AmericanBoxwood_RT.spt, Failed to load tree speedtree/shrubs_flowers/american_boxwood/AmericanBoxwood_RT.spt, Failed to load tree speedtree/shrubs_flowers/american_boxwood/AmericanBoxwood_RT.spt, Failed to load tree speedtree/shrubs_flowers/american_boxwood/AmericanBoxwood_RT.spt, Failed to load tree speedtree/shrubs_flowers/american_boxwood/AmericanBoxwood_RT.spt, Failed to load tree speedtree/shrubs_flowers/american_boxwood/AmericanBoxwood_RT.spt, Failed to load tree speedtree/shrubs_flowers/american_boxwood/AmericanBoxwood_RT.spt, Failed to load tree speedtree/shrubs_flowers/american_boxwood/AmericanBoxwood_RT.spt, Failed to load tree speedtree/shrubs_flowers/american_boxwood/AmericanBoxwood_RT.spt, Failed to load tree speedtree/shrubs_flowers/american_boxwood/AmericanBoxwood_RT.spt, Failed to load tree speedtree/shrubs_flowers/american_boxwood/AmericanBoxwood_RT.spt, Failed to load tree speedtree/shrubs_flowers/american_boxwood/AmericanBoxwood_RT.spt, Failed to load tree speedtree/shrubs_flowers/american_boxwood/AmericanBoxwood_RT.spt, Failed to load tree speedtree/shrubs_flowers/american_boxwood/AmericanBoxwood_RT.spt, Failed to load tree speedtree/shrubs_flowers/american_boxwood/AmericanBoxwood_RT.spt, Failed to load tree speedtree/shrubs_flowers/american_boxwood/AmericanBoxwood_RT.spt, Failed to load tree speedtree/shrubs_flowers/american_boxwood/AmericanBoxwood_RT.spt, Failed to load tree speedtree/shrubs_flowers/american_boxwood/AmericanBoxwood_RT.spt, Failed to load tree speedtree/shrubs_flowers/american_boxwood/AmericanBoxwood_RT.spt, Failed to load tree speedtree/shrubs_flowers/american_boxwood/AmericanBoxwood_RT.spt, Failed to load tree speedtree/shrubs_flowers/american_boxwood/AmericanBoxwood_RT.spt, Failed to load tree speedtree/shrubs_flowers/cinnamon_fern/CinnamonFern_RT.spt, Failed to load tree speedtree/shrubs_flowers/cinnamon_fern/CinnamonFern_RT.spt, Failed to load tree speedtree/shrubs_flowers/cinnamon_fern/CinnamonFern_RT.spt, Failed to load tree speedtree/shrubs_flowers/cinnamon_fern/CinnamonFern_RT.spt, Failed to load tree speedtree/shrubs_flowers/cinnamon_fern/CinnamonFern_RT.spt, Failed to load tree speedtree/shrubs_flowers/cinnamon_fern/CinnamonFern_RT.spt, Failed to load tree speedtree/shrubs_flowers/cinnamon_fern/CinnamonFern_RT.spt, Failed to load tree speedtree/shrubs_flowers/cinnamon_fern/CinnamonFern_RT.spt, Failed to load tree speedtree/shrubs_flowers/cinnamon_fern/CinnamonFern_RT.spt, Failed to load tree speedtree/shrubs_flowers/cinnamon_fern/CinnamonFern_RT.spt, Failed to load tree speedtree/shrubs_flowers/cinnamon_fern/CinnamonFern_RT.spt, Failed to load tree speedtree/shrubs_flowers/cinnamon_fern/CinnamonFern_RT.spt, Failed to load tree speedtree/shrubs_flowers/cinnamon_fern/CinnamonFern_RT.spt, Failed to load tree speedtree/shrubs_flowers/cinnamon_fern/CinnamonFern_RT.spt, Failed to load tree speedtree/shrubs_flowers/cinnamon_fern/CinnamonFern_RT.spt, Failed to load tree speedtree/shrubs_flowers/cinnamon_fern/CinnamonFern_RT.spt, Failed to load tree speedtree/shrubs_flowers/cinnamon_fern/CinnamonFern_RT.spt, Failed to load tree speedtree/shrubs_flowers/cinnamon_fern/CinnamonFern_RT.spt, Failed to load tree speedtree/shrubs_flowers/cinnamon_fern/CinnamonFern_RT.spt, Failed to load tree speedtree/shrubs_flowers/cinnamon_fern/CinnamonFern_RT.spt, Failed to load tree speedtree/shrubs_flowers/cinnamon_fern/CinnamonFern_RT.spt, Failed to load tree speedtree/shrubs_flowers/cinnamon_fern/CinnamonFern_RT.spt, Failed to load tree speedtree/shrubs_flowers/cinnamon_fern/CinnamonFern_RT.spt, Failed to load tree speedtree/shrubs_flowers/cinnamon_fern/CinnamonFern_RT.spt, Failed to load tree speedtree/shrubs_flowers/cinnamon_fern/CinnamonFern_RT.spt, Failed to load tree speedtree/shrubs_flowers/cinnamon_fern/CinnamonFern_RT.spt, Failed to load tree speedtree/shrubs_flowers/cinnamon_fern/CinnamonFern_RT.spt, Failed to load tree speedtree/shrubs_flowers/cinnamon_fern/CinnamonFern_RT.spt, Failed to load tree speedtree/shrubs_flowers/cinnamon_fern/CinnamonFern_RT.spt, Failed to load tree speedtree/shrubs_flowers/cinnamon_fern/CinnamonFern_RT.spt, Failed to load tree speedtree/shrubs_flowers/cinnamon_fern/CinnamonFern_RT.spt, Failed to load tree speedtree/shrubs_flowers/cinnamon_fern/CinnamonFern_RT.spt, Failed to load tree speedtree/shrubs_flowers/cinnamon_fern/CinnamonFern_RT.spt, Failed to load tree speedtree/shrubs_flowers/boston_fern/BostonFern_RT.spt, Failed to load tree speedtree/shrubs_flowers/boston_fern/BostonFern_RT.spt, Failed to load tree speedtree/shrubs_flowers/boston_fern/BostonFern_RT.spt, Failed to load tree speedtree/shrubs_flowers/boston_fern/BostonFern_RT.spt, Failed to load tree speedtree/shrubs_flowers/boston_fern/BostonFern_RT.spt, Failed to load tree speedtree/shrubs_flowers/boston_fern/BostonFern_RT.spt, Failed to load tree speedtree/shrubs_flowers/boston_fern/BostonFern_RT.spt, Failed to load tree speedtree/Conifers/douglas_fir_full/DouglasFir_RT_Full.spt, Failed to load tree speedtree/Conifers/douglas_fir_full/DouglasFir_RT_Full.spt, Failed to load tree speedtree/Conifers/douglas_fir_full/DouglasFir_RT_Full.spt, Failed to load tree speedtree/shrubs_flowers/cinnamon_fern/CinnamonFern_RT.spt, Failed to load tree speedtree/shrubs_flowers/american_boxwood/AmericanBoxwood_RT.spt, Failed to load tree speedtree/shrubs_flowers/american_boxwood/AmericanBoxwood_RT.spt, Failed to load tree speedtree/shrubs_flowers/american_boxwood/AmericanBoxwood_RT.spt, Failed to load tree speedtree/shrubs_flowers/american_boxwood/AmericanBoxwood_RT.spt, Failed to load tree speedtree/Conifers/douglas_fir/DouglasFir_RT.spt, Failed to load tree speedtree/Conifers/douglas_fir/DouglasFir_RT.spt, Failed to load tree speedtree/shrubs_flowers/boston_fern/BostonFern_RT.spt, Failed to load tree speedtree/shrubs_flowers/cinnamon_fern/CinnamonFern_RT.spt, Failed to load tree speedtree/shrubs_flowers/boston_fern/BostonFern_RT.spt, Failed to load tree speedtree/shrubs_flowers/cinnamon_fern/CinnamonFern_RT.spt, Failed to load tree speedtree/Conifers/italian_cypress/ItalianCypress_RT.spt, Failed to load tree speedtree/Conifers/italian_cypress/ItalianCypress_RT.spt, Failed to load tree speedtree/Conifers/italian_cypress/ItalianCypress_RT.spt, Failed to load tree speedtree/shrubs_flowers/cinnamon_fern/CinnamonFern_RT.spt, Failed to load tree speedtree/shrubs_flowers/american_boxwood/AmericanBoxwood_RT.spt, Failed to load tree speedtree/shrubs_flowers/boston_fern/BostonFern_RT.spt, Failed to load tree speedtree/shrubs_flowers/american_boxwood/AmericanBoxwood_RT.spt, Failed to load tree speedtree/shrubs_flowers/cinnamon_fern/CinnamonFern_RT.spt, Failed to load tree speedtree/shrubs_flowers/boston_fern/BostonFern_RT.spt, Failed to load tree speedtree/shrubs_flowers/boston_fern/BostonFern_RT.spt, Failed to load tree speedtree/shrubs_flowers/american_boxwood/AmericanBoxwood_RT.spt, Failed to load tree speedtree/Conifers/italian_cypress/ItalianCypress_RT.spt, Failed to load tree speedtree/shrubs_flowers/american_boxwood/AmericanBoxwood_RT.spt, Failed to load tree speedtree/shrubs_flowers/american_boxwood/AmericanBoxwood_RT.spt, Failed to load tree speedtree/shrubs_flowers/american_boxwood/AmericanBoxwood_RT.spt, Failed to load tree speedtree/Conifers/italian_cypress/ItalianCypress_RT.spt, Failed to load tree speedtree/shrubs_flowers/boston_fern/BostonFern_RT.spt, Failed to load tree speedtree/shrubs_flowers/american_boxwood/AmericanBoxwood_RT.spt, Failed to load tree speedtree/Conifers/italian_cypress/ItalianCypress_RT.spt, Failed to load tree speedtree/shrubs_flowers/american_boxwood/AmericanBoxwood_RT.spt, Failed to load tree speedtree/Conifers/douglas_fir/DouglasFir_RT.spt, Failed to load tree speedtree/shrubs_flowers/boston_fern/BostonFern_RT.spt, Failed to load tree speedtree/shrubs_flowers/boston_fern/BostonFern_RT.spt, Failed to load tree speedtree/shrubs_flowers/b04/20/2016 - 20:44:50 : Error loading tree: speedtree/Conifers/douglas_fir_full/DouglasFir_RT_Full.spt: License Error: [Key expired on September 01, 2011]
04/20/2016 - 20:44:50 : Error loading tree: speedtree/Conifers/douglas_fir_full/DouglasFir_RT_Full.spt: License Error: [Key expired on September 01, 2011]
04/20/2016 - 20:44:50 : Error loading tree: speedtree/Conifers/italian_stonepine/ItalianStonePine_RT_1.spt: License Error: [Key expired on September 01, 2011]
04/20/2016 - 20:44:50 : Error loading tree: speedtree/Conifers/italian_stonepine/ItalianStonePine_RT_1.spt: License Error: [Key expired on September 01, 2011]
04/20/2016 - 20:44:50 : Error loading tree: speedtree/Conifers/italian_cypress/ItalianCypress_RT.spt: License Error: [Key expired on September 01, 2011]
04/20/2016 - 20:44:50 : Error loading tree: speedtree/Conifers/italian_cypress/ItalianCypress_RT.spt: License Error: [Key expired on September 01, 2011]
04/20/2016 - 20:44:50 : Error loading tree: speedtree/Conifers/italian_cypress/ItalianCypress_RT.spt: License Error: [Key expired on September 01, 2011]
04/20/2016 - 20:44:50 : Error loading tree: speedtree/Conifers/italian_cypress/ItalianCypress_RT.spt: License Error: [Key expired on September 01, 2011]
04/20/2016 - 20:44:50 : Error loading tree: speedtree/Conifers/italian_cypress/ItalianCypress_RT.spt: License Error: [Key expired on September 01, 2011]
04/20/2016 - 20:44:50 : Error loading tree: speedtree/Conifers/italian_cypress/ItalianCypress_RT.spt: License Error: [Key expired on September 01, 2011]
04/20/2016 - 20:44:50 : Error loading tree: speedtree/Conifers/italian_cypress/ItalianCypress_RT.spt: License Error: [Key expired on September 01, 2011]
04/20/2016 - 20:44:50 : Error loading tree: speedtree/Conifers/italian_cypress/ItalianCypress_RT.spt: License Error: [Key expired on September 01, 2011]
04/20/2016 - 20:44:50 : Error loading tree: speedtree/Conifers/italian_cypress/ItalianCypress_RT.spt: License Error: [Key expired on September 01, 2011]
04/20/2016 - 20:44:50 : Error loading tree: speedtree/Conifers/italian_cypress/ItalianCypress_RT.spt: License Error: [Key expired on September 01, 2011]
04/20/2016 - 20:44:50 : Error loading tree: speedtree/Conifers/italian_cypress/ItalianCypress_RT.spt: License Error: [Key expired on September 01, 2011]
04/20/2016 - 20:44:50 : Error loading tree: speedtree/Conifers/italian_cypress/ItalianCypress_RT.spt: License Error: [Key expired on September 01, 2011]
04/20/2016 - 20:44:50 : Error loading tree: speedtree/Conifers/italian_cypress/ItalianCypress_RT.spt: License Error: [Key expired on September 01, 2011]
04/20/2016 - 20:44:50 : Error loading tree: speedtree/Conifers/douglas_fir_full/DouglasFir_RT_Full.spt: License Error: [Key expired on September 01, 2011]
04/20/2016 - 20:44:50 : Error loading tree: speedtree/Conifers/douglas_fir_full/DouglasFir_RT_Full.spt: License Error: [Key expired on September 01, 2011]
04/20/2016 - 20:44:50 : Error loading tree: speedtree/Conifers/douglas_fir_full/DouglasFir_RT_Full.spt: License Error: [Key expired on September 01, 2011]
04/20/2016 - 20:44:50 : Error loading tree: speedtree/Conifers/douglas_fir_full/DouglasFir_RT_Full.spt: License Error: [Key expired on September 01, 2011]
04/20/2016 - 20:44:50 : Error loading tree: speedtree/Conifers/douglas_fir_full/DouglasFir_RT_Full.spt: License Error: [Key expired on September 01, 2011]
04/20/2016 - 20:44:50 : Error loading tree: speedtree/Conifers/italian_stonepine/ItalianStonePine_RT_1.spt: License Error: [Key expired on September 01, 2011]
04/20/2016 - 20:44:50 : Error loading tree: speedtree/Conifers/italian_stonepine/ItalianStonePine_RT_1.spt: License Error: [Key expired on September 01, 2011]
04/20/2016 - 20:44:50 : Error loading tree: speedtree/Conifers/douglas_fir_full/DouglasFir_RT_Full.spt: License Error: [Key expired on September 01, 2011]
04/20/2016 - 20:44:50 : Error loading tree: speedtree/Conifers/douglas_fir_full/DouglasFir_RT_Full.spt: License Error: [Key expired on September 01, 2011]
04/20/2016 - 20:44:50 : Error loading tree: speedtree/Conifers/douglas_fir_full/DouglasFir_RT_Full.spt: License Error: [Key expired on September 01, 2011]
04/20/2016 - 20:44:50 : Error loading tree: speedtree/Conifers/douglas_fir_full/DouglasFir_RT_Full.spt: License Error: [Key expired on September 01, 2011]
04/20/2016 - 20:44:50 : Error loading tree: speedtree/Conifers/douglas_fir_full/DouglasFir_RT_Full.spt: License Error: [Key expired on September 01, 2011]
04/20/2016 - 20:44:50 : Error loading tree: speedtree/Conifers/douglas_fir_full/DouglasFir_RT_Full.spt: License Error: [Key expired on September 01, 2011]
04/20/2016 - 20:44:50 : Error loading tree: speedtree/shrubs_flowers/american_boxwood/AmericanBoxwood_RT.spt: License Error: [Key expired on September 01, 2011]
04/20/2016 - 20:44:50 : Error loading tree: speedtree/shrubs_flowers/american_boxwood/AmericanBoxwood_RT.spt: License Error: [Key expired on September 01, 2011]
04/20/2016 - 20:44:50 : Error loading tree: speedtree/shrubs_flowers/american_boxwood/AmericanBoxwood_RT.spt: License Error: [Key expired on September 01, 2011]
04/20/2016 - 20:44:50 : Error loading tree: speedtree/shrubs_flowers/american_boxwood/AmericanBoxwood_RT.spt: License Error: [Key expired on September 01, 2011]
04/20/2016 - 20:44:50 : Error loading tree: speedtree/shrubs_flowers/american_boxwood/AmericanBoxwood_RT.spt: License Error: [Key expired on September 01, 2011]
04/20/2016 - 20:44:50 : Error loading tree: speedtree/shrubs_flowers/american_boxwood/AmericanBoxwood_RT.spt: License Error: [Key expired on September 01, 2011]
04/20/2016 - 20:44:50 : Error loading tree: speedtree/shrubs_flowers/american_boxwood/AmericanBoxwood_RT.spt: License Error: [Key expired on September 01, 2011]
04/20/2016 - 20:44:50 : Error loading tree: speedtree/shrubs_flowers/american_boxwood/AmericanBoxwood_RT.spt: License Error: [Key expired on September 01, 2011]
04/20/2016 - 20:44:50 : Error loading tree: speedtree/shrubs_flowers/american_boxwood/AmericanBoxwood_RT.spt: License Error: [Key expired on September 01, 2011]
04/20/2016 - 20:44:50 : Error loading tree: speedtree/shrubs_flowers/american_boxwood/AmericanBoxwood_RT.spt: License Error: [Key expired on September 01, 2011]
04/20/2016 - 20:44:50 : Error loading tree: speedtree/shrubs_flowers/american_boxwood/AmericanBoxwood_RT.spt: License Error: [Key expired on September 01, 2011]
04/20/2016 - 20:44:50 : Error loading tree: speedtree/shrubs_flowers/american_boxwood/AmericanBoxwood_RT.spt: License Error: [Key expired on September 01, 2011]
04/20/2016 - 20:44:50 : Error loading tree: speedtree/shrubs_flowers/american_boxwood/AmericanBoxwood_RT.spt: License Error: [Key expired on September 01, 2011]
04/20/2016 - 20:44:50 : Error loading tree: speedtree/shrubs_flowers/american_boxwood/AmericanBoxwood_RT.spt: License Error: [Key expired on September 01, 2011]
04/20/2016 - 20:44:50 : Error loading tree: speedtree/shrubs_flowers/american_boxwood/AmericanBoxwood_RT.spt: License Error: [Key expired on September 01, 2011]
04/20/2016 - 20:44:50 : Error loading tree: speedtree/shrubs_flowers/american_boxwood/AmericanBoxwood_RT.spt: License Error: [Key expired on September 01, 2011]
04/20/2016 - 20:44:50 : Error loading tree: speedtree/shrubs_flowers/american_boxwood/AmericanBoxwood_RT.spt: License Error: [Key expired on September 01, 2011]
04/20/2016 - 20:44:50 : Error loading tree: speedtree/shrubs_flowers/american_boxwood/AmericanBoxwood_RT.spt: License Error: [Key expired on September 01, 2011]
04/20/2016 - 20:44:50 : Error loading tree: speedtree/shrubs_flowers/american_boxwood/AmericanBoxwood_RT.spt: License Error: [Key expired on September 01, 2011]
04/20/2016 - 20:44:50 : Error loading tree: speedtree/shrubs_flowers/american_boxwood/AmericanBoxwood_RT.spt: License Error: [Key expired on September 01, 2011]
04/20/2016 - 20:44:50 : Error loading tree: speedtree/shrubs_flowers/american_boxwood/AmericanBoxwood_RT.spt: License Error: [Key expired on September 01, 2011]
04/20/2016 - 20:44:50 : Error loading tree: speedtree/shrubs_flowers/american_boxwood/AmericanBoxwood_RT.spt: License Error: [Key expired on September 01, 2011]
04/20/2016 - 20:44:50 : Error loading tree: speedtree/shrubs_flowers/american_boxwood/AmericanBoxwood_RT.spt: License Error: [Key expired on September 01, 2011]
04/20/2016 - 20:44:50 : Error loading tree: speedtree/shrubs_flowers/american_boxwood/AmericanBoxwood_RT.spt: License Error: [Key expired on September 01, 2011]
04/20/2016 - 20:44:50 : Error loading tree: speedtree/shrubs_flowers/american_boxwood/AmericanBoxwood_RT.spt: License Error: [Key expired on September 01, 2011]
04/20/2016 - 20:44:50 : Error loading tree: speedtree/shrubs_flowers/american_boxwood/AmericanBoxwood_RT.spt: License Error: [Key expired on September 01, 2011]
04/20/2016 - 20:44:50 : Error loading tree: speedtree/shrubs_flowers/american_boxwood/AmericanBoxwood_RT.spt: License Error: [Key expired on September 01, 2011]
04/20/2016 - 20:44:50 : Error loading tree: speedtree/shrubs_flowers/american_boxwood/AmericanBoxwood_RT.spt: License Error: [Key expired on September 01, 2011]
04/20/2016 - 20:44:50 : Error loading tree: speedtree/shrubs_flowers/american_boxwood/AmericanBoxwood_RT.spt: License Error: [Key expired on September 01, 2011]
04/20/2016 - 20:44:50 : Error loading tree: speedtree/shrubs_flowers/american_boxwood/AmericanBoxwood_RT.spt: License Error: [Key expired on September 01, 2011]
04/20/2016 - 20:44:50 : Error loading tree: speedtree/shrubs_flowers/american_boxwood/AmericanBoxwood_RT.spt: License Error: [Key expired on September 01, 2011]
04/20/2016 - 20:44:50 : Error loading tree: speedtree/shrubs_flowers/american_boxwood/AmericanBoxwood_RT.spt: License Error: [Key expired on September 01, 2011]
04/20/2016 - 20:44:50 : Error loading tree: speedtree/shrubs_flowers/american_boxwood/AmericanBoxwood_RT.spt: License Error: [Key expired on September 01, 2011]
04/20/2016 - 20:44:50 : Error loading tree: speedtree/shrubs_flowers/american_boxwood/AmericanBoxwood_RT.spt: License Error: [Key expired on September 01, 2011]
04/20/2016 - 20:44:50 : Error loading tree: speedtree/shrubs_flowers/american_boxwood/AmericanBoxwood_RT.spt: License Error: [Key expired on September 01, 2011]
04/20/2016 - 20:44:50 : Error loading tree: speedtree/shrubs_flowers/american_boxwood/AmericanBoxwood_RT.spt: License Error: [Key expired on September 01, 2011]
04/20/2016 - 20:44:50 : Error loading tree: speedtree/shrubs_flowers/american_boxwood/AmericanBoxwood_RT.spt: License Error: [Key expired on September 01, 2011]
04/20/2016 - 20:44:50 : Error loading tree: speedtree/shrubs_flowers/american_boxwood/AmericanBoxwood_RT.spt: License Error: [Key expired on September 01, 2011]
04/20/2016 - 20:44:50 : Error loading tree: speedtree/shrubs_flowers/american_boxwood/AmericanBoxwood_RT.spt: License Error: [Key expired on September 01, 2011]
04/20/2016 - 20:44:50 : Error loading tree: speedtree/shrubs_flowers/american_boxwood/AmericanBoxwood_RT.spt: License Error: [Key expired on September 01, 2011]
04/20/2016 - 20:44:50 : Error loading tree: speedtree/shrubs_flowers/american_boxwood/AmericanBoxwood_RT.spt: License Error: [Key expired on September 01, 2011]
04/20/2016 - 20:44:50 : Error loading tree: speedtree/shrubs_flowers/american_boxwood/AmericanBoxwood_RT.spt: License Error: [Key expired on September 01, 2011]
04/20/2016 - 20:44:50 : Error loading tree: speedtree/shrubs_flowers/american_boxwood/AmericanBoxwood_RT.spt: License Error: [Key expired on September 01, 2011]
04/20/2016 - 20:44:50 : Error loading tree: speedtree/shrubs_flowers/american_boxwood/AmericanBoxwood_RT.spt: License Error: [Key expired on September 01, 2011]
04/20/2016 - 20:44:50 : Error loading tree: speedtree/shrubs_flowers/american_boxwood/AmericanBoxwood_RT.spt: License Error: [Key expired on September 01, 2011]
04/20/2016 - 20:44:50 : Error loading tree: speedtree/shrubs_flowers/cinnamon_fern/CinnamonFern_RT.spt: License Error: [Key expired on September 01, 2011]
04/20/2016 - 20:44:50 : Error loading tree: speedtree/shrubs_flowers/cinnamon_fern/CinnamonFern_RT.spt: License Error: [Key expired on September 01, 2011]
04/20/2016 - 20:44:50 : Error loading tree: speedtree/shrubs_flowers/cinnamon_fern/CinnamonFern_RT.spt: License Error: [Key expired on September 01, 2011]
04/20/2016 - 20:44:50 : Error loading tree: speedtree/shrubs_flowers/cinnamon_fern/CinnamonFern_RT.spt: License Error: [Key expired on September 01, 2011]
04/20/2016 - 20:44:50 : Error loading tree: speedtree/shrubs_flowers/cinnamon_fern/CinnamonFern_RT.spt: License Error: [Key expired on September 01, 2011]
04/20/2016 - 20:44:50 : Error loading tree: speedtree/shrubs_flowers/cinnamon_fern/CinnamonFern_RT.spt: License Error: [Key expired on September 01, 2011]
04/20/2016 - 20:44:50 : Error loading tree: speedtree/shrubs_flowers/cinnamon_fern/CinnamonFern_RT.spt: License Error: [Key expired on September 01, 2011]
04/20/2016 - 20:44:50 : Error loading tree: speedtree/shrubs_flowers/cinnamon_fern/CinnamonFern_RT.spt: License Error: [Key expired on September 01, 2011]
04/20/2016 - 20:44:50 : Error loading tree: speedtree/shrubs_flowers/cinnamon_fern/CinnamonFern_RT.spt: License Error: [Key expired on September 01, 2011]
04/20/2016 - 20:44:50 : Error loading tree: speedtree/shrubs_flowers/cinnamon_fern/CinnamonFern_RT.spt: License Error: [Key expired on September 01, 2011]
04/20/2016 - 20:44:50 : Error loading tree: speedtree/shrubs_flowers/cinnamon_fern/CinnamonFern_RT.spt: License Error: [Key expired on September 01, 2011]
04/20/2016 - 20:44:50 : Error loading tree: speedtree/shrubs_flowers/cinnamon_fern/CinnamonFern_RT.spt: License Error: [Key expired on September 01, 2011]
04/20/2016 - 20:44:50 : Error loading tree: speedtree/shrubs_flowers/cinnamon_fern/CinnamonFern_RT.spt: License Error: [Key expired on September 01, 2011]
04/20/2016 - 20:44:50 : Error loading tree: speedtree/shrubs_flowers/cinnamon_fern/CinnamonFern_RT.spt: License Error: [Key expired on September 01, 2011]
04/20/2016 - 20:44:50 : Error loading tree: speedtree/shrubs_flowers/cinnamon_fern/CinnamonFern_RT.spt: License Error: [Key expired on September 01, 2011]
04/20/2016 - 20:44:50 : Error loading tree: speedtree/shrubs_flowers/cinnamon_fern/CinnamonFern_RT.spt: License Error: [Key expired on September 01, 2011]
04/20/2016 - 20:44:50 : Error loading tree: speedtree/shrubs_flowers/cinnamon_fern/CinnamonFern_RT.spt: License Error: [Key expired on September 01, 2011]
04/20/2016 - 20:44:50 : Error loading tree: speedtree/shrubs_flowers/cinnamon_fern/CinnamonFern_RT.spt: License Error: [Key expired on September 01, 2011]
04/20/2016 - 20:44:50 : Error loading tree: speedtree/shrubs_flowers/cinnamon_fern/CinnamonFern_RT.spt: License Error: [Key expired on September 01, 2011]
04/20/2016 - 20:44:50 : Error loading tree: speedtree/shrubs_flowers/cinnamon_fern/CinnamonFern_RT.spt: License Error: [Key expired on September 01, 2011]
04/20/2016 - 20:44:50 : Error loading tree: speedtree/shrubs_flowers/cinnamon_fern/CinnamonFern_RT.spt: License Error: [Key expired on September 01, 2011]
04/20/2016 - 20:44:50 : Error loading tree: speedtree/shrubs_flowers/cinnamon_fern/CinnamonFern_RT.spt: License Error: [Key expired on September 01, 2011]
04/20/2016 - 20:44:50 : Error loading tree: speedtree/Conifers/douglas_fir_full/DouglasFir_RT_Full.spt: License Error: [Key expired on September 01, 2011]
04/20/2016 - 20:44:50 : Error loading tree: speedtree/shrubs_flowers/cinnamon_fern/CinnamonFern_RT.spt: License Error: [Key expired on September 01, 2011]
04/20/2016 - 20:44:50 : Error loading tree: speedtree/shrubs_flowers/cinnamon_fern/CinnamonFern_RT.spt: License Error: [Key expired on September 01, 2011]
04/20/2016 - 20:44:50 : Error loading tree: speedtree/shrubs_flowers/cinnamon_fern/CinnamonFern_RT.spt: License Error: [Key expired on September 01, 2011]
04/20/2016 - 20:44:50 : Error loading tree: speedtree/shrubs_flowers/cinnamon_fern/CinnamonFern_RT.spt: License Error: [Key expired on September 01, 2011]
04/20/2016 - 20:44:50 : Error loading tree: speedtree/shrubs_flowers/cinnamon_fern/CinnamonFern_RT.spt: License Error: [Key expired on September 01, 2011]
04/20/2016 - 20:44:50 : Error loading tree: speedtree/shrubs_flowers/cinnamon_fern/CinnamonFern_RT.spt: License Error: [Key expired on September 01, 2011]
04/20/2016 - 20:44:50 : Error loading tree: speedtree/shrubs_flowers/cinnamon_fern/CinnamonFern_RT.spt: License Error: [Key expired on September 01, 2011]
04/20/2016 - 20:44:50 : Error loading tree: speedtree/shrubs_flowers/cinnamon_fern/CinnamonFern_RT.spt: License Error: [Key expired on September 01, 2011]
04/20/2016 - 20:44:50 : Error loading tree: speedtree/shrubs_flowers/cinnamon_fern/CinnamonFern_RT.spt: License Error: [Key expired on September 01, 2011]
04/20/2016 - 20:44:50 : Error loading tree: speedtree/shrubs_flowers/cinnamon_fern/CinnamonFern_RT.spt: License Error: [Key expired on September 01, 2011]
04/20/2016 - 20:44:50 : Error loading tree: speedtree/shrubs_flowers/cinnamon_fern/CinnamonFern_RT.spt: License Error: [Key expired on September 01, 2011]
04/20/2016 - 20:44:50 : Error loading tree: speedtree/shrubs_flowers/cinnamon_fern/CinnamonFern_RT.spt: License Error: [Key expired on September 01, 2011]
04/20/2016 - 20:44:50 : Error loading tree: speedtree/shrubs_flowers/cinnamon_fern/CinnamonFern_RT.spt: License Error: [Key expired on September 01, 2011]
04/20/2016 - 20:44:50 : Error loading tree: speedtree/shrubs_flowers/cinnamon_fern/CinnamonFern_RT.spt: License Error: [Key expired on September 01, 2011]
04/20/2016 - 20:44:50 : Error loading tree: speedtree/shrubs_flowers/cinnamon_fern/CinnamonFern_RT.spt: License Error: [Key expired on September 01, 2011]
04/20/2016 - 20:44:50 : Error loading tree: speedtree/shrubs_flowers/cinnamon_fern/CinnamonFern_RT.spt: License Error: [Key expired on September 01, 2011]
04/20/2016 - 20:44:50 : Error loading tree: speedtree/shrubs_flowers/cinnamon_fern/CinnamonFern_RT.spt: License Error: [Key expired on September 01, 2011]
04/20/2016 - 20:44:50 : Error loading tree: speedtree/shrubs_flowers/cinnamon_fern/CinnamonFern_RT.spt: License Error: [Key expired on September 01, 2011]
04/20/2016 - 20:44:50 : Error loading tree: speedtree/shrubs_flowers/cinnamon_fern/CinnamonFern_RT.spt: License Error: [Key expired on September 01, 2011]
04/20/2016 - 20:44:50 : Error loading tree: speedtree/shrubs_flowers/cinnamon_fern/CinnamonFern_RT.spt: License Error: [Key expired on September 01, 2011]
04/20/2016 - 20:44:50 : Error loading tree: speedtree/shrubs_flowers/cinnamon_fern/CinnamonFern_RT.spt: License Error: [Key expired on September 01, 2011]
04/20/2016 - 20:44:50 : Error loading tree: speedtree/shrubs_flowers/cinnamon_fern/CinnamonFern_RT.spt: License Error: [Key expired on September 01, 2011]
04/20/2016 - 20:44:50 : Error loading tree: speedtree/shrubs_flowers/cinnamon_fern/CinnamonFern_RT.spt: License Error: [Key expired on September 01, 2011]
04/20/2016 - 20:44:50 : Error loading tree: speedtree/shrubs_flowers/cinnamon_fern/CinnamonFern_RT.spt: License Error: [Key expired on September 01, 2011]
04/20/2016 - 20:44:50 : Error loading tree: speedtree/shrubs_flowers/cinnamon_fern/CinnamonFern_RT.spt: License Error: [Key expired on September 01, 2011]
04/20/2016 - 20:44:50 : Error loading tree: speedtree/shrubs_flowers/cinnamon_fern/CinnamonFern_RT.spt: License Error: [Key expired on September 01, 2011]
04/20/2016 - 20:44:50 : Error loading tree: speedtree/shrubs_flowers/cinnamon_fern/CinnamonFern_RT.spt: License Error: [Key expired on September 01, 2011]
04/20/2016 - 20:44:50 : Error loading tree: speedtree/shrubs_flowers/cinnamon_fern/CinnamonFern_RT.spt: License Error: [Key expired on September 01, 2011]
04/20/2016 - 20:44:50 : Error loading tree: speedtree/shrubs_flowers/cinnamon_fern/CinnamonFern_RT.spt: License Error: [Key expired on September 01, 2011]
04/20/2016 - 20:44:50 : Error loading tree: speedtree/shrubs_flowers/cinnamon_fern/CinnamonFern_RT.spt: License Error: [Key expired on September 01, 2011]
04/20/2016 - 20:44:50 : Error loading tree: speedtree/shrubs_flowers/cinnamon_fern/CinnamonFern_RT.spt: License Error: [Key expired on September 01, 2011]
04/20/2016 - 20:44:50 : Error loading tree: speedtree/shrubs_flowers/cinnamon_fern/CinnamonFern_RT.spt: License Error: [Key expired on September 01, 2011]
04/20/2016 - 20:44:50 : Error loading tree: speedtree/shrubs_flowers/american_boxwood/AmericanBoxwood_RT.spt: License Error: [Key expired on September 01, 2011]
04/20/2016 - 20:44:50 : Error loading tree: speedtree/shrubs_flowers/cinnamon_fern/CinnamonFern_RT.spt: License Error: [Key expired on September 01, 2011]
04/20/2016 - 20:44:50 : Error loading tree: speedtree/shrubs_flowers/cinnamon_fern/CinnamonFern_RT.spt: License Error: [Key expired on September 01, 2011]
04/20/2016 - 20:44:50 : Error loading tree: speedtree/shrubs_flowers/boston_fern/BostonFern_RT.spt: License Error: [Key expired on September 01, 2011]
04/20/2016 - 20:44:50 : Error loading tree: speedtree/shrubs_flowers/boston_fern/BostonFern_RT.spt: License Error: [Key expired on September 01, 2011]
04/20/2016 - 20:44:50 : Error loading tree: speedtree/shrubs_flowers/boston_fern/BostonFern_RT.spt: License Error: [Key expired on September 01, 2011]
04/20/2016 - 20:44:50 : Error loading tree: speedtree/shrubs_flowers/boston_fern/BostonFern_RT.spt: License Error: [Key expired on September 01, 2011]
04/20/2016 - 20:44:50 : Error loading tree: speedtree/shrubs_flowers/boston_fern/BostonFern_RT.spt: License Error: [Key expired on September 01, 2011]
04/20/2016 - 20:44:50 : Error loading tree: speedtree/shrubs_flowers/boston_fern/BostonFern_RT.spt: License Error: [Key expired on September 01, 2011]
04/20/2016 - 20:44:50 : Error loading tree: speedtree/shrubs_flowers/boston_fern/BostonFern_RT.spt: License Error: [Key expired on September 01, 2011]
04/20/2016 - 20:44:50 : Error loading tree: speedtree/shrubs_flowers/boston_fern/BostonFern_RT.spt: License Error: [Key expired on September 01, 2011]
04/20/2016 - 20:44:50 : Error loading tree: speedtree/shrubs_flowers/boston_fern/BostonFern_RT.spt: License Error: [Key expired on September 01, 2011]
04/20/2016 - 20:44:50 : Error loading tree: speedtree/shrubs_flowers/boston_fern/BostonFern_RT.spt: License Error: [Key expired on September 01, 2011]
04/20/2016 - 20:44:50 : Error loading tree: speedtree/shrubs_flowers/boston_fern/BostonFern_RT.spt: License Error: [Key expired on September 01, 2011]
04/20/2016 - 20:44:50 : Error loading tree: speedtree/shrubs_flowers/boston_fern/BostonFern_RT.spt: License Error: [Key expired on September 01, 2011]
04/20/2016 - 20:44:50 : Error loading tree: speedtree/shrubs_flowers/boston_fern/BostonFern_RT.spt: License Error: [Key expired on September 01, 2011]
04/20/2016 - 20:44:50 : Error loading tree: speedtree/shrubs_flowers/boston_fern/BostonFern_RT.spt: License Error: [Key expired on September 01, 2011]
04/20/2016 - 20:44:50 : Error loading tree: speedtree/shrubs_flowers/boston_fern/BostonFern_RT.spt: License Error: [Key expired on September 01, 2011]
04/20/2016 - 20:44:50 : Error loading tree: speedtree/shrubs_flowers/boston_fern/BostonFern_RT.spt: License Error: [Key expired on September 01, 2011]
04/20/2016 - 20:44:50 : Error loading tree: speedtree/shrubs_flowers/boston_fern/BostonFern_RT.spt: License Error: [Key expired on September 01, 2011]
04/20/2016 - 20:44:50 : Error loading tree: speedtree/Conifers/italian_cypress/ItalianCypress_RT.spt: License Error: [Key expired on September 01, 2011]
04/20/2016 - 20:44:50 : Error loading tree: speedtree/shrubs_flowers/boston_fern/BostonFern_RT.spt: License Error: [Key expired on September 01, 2011]
04/20/2016 - 20:44:50 : Error loading tree: speedtree/shrubs_flowers/boston_fern/BostonFern_RT.spt: License Error: [Key expired on September 01, 2011]
04/20/2016 - 20:44:50 : Error loading tree: speedtree/shrubs_flowers/boston_fern/BostonFern_RT.spt: License Error: [Key expired on September 01, 2011]
04/20/2016 - 20:44:50 : Error loading tree: speedtree/shrubs_flowers/boston_fern/BostonFern_RT.spt: License Error: [Key expired on September 01, 2011]
04/20/2016 - 20:44:50 : Error loading tree: speedtree/shrubs_flowers/cinnamon_fern/CinnamonFern_RT.spt: License Error: [Key expired on September 01, 2011]
04/20/2016 - 20:44:50 : Error loading tree: speedtree/shrubs_flowers/boston_fern/BostonFern_RT.spt: License Error: [Key expired on September 01, 2011]
04/20/2016 - 20:44:50 : Error loading tree: speedtree/shrubs_flowers/american_boxwood/AmericanBoxwood_RT.spt: License Error: [Key expired on September 01, 2011]
04/20/2016 - 20:44:50 : Error loading tree: speedtree/shrubs_flowers/boston_fern/BostonFern_RT.spt: License Error: [Key expired on September 01, 2011]
04/20/2016 - 20:44:50 : Error loading tree: speedtree/shrubs_flowers/boston_fern/BostonFern_RT.spt: License Error: [Key expired on September 01, 2011]
04/20/2016 - 20:44:50 : Error loading tree: speedtree/shrubs_flowers/boston_fern/BostonFern_RT.spt: License Error: [Key expired on September 01, 2011]
04/20/2016 - 20:44:50 : Error loading tree: speedtree/shrubs_flowers/american_boxwood/AmericanBoxwood_RT.spt: License Error: [Key expired on September 01, 2011]
04/20/2016 - 20:44:50 : Error loading tree: speedtree/shrubs_flowers/cinnamon_fern/CinnamonFern_RT.spt: License Error: [Key expired on September 01, 2011]
04/20/2016 - 20:44:50 : Error loading tree: speedtree/shrubs_flowers/american_boxwood/AmericanBoxwood_RT.spt: License Error: [Key expired on September 01, 2011]
04/20/2016 - 20:44:50 : Error loading tree: speedtree/shrubs_flowers/boston_fern/BostonFern_RT.spt: License Error: [Key expired on September 01, 2011]
04/20/2016 - 20:44:50 : Error loading tree: speedtree/shrubs_flowers/boston_fern/BostonFern_RT.spt: License Error: [Key expired on September 01, 2011]
04/20/2016 - 20:44:50 : Error loading tree: speedtree/shrubs_flowers/cinnamon_fern/CinnamonFern_RT.spt: License Error: [Key expired on September 01, 2011]
04/20/2016 - 20:44:50 : Chunk::load: Failed to load chunk 0000ffffo: Failed to load tree speedtree/Conifers/douglas_fir_full/DouglasFir_RT_Full.spt, Failed to load tree speedtree/Conifers/douglas_fir_full/DouglasFir_RT_Full.spt, Failed to load tree speedtree/Conifers/italian_stonepine/ItalianStonePine_RT_1.spt, Failed to load tree speedtree/Conifers/italian_stonepine/ItalianStonePine_RT_1.spt, Failed to load tree speedtree/Conifers/italian_cypress/ItalianCypress_RT.spt, Failed to load tree speedtree/Conifers/italian_cypress/ItalianCypress_RT.spt, Failed to load tree speedtree/Conifers/italian_cypress/ItalianCypress_RT.spt, Failed to load tree speedtree/Conifers/italian_cypress/ItalianCypress_RT.spt, Failed to load tree speedtree/Conifers/italian_cypress/ItalianCypress_RT.spt, Failed to load tree speedtree/Conifers/italian_cypress/ItalianCypress_RT.spt, Failed to load tree speedtree/Conifers/italian_cypress/ItalianCypress_RT.spt, Failed to load tree speedtree/Conifers/italian_cypress/ItalianCypress_RT.spt, Failed to load tree speedtree/Conifers/italian_cypress/ItalianCypress_RT.spt, Failed to load tree speedtree/Conifers/italian_cypress/ItalianCypress_RT.spt, Failed to load tree speedtree/Conifers/italian_cypress/ItalianCypress_RT.spt, Failed to load tree speedtree/Conifers/italian_cypress/ItalianCypress_RT.spt, Failed to load tree speedtree/Conifers/italian_cypress/ItalianCypress_RT.spt, Failed to load tree speedtree/Conifers/douglas_fir_full/DouglasFir_RT_Full.spt, Failed to load tree speedtree/Conifers/douglas_fir_full/DouglasFir_RT_Full.spt, Failed to load tree speedtree/Conifers/douglas_fir_full/DouglasFir_RT_Full.spt, Failed to load tree speedtree/Conifers/douglas_fir_full/DouglasFir_RT_Full.spt, Failed to load tree speedtree/Conifers/douglas_fir_full/DouglasFir_RT_Full.spt, Failed to load tree speedtree/Conifers/italian_stonepine/ItalianStonePine_RT_1.spt, Failed to load tree speedtree/Conifers/italian_stonepine/ItalianStonePine_RT_1.spt, Failed to load tree speedtree/Conifers/douglas_fir_full/DouglasFir_RT_Full.spt, Failed to load tree speedtree/Conifers/douglas_fir_full/DouglasFir_RT_Full.spt, Failed to load tree speedtree/Conifers/douglas_fir_full/DouglasFir_RT_Full.spt, Failed to load tree speedtree/Conifers/douglas_fir_full/DouglasFir_RT_Full.spt, Failed to load tree speedtree/Conifers/douglas_fir_full/DouglasFir_RT_Full.spt, Failed to load tree speedtree/Conifers/douglas_fir_full/DouglasFir_RT_Full.spt, Failed to load tree speedtree/shrubs_flowers/american_boxwood/AmericanBoxwood_RT.spt, Failed to load tree speedtree/shrubs_flowers/american_boxwood/AmericanBoxwood_RT.spt, Failed to load tree speedtree/shrubs_flowers/american_boxwood/AmericanBoxwood_RT.spt, Failed to load tree speedtree/shrubs_flowers/american_boxwood/AmericanBoxwood_RT.spt, Failed to load tree speedtree/shrubs_flowers/american_boxwood/AmericanBoxwood_RT.spt, Failed to load tree speedtree/shrubs_flowers/american_boxwood/AmericanBoxwood_RT.spt, Failed to load tree speedtree/shrubs_flowers/american_boxwood/AmericanBoxwood_RT.spt, Failed to load tree speedtree/shrubs_flowers/american_boxwood/AmericanBoxwood_RT.spt, Failed to load tree speedtree/shrubs_flowers/american_boxwood/AmericanBoxwood_RT.spt, Failed to load tree speedtree/shrubs_flowers/american_boxwood/AmericanBoxwood_RT.spt, Failed to load tree speedtree/shrubs_flowers/american_boxwood/AmericanBoxwood_RT.spt, Failed to load tree speedtree/shrubs_flowers/american_boxwood/AmericanBoxwood_RT.spt, Failed to load tree speedtree/shrubs_flowers/american_boxwood/AmericanBoxwood_RT.spt, Failed to load tree speedtree/shrubs_flowers/american_boxwood/AmericanBoxwood_RT.spt, Failed to load tree speedtree/shrubs_flowers/american_boxwood/AmericanBoxwood_RT.spt, Failed to load tree speedtree/shrubs_flowers/american_boxwood/AmericanBoxwood_RT.spt, Failed to load tree speedtree/shrubs_flowers/american_boxwood/AmericanBoxwood_RT.spt, Failed to load tree speedtree/shrubs_flowers/american_boxwood/AmericanBoxwood_RT.spt, Failed to load tree speedtree/shrubs_flowers/american_boxwood/AmericanBoxwood_RT.spt, Failed to load tree speedtree/shrubs_flowers/american_boxwood/AmericanBoxwood_RT.spt, Failed to load tree speedtree/shrubs_flowers/american_boxwood/AmericanBoxwood_RT.spt, Failed to load tree speedtree/shrubs_flowers/american_boxwood/AmericanBoxwood_RT.spt, Failed to load tree speedtree/shrubs_flowers/american_boxwood/AmericanBoxwood_RT.spt, Failed to load tree speedtree/shrubs_flowers/american_boxwood/AmericanBoxwood_RT.spt, Failed to load tree speedtree/shrubs_flowers/american_boxwood/AmericanBoxwood_RT.spt, Failed to load tree speedtree/shrubs_flowers/american_boxwood/AmericanBoxwood_RT.spt, Failed to load tree speedtree/shrubs_flowers/american_boxwood/AmericanBoxwood_RT.spt, Failed to load tree speedtree/shrubs_flowers/american_boxwood/AmericanBoxwood_RT.spt, Failed to load tree speedtree/shrubs_flowers/american_boxwood/AmericanBoxwood_RT.spt, Failed to load tree speedtree/shrubs_flowers/american_boxwood/AmericanBoxwood_RT.spt, Failed to load tree speedtree/shrubs_flowers/american_boxwood/AmericanBoxwood_RT.spt, Failed to load tree speedtree/shrubs_flowers/american_boxwood/AmericanBoxwood_RT.spt, Failed to load tree speedtree/shrubs_flowers/american_boxwood/AmericanBoxwood_RT.spt, Failed to load tree speedtree/shrubs_flowers/american_boxwood/AmericanBoxwood_RT.spt, Failed to load tree speedtree/shrubs_flowers/american_boxwood/AmericanBoxwood_RT.spt, Failed to load tree speedtree/shrubs_flowers/american_boxwood/AmericanBoxwood_RT.spt, Failed to load tree speedtree/shrubs_flowers/american_boxwood/AmericanBoxwood_RT.spt, Failed to load tree speedtree/shrubs_flowers/american_boxwood/AmericanBoxwood_RT.spt, Failed to load tree speedtree/shrubs_flowers/american_boxwood/AmericanBoxwood_RT.spt, Failed to load tree speedtree/shrubs_flowers/american_boxwood/AmericanBoxwood_RT.spt, Failed to load tree speedtree/shrubs_flowers/american_boxwood/AmericanBoxwood_RT.spt, Failed to load tree speedtree/shrubs_flowers/american_boxwood/AmericanBoxwood_RT.spt, Failed to load tree speedtree/shrubs_flowers/american_boxwood/AmericanBoxwood_RT.spt, Failed to load tree speedtree/shrubs_flowers/american_boxwood/AmericanBoxwood_RT.spt, Failed to load tree speedtree/shrubs_flowers/american_boxwood/AmericanBoxwood_RT.spt, Failed to load tree speedtree/shrubs_flowers/cinnamon_fern/CinnamonFern_RT.spt, Failed to load tree speedtree/shrubs_flowers/cinnamon_fern/CinnamonFern_RT.spt, Failed to load tree speedtree/shrubs_flowers/cinnamon_fern/CinnamonFern_RT.spt, Failed to load tree speedtree/shrubs_flowers/cinnamon_fern/CinnamonFern_RT.spt, Failed to load tree speedtree/shrubs_flowers/cinnamon_fern/CinnamonFern_RT.spt, Failed to load tree speedtree/shrubs_flowers/cinnamon_fern/CinnamonFern_RT.spt, Failed to load tree speedtree/shrubs_flowers/cinnamon_fern/CinnamonFern_RT.spt, Failed to load tree speedtree/shrubs_flowers/cinnamon_fern/CinnamonFern_RT.spt, Failed to load tree speedtree/shrubs_flowers/cinnamon_fern/CinnamonFern_RT.spt, Failed to load tree speedtree/shrubs_flowers/cinnamon_fern/CinnamonFern_RT.spt, Failed to load tree speedtree/shrubs_flowers/cinnamon_fern/CinnamonFern_RT.spt, Failed to load tree speedtree/shrubs_flowers/cinnamon_fern/CinnamonFern_RT.spt, Failed to load tree speedtree/shrubs_flowers/cinnamon_fern/CinnamonFern_RT.spt, Failed to load tree speedtree/shrubs_flowers/cinnamon_fern/CinnamonFern_RT.spt, Failed to load tree speedtree/shrubs_flowers/cinnamon_fern/CinnamonFern_RT.spt, Failed to load tree speedtree/shrubs_flowers/cinnamon_fern/CinnamonFern_RT.spt, Failed to load tree speedtree/shrubs_flowers/cinnamon_fern/CinnamonFern_RT.spt, Failed to load tree speedtree/shrubs_flowers/cinnamon_fern/CinnamonFern_RT.spt, Failed to load tree speedtree/shrubs_flowers/cinnamon_fern/CinnamonFern_RT.spt, Failed to load tree speedtree/shrubs_flowers/cinnamon_fern/CinnamonFern_RT.spt, Failed to load tree speedtree/shrubs_flowers/cinnamon_fern/CinnamonFern_RT.spt, Failed to load tree speedtree/shrubs_flowers/cinnamon_fern/CinnamonFern_RT.spt, Failed to load tree speedtree/Conifers/douglas_fir_full/DouglasFir_RT_Full.spt, Failed to load tree speedtree/shrubs_flowers/cinnamon_fern/CinnamonFern_RT.spt, Failed to load tree speedtree/shrubs_flowers/cinnamon_fern/CinnamonFern_RT.spt, Failed to load tree speedtree/shrubs_flowers/cinnamon_fern/CinnamonFern_RT.spt, Failed to load tree speedtree/shrubs_flowers/cinnamon_fern/CinnamonFern_RT.spt, Failed to load tree speedtree/shrubs_flowers/cinnamon_fern/CinnamonFern_RT.spt, Failed to load tree speedtree/shrubs_flowers/cinnamon_fern/CinnamonFern_RT.spt, Failed to load tree speedtree/shrubs_flowers/cinnamon_fern/CinnamonFern_RT.spt, Failed to load tree speedtree/shrubs_flowers/cinnamon_fern/CinnamonFern_RT.spt, Failed to load tree speedtree/shrubs_flowers/cinnamon_fern/CinnamonFern_RT.spt, Failed to load tree speedtree/shrubs_flowers/cinnamon_fern/CinnamonFern_RT.spt, Failed to load tree speedtree/shrubs_flowers/cinnamon_fern/CinnamonFern_RT.spt, Failed to load tree speedtree/shrubs_flowers/cinnamon_fern/CinnamonFern_RT.spt, Failed to load tree speedtree/shrubs_flowers/cinnamon_fern/CinnamonFern_RT.spt, Failed to load tree speedtree/shrubs_flowers/cinnamon_fern/CinnamonFern_RT.spt, Failed to load tree speedtree/shrubs_flowers/cinnamon_fern/CinnamonFern_RT.spt, Failed to load tree speedtree/shrubs_flowers/cinnamon_fern/CinnamonFern_RT.spt, Failed to load tree speedtree/shrubs_flowers/cinnamon_fern/CinnamonFern_RT.spt, Failed to load tree speedtree/shrubs_flowers/cinnamon_fern/CinnamonFern_RT.spt, Failed to load tree speedtree/shrubs_flowers/cinnamon_fern/CinnamonFern_RT.spt, Failed to load tree speedtree/shrubs_flowers/cinnamon_fern/CinnamonFern_RT.spt, Failed to load tree speedtree/shrubs_flowers/cinnamon_fern/CinnamonFern_RT.spt, Failed to load tree speedtree/shrubs_flowers/cinnamon_fern/CinnamonFern_RT.spt, Failed to load tree speedtree/shrubs_flowers/cinnamon_fern/CinnamonFern_RT.spt, Failed to load tree speedtree/shrubs_flowers/cinnamon_fern/CinnamonFern_RT.spt, Failed to load tree speedtree/shrubs_flowers/cinnamon_fern/CinnamonFern_RT.spt, Failed to load tree speedtree/shrubs_flowers/cinnamon_fern/CinnamonFern_RT.spt, Failed to load04/20/2016 - 20:44:50 : Error loading tree: speedtree/Broadleaves/american_elm_noleaves/AmericanElm_RT_noleaves.spt: License Error: [Key expired on September 01, 2011]
04/20/2016 - 20:44:50 : Chunk::load: Failed to load chunk 00040003o: Failed to load tree speedtree/Broadleaves/american_elm_noleaves/AmericanElm_RT_noleaves.spt
04/20/2016 - 20:44:51 : Error loading tree: speedtree/shrubs_flowers/american_boxwood/AmericanBoxwood_RT.spt: License Error: [Key expired on September 01, 2011]
04/20/2016 - 20:44:51 : Error loading tree: speedtree/Broadleaves/umprellathorn/UmbrellaThorn_RT.spt: License Error: [Key expired on September 01, 2011]
04/20/2016 - 20:44:51 : Error loading tree: speedtree/Broadleaves/umprellathorn/UmbrellaThorn_RT.spt: License Error: [Key expired on September 01, 2011]
04/20/2016 - 20:44:51 : Error loading tree: speedtree/Broadleaves/umprellathorn/UmbrellaThorn_RT.spt: License Error: [Key expired on September 01, 2011]
04/20/2016 - 20:44:51 : Error loading tree: speedtree/Broadleaves/umprellathorn/UmbrellaThorn_RT.spt: License Error: [Key expired on September 01, 2011]
04/20/2016 - 20:44:51 : Error loading tree: speedtree/Conifers/italian_stonepine/ItalianStonePine_RT_1.spt: License Error: [Key expired on September 01, 2011]
04/20/2016 - 20:44:51 : Error loading tree: speedtree/Broadleaves/umprellathorn/UmbrellaThorn_RT.spt: License Error: [Key expired on September 01, 2011]
04/20/2016 - 20:44:51 : Error loading tree: speedtree/Conifers/monterey_cypress/MontereyCypress_RT.spt: License Error: [Key expired on September 01, 2011]
04/20/2016 - 20:44:51 : Error loading tree: speedtree/Conifers/monterey_cypress/MontereyCypress_RT.spt: License Error: [Key expired on September 01, 2011]
04/20/2016 - 20:44:51 : Error loading tree: speedtree/Conifers/italian_stonepine/ItalianStonePine_RT_1.spt: License Error: [Key expired on September 01, 2011]
04/20/2016 - 20:44:51 : Error loading tree: speedtree/Conifers/monterey_cypress/MontereyCypress_RT.spt: License Error: [Key expired on September 01, 2011]
04/20/2016 - 20:44:51 : Error loading tree: speedtree/Conifers/monterey_cypress/MontereyCypress_RT.spt: License Error: [Key expired on September 01, 2011]
04/20/2016 - 20:44:51 : Error loading tree: speedtree/Broadleaves/umprellathorn/UmbrellaThorn_RT.spt: License Error: [Key expired on September 01, 2011]
04/20/2016 - 20:44:51 : Error loading tree: speedtree/Conifers/monterey_cypress/MontereyCypress_RT.spt: License Error: [Key expired on September 01, 2011]
04/20/2016 - 20:44:51 : Error loading tree: speedtree/Conifers/monterey_cypress/MontereyCypress_RT.spt: License Error: [Key expired on September 01, 2011]
04/20/2016 - 20:44:51 : Error loading tree: speedtree/Conifers/monterey_cypress/MontereyCypress_RT.spt: License Error: [Key expired on September 01, 2011]
04/20/2016 - 20:44:51 : Error loading tree: speedtree/Conifers/monterey_cypress/MontereyCypress_RT.spt: License Error: [Key expired on September 01, 2011]
04/20/2016 - 20:44:51 : Error loading tree: speedtree/Conifers/monterey_cypress/MontereyCypress_RT.spt: License Error: [Key expired on September 01, 2011]
04/20/2016 - 20:44:51 : Error loading tree: speedtree/Conifers/monterey_cypress/MontereyCypress_RT.spt: License Error: [Key expired on September 01, 2011]
04/20/2016 - 20:44:51 : Error loading tree: speedtree/Conifers/monterey_cypress/MontereyCypress_RT.spt: License Error: [Key expired on September 01, 2011]
04/20/2016 - 20:44:51 : Error loading tree: speedtree/shrubs_flowers/american_boxwood/AmericanBoxwood_RT.spt: License Error: [Key expired on September 01, 2011]
04/20/2016 - 20:44:51 : Error loading tree: speedtree/Conifers/monterey_cypress/MontereyCypress_RT.spt: License Error: [Key expired on September 01, 2011]
04/20/2016 - 20:44:51 : Error loading tree: speedtree/Conifers/monterey_cypress/MontereyCypress_RT.spt: License Error: [Key expired on September 01, 2011]
04/20/2016 - 20:44:51 : Error loading tree: speedtree/Broadleaves/umprellathorn/UmbrellaThorn_RT.spt: License Error: [Key expired on September 01, 2011]
04/20/2016 - 20:44:51 : Error loading tree: speedtree/Conifers/monterey_cypress/MontereyCypress_RT.spt: License Error: [Key expired on September 01, 2011]
04/20/2016 - 20:44:51 : Error loading tree: speedtree/Conifers/monterey_cypress/MontereyCypress_RT.spt: License Error: [Key expired on September 01, 2011]
04/20/2016 - 20:44:51 : Error loading tree: speedtree/shrubs_flowers/american_boxwood/AmericanBoxwood_RT.spt: License Error: [Key expired on September 01, 2011]
04/20/2016 - 20:44:51 : Error loading tree: speedtree/Conifers/monterey_cypress/MontereyCypress_RT.spt: License Error: [Key expired on September 01, 2011]
04/20/2016 - 20:44:51 : Error loading tree: speedtree/Conifers/monterey_cypress/MontereyCypress_RT.spt: License Error: [Key expired on September 01, 2011]
04/20/2016 - 20:44:51 : Error loading tree: speedtree/Conifers/monterey_cypress/MontereyCypress_RT.spt: License Error: [Key expired on September 01, 2011]
04/20/2016 - 20:44:51 : Error loading tree: speedtree/Broadleaves/umprellathorn/UmbrellaThorn_RT.spt: License Error: [Key expired on September 01, 2011]
04/20/2016 - 20:44:51 : Error loading tree: speedtree/Conifers/monterey_cypress/MontereyCypress_RT.spt: License Error: [Key expired on September 01, 2011]
04/20/2016 - 20:44:51 : Error loading tree: speedtree/Conifers/monterey_cypress/MontereyCypress_RT.spt: License Error: [Key expired on September 01, 2011]
04/20/2016 - 20:44:51 : Error loading tree: speedtree/Conifers/monterey_cypress/MontereyCypress_RT.spt: License Error: [Key expired on September 01, 2011]
04/20/2016 - 20:44:51 : Error loading tree: speedtree/Conifers/monterey_cypress/MontereyCypress_RT.spt: License Error: [Key expired on September 01, 2011]
04/20/2016 - 20:44:51 : Error loading tree: speedtree/Conifers/monterey_cypress/MontereyCypress_RT.spt: License Error: [Key expired on September 01, 2011]
04/20/2016 - 20:44:51 : Chunk::load: Failed to load chunk 00020002o: Failed to load tree speedtree/shrubs_flowers/american_boxwood/AmericanBoxwood_RT.spt, Failed to load tree speedtree/Broadleaves/umprellathorn/UmbrellaThorn_RT.spt, Failed to load tree speedtree/Broadleaves/umprellathorn/UmbrellaThorn_RT.spt, Failed to load tree speedtree/Broadleaves/umprellathorn/UmbrellaThorn_RT.spt, Failed to load tree speedtree/Broadleaves/umprellathorn/UmbrellaThorn_RT.spt, Failed to load tree speedtree/Conifers/italian_stonepine/ItalianStonePine_RT_1.spt, Failed to load tree speedtree/Broadleaves/umprellathorn/UmbrellaThorn_RT.spt, Failed to load tree speedtree/Conifers/monterey_cypress/MontereyCypress_RT.spt, Failed to load tree speedtree/Conifers/monterey_cypress/MontereyCypress_RT.spt, Failed to load tree speedtree/Conifers/italian_stonepine/ItalianStonePine_RT_1.spt, Failed to load tree speedtree/Conifers/monterey_cypress/MontereyCypress_RT.spt, Failed to load tree speedtree/Conifers/monterey_cypress/MontereyCypress_RT.spt, Failed to load tree speedtree/Broadleaves/umprellathorn/UmbrellaThorn_RT.spt, Failed to load tree speedtree/Conifers/monterey_cypress/MontereyCypress_RT.spt, Failed to load tree speedtree/Conifers/monterey_cypress/MontereyCypress_RT.spt, Failed to load tree speedtree/Conifers/monterey_cypress/MontereyCypress_RT.spt, Failed to load tree speedtree/Conifers/monterey_cypress/MontereyCypress_RT.spt, Failed to load tree speedtree/Conifers/monterey_cypress/MontereyCypress_RT.spt, Failed to load tree speedtree/Conifers/monterey_cypress/MontereyCypress_RT.spt, Failed to load tree speedtree/Conifers/monterey_cypress/MontereyCypress_RT.spt, Failed to load tree speedtree/shrubs_flowers/american_boxwood/AmericanBoxwood_RT.spt, Failed to load tree speedtree/Conifers/monterey_cypress/MontereyCypress_RT.spt, Failed to load tree speedtree/Conifers/monterey_cypress/MontereyCypress_RT.spt, Failed to load tree speedtree/Broadleaves/umprellathorn/UmbrellaThorn_RT.spt, Failed to load tree speedtree/Conifers/monterey_cypress/MontereyCypress_RT.spt, Failed to load tree speedtree/Conifers/monterey_cypress/MontereyCypress_RT.spt, Failed to load tree speedtree/shrubs_flowers/american_boxwood/AmericanBoxwood_RT.spt, Failed to load tree speedtree/Conifers/monterey_cypress/MontereyCypress_RT.spt, Failed to load tree speedtree/Conifers/monterey_cypress/MontereyCypress_RT.spt, Failed to load tree speedtree/Conifers/monterey_cypress/MontereyCypress_RT.spt, Failed to load tree speedtree/Broadleaves/umprellathorn/UmbrellaThorn_RT.spt, Failed to load tree speedtree/Conifers/monterey_cypress/MontereyCypress_RT.spt, Failed to load tree speedtree/Conifers/monterey_cypress/MontereyCypress_RT.spt, Failed to load tree speedtree/Conifers/monterey_cypress/MontereyCypress_RT.spt, Failed to load tree speedtree/Conifers/monterey_cypress/MontereyCypress_RT.spt, Failed to load tree speedtree/Conifers/monterey_cypress/MontereyCypress_RT.spt
04/20/2016 - 20:44:51 : Error loading tree: speedtree/Broadleaves/agarwoodcluster/bwAgarwoodCluster_RT.spt: License Error: [Key expired on September 01, 2011]
04/20/2016 - 20:44:51 : Error loading tree: speedtree/Broadleaves/agarwoodcluster/bwAgarwoodCluster_RT.spt: License Error: [Key expired on September 01, 2011]
04/20/2016 - 20:44:51 : Error loading tree: speedtree/Conifers/italian_cypress/ItalianCypress_RT.spt: License Error: [Key expired on September 01, 2011]
04/20/2016 - 20:44:51 : Error loading tree: speedtree/Conifers/italian_cypress/ItalianCypress_RT.spt: License Error: [Key expired on September 01, 2011]
04/20/2016 - 20:44:51 : Error loading tree: speedtree/Conifers/douglas_fir_full/DouglasFir_RT_Full.spt: License Error: [Key expired on September 01, 2011]
04/20/2016 - 20:44:51 : Error loading tree: speedtree/Conifers/douglas_fir_full/DouglasFir_RT_Full.spt: License Error: [Key expired on September 01, 2011]
04/20/2016 - 20:44:51 : Error loading tree: speedtree/Conifers/douglas_fir_full/DouglasFir_RT_Full.spt: License Error: [Key expired on September 01, 2011]
04/20/2016 - 20:44:51 : Error loading tree: speedtree/Conifers/douglas_fir_full/DouglasFir_RT_Full.spt: License Error: [Key expired on September 01, 2011]
04/20/2016 - 20:44:51 : Error loading tree: speedtree/shrubs_flowers/cinnamon_fern/CinnamonFern_RT.spt: License Error: [Key expired on September 01, 2011]
04/20/2016 - 20:44:51 : Error loading tree: speedtree/shrubs_flowers/cinnamon_fern/CinnamonFern_RT.spt: License Error: [Key expired on September 01, 2011]
04/20/2016 - 20:44:51 : Error loading tree: speedtree/shrubs_flowers/cinnamon_fern/CinnamonFern_RT.spt: License Error: [Key expired on September 01, 2011]
04/20/2016 - 20:44:51 : Error loading tree: speedtree/shrubs_flowers/cinnamon_fern/CinnamonFern_RT.spt: License Error: [Key expired on September 01, 2011]
04/20/2016 - 20:44:51 : Error loading tree: speedtree/shrubs_flowers/cinnamon_fern/CinnamonFern_RT.spt: License Error: [Key expired on September 01, 2011]
04/20/2016 - 20:44:51 : Error loading tree: speedtree/shrubs_flowers/cinnamon_fern/CinnamonFern_RT.spt: License Error: [Key expired on September 01, 2011]
04/20/2016 - 20:44:51 : Error loading tree: speedtree/shrubs_flowers/cinnamon_fern/CinnamonFern_RT.spt: License Error: [Key expired on September 01, 2011]
04/20/2016 - 20:44:51 : Error loading tree: speedtree/shrubs_flowers/american_boxwood/AmericanBoxwood_RT.spt: License Error: [Key expired on September 01, 2011]
04/20/2016 - 20:44:51 : Error loading tree: speedtree/shrubs_flowers/american_boxwood/AmericanBoxwood_RT.spt: License Error: [Key expired on September 01, 2011]
04/20/2016 - 20:44:51 : Error loading tree: speedtree/shrubs_flowers/american_boxwood/AmericanBoxwood_RT.spt: License Error: [Key expired on September 01, 2011]
04/20/2016 - 20:44:51 : Error loading tree: speedtree/shrubs_flowers/american_boxwood/AmericanBoxwood_RT.spt: License Error: [Key expired on September 01, 2011]
04/20/2016 - 20:44:51 : Error loading tree: speedtree/shrubs_flowers/american_boxwood/AmericanBoxwood_RT.spt: License Error: [Key expired on September 01, 2011]
04/20/2016 - 20:44:51 : Error loading tree: speedtree/shrubs_flowers/american_boxwood/AmericanBoxwood_RT.spt: License Error: [Key expired on September 01, 2011]
04/20/2016 - 20:44:51 : Error loading tree: speedtree/shrubs_flowers/boston_fern/BostonFern_RT.spt: License Error: [Key expired on September 01, 2011]
04/20/2016 - 20:44:51 : Error loading tree: speedtree/shrubs_flowers/boston_fern/BostonFern_RT.spt: License Error: [Key expired on September 01, 2011]
04/20/2016 - 20:44:51 : Error loading tree: speedtree/shrubs_flowers/boston_fern/BostonFern_RT.spt: License Error: [Key expired on September 01, 2011]
04/20/2016 - 20:44:51 : Error loading tree: speedtree/shrubs_flowers/boston_fern/BostonFern_RT.spt: License Error: [Key expired on September 01, 2011]
04/20/2016 - 20:44:51 : Error loading tree: speedtree/shrubs_flowers/boston_fern/BostonFern_RT.spt: License Error: [Key expired on September 01, 2011]
04/20/2016 - 20:44:51 : Error loading tree: speedtree/shrubs_flowers/american_boxwood/AmericanBoxwood_RT.spt: License Error: [Key expired on September 01, 2011]
04/20/2016 - 20:44:51 : Error loading tree: speedtree/shrubs_flowers/cinnamon_fern/CinnamonFern_RT.spt: License Error: [Key expired on September 01, 2011]
04/20/2016 - 20:44:51 : Error loading tree: speedtree/Conifers/douglas_fir_full/DouglasFir_RT_Full.spt: License Error: [Key expired on September 01, 2011]
04/20/2016 - 20:44:51 : Chunk::load: Failed to load chunk 00000000o: Failed to load tree speedtree/Broadleaves/agarwoodcluster/bwAgarwoodCluster_RT.spt, Failed to load tree speedtree/Broadleaves/agarwoodcluster/bwAgarwoodCluster_RT.spt, Failed to load tree speedtree/Conifers/italian_cypress/ItalianCypress_RT.spt, Failed to load tree speedtree/Conifers/italian_cypress/ItalianCypress_RT.spt, Failed to load tree speedtree/Conifers/douglas_fir_full/DouglasFir_RT_Full.spt, Failed to load tree speedtree/Conifers/douglas_fir_full/DouglasFir_RT_Full.spt, Failed to load tree speedtree/Conifers/douglas_fir_full/DouglasFir_RT_Full.spt, Failed to load tree speedtree/Conifers/douglas_fir_full/DouglasFir_RT_Full.spt, Failed to load tree speedtree/shrubs_flowers/cinnamon_fern/CinnamonFern_RT.spt, Failed to load tree speedtree/shrubs_flowers/cinnamon_fern/CinnamonFern_RT.spt, Failed to load tree speedtree/shrubs_flowers/cinnamon_fern/CinnamonFern_RT.spt, Failed to load tree speedtree/shrubs_flowers/cinnamon_fern/CinnamonFern_RT.spt, Failed to load tree speedtree/shrubs_flowers/cinnamon_fern/CinnamonFern_RT.spt, Failed to load tree speedtree/shrubs_flowers/cinnamon_fern/CinnamonFern_RT.spt, Failed to load tree speedtree/shrubs_flowers/cinnamon_fern/CinnamonFern_RT.spt, Failed to load tree speedtree/shrubs_flowers/american_boxwood/AmericanBoxwood_RT.spt, Failed to load tree speedtree/shrubs_flowers/american_boxwood/AmericanBoxwood_RT.spt, Failed to load tree speedtree/shrubs_flowers/american_boxwood/AmericanBoxwood_RT.spt, Failed to load tree speedtree/shrubs_flowers/american_boxwood/AmericanBoxwood_RT.spt, Failed to load tree speedtree/shrubs_flowers/american_boxwood/AmericanBoxwood_RT.spt, Failed to load tree speedtree/shrubs_flowers/american_boxwood/AmericanBoxwood_RT.spt, Failed to load tree speedtree/shrubs_flowers/boston_fern/BostonFern_RT.spt, Failed to load tree speedtree/shrubs_flowers/boston_fern/BostonFern_RT.spt, Failed to load tree speedtree/shrubs_flowers/boston_fern/BostonFern_RT.spt, Failed to load tree speedtree/shrubs_flowers/boston_fern/BostonFern_RT.spt, Failed to load tree speedtree/shrubs_flowers/boston_fern/BostonFern_RT.spt, Failed to load tree speedtree/shrubs_flowers/american_boxwood/AmericanBoxwood_RT.spt, Failed to load tree speedtree/shrubs_flowers/cinnamon_fern/CinnamonFern_RT.spt, Failed to load tree speedtree/Conifers/douglas_fir_full/DouglasFir_RT_Full.spt
04/20/2016 - 20:44:51 : Error loading tree: speedtree/Palms_Cacti_Cycads/joshua_tree/JoshuaTree_RT.spt: License Error: [Key expired on September 01, 2011]
04/20/2016 - 20:44:51 : Error loading tree: speedtree/Palms_Cacti_Cycads/joshua_tree/JoshuaTree_RT.spt: License Error: [Key expired on September 01, 2011]
04/20/2016 - 20:44:51 : Error loading tree: speedtree/Broadleaves/american_elm_noleaves/AmericanElm_RT_noleaves.spt: License Error: [Key expired on September 01, 2011]
04/20/2016 - 20:44:51 : Error loading tree: speedtree/Broadleaves/american_elm_noleaves/AmericanElm_RT_noleaves.spt: License Error: [Key expired on September 01, 2011]
04/20/2016 - 20:44:51 : Error loading tree: speedtree/Broadleaves/american_elm_noleaves/AmericanElm_RT_noleaves.spt: License Error: [Key expired on September 01, 2011]
04/20/2016 - 20:44:51 : Chunk::load: Failed to load chunk 00030003o: Failed to load tree speedtree/Palms_Cacti_Cycads/joshua_tree/JoshuaTree_RT.spt, Failed to load tree speedtree/Palms_Cacti_Cycads/joshua_tree/JoshuaTree_RT.spt, Failed to load tree speedtree/Broadleaves/american_elm_noleaves/AmericanElm_RT_noleaves.spt, Failed to load tree speedtree/Broadleaves/american_elm_noleaves/AmericanElm_RT_noleaves.spt, Failed to load tree speedtree/Broadleaves/american_elm_noleaves/AmericanElm_RT_noleaves.spt
04/20/2016 - 20:44:51 : Error loading tree: speedtree/shrubs_flowers/american_boxwood/AmericanBoxwood_RT.spt: License Error: [Key expired on September 01, 2011]
04/20/2016 - 20:44:51 : Error loading tree: speedtree/shrubs_flowers/cinnamon_fern/CinnamonFern_RT.spt: License Error: [Key expired on September 01, 2011]
04/20/2016 - 20:44:51 : Error loading tree: speedtree/shrubs_flowers/cinnamon_fern/CinnamonFern_RT.spt: License Error: [Key expired on September 01, 2011]
04/20/2016 - 20:44:51 : Error loading tree: speedtree/shrubs_flowers/cinnamon_fern/CinnamonFern_RT.spt: License Error: [Key expired on September 01, 2011]
04/20/2016 - 20:44:51 : Error loading tree: speedtree/shrubs_flowers/cinnamon_fern/CinnamonFern_RT.spt: License Error: [Key expired on September 01, 2011]
04/20/2016 - 20:44:51 : Error loading tree: speedtree/shrubs_flowers/cinnamon_fern/CinnamonFern_RT.spt: License Error: [Key expired on September 01, 2011]
04/20/2016 - 20:44:51 : Error loading tree: speedtree/shrubs_flowers/cinnamon_fern/CinnamonFern_RT.spt: License Error: [Key expired on September 01, 2011]
04/20/2016 - 20:44:51 : Error loading tree: speedtree/shrubs_flowers/cinnamon_fern/CinnamonFern_RT.spt: License Error: [Key expired on September 01, 2011]
04/20/2016 - 20:44:51 : Error loading tree: speedtree/shrubs_flowers/cinnamon_fern/CinnamonFern_RT.spt: License Error: [Key expired on September 01, 2011]
04/20/2016 - 20:44:51 : Error loading tree: speedtree/shrubs_flowers/cinnamon_fern/CinnamonFern_RT.spt: License Error: [Key expired on September 01, 2011]
04/20/2016 - 20:44:51 : Error loading tree: speedtree/shrubs_flowers/cinnamon_fern/CinnamonFern_RT.spt: License Error: [Key expired on September 01, 2011]
04/20/2016 - 20:44:51 : Error loading tree: speedtree/shrubs_flowers/cinnamon_fern/CinnamonFern_RT.spt: License Error: [Key expired on September 01, 2011]
04/20/2016 - 20:44:52 : Error loading tree: speedtree/shrubs_flowers/boston_fern/BostonFern_RT.spt: License Error: [Key expired on September 01, 2011]
04/20/2016 - 20:44:52 : Error loading tree: speedtree/shrubs_flowers/boston_fern/BostonFern_RT.spt: License Error: [Key expired on September 01, 2011]
04/20/2016 - 20:44:52 : Error loading tree: speedtree/shrubs_flowers/boston_fern/BostonFern_RT.spt: License Error: [Key expired on September 01, 2011]
04/20/2016 - 20:44:52 : Error loading tree: speedtree/shrubs_flowers/american_boxwood/AmericanBoxwood_RT.spt: License Error: [Key expired on September 01, 2011]
04/20/2016 - 20:44:52 : Error loading tree: speedtree/shrubs_flowers/american_boxwood/AmericanBoxwood_RT.spt: License Error: [Key expired on September 01, 2011]
04/20/2016 - 20:44:52 : Error loading tree: speedtree/Conifers/italian_stonepine/ItalianStonePine_RT_1.spt: License Error: [Key expired on September 01, 2011]
04/20/2016 - 20:44:52 : Error loading tree: speedtree/shrubs_flowers/cinnamon_fern/CinnamonFern_RT.spt: License Error: [Key expired on September 01, 2011]
04/20/2016 - 20:44:52 : Error loading tree: speedtree/Broadleaves/crab_apple/bwcrabapple_rt_flowers.spt: License Error: [Key expired on September 01, 2011]
04/20/2016 - 20:44:52 : Error loading tree: speedtree/shrubs_flowers/american_boxwood/AmericanBoxwood_RT.spt: License Error: [Key expired on September 01, 2011]
04/20/2016 - 20:44:52 : Error loading tree: speedtree/shrubs_flowers/boston_fern/BostonFern_RT.spt: License Error: [Key expired on September 01, 2011]
04/20/2016 - 20:44:52 : Error loading tree: speedtree/shrubs_flowers/cinnamon_fern/CinnamonFern_RT.spt: License Error: [Key expired on September 01, 2011]
04/20/2016 - 20:44:52 : Error loading tree: speedtree/shrubs_flowers/cinnamon_fern/CinnamonFern_RT.spt: License Error: [Key expired on September 01, 2011]
04/20/2016 - 20:44:52 : Error loading tree: speedtree/shrubs_flowers/american_boxwood/AmericanBoxwood_RT.spt: License Error: [Key expired on September 01, 2011]
04/20/2016 - 20:44:52 : Error loading tree: speedtree/shrubs_flowers/american_boxwood/AmericanBoxwood_RT.spt: License Error: [Key expired on September 01, 2011]
04/20/2016 - 20:44:52 : Error loading tree: speedtree/shrubs_flowers/boston_fern/BostonFern_RT.spt: License Error: [Key expired on September 01, 2011]
04/20/2016 - 20:44:52 : Error loading tree: speedtree/shrubs_flowers/cinnamon_fern/CinnamonFern_RT.spt: License Error: [Key expired on September 01, 2011]
04/20/2016 - 20:44:52 : Error loading tree: speedtree/shrubs_flowers/elephant_ear/ElephantEar_RT.spt: License Error: [Key expired on September 01, 2011]
04/20/2016 - 20:44:52 : Error loading tree: speedtree/Conifers/monterey_cypress/MontereyCypress_RT.spt: License Error: [Key expired on September 01, 2011]
04/20/2016 - 20:44:52 : Chunk::load: Failed to load chunk fffffffdo: Failed to load tree speedtree/shrubs_flowers/american_boxwood/AmericanBoxwood_RT.spt, Failed to load tree speedtree/shrubs_flowers/cinnamon_fern/CinnamonFern_RT.spt, Failed to load tree speedtree/shrubs_flowers/cinnamon_fern/CinnamonFern_RT.spt, Failed to load tree speedtree/shrubs_flowers/cinnamon_fern/CinnamonFern_RT.spt, Failed to load tree speedtree/shrubs_flowers/cinnamon_fern/CinnamonFern_RT.spt, Failed to load tree speedtree/shrubs_flowers/cinnamon_fern/CinnamonFern_RT.spt, Failed to load tree speedtree/shrubs_flowers/cinnamon_fern/CinnamonFern_RT.spt, Failed to load tree speedtree/shrubs_flowers/cinnamon_fern/CinnamonFern_RT.spt, Failed to load tree speedtree/shrubs_flowers/cinnamon_fern/CinnamonFern_RT.spt, Failed to load tree speedtree/shrubs_flowers/cinnamon_fern/CinnamonFern_RT.spt, Failed to load tree speedtree/shrubs_flowers/cinnamon_fern/CinnamonFern_RT.spt, Failed to load tree speedtree/shrubs_flowers/cinnamon_fern/CinnamonFern_RT.spt, Failed to load tree speedtree/shrubs_flowers/boston_fern/BostonFern_RT.spt, Failed to load tree speedtree/shrubs_flowers/boston_fern/BostonFern_RT.spt, Failed to load tree speedtree/shrubs_flowers/boston_fern/BostonFern_RT.spt, Failed to load tree speedtree/shrubs_flowers/american_boxwood/AmericanBoxwood_RT.spt, Failed to load tree speedtree/shrubs_flowers/american_boxwood/AmericanBoxwood_RT.spt, Failed to load tree speedtree/Conifers/italian_stonepine/ItalianStonePine_RT_1.spt, Failed to load tree speedtree/shrubs_flowers/cinnamon_fern/CinnamonFern_RT.spt, Failed to load tree speedtree/Broadleaves/crab_apple/bwcrabapple_rt_flowers.spt, Failed to load tree speedtree/shrubs_flowers/american_boxwood/AmericanBoxwood_RT.spt, Failed to load tree speedtree/shrubs_flowers/boston_fern/BostonFern_RT.spt, Failed to load tree speedtree/shrubs_flowers/cinnamon_fern/CinnamonFern_RT.spt, Failed to load tree speedtree/shrubs_flowers/cinnamon_fern/CinnamonFern_RT.spt, Failed to load tree speedtree/shrubs_flowers/american_boxwood/AmericanBoxwood_RT.spt, Failed to load tree speedtree/shrubs_flowers/american_boxwood/AmericanBoxwood_RT.spt, Failed to load tree speedtree/shrubs_flowers/boston_fern/BostonFern_RT.spt, Failed to load tree speedtree/shrubs_flowers/cinnamon_fern/CinnamonFern_RT.spt, Failed to load tree speedtree/shrubs_flowers/elephant_ear/ElephantEar_RT.spt, Failed to load tree speedtree/Conifers/monterey_cypress/MontereyCypress_RT.spt
04/20/2016 - 20:44:52 : Error loading tree: speedtree/shrubs_flowers/cinnamon_fern/CinnamonFern_RT.spt: License Error: [Key expired on September 01, 2011]
04/20/2016 - 20:44:52 : Error loading tree: speedtree/Conifers/italian_cypress/ItalianCypress_RT.spt: License Error: [Key expired on September 01, 2011]
04/20/2016 - 20:44:52 : Error loading tree: speedtree/Conifers/italian_cypress/ItalianCypress_RT.spt: License Error: [Key expired on September 01, 2011]
04/20/2016 - 20:44:52 : Error loading tree: speedtree/shrubs_flowers/american_boxwood/AmericanBoxwood_RT.spt: License Error: [Key expired on September 01, 2011]
04/20/2016 - 20:44:52 : Error loading tree: speedtree/shrubs_flowers/american_boxwood/AmericanBoxwood_RT.spt: License Error: [Key expired on September 01, 2011]
04/20/2016 - 20:44:52 : Error loading tree: speedtree/shrubs_flowers/american_boxwood/AmericanBoxwood_RT.spt: License Error: [Key expired on September 01, 2011]
04/20/2016 - 20:44:52 : Error loading tree: speedtree/shrubs_flowers/american_boxwood/AmericanBoxwood_RT.spt: License Error: [Key expired on September 01, 2011]
04/20/2016 - 20:44:52 : Error loading tree: speedtree/shrubs_flowers/american_boxwood/AmericanBoxwood_RT.spt: License Error: [Key expired on September 01, 2011]
04/20/2016 - 20:44:52 : Error loading tree: speedtree/shrubs_flowers/american_boxwood/AmericanBoxwood_RT.spt: License Error: [Key expired on September 01, 2011]
04/20/2016 - 20:44:52 : Error loading tree: speedtree/shrubs_flowers/american_boxwood/AmericanBoxwood_RT.spt: License Error: [Key expired on September 01, 2011]
04/20/2016 - 20:44:52 : Error loading tree: speedtree/shrubs_flowers/cinnamon_fern/CinnamonFern_RT.spt: License Error: [Key expired on September 01, 2011]
04/20/2016 - 20:44:52 : Error loading tree: speedtree/shrubs_flowers/cinnamon_fern/CinnamonFern_RT.spt: License Error: [Key expired on September 01, 2011]
04/20/2016 - 20:44:52 : Error loading tree: speedtree/shrubs_flowers/cinnamon_fern/CinnamonFern_RT.spt: License Error: [Key expired on September 01, 2011]
04/20/2016 - 20:44:52 : Error loading tree: speedtree/shrubs_flowers/cinnamon_fern/CinnamonFern_RT.spt: License Error: [Key expired on September 01, 2011]
04/20/2016 - 20:44:52 : Error loading tree: speedtree/shrubs_flowers/cinnamon_fern/CinnamonFern_RT.spt: License Error: [Key expired on September 01, 2011]
04/20/2016 - 20:44:52 : Error loading tree: speedtree/shrubs_flowers/american_boxwood/AmericanBoxwood_RT.spt: License Error: [Key expired on September 01, 2011]
04/20/2016 - 20:44:52 : Error loading tree: speedtree/shrubs_flowers/cinnamon_fern/CinnamonFern_RT.spt: License Error: [Key expired on September 01, 2011]
04/20/2016 - 20:44:52 : Error loading tree: speedtree/shrubs_flowers/american_boxwood/AmericanBoxwood_RT.spt: License Error: [Key expired on September 01, 2011]
04/20/2016 - 20:44:52 : Error loading tree: speedtree/shrubs_flowers/boston_fern/BostonFern_RT.spt: License Error: [Key expired on September 01, 2011]
04/20/2016 - 20:44:52 : Error loading tree: speedtree/shrubs_flowers/boston_fern/BostonFern_RT.spt: License Error: [Key expired on September 01, 2011]
04/20/2016 - 20:44:52 : Error loading tree: speedtree/shrubs_flowers/boston_fern/BostonFern_RT.spt: License Error: [Key expired on September 01, 2011]
04/20/2016 - 20:44:53 : Error loading tree: speedtree/shrubs_flowers/boston_fern/BostonFern_RT.spt: License Error: [Key expired on September 01, 2011]
04/20/2016 - 20:44:53 : Error loading tree: speedtree/shrubs_flowers/boston_fern/BostonFern_RT.spt: License Error: [Key expired on September 01, 2011]
04/20/2016 - 20:44:53 : Error loading tree: speedtree/shrubs_flowers/boston_fern/BostonFern_RT.spt: License Error: [Key expired on September 01, 2011]
04/20/2016 - 20:44:53 : Error loading tree: speedtree/shrubs_flowers/boston_fern/BostonFern_RT.spt: License Error: [Key expired on September 01, 2011]
04/20/2016 - 20:44:53 : Error loading tree: speedtree/shrubs_flowers/boston_fern/BostonFern_RT.spt: License Error: [Key expired on September 01, 2011]
04/20/2016 - 20:44:53 : Error loading tree: speedtree/Conifers/italian_cypress/ItalianCypress_RT.spt: License Error: [Key expired on September 01, 2011]
04/20/2016 - 20:44:53 : Error loading tree: speedtree/Conifers/italian_cypress/ItalianCypress_RT.spt: License Error: [Key expired on September 01, 2011]
04/20/2016 - 20:44:53 : Error loading tree: speedtree/shrubs_flowers/boston_fern/BostonFern_RT.spt: License Error: [Key expired on September 01, 2011]
04/20/2016 - 20:44:53 : Error loading tree: speedtree/shrubs_flowers/boston_fern/BostonFern_RT.spt: License Error: [Key expired on September 01, 2011]
04/20/2016 - 20:44:53 : Error loading tree: speedtree/shrubs_flowers/cinnamon_fern/CinnamonFern_RT.spt: License Error: [Key expired on September 01, 2011]
04/20/2016 - 20:44:53 : Error loading tree: speedtree/shrubs_flowers/american_boxwood/AmericanBoxwood_RT.spt: License Error: [Key expired on September 01, 2011]
04/20/2016 - 20:44:53 : Error loading tree: speedtree/shrubs_flowers/american_boxwood/AmericanBoxwood_RT.spt: License Error: [Key expired on September 01, 2011]
04/20/2016 - 20:44:53 : Error loading tree: speedtree/shrubs_flowers/american_boxwood/AmericanBoxwood_RT.spt: License Error: [Key expired on September 01, 2011]
04/20/2016 - 20:44:53 : Error loading tree: speedtree/shrubs_flowers/american_boxwood/AmericanBoxwood_RT.spt: License Error: [Key expired on September 01, 2011]
04/20/2016 - 20:44:53 : Error loading tree: speedtree/shrubs_flowers/cinnamon_fern/CinnamonFern_RT.spt: License Error: [Key expired on September 01, 2011]
04/20/2016 - 20:44:53 : Error loading tree: speedtree/shrubs_flowers/cinnamon_fern/CinnamonFern_RT.spt: License Error: [Key expired on September 01, 2011]
04/20/2016 - 20:44:53 : Error loading tree: speedtree/Conifers/italian_cypress/ItalianCypress_RT.spt: License Error: [Key expired on September 01, 2011]
04/20/2016 - 20:44:53 : Error loading tree: speedtree/Conifers/italian_cypress/ItalianCypress_RT.spt: License Error: [Key expired on September 01, 2011]
04/20/2016 - 20:44:53 : Error loading tree: speedtree/Conifers/italian_cypress/ItalianCypress_RT.spt: License Error: [Key expired on September 01, 2011]
04/20/2016 - 20:44:53 : Error loading tree: speedtree/Conifers/italian_cypress/ItalianCypress_RT.spt: License Error: [Key expired on September 01, 2011]
04/20/2016 - 20:44:53 : Error loading tree: speedtree/Conifers/italian_cypress/ItalianCypress_RT.spt: License Error: [Key expired on September 01, 2011]
04/20/2016 - 20:44:53 : Error loading tree: speedtree/Conifers/italian_cypress/ItalianCypress_RT.spt: License Error: [Key expired on September 01, 2011]
04/20/2016 - 20:44:53 : Error loading tree: speedtree/Conifers/italian_cypress/ItalianCypress_RT.spt: License Error: [Key expired on September 01, 2011]
04/20/2016 - 20:44:53 : Error loading tree: speedtree/Conifers/italian_cypress/ItalianCypress_RT.spt: License Error: [Key expired on September 01, 2011]
04/20/2016 - 20:44:53 : Error loading tree: speedtree/shrubs_flowers/boston_fern/BostonFern_RT.spt: License Error: [Key expired on September 01, 2011]
04/20/2016 - 20:44:53 : Error loading tree: speedtree/shrubs_flowers/boston_fern/BostonFern_RT.spt: License Error: [Key expired on September 01, 2011]
04/20/2016 - 20:44:53 : Error loading tree: speedtree/shrubs_flowers/cinnamon_fern/CinnamonFern_RT.spt: License Error: [Key expired on September 01, 2011]
04/20/2016 - 20:44:53 : Error loading tree: speedtree/shrubs_flowers/cinnamon_fern/CinnamonFern_RT.spt: License Error: [Key expired on September 01, 2011]
04/20/2016 - 20:44:53 : Error loading tree: speedtree/Conifers/italian_cypress/ItalianCypress_RT.spt: License Error: [Key expired on September 01, 2011]
04/20/2016 - 20:44:53 : Error loading tree: speedtree/Conifers/italian_cypress/ItalianCypress_RT.spt: License Error: [Key expired on September 01, 2011]
04/20/2016 - 20:44:53 : Error loading tree: speedtree/Conifers/italian_cypress/ItalianCypress_RT.spt: License Error: [Key expired on September 01, 2011]
04/20/2016 - 20:44:53 : Error loading tree: speedtree/Conifers/italian_cypress/ItalianCypress_RT.spt: License Error: [Key expired on September 01, 2011]
04/20/2016 - 20:44:53 : Error loading tree: speedtree/Conifers/italian_cypress/ItalianCypress_RT.spt: License Error: [Key expired on September 01, 2011]
04/20/2016 - 20:44:53 : Error loading tree: speedtree/Conifers/italian_cypress/ItalianCypress_RT.spt: License Error: [Key expired on September 01, 2011]
04/20/2016 - 20:44:53 : Error loading tree: speedtree/Conifers/italian_cypress/ItalianCypress_RT.spt: License Error: [Key expired on September 01, 2011]
04/20/2016 - 20:44:53 : Error loading tree: speedtree/Conifers/italian_cypress/ItalianCypress_RT.spt: License Error: [Key expired on September 01, 2011]
04/20/2016 - 20:44:53 : Error loading tree: speedtree/shrubs_flowers/cinnamon_fern/CinnamonFern_RT.spt: License Error: [Key expired on September 01, 2011]
04/20/2016 - 20:44:53 : Error loading tree: speedtree/Conifers/italian_cypress/ItalianCypress_RT.spt: License Error: [Key expired on September 01, 2011]
04/20/2016 - 20:44:53 : Error loading tree: speedtree/shrubs_flowers/boston_fern/BostonFern_RT.spt: License Error: [Key expired on September 01, 2011]
04/20/2016 - 20:44:53 : Error loading tree: speedtree/shrubs_flowers/boston_fern/BostonFern_RT.spt: License Error: [Key expired on September 01, 2011]
04/20/2016 - 20:44:53 : Error loading tree: speedtree/shrubs_flowers/boston_fern/BostonFern_RT.spt: License Error: [Key expired on September 01, 2011]
04/20/2016 - 20:44:53 : Error loading tree: speedtree/shrubs_flowers/boston_fern/BostonFern_RT.spt: License Error: [Key expired on September 01, 2011]
04/20/2016 - 20:44:53 : Error loading tree: speedtree/shrubs_flowers/boston_fern/BostonFern_RT.spt: License Error: [Key expired on September 01, 2011]
04/20/2016 - 20:44:53 : Error loading tree: speedtree/shrubs_flowers/boston_fern/BostonFern_RT.spt: License Error: [Key expired on September 01, 2011]
04/20/2016 - 20:44:53 : Error loading tree: speedtree/shrubs_flowers/boston_fern/BostonFern_RT.spt: License Error: [Key expired on September 01, 2011]
04/20/2016 - 20:44:53 : Error loading tree: speedtree/shrubs_flowers/cinnamon_fern/CinnamonFern_RT.spt: License Error: [Key expired on September 01, 2011]
04/20/2016 - 20:44:53 : Error loading tree: speedtree/shrubs_flowers/cinnamon_fern/CinnamonFern_RT.spt: License Error: [Key expired on September 01, 2011]
04/20/2016 - 20:44:53 : Error loading tree: speedtree/shrubs_flowers/cinnamon_fern/CinnamonFern_RT.spt: License Error: [Key expired on September 01, 2011]
04/20/2016 - 20:44:53 : Error loading tree: speedtree/shrubs_flowers/cinnamon_fern/CinnamonFern_RT.spt: License Error: [Key expired on September 01, 2011]
04/20/2016 - 20:44:53 : Error loading tree: speedtree/shrubs_flowers/cinnamon_fern/CinnamonFern_RT.spt: License Error: [Key expired on September 01, 2011]
04/20/2016 - 20:44:53 : Error loading tree: speedtree/shrubs_flowers/cinnamon_fern/CinnamonFern_RT.spt: License Error: [Key expired on September 01, 2011]
04/20/2016 - 20:44:53 : Error loading tree: speedtree/shrubs_flowers/cinnamon_fern/CinnamonFern_RT.spt: License Error: [Key expired on September 01, 2011]
04/20/2016 - 20:44:53 : Error loading tree: speedtree/shrubs_flowers/cinnamon_fern/CinnamonFern_RT.spt: License Error: [Key expired on September 01, 2011]
04/20/2016 - 20:44:53 : Error loading tree: speedtree/shrubs_flowers/cinnamon_fern/CinnamonFern_RT.spt: License Error: [Key expired on September 01, 2011]
04/20/2016 - 20:44:53 : Error loading tree: speedtree/shrubs_flowers/cinnamon_fern/CinnamonFern_RT.spt: License Error: [Key expired on September 01, 2011]
04/20/2016 - 20:44:53 : Error loading tree: speedtree/shrubs_flowers/cinnamon_fern/CinnamonFern_RT.spt: License Error: [Key expired on September 01, 2011]
04/20/2016 - 20:44:53 : Error loading tree: speedtree/shrubs_flowers/cinnamon_fern/CinnamonFern_RT.spt: License Error: [Key expired on September 01, 2011]
04/20/2016 - 20:44:53 : Error loading tree: speedtree/shrubs_flowers/cinnamon_fern/CinnamonFern_RT.spt: License Error: [Key expired on September 01, 2011]
04/20/2016 - 20:44:53 : Error loading tree: speedtree/shrubs_flowers/boston_fern/BostonFern_RT.spt: License Error: [Key expired on September 01, 2011]
04/20/2016 - 20:44:53 : Error loading tree: speedtree/shrubs_flowers/boston_fern/BostonFern_RT.spt: License Error: [Key expired on September 01, 2011]
04/20/2016 - 20:44:53 : Error loading tree: speedtree/shrubs_flowers/boston_fern/BostonFern_RT.spt: License Error: [Key expired on September 01, 2011]
04/20/2016 - 20:44:53 : Error loading tree: speedtree/shrubs_flowers/boston_fern/BostonFern_RT.spt: License Error: [Key expired on September 01, 2011]
04/20/2016 - 20:44:53 : Error loading tree: speedtree/shrubs_flowers/american_boxwood/AmericanBoxwood_RT.spt: License Error: [Key expired on September 01, 2011]
04/20/2016 - 20:44:53 : Error loading tree: speedtree/shrubs_flowers/american_boxwood/AmericanBoxwood_RT.spt: License Error: [Key expired on September 01, 2011]
04/20/2016 - 20:44:53 : Error loading tree: speedtree/shrubs_flowers/american_boxwood/AmericanBoxwood_RT.spt: License Error: [Key expired on September 01, 2011]
04/20/2016 - 20:44:53 : Error loading tree: speedtree/shrubs_flowers/american_boxwood/AmericanBoxwood_RT.spt: License Error: [Key expired on September 01, 2011]
04/20/2016 - 20:44:53 : Error loading tree: speedtree/shrubs_flowers/american_boxwood/AmericanBoxwood_RT.spt: License Error: [Key expired on September 01, 2011]
04/20/2016 - 20:44:53 : Error loading tree: speedtree/shrubs_flowers/american_boxwood/AmericanBoxwood_RT.spt: License Error: [Key expired on September 01, 2011]
04/20/2016 - 20:44:53 : Error loading tree: speedtree/shrubs_flowers/american_boxwood/AmericanBoxwood_RT.spt: License Error: [Key expired on September 01, 2011]
04/20/2016 - 20:44:53 : Error loading tree: speedtree/shrubs_flowers/cinnamon_fern/CinnamonFern_RT.spt: License Error: [Key expired on September 01, 2011]
04/20/2016 - 20:44:53 : Error loading tree: speedtree/shrubs_flowers/cinnamon_fern/CinnamonFern_RT.spt: License Error: [Key expired on September 01, 2011]
04/20/2016 - 20:44:53 : Error loading tree: speedtree/Conifers/italian_cypress/ItalianCypress_RT.spt: License Error: [Key expired on September 01, 2011]
04/20/2016 - 20:44:53 : Error loading tree: speedtree/Conifers/italian_cypress/ItalianCypress_RT.spt: License Error: [Key expired on September 01, 2011]
04/20/2016 - 20:44:53 : Error loading tree: speedtree/shrubs_flowers/american_boxwood/AmericanBoxwood_RT.spt: License Error: [Key expired on September 01, 2011]
04/20/2016 - 20:44:53 : Error loading tree: speedtree/shrubs_flowers/cinnamon_fern/CinnamonFern_RT.spt: License Error: [Key expired on September 01, 2011]
04/20/2016 - 20:44:53 : Error loading tree: speedtree/Broadleaves/crab_apple/bwcrabapple_rt_flowers.spt: License Error: [Key expired on September 01, 2011]
04/20/2016 - 20:44:53 : Error loading tree: speedtree/Broadleaves/crab_apple/bwcrabapple_rt_flowers.spt: License Error: [Key expired on September 01, 2011]
04/20/2016 - 20:44:53 : Error loading tree: speedtree/shrubs_flowers/boston_fern/BostonFern_RT.spt: License Error: [Key expired on September 01, 2011]
04/20/2016 - 20:44:53 : Error loading tree: speedtree/shrubs_flowers/boston_fern/BostonFern_RT.spt: License Error: [Key expired on September 01, 2011]
04/20/2016 - 20:44:53 : Error loading tree: speedtree/shrubs_flowers/boston_fern/BostonFern_RT.spt: License Error: [Key expired on September 01, 2011]
04/20/2016 - 20:44:53 : Error loading tree: speedtree/shrubs_flowers/boston_fern/BostonFern_RT.spt: License Error: [Key expired on September 01, 2011]
04/20/2016 - 20:44:53 : Error loading tree: speedtree/shrubs_flowers/boston_fern/BostonFern_RT.spt: License Error: [Key expired on September 01, 2011]
04/20/2016 - 20:44:53 : Error loading tree: speedtree/Conifers/italian_cypress/ItalianCypress_RT.spt: License Error: [Key expired on September 01, 2011]
04/20/2016 - 20:44:53 : Error loading tree: speedtree/Conifers/italian_cypress/ItalianCypress_RT.spt: License Error: [Key expired on September 01, 2011]
04/20/2016 - 20:44:53 : Error loading tree: speedtree/Broadleaves/crab_apple/bwcrabapple_rt_flowers.spt: License Error: [Key expired on September 01, 2011]
04/20/2016 - 20:44:53 : Error loading tree: speedtree/shrubs_flowers/boston_fern/BostonFern_RT.spt: License Error: [Key expired on September 01, 2011]
04/20/2016 - 20:44:53 : Error loading tree: speedtree/shrubs_flowers/boston_fern/BostonFern_RT.spt: License Error: [Key expired on September 01, 2011]
04/20/2016 - 20:44:53 : Error loading tree: speedtree/shrubs_flowers/boston_fern/BostonFern_RT.spt: License Error: [Key expired on September 01, 2011]
04/20/2016 - 20:44:53 : Error loading tree: speedtree/Conifers/italian_cypress/ItalianCypress_RT.spt: License Error: [Key expired on September 01, 2011]
04/20/2016 - 20:44:53 : Error loading tree: speedtree/shrubs_flowers/cinnamon_fern/CinnamonFern_RT.spt: License Error: [Key expired on September 01, 2011]
04/20/2016 - 20:44:53 : Error loading tree: speedtree/shrubs_flowers/boston_fern/BostonFern_RT.spt: License Error: [Key expired on September 01, 2011]
04/20/2016 - 20:44:53 : Error loading tree: speedtree/shrubs_flowers/elephant_ear/ElephantEar_RT.spt: License Error: [Key expired on September 01, 2011]
04/20/2016 - 20:44:53 : Error loading tree: speedtree/shrubs_flowers/elephant_ear/ElephantEar_RT.spt: License Error: [Key expired on September 01, 2011]
04/20/2016 - 20:44:53 : Error loading tree: speedtree/shrubs_flowers/elephant_ear/ElephantEar_RT.spt: License Error: [Key expired on September 01, 2011]
04/20/2016 - 20:44:53 : Error loading tree: speedtree/shrubs_flowers/elephant_ear/ElephantEar_RT.spt: License Error: [Key expired on September 01, 2011]
04/20/2016 - 20:44:53 : Error loading tree: speedtree/shrubs_flowers/elephant_ear/ElephantEar_RT.spt: License Error: [Key expired on September 01, 2011]
04/20/2016 - 20:44:53 : Error loading tree: speedtree/shrubs_flowers/elephant_ear/ElephantEar_RT.spt: License Error: [Key expired on September 01, 2011]
04/20/2016 - 20:44:53 : Error loading tree: speedtree/shrubs_flowers/elephant_ear/ElephantEar_RT.spt: License Error: [Key expired on September 01, 2011]
04/20/2016 - 20:44:53 : Error loading tree: speedtree/shrubs_flowers/elephant_ear/ElephantEar_RT.spt: License Error: [Key expired on September 01, 2011]
04/20/2016 - 20:44:53 : Error loading tree: speedtree/shrubs_flowers/elephant_ear/ElephantEar_RT.spt: License Error: [Key expired on September 01, 2011]
04/20/2016 - 20:44:53 : Error loading tree: speedtree/shrubs_flowers/elephant_ear/ElephantEar_RT.spt: License Error: [Key expired on September 01, 2011]
04/20/2016 - 20:44:53 : Error loading tree: speedtree/shrubs_flowers/elephant_ear/ElephantEar_RT.spt: License Error: [Key expired on September 01, 2011]
04/20/2016 - 20:44:53 : Error loading tree: speedtree/shrubs_flowers/elephant_ear/ElephantEar_RT.spt: License Error: [Key expired on September 01, 2011]
04/20/2016 - 20:44:53 : Error loading tree: speedtree/shrubs_flowers/elephant_ear/ElephantEar_RT.spt: License Error: [Key expired on September 01, 2011]
04/20/2016 - 20:44:53 : Error loading tree: speedtree/shrubs_flowers/elephant_ear/ElephantEar_RT.spt: License Error: [Key expired on September 01, 2011]
04/20/2016 - 20:44:53 : Error loading tree: speedtree/shrubs_flowers/elephant_ear/ElephantEar_RT.spt: License Error: [Key expired on September 01, 2011]
04/20/2016 - 20:44:53 : Error loading tree: speedtree/Broadleaves/crab_apple/bwcrabapple_rt_flowers.spt: License Error: [Key expired on September 01, 2011]
04/20/2016 - 20:44:53 : Error loading tree: speedtree/Broadleaves/crab_apple/bwcrabapple_rt_flowers.spt: License Error: [Key expired on September 01, 2011]
04/20/2016 - 20:44:53 : Error loading tree: speedtree/Conifers/giant_redwood/GiantRedwood_small_rt.spt: License Error: [Key expired on September 01, 2011]
04/20/2016 - 20:44:53 : Error loading tree: speedtree/shrubs_flowers/elephant_ear/ElephantEar_RT.spt: License Error: [Key expired on September 01, 2011]
04/20/2016 - 20:44:53 : Error loading tree: speedtree/shrubs_flowers/elephant_ear/ElephantEar_RT.spt: License Error: [Key expired on September 01, 2011]
04/20/2016 - 20:44:53 : Error loading tree: speedtree/shrubs_flowers/elephant_ear/ElephantEar_RT.spt: License Error: [Key expired on September 01, 2011]
04/20/2016 - 20:44:53 : Error loading tree: speedtree/shrubs_flowers/elephant_ear/ElephantEar_RT.spt: License Error: [Key expired on September 01, 2011]
04/20/2016 - 20:44:53 : Error loading tree: speedtree/shrubs_flowers/elephant_ear/ElephantEar_RT.spt: License Error: [Key expired on September 01, 2011]
04/20/2016 - 20:44:53 : Error loading tree: speedtree/shrubs_flowers/elephant_ear/ElephantEar_RT.spt: License Error: [Key expired on September 01, 2011]
04/20/2016 - 20:44:53 : Error loading tree: speedtree/shrubs_flowers/elephant_ear/ElephantEar_RT.spt: License Error: [Key expired on September 01, 2011]
04/20/2016 - 20:44:53 : Error loading tree: speedtree/shrubs_flowers/elephant_ear/ElephantEar_RT.spt: License Error: [Key expired on September 01, 2011]
04/20/2016 - 20:44:53 : Error loading tree: speedtree/shrubs_flowers/elephant_ear/ElephantEar_RT.spt: License Error: [Key expired on September 01, 2011]
04/20/2016 - 20:44:53 : Error loading tree: speedtree/shrubs_flowers/elephant_ear/ElephantEar_RT.spt: License Error: [Key expired on September 01, 2011]
04/20/2016 - 20:44:53 : Error loading tree: speedtree/shrubs_flowers/elephant_ear/ElephantEar_RT.spt: License Error: [Key expired on September 01, 2011]
04/20/2016 - 20:44:53 : Error loading tree: speedtree/shrubs_flowers/elephant_ear/ElephantEar_RT.spt: License Error: [Key expired on September 01, 2011]
04/20/2016 - 20:44:53 : Error loading tree: speedtree/shrubs_flowers/elephant_ear/ElephantEar_RT.spt: License Error: [Key expired on September 01, 2011]
04/20/2016 - 20:44:53 : Error loading tree: speedtree/shrubs_flowers/elephant_ear/ElephantEar_RT.spt: License Error: [Key expired on September 01, 2011]
04/20/2016 - 20:44:53 : Error loading tree: speedtree/shrubs_flowers/elephant_ear/ElephantEar_RT.spt: License Error: [Key expired on September 01, 2011]
04/20/2016 - 20:44:53 : Error loading tree: speedtree/shrubs_flowers/elephant_ear/ElephantEar_RT.spt: License Error: [Key expired on September 01, 2011]
04/20/2016 - 20:44:53 : Error loading tree: speedtree/shrubs_flowers/elephant_ear/ElephantEar_RT.spt: License Error: [Key expired on September 01, 2011]
04/20/2016 - 20:44:53 : Error loading tree: speedtree/shrubs_flowers/elephant_ear/ElephantEar_RT.spt: License Error: [Key expired on September 01, 2011]
04/20/2016 - 20:44:53 : Error loading tree: speedtree/shrubs_flowers/elephant_ear/ElephantEar_RT.spt: License Error: [Key expired on September 01, 2011]
04/20/2016 - 20:44:53 : Error loading tree: speedtree/shrubs_flowers/elephant_ear/ElephantEar_RT.spt: License Error: [Key expired on September 01, 2011]
04/20/2016 - 20:44:53 : Error loading tree: speedtree/shrubs_flowers/elephant_ear/ElephantEar_RT.spt: License Error: [Key expired on September 01, 2011]
04/20/2016 - 20:44:53 : Error loading tree: speedtree/shrubs_flowers/elephant_ear/ElephantEar_RT.spt: License Error: [Key expired on September 01, 2011]
04/20/2016 - 20:44:53 : Error loading tree: speedtree/shrubs_flowers/elephant_ear/ElephantEar_RT.spt: License Error: [Key expired on September 01, 2011]
04/20/2016 - 20:44:53 : Error loading tree: speedtree/shrubs_flowers/elephant_ear/ElephantEar_RT.spt: License Error: [Key expired on September 01, 2011]
04/20/2016 - 20:44:53 : Error loading tree: speedtree/shrubs_flowers/elephant_ear/ElephantEar_RT.spt: License Error: [Key expired on September 01, 2011]
04/20/2016 - 20:44:53 : Error loading tree: speedtree/shrubs_flowers/elephant_ear/ElephantEar_RT.spt: License Error: [Key expired on September 01, 2011]
04/20/2016 - 20:44:53 : Error loading tree: speedtree/shrubs_flowers/elephant_ear/ElephantEar_RT.spt: License Error: [Key expired on September 01, 2011]
04/20/2016 - 20:44:53 : Error loading tree: speedtree/shrubs_flowers/elephant_ear/ElephantEar_RT.spt: License Error: [Key expired on September 01, 2011]
04/20/2016 - 20:44:53 : Error loading tree: speedtree/shrubs_flowers/elephant_ear/ElephantEar_RT.spt: License Error: [Key expired on September 01, 2011]
04/20/2016 - 20:44:53 : Chunk::load: Failed to load chunk fffffffeo: Failed to load tree speedtree/shrubs_flowers/cinnamon_fern/CinnamonFern_RT.spt, Failed to load tree speedtree/Conifers/italian_cypress/ItalianCypress_RT.spt, Failed to load tree speedtree/Conifers/italian_cypress/ItalianCypress_RT.spt, Failed to load tree speedtree/shrubs_flowers/american_boxwood/AmericanBoxwood_RT.spt, Failed to load tree speedtree/shrubs_flowers/american_boxwood/AmericanBoxwood_RT.spt, Failed to load tree speedtree/shrubs_flowers/american_boxwood/AmericanBoxwood_RT.spt, Failed to load tree speedtree/shrubs_flowers/american_boxwood/AmericanBoxwood_RT.spt, Failed to load tree speedtree/shrubs_flowers/american_boxwood/AmericanBoxwood_RT.spt, Failed to load tree speedtree/shrubs_flowers/american_boxwood/AmericanBoxwood_RT.spt, Failed to load tree speedtree/shrubs_flowers/american_boxwood/AmericanBoxwood_RT.spt, Failed to load tree speedtree/shrubs_flowers/cinnamon_fern/CinnamonFern_RT.spt, Failed to load tree speedtree/shrubs_flowers/cinnamon_fern/CinnamonFern_RT.spt, Failed to load tree speedtree/shrubs_flowers/cinnamon_fern/CinnamonFern_RT.spt, Failed to load tree speedtree/shrubs_flowers/cinnamon_fern/CinnamonFern_RT.spt, Failed to load tree speedtree/shrubs_flowers/cinnamon_fern/CinnamonFern_RT.spt, Failed to load tree speedtree/shrubs_flowers/american_boxwood/AmericanBoxwood_RT.spt, Failed to load tree speedtree/shrubs_flowers/cinnamon_fern/CinnamonFern_RT.spt, Failed to load tree speedtree/shrubs_flowers/american_boxwood/AmericanBoxwood_RT.spt, Failed to load tree speedtree/shrubs_flowers/boston_fern/BostonFern_RT.spt, Failed to load tree speedtree/shrubs_flowers/boston_fern/BostonFern_RT.spt, Failed to load tree speedtree/shrubs_flowers/boston_fern/BostonFern_RT.spt, Failed to load tree speedtree/shrubs_flowers/boston_fern/BostonFern_RT.spt, Failed to load tree speedtree/shrubs_flowers/boston_fern/BostonFern_RT.spt, Failed to load tree speedtree/shrubs_flowers/boston_fern/BostonFern_RT.spt, Failed to load tree speedtree/shrubs_flowers/boston_fern/BostonFern_RT.spt, Failed to load tree speedtree/shrubs_flowers/boston_fern/BostonFern_RT.spt, Failed to load tree speedtree/Conifers/italian_cypress/ItalianCypress_RT.spt, Failed to load tree speedtree/Conifers/italian_cypress/ItalianCypress_RT.spt, Failed to load tree speedtree/shrubs_flowers/boston_fern/BostonFern_RT.spt, Failed to load tree speedtree/shrubs_flowers/boston_fern/BostonFern_RT.spt, Failed to load tree speedtree/shrubs_flowers/cinnamon_fern/CinnamonFern_RT.spt, Failed to load tree speedtree/shrubs_flowers/american_boxwood/AmericanBoxwood_RT.spt, Failed to load tree speedtree/shrubs_flowers/american_boxwood/AmericanBoxwood_RT.spt, Failed to load tree speedtree/shrubs_flowers/american_boxwood/AmericanBoxwood_RT.spt, Failed to load tree speedtree/shrubs_flowers/american_boxwood/AmericanBoxwood_RT.spt, Failed to load tree speedtree/shrubs_flowers/cinnamon_fern/CinnamonFern_RT.spt, Failed to load tree speedtree/shrubs_flowers/cinnamon_fern/CinnamonFern_RT.spt, Failed to load tree speedtree/Conifers/italian_cypress/ItalianCypress_RT.spt, Failed to load tree speedtree/Conifers/italian_cypress/ItalianCypress_RT.spt, Failed to load tree speedtree/Conifers/italian_cypress/ItalianCypress_RT.spt, Failed to load tree speedtree/Conifers/italian_cypress/ItalianCypress_RT.spt, Failed to load tree speedtree/Conifers/italian_cypress/ItalianCypress_RT.spt, Failed to load tree speedtree/Conifers/italian_cypress/ItalianCypress_RT.spt, Failed to load tree speedtree/Conifers/italian_cypress/ItalianCypress_RT.spt, Failed to load tree speedtree/Conifers/italian_cypress/ItalianCypress_RT.spt, Failed to load tree speedtree/shrubs_flowers/boston_fern/BostonFern_RT.spt, Failed to load tree speedtree/shrubs_flowers/boston_fern/BostonFern_RT.spt, Failed to load tree speedtree/shrubs_flowers/cinnamon_fern/CinnamonFern_RT.spt, Failed to load tree speedtree/shrubs_flowers/cinnamon_fern/CinnamonFern_RT.spt, Failed to load tree speedtree/Conifers/italian_cypress/ItalianCypress_RT.spt, Failed to load tree speedtree/Conifers/italian_cypress/ItalianCypress_RT.spt, Failed to load tree speedtree/Conifers/italian_cypress/ItalianCypress_RT.spt, Failed to load tree speedtree/Conifers/italian_cypress/ItalianCypress_RT.spt, Failed to load tree speedtree/Conifers/italian_cypress/ItalianCypress_RT.spt, Failed to load tree speedtree/Conifers/italian_cypress/ItalianCypress_RT.spt, Failed to load tree speedtree/Conifers/italian_cypress/ItalianCypress_RT.spt, Failed to load tree speedtree/Conifers/italian_cypress/ItalianCypress_RT.spt, Failed to load tree speedtree/shrubs_flowers/cinnamon_fern/CinnamonFern_RT.spt, Failed to load tree speedtree/Conifers/italian_cypress/ItalianCypress_RT.spt, Failed to load tree speedtree/shrubs_flowers/boston_fern/BostonFern_RT.spt, Failed to load tree speedtree/shrubs_flowers/boston_fern/BostonFern_RT.spt, Failed to load tree speedtree/shrubs_flowers/boston_fern/BostonFern_RT.spt, Failed to load tree speedtree/shrubs_flowers/boston_fern/BostonFern_RT.spt, Failed to load tree speedtree/shrubs_flowers/boston_fern/BostonFern_RT.spt, Failed to load tree speedtree/shrubs_flowers/boston_fern/BostonFern_RT.spt, Failed to load tree speedtree/shrubs_flowers/boston_fern/BostonFern_RT.spt, Failed to load tree speedtree/shrubs_flowers/cinnamon_fern/CinnamonFern_RT.spt, Failed to load tree speedtree/shrubs_flowers/cinnamon_fern/CinnamonFern_RT.spt, Failed to load tree speedtree/shrubs_flowers/cinnamon_fern/CinnamonFern_RT.spt, Failed to load tree speedtree/shrubs_flowers/cinnamon_fern/CinnamonFern_RT.spt, Failed to load tree speedtree/shrubs_flowers/cinnamon_fern/CinnamonFern_RT.spt, Failed to load tree speedtree/shrubs_flowers/cinnamon_fern/CinnamonFern_RT.spt, Failed to load tree speedtree/shrubs_flowers/cinnamon_fern/CinnamonFern_RT.spt, Failed to load tree speedtree/shrubs_flowers/cinnamon_fern/CinnamonFern_RT.spt, Failed to load tree speedtree/shrubs_flowers/cinnamon_fern/CinnamonFern_RT.spt, Failed to load tree speedtree/shrubs_flowers/cinnamon_fern/CinnamonFern_RT.spt, Failed to load tree speedtree/shrubs_flowers/cinnamon_fern/CinnamonFern_RT.spt, Failed to load tree speedtree/shrubs_flowers/cinnamon_fern/CinnamonFern_RT.spt, Failed to load tree speedtree/shrubs_flowers/cinnamon_fern/CinnamonFern_RT.spt, Failed to load tree speedtree/shrubs_flowers/boston_fern/BostonFern_RT.spt, Failed to load tree speedtree/shrubs_flowers/boston_fern/BostonFern_RT.spt, Failed to load tree speedtree/shrubs_flowers/boston_fern/BostonFern_RT.spt, Failed to load tree speedtree/shrubs_flowers/boston_fern/BostonFern_RT.spt, Failed to load tree speedtree/shrubs_flowers/american_boxwood/AmericanBoxwood_RT.spt, Failed to load tree speedtree/shrubs_flowers/american_boxwood/AmericanBoxwood_RT.spt, Failed to load tree speedtree/shrubs_flowers/american_boxwood/AmericanBoxwood_RT.spt, Failed to load tree speedtree/shrubs_flowers/american_boxwood/AmericanBoxwood_RT.spt, Failed to load tree speedtree/shrubs_flowers/american_boxwood/AmericanBoxwood_RT.spt, Failed to load tree speedtree/shrubs_flowers/american_boxwood/AmericanBoxwood_RT.spt, Failed to load tree speedtree/shrubs_flowers/american_boxwood/AmericanBoxwood_RT.spt, Failed to load tree speedtree/shrubs_flowers/cinnamon_fern/CinnamonFern_RT.spt, Failed to load tree speedtree/shrubs_flowers/cinnamon_fern/CinnamonFern_RT.spt, Failed to load tree speedtree/Conifers/italian_cypress/ItalianCypress_RT.spt, Failed to load tree speedtree/Conifers/italian_cypress/ItalianCypress_RT.spt, Failed to load tree speedtree/shrubs_flowers/american_boxwood/AmericanBoxwood_RT.spt, Failed to load tree speedtree/shrubs_flowers/cinnamon_fern/CinnamonFern_RT.spt, Failed to load tree speedtree/Broadleaves/crab_apple/bwcrabapple_rt_flowers.spt, Failed to load tree speedtree/Broadleaves/crab_apple/bwcrabapple_rt_flowers.spt, Failed to load tree speedtree/shrubs_flowers/boston_fern/BostonFern_RT.spt, Failed to load tree speedtree/shrubs_flowers/boston_fern/BostonFern_RT.spt, Failed to load tree speedtree/shrubs_flowers/boston_fern/BostonFern_RT.spt, Failed to load tree speedtree/shrubs_flowers/boston_fern/BostonFern_RT.spt, Failed to load tree speedtree/shrubs_flowers/boston_fern/BostonFern_RT.spt, Failed to load tree speedtree/Conifers/italian_cypress/ItalianCypress_RT.spt, Failed to load tree speedtree/Conifers/italian_cypress/ItalianCypress_RT.spt, Failed to load tree speedtree/Broadleaves/crab_apple/bwcrabapple_rt_flowers.spt, Failed to load tree speedtree/shrubs_flowers/boston_fern/BostonFern_RT.spt, Failed to load tree speedtree/shrubs_flowers/boston_fern/BostonFern_RT.spt, Failed to load tree speedtree/shrubs_flowers/boston_fern/BostonFern_RT.spt, Failed to load tree speedtree/Conifers/italian_cypress/ItalianCypress_RT.spt, Failed to load tree speedtree/shrubs_flowers/cinnamon_fern/CinnamonFern_RT.spt, Failed to load tree speedtree/shrubs_flowers/boston_fern/BostonFern_RT.spt, Failed to load tree speedtree/shrubs_flowers/elephant_ear/ElephantEar_RT.spt, Failed to load tree speedtree/shrubs_flowers/elephant_ear/ElephantEar_RT.spt, Failed to load tree speedtree/shrubs_flowers/elephant_ear/ElephantEar_RT.spt, Failed to load tree speedtree/shrubs_flowers/elephant_ear/ElephantEar_RT.spt, Failed to load tree speedtree/shrubs_flowers/elephant_ear/ElephantEar_RT.spt, Failed to load tree speedtree/shrubs_flowers/elephant_ear/ElephantEar_RT.spt, Failed to load tree speedtree/shrubs_flowers/elephant_ear/ElephantEar_RT.spt, Failed to load tree speedtree/shrubs_flowers/elephant_ear/ElephantEar_RT.spt, Failed to load tree speedtree/shrubs_flowers/elephant_ear/ElephantEar_RT.spt, Failed to load tree speedtree/shrubs_flowers/elephant_ear/ElephantEar_RT.spt, Failed to load tree speedtree/shrubs_flowers/elephant_ear/ElephantEar_RT.spt, Failed to load tree speedtree/shrubs_flowers/elephant_ear/ElephantEar_RT.spt, Failed to load tree speedtree/shrubs_flowers/elephant_ear/ElephantEar_RT.spt, Failed to load tree speedtree/shrubs_flowers/elephant_ear/ElephantEar_RT.spt, Failed to load tree speedtree/shrubs_flowers/elephant_ear/ElephantEar_RT.spt, Failed to load tree speedtree/Broadleaves/crab_apple/bwcrabapple_rt_flowers.spt, Failed to load tree speedtree/Broa04/20/2016 - 20:44:53 : Error loading tree: speedtree/Palms_Cacti_Cycads/joshua_tree/JoshuaTree_RT.spt: License Error: [Key expired on September 01, 2011]
04/20/2016 - 20:44:53 : Error loading tree: speedtree/Palms_Cacti_Cycads/joshua_tree/JoshuaTree_RT.spt: License Error: [Key expired on September 01, 2011]
04/20/2016 - 20:44:53 : Error loading tree: speedtree/Palms_Cacti_Cycads/joshua_tree/JoshuaTree_RT.spt: License Error: [Key expired on September 01, 2011]
04/20/2016 - 20:44:53 : Error loading tree: speedtree/Palms_Cacti_Cycads/joshua_tree/JoshuaTree_RT.spt: License Error: [Key expired on September 01, 2011]
04/20/2016 - 20:44:53 : Error loading tree: speedtree/Palms_Cacti_Cycads/joshua_tree/JoshuaTree_RT.spt: License Error: [Key expired on September 01, 2011]
04/20/2016 - 20:44:53 : Error loading tree: speedtree/Palms_Cacti_Cycads/joshua_tree/JoshuaTree_RT.spt: License Error: [Key expired on September 01, 2011]
04/20/2016 - 20:44:53 : Chunk::load: Failed to load chunk 00050004o: Failed to load tree speedtree/Palms_Cacti_Cycads/joshua_tree/JoshuaTree_RT.spt, Failed to load tree speedtree/Palms_Cacti_Cycads/joshua_tree/JoshuaTree_RT.spt, Failed to load tree speedtree/Palms_Cacti_Cycads/joshua_tree/JoshuaTree_RT.spt, Failed to load tree speedtree/Palms_Cacti_Cycads/joshua_tree/JoshuaTree_RT.spt, Failed to load tree speedtree/Palms_Cacti_Cycads/joshua_tree/JoshuaTree_RT.spt, Failed to load tree speedtree/Palms_Cacti_Cycads/joshua_tree/JoshuaTree_RT.spt
04/20/2016 - 20:44:53 : Error loading tree: speedtree/Conifers/douglas_fir/DouglasFir_RT.spt: License Error: [Key expired on September 01, 2011]
04/20/2016 - 20:44:53 : Error loading tree: speedtree/Conifers/douglas_fir/DouglasFir_RT.spt: License Error: [Key expired on September 01, 2011]
04/20/2016 - 20:44:53 : Error loading tree: speedtree/Conifers/douglas_fir_full/DouglasFir_RT_Full.spt: License Error: [Key expired on September 01, 2011]
04/20/2016 - 20:44:53 : Error loading tree: speedtree/Conifers/douglas_fir/DouglasFir_RT.spt: License Error: [Key expired on September 01, 2011]
04/20/2016 - 20:44:53 : Chunk::load: Failed to load chunk 00000001o: Failed to load tree speedtree/Conifers/douglas_fir/DouglasFir_RT.spt, Failed to load tree speedtree/Conifers/douglas_fir/DouglasFir_RT.spt, Failed to load tree speedtree/Conifers/douglas_fir_full/DouglasFir_RT_Full.spt, Failed to load tree speedtree/Conifers/douglas_fir/DouglasFir_RT.spt
04/20/2016 - 20:44:53 : Error loading tree: speedtree/Broadleaves/umprellathorn/UmbrellaThorn_RT.spt: License Error: [Key expired on September 01, 2011]
04/20/2016 - 20:44:53 : Error loading tree: speedtree/Palms_Cacti_Cycads/joshua_tree/JoshuaTree_RT.spt: License Error: [Key expired on September 01, 2011]
04/20/2016 - 20:44:53 : Error loading tree: speedtree/Palms_Cacti_Cycads/joshua_tree/JoshuaTree_RT.spt: License Error: [Key expired on September 01, 2011]
04/20/2016 - 20:44:53 : Error loading tree: speedtree/Conifers/monterey_cypress/MontereyCypress_RT.spt: License Error: [Key expired on September 01, 2011]
04/20/2016 - 20:44:53 : Error loading tree: speedtree/Broadleaves/umprellathorn/UmbrellaThorn_RT.spt: License Error: [Key expired on September 01, 2011]
04/20/2016 - 20:44:53 : Error loading tree: speedtree/Broadleaves/umprellathorn/UmbrellaThorn_RT.spt: License Error: [Key expired on September 01, 2011]
04/20/2016 - 20:44:53 : Error loading tree: speedtree/Conifers/monterey_cypress/MontereyCypress_RT.spt: License Error: [Key expired on September 01, 2011]
04/20/2016 - 20:44:53 : Error loading tree: speedtree/Conifers/monterey_cypress/MontereyCypress_RT.spt: License Error: [Key expired on September 01, 2011]
04/20/2016 - 20:44:53 : Error loading tree: speedtree/Conifers/monterey_cypress/MontereyCypress_RT.spt: License Error: [Key expired on September 01, 2011]
04/20/2016 - 20:44:53 : Error loading tree: speedtree/Conifers/italian_stonepine/ItalianStonePine_RT_1.spt: License Error: [Key expired on September 01, 2011]
04/20/2016 - 20:44:53 : Error loading tree: speedtree/Broadleaves/umprellathorn/UmbrellaThorn_RT.spt: License Error: [Key expired on September 01, 2011]
04/20/2016 - 20:44:53 : Error loading tree: speedtree/Conifers/monterey_cypress/MontereyCypress_RT.spt: License Error: [Key expired on September 01, 2011]
04/20/2016 - 20:44:53 : Error loading tree: speedtree/Conifers/monterey_cypress/MontereyCypress_RT.spt: License Error: [Key expired on September 01, 2011]
04/20/2016 - 20:44:53 : Error loading tree: speedtree/Broadleaves/umprellathorn/UmbrellaThorn_RT.spt: License Error: [Key expired on September 01, 2011]
04/20/2016 - 20:44:53 : Error loading tree: speedtree/Conifers/monterey_cypress/MontereyCypress_RT.spt: License Error: [Key expired on September 01, 2011]
04/20/2016 - 20:44:53 : Error loading tree: speedtree/Broadleaves/umprellathorn/UmbrellaThorn_RT.spt: License Error: [Key expired on September 01, 2011]
04/20/2016 - 20:44:53 : Error loading tree: speedtree/Conifers/monterey_cypress/MontereyCypress_RT.spt: License Error: [Key expired on September 01, 2011]
04/20/2016 - 20:44:53 : Error loading tree: speedtree/Conifers/monterey_cypress/MontereyCypress_RT.spt: License Error: [Key expired on September 01, 2011]
04/20/2016 - 20:44:53 : Error loading tree: speedtree/Conifers/monterey_cypress/MontereyCypress_RT.spt: License Error: [Key expired on September 01, 2011]
04/20/2016 - 20:44:53 : Error loading tree: speedtree/Conifers/monterey_cypress/MontereyCypress_RT.spt: License Error: [Key expired on September 01, 2011]
04/20/2016 - 20:44:53 : Error loading tree: speedtree/Conifers/monterey_cypress/MontereyCypress_RT.spt: License Error: [Key expired on September 01, 2011]
04/20/2016 - 20:44:53 : Error loading tree: speedtree/Palms_Cacti_Cycads/joshua_tree/JoshuaTree_RT.spt: License Error: [Key expired on September 01, 2011]
04/20/2016 - 20:44:53 : Error loading tree: speedtree/Palms_Cacti_Cycads/joshua_tree/JoshuaTree_RT.spt: License Error: [Key expired on September 01, 2011]
04/20/2016 - 20:44:53 : Chunk::load: Failed to load chunk 00020003o: Failed to load tree speedtree/Broadleaves/umprellathorn/UmbrellaThorn_RT.spt, Failed to load tree speedtree/Palms_Cacti_Cycads/joshua_tree/JoshuaTree_RT.spt, Failed to load tree speedtree/Palms_Cacti_Cycads/joshua_tree/JoshuaTree_RT.spt, Failed to load tree speedtree/Conifers/monterey_cypress/MontereyCypress_RT.spt, Failed to load tree speedtree/Broadleaves/umprellathorn/UmbrellaThorn_RT.spt, Failed to load tree speedtree/Broadleaves/umprellathorn/UmbrellaThorn_RT.spt, Failed to load tree speedtree/Conifers/monterey_cypress/MontereyCypress_RT.spt, Failed to load tree speedtree/Conifers/monterey_cypress/MontereyCypress_RT.spt, Failed to load tree speedtree/Conifers/monterey_cypress/MontereyCypress_RT.spt, Failed to load tree speedtree/Conifers/italian_stonepine/ItalianStonePine_RT_1.spt, Failed to load tree speedtree/Broadleaves/umprellathorn/UmbrellaThorn_RT.spt, Failed to load tree speedtree/Conifers/monterey_cypress/MontereyCypress_RT.spt, Failed to load tree speedtree/Conifers/monterey_cypress/MontereyCypress_RT.spt, Failed to load tree speedtree/Broadleaves/umprellathorn/UmbrellaThorn_RT.spt, Failed to load tree speedtree/Conifers/monterey_cypress/MontereyCypress_RT.spt, Failed to load tree speedtree/Broadleaves/umprellathorn/UmbrellaThorn_RT.spt, Failed to load tree speedtree/Conifers/monterey_cypress/MontereyCypress_RT.spt, Failed to load tree speedtree/Conifers/monterey_cypress/MontereyCypress_RT.spt, Failed to load tree speedtree/Conifers/monterey_cypress/MontereyCypress_RT.spt, Failed to load tree speedtree/Conifers/monterey_cypress/MontereyCypress_RT.spt, Failed to load tree speedtree/Conifers/monterey_cypress/MontereyCypress_RT.spt, Failed to load tree speedtree/Palms_Cacti_Cycads/joshua_tree/JoshuaTree_RT.spt, Failed to load tree speedtree/Palms_Cacti_Cycads/joshua_tree/JoshuaTree_RT.spt
04/20/2016 - 20:44:54 : Error loading tree: speedtree/Conifers/monterey_cypress/MontereyCypress_RT.spt: License Error: [Key expired on September 01, 2011]
04/20/2016 - 20:44:54 : Error loading tree: speedtree/Conifers/monterey_cypress/MontereyCypress_RT.spt: License Error: [Key expired on September 01, 2011]
04/20/2016 - 20:44:54 : Error loading tree: speedtree/Conifers/monterey_cypress/MontereyCypress_RT.spt: License Error: [Key expired on September 01, 2011]
04/20/2016 - 20:44:54 : Error loading tree: speedtree/Conifers/monterey_cypress/MontereyCypress_RT.spt: License Error: [Key expired on September 01, 2011]
04/20/2016 - 20:44:54 : Chunk::load: Failed to load chunk 00010003o: Failed to load tree speedtree/Conifers/monterey_cypress/MontereyCypress_RT.spt, Failed to load tree speedtree/Conifers/monterey_cypress/MontereyCypress_RT.spt, Failed to load tree speedtree/Conifers/monterey_cypress/MontereyCypress_RT.spt, Failed to load tree speedtree/Conifers/monterey_cypress/MontereyCypress_RT.spt
04/20/2016 - 20:44:54 : Error loading tree: speedtree/Palms_Cacti_Cycads/joshua_tree/JoshuaTree_RT.spt: License Error: [Key expired on September 01, 2011]
04/20/2016 - 20:44:54 : Error loading tree: speedtree/Palms_Cacti_Cycads/joshua_tree/JoshuaTree_RT.spt: License Error: [Key expired on September 01, 2011]
04/20/2016 - 20:44:54 : Error loading tree: speedtree/Palms_Cacti_Cycads/joshua_tree/JoshuaTree_RT.spt: License Error: [Key expired on September 01, 2011]
04/20/2016 - 20:44:54 : Error loading tree: speedtree/Palms_Cacti_Cycads/joshua_tree/JoshuaTree_RT.spt: License Error: [Key expired on September 01, 2011]
04/20/2016 - 20:44:54 : Error loading tree: speedtree/Palms_Cacti_Cycads/joshua_tree/JoshuaTree_RT.spt: License Error: [Key expired on September 01, 2011]
04/20/2016 - 20:44:54 : Error loading tree: speedtree/Palms_Cacti_Cycads/joshua_tree/JoshuaTree_RT.spt: License Error: [Key expired on September 01, 2011]
04/20/2016 - 20:44:54 : Error loading tree: speedtree/Palms_Cacti_Cycads/joshua_tree/JoshuaTree_RT.spt: License Error: [Key expired on September 01, 2011]
04/20/2016 - 20:44:54 : Error loading tree: speedtree/Palms_Cacti_Cycads/joshua_tree/JoshuaTree_RT.spt: License Error: [Key expired on September 01, 2011]
04/20/2016 - 20:44:54 : Chunk::load: Failed to load chunk 00040004o: Failed to load tree speedtree/Palms_Cacti_Cycads/joshua_tree/JoshuaTree_RT.spt, Failed to load tree speedtree/Palms_Cacti_Cycads/joshua_tree/JoshuaTree_RT.spt, Failed to load tree speedtree/Palms_Cacti_Cycads/joshua_tree/JoshuaTree_RT.spt, Failed to load tree speedtree/Palms_Cacti_Cycads/joshua_tree/JoshuaTree_RT.spt, Failed to load tree speedtree/Palms_Cacti_Cycads/joshua_tree/JoshuaTree_RT.spt, Failed to load tree speedtree/Palms_Cacti_Cycads/joshua_tree/JoshuaTree_RT.spt, Failed to load tree speedtree/Palms_Cacti_Cycads/joshua_tree/JoshuaTree_RT.spt, Failed to load tree speedtree/Palms_Cacti_Cycads/joshua_tree/JoshuaTree_RT.spt
04/20/2016 - 20:44:54 : Error loading tree: speedtree/Conifers/douglas_fir/DouglasFir_RT.spt: License Error: [Key expired on September 01, 2011]
04/20/2016 - 20:44:54 : Error loading tree: speedtree/Conifers/douglas_fir_full/DouglasFir_RT_Full.spt: License Error: [Key expired on September 01, 2011]
04/20/2016 - 20:44:54 : Error loading tree: speedtree/Conifers/douglas_fir_full/DouglasFir_RT_Full.spt: License Error: [Key expired on September 01, 2011]
04/20/2016 - 20:44:54 : Error loading tree: speedtree/Conifers/douglas_fir/DouglasFir_RT.spt: License Error: [Key expired on September 01, 2011]
04/20/2016 - 20:44:54 : Error loading tree: speedtree/Conifers/douglas_fir_full/DouglasFir_RT_Full.spt: License Error: [Key expired on September 01, 2011]
04/20/2016 - 20:44:54 : Chunk::load: Failed to load chunk ffff0001o: Failed to load tree speedtree/Conifers/douglas_fir/DouglasFir_RT.spt, Failed to load tree speedtree/Conifers/douglas_fir_full/DouglasFir_RT_Full.spt, Failed to load tree speedtree/Conifers/douglas_fir_full/DouglasFir_RT_Full.spt, Failed to load tree speedtree/Conifers/douglas_fir/DouglasFir_RT.spt, Failed to load tree speedtree/Conifers/douglas_fir_full/DouglasFir_RT_Full.spt
04/20/2016 - 20:44:54 : Error loading tree: speedtree/Conifers/italian_cypress/ItalianCypress_RT.spt: License Error: [Key expired on September 01, 2011]
04/20/2016 - 20:44:54 : Error loading tree: speedtree/Conifers/italian_cypress/ItalianCypress_RT.spt: License Error: [Key expired on September 01, 2011]
04/20/2016 - 20:44:54 : Error loading tree: speedtree/Conifers/italian_cypress/ItalianCypress_RT.spt: License Error: [Key expired on September 01, 2011]
04/20/2016 - 20:44:54 : Error loading tree: speedtree/Conifers/italian_cypress/ItalianCypress_RT.spt: License Error: [Key expired on September 01, 2011]
04/20/2016 - 20:44:54 : Error loading tree: speedtree/Conifers/douglas_fir_full/DouglasFir_RT_Full.spt: License Error: [Key expired on September 01, 2011]
04/20/2016 - 20:44:54 : Error loading tree: speedtree/Conifers/douglas_fir/DouglasFir_RT.spt: License Error: [Key expired on September 01, 2011]
04/20/2016 - 20:44:54 : Error loading tree: speedtree/Conifers/douglas_fir_full/DouglasFir_RT_Full.spt: License Error: [Key expired on September 01, 2011]
04/20/2016 - 20:44:54 : Error loading tree: speedtree/Conifers/douglas_fir_full/DouglasFir_RT_Full.spt: License Error: [Key expired on September 01, 2011]
04/20/2016 - 20:44:54 : Error loading tree: speedtree/Conifers/douglas_fir_full/DouglasFir_RT_Full.spt: License Error: [Key expired on September 01, 2011]
04/20/2016 - 20:44:54 : Error loading tree: speedtree/Conifers/douglas_fir_full/DouglasFir_RT_Full.spt: License Error: [Key expired on September 01, 2011]
04/20/2016 - 20:44:54 : Error loading tree: speedtree/Conifers/douglas_fir_full/DouglasFir_RT_Full.spt: License Error: [Key expired on September 01, 2011]
04/20/2016 - 20:44:54 : Error loading tree: speedtree/shrubs_flowers/american_boxwood/AmericanBoxwood_RT.spt: License Error: [Key expired on September 01, 2011]
04/20/2016 - 20:44:54 : Error loading tree: speedtree/shrubs_flowers/american_boxwood/AmericanBoxwood_RT.spt: License Error: [Key expired on September 01, 2011]
04/20/2016 - 20:44:54 : Error loading tree: speedtree/Conifers/douglas_fir_full/DouglasFir_RT_Full.spt: License Error: [Key expired on September 01, 2011]
04/20/2016 - 20:44:54 : Error loading tree: speedtree/shrubs_flowers/american_boxwood/AmericanBoxwood_RT.spt: License Error: [Key expired on September 01, 2011]
04/20/2016 - 20:44:54 : Error loading tree: speedtree/shrubs_flowers/american_boxwood/AmericanBoxwood_RT.spt: License Error: [Key expired on September 01, 2011]
04/20/2016 - 20:44:54 : Error loading tree: speedtree/shrubs_flowers/american_boxwood/AmericanBoxwood_RT.spt: License Error: [Key expired on September 01, 2011]
04/20/2016 - 20:44:54 : Error loading tree: speedtree/shrubs_flowers/american_boxwood/AmericanBoxwood_RT.spt: License Error: [Key expired on September 01, 2011]
04/20/2016 - 20:44:54 : Error loading tree: speedtree/shrubs_flowers/american_boxwood/AmericanBoxwood_RT.spt: License Error: [Key expired on September 01, 2011]
04/20/2016 - 20:44:54 : Error loading tree: speedtree/shrubs_flowers/american_boxwood/AmericanBoxwood_RT.spt: License Error: [Key expired on September 01, 2011]
04/20/2016 - 20:44:54 : Error loading tree: speedtree/shrubs_flowers/american_boxwood/AmericanBoxwood_RT.spt: License Error: [Key expired on September 01, 2011]
04/20/2016 - 20:44:54 : Error loading tree: speedtree/shrubs_flowers/american_boxwood/AmericanBoxwood_RT.spt: License Error: [Key expired on September 01, 2011]
04/20/2016 - 20:44:54 : Error loading tree: speedtree/shrubs_flowers/american_boxwood/AmericanBoxwood_RT.spt: License Error: [Key expired on September 01, 2011]
04/20/2016 - 20:44:54 : Error loading tree: speedtree/shrubs_flowers/american_boxwood/AmericanBoxwood_RT.spt: License Error: [Key expired on September 01, 2011]
04/20/2016 - 20:44:54 : Error loading tree: speedtree/shrubs_flowers/american_boxwood/AmericanBoxwood_RT.spt: License Error: [Key expired on September 01, 2011]
04/20/2016 - 20:44:54 : Error loading tree: speedtree/shrubs_flowers/american_boxwood/AmericanBoxwood_RT.spt: License Error: [Key expired on September 01, 2011]
04/20/2016 - 20:44:54 : Error loading tree: speedtree/shrubs_flowers/american_boxwood/AmericanBoxwood_RT.spt: License Error: [Key expired on September 01, 2011]
04/20/2016 - 20:44:54 : Error loading tree: speedtree/shrubs_flowers/american_boxwood/AmericanBoxwood_RT.spt: License Error: [Key expired on September 01, 2011]
04/20/2016 - 20:44:54 : Error loading tree: speedtree/shrubs_flowers/american_boxwood/AmericanBoxwood_RT.spt: License Error: [Key expired on September 01, 2011]
04/20/2016 - 20:44:54 : Error loading tree: speedtree/shrubs_flowers/american_boxwood/AmericanBoxwood_RT.spt: License Error: [Key expired on September 01, 2011]
04/20/2016 - 20:44:54 : Error loading tree: speedtree/shrubs_flowers/american_boxwood/AmericanBoxwood_RT.spt: License Error: [Key expired on September 01, 2011]
04/20/2016 - 20:44:54 : Error loading tree: speedtree/shrubs_flowers/american_boxwood/AmericanBoxwood_RT.spt: License Error: [Key expired on September 01, 2011]
04/20/2016 - 20:44:54 : Error loading tree: speedtree/shrubs_flowers/american_boxwood/AmericanBoxwood_RT.spt: License Error: [Key expired on September 01, 2011]
04/20/2016 - 20:44:54 : Error loading tree: speedtree/shrubs_flowers/american_boxwood/AmericanBoxwood_RT.spt: License Error: [Key expired on September 01, 2011]
04/20/2016 - 20:44:54 : Error loading tree: speedtree/shrubs_flowers/american_boxwood/AmericanBoxwood_RT.spt: License Error: [Key expired on September 01, 2011]
04/20/2016 - 20:44:54 : Error loading tree: speedtree/shrubs_flowers/american_boxwood/AmericanBoxwood_RT.spt: License Error: [Key expired on September 01, 2011]
04/20/2016 - 20:44:54 : Error loading tree: speedtree/shrubs_flowers/american_boxwood/AmericanBoxwood_RT.spt: License Error: [Key expired on September 01, 2011]
04/20/2016 - 20:44:54 : Error loading tree: speedtree/shrubs_flowers/american_boxwood/AmericanBoxwood_RT.spt: License Error: [Key expired on September 01, 2011]
04/20/2016 - 20:44:54 : Error loading tree: speedtree/shrubs_flowers/american_boxwood/AmericanBoxwood_RT.spt: License Error: [Key expired on September 01, 2011]
04/20/2016 - 20:44:54 : Error loading tree: speedtree/shrubs_flowers/american_boxwood/AmericanBoxwood_RT.spt: License Error: [Key expired on September 01, 2011]
04/20/2016 - 20:44:54 : Error loading tree: speedtree/shrubs_flowers/american_boxwood/AmericanBoxwood_RT.spt: License Error: [Key expired on September 01, 2011]
04/20/2016 - 20:44:54 : Error loading tree: speedtree/shrubs_flowers/cinnamon_fern/CinnamonFern_RT.spt: License Error: [Key expired on September 01, 2011]
04/20/2016 - 20:44:54 : Error loading tree: speedtree/shrubs_flowers/cinnamon_fern/CinnamonFern_RT.spt: License Error: [Key expired on September 01, 2011]
04/20/2016 - 20:44:54 : Error loading tree: speedtree/shrubs_flowers/cinnamon_fern/CinnamonFern_RT.spt: License Error: [Key expired on September 01, 2011]
04/20/2016 - 20:44:54 : Error loading tree: speedtree/shrubs_flowers/cinnamon_fern/CinnamonFern_RT.spt: License Error: [Key expired on September 01, 2011]
04/20/2016 - 20:44:54 : Error loading tree: speedtree/shrubs_flowers/cinnamon_fern/CinnamonFern_RT.spt: License Error: [Key expired on September 01, 2011]
04/20/2016 - 20:44:54 : Error loading tree: speedtree/shrubs_flowers/cinnamon_fern/CinnamonFern_RT.spt: License Error: [Key expired on September 01, 2011]
04/20/2016 - 20:44:54 : Error loading tree: speedtree/shrubs_flowers/cinnamon_fern/CinnamonFern_RT.spt: License Error: [Key expired on September 01, 2011]
04/20/2016 - 20:44:54 : Error loading tree: speedtree/shrubs_flowers/cinnamon_fern/CinnamonFern_RT.spt: License Error: [Key expired on September 01, 2011]
04/20/2016 - 20:44:54 : Error loading tree: speedtree/shrubs_flowers/cinnamon_fern/CinnamonFern_RT.spt: License Error: [Key expired on September 01, 2011]
04/20/2016 - 20:44:54 : Error loading tree: speedtree/shrubs_flowers/cinnamon_fern/CinnamonFern_RT.spt: License Error: [Key expired on September 01, 2011]
04/20/2016 - 20:44:54 : Error loading tree: speedtree/shrubs_flowers/cinnamon_fern/CinnamonFern_RT.spt: License Error: [Key expired on September 01, 2011]
04/20/2016 - 20:44:54 : Error loading tree: speedtree/shrubs_flowers/cinnamon_fern/CinnamonFern_RT.spt: License Error: [Key expired on September 01, 2011]
04/20/2016 - 20:44:54 : Error loading tree: speedtree/shrubs_flowers/cinnamon_fern/CinnamonFern_RT.spt: License Error: [Key expired on September 01, 2011]
04/20/2016 - 20:44:54 : Error loading tree: speedtree/shrubs_flowers/cinnamon_fern/CinnamonFern_RT.spt: License Error: [Key expired on September 01, 2011]
04/20/2016 - 20:44:54 : Error loading tree: speedtree/shrubs_flowers/cinnamon_fern/CinnamonFern_RT.spt: License Error: [Key expired on September 01, 2011]
04/20/2016 - 20:44:54 : Error loading tree: speedtree/shrubs_flowers/cinnamon_fern/CinnamonFern_RT.spt: License Error: [Key expired on September 01, 2011]
04/20/2016 - 20:44:54 : Error loading tree: speedtree/shrubs_flowers/cinnamon_fern/CinnamonFern_RT.spt: License Error: [Key expired on September 01, 2011]
04/20/2016 - 20:44:54 : Error loading tree: speedtree/shrubs_flowers/cinnamon_fern/CinnamonFern_RT.spt: License Error: [Key expired on September 01, 2011]
04/20/2016 - 20:44:54 : Error loading tree: speedtree/shrubs_flowers/cinnamon_fern/CinnamonFern_RT.spt: License Error: [Key expired on September 01, 2011]
04/20/2016 - 20:44:54 : Error loading tree: speedtree/shrubs_flowers/cinnamon_fern/CinnamonFern_RT.spt: License Error: [Key expired on September 01, 2011]
04/20/2016 - 20:44:54 : Error loading tree: speedtree/shrubs_flowers/american_boxwood/AmericanBoxwood_RT.spt: License Error: [Key expired on September 01, 2011]
04/20/2016 - 20:44:54 : Error loading tree: speedtree/shrubs_flowers/american_boxwood/AmericanBoxwood_RT.spt: License Error: [Key expired on September 01, 2011]
04/20/2016 - 20:44:54 : Error loading tree: speedtree/shrubs_flowers/american_boxwood/AmericanBoxwood_RT.spt: License Error: [Key expired on September 01, 2011]
04/20/2016 - 20:44:54 : Error loading tree: speedtree/shrubs_flowers/american_boxwood/AmericanBoxwood_RT.spt: License Error: [Key expired on September 01, 2011]
04/20/2016 - 20:44:54 : Error loading tree: speedtree/shrubs_flowers/cinnamon_fern/CinnamonFern_RT.spt: License Error: [Key expired on September 01, 2011]
04/20/2016 - 20:44:54 : Error loading tree: speedtree/shrubs_flowers/cinnamon_fern/CinnamonFern_RT.spt: License Error: [Key expired on September 01, 2011]
04/20/2016 - 20:44:54 : Error loading tree: speedtree/shrubs_flowers/cinnamon_fern/CinnamonFern_RT.spt: License Error: [Key expired on September 01, 2011]
04/20/2016 - 20:44:54 : Error loading tree: speedtree/shrubs_flowers/cinnamon_fern/CinnamonFern_RT.spt: License Error: [Key expired on September 01, 2011]
04/20/2016 - 20:44:54 : Error loading tree: speedtree/shrubs_flowers/cinnamon_fern/CinnamonFern_RT.spt: License Error: [Key expired on September 01, 2011]
04/20/2016 - 20:44:54 : Error loading tree: speedtree/shrubs_flowers/cinnamon_fern/CinnamonFern_RT.spt: License Error: [Key expired on September 01, 2011]
04/20/2016 - 20:44:54 : Error loading tree: speedtree/shrubs_flowers/cinnamon_fern/CinnamonFern_RT.spt: License Error: [Key expired on September 01, 2011]
04/20/2016 - 20:44:54 : Error loading tree: speedtree/shrubs_flowers/cinnamon_fern/CinnamonFern_RT.spt: License Error: [Key expired on September 01, 2011]
04/20/2016 - 20:44:54 : Error loading tree: speedtree/shrubs_flowers/cinnamon_fern/CinnamonFern_RT.spt: License Error: [Key expired on September 01, 2011]
04/20/2016 - 20:44:54 : Error loading tree: speedtree/shrubs_flowers/cinnamon_fern/CinnamonFern_RT.spt: License Error: [Key expired on September 01, 2011]
04/20/2016 - 20:44:54 : Error loading tree: speedtree/shrubs_flowers/cinnamon_fern/CinnamonFern_RT.spt: License Error: [Key expired on September 01, 2011]
04/20/2016 - 20:44:54 : Error loading tree: speedtree/shrubs_flowers/cinnamon_fern/CinnamonFern_RT.spt: License Error: [Key expired on September 01, 2011]
04/20/2016 - 20:44:54 : Error loading tree: speedtree/shrubs_flowers/cinnamon_fern/CinnamonFern_RT.spt: License Error: [Key expired on September 01, 2011]
04/20/2016 - 20:44:54 : Error loading tree: speedtree/shrubs_flowers/cinnamon_fern/CinnamonFern_RT.spt: License Error: [Key expired on September 01, 2011]
04/20/2016 - 20:44:54 : Error loading tree: speedtree/shrubs_flowers/cinnamon_fern/CinnamonFern_RT.spt: License Error: [Key expired on September 01, 2011]
04/20/2016 - 20:44:54 : Error loading tree: speedtree/shrubs_flowers/cinnamon_fern/CinnamonFern_RT.spt: License Error: [Key expired on September 01, 2011]
04/20/2016 - 20:44:54 : Error loading tree: speedtree/shrubs_flowers/cinnamon_fern/CinnamonFern_RT.spt: License Error: [Key expired on September 01, 2011]
04/20/2016 - 20:44:54 : Error loading tree: speedtree/shrubs_flowers/american_boxwood/AmericanBoxwood_RT.spt: License Error: [Key expired on September 01, 2011]
04/20/2016 - 20:44:54 : Error loading tree: speedtree/shrubs_flowers/boston_fern/BostonFern_RT.spt: License Error: [Key expired on September 01, 2011]
04/20/2016 - 20:44:54 : Error loading tree: speedtree/shrubs_flowers/boston_fern/BostonFern_RT.spt: License Error: [Key expired on September 01, 2011]
04/20/2016 - 20:44:54 : Error loading tree: speedtree/shrubs_flowers/boston_fern/BostonFern_RT.spt: License Error: [Key expired on September 01, 2011]
04/20/2016 - 20:44:54 : Error loading tree: speedtree/shrubs_flowers/boston_fern/BostonFern_RT.spt: License Error: [Key expired on September 01, 2011]
04/20/2016 - 20:44:54 : Error loading tree: speedtree/shrubs_flowers/boston_fern/BostonFern_RT.spt: License Error: [Key expired on September 01, 2011]
04/20/2016 - 20:44:54 : Error loading tree: speedtree/shrubs_flowers/boston_fern/BostonFern_RT.spt: License Error: [Key expired on September 01, 2011]
04/20/2016 - 20:44:54 : Error loading tree: speedtree/shrubs_flowers/boston_fern/BostonFern_RT.spt: License Error: [Key expired on September 01, 2011]
04/20/2016 - 20:44:54 : Error loading tree: speedtree/shrubs_flowers/boston_fern/BostonFern_RT.spt: License Error: [Key expired on September 01, 2011]
04/20/2016 - 20:44:54 : Error loading tree: speedtree/shrubs_flowers/boston_fern/BostonFern_RT.spt: License Error: [Key expired on September 01, 2011]
04/20/2016 - 20:44:54 : Error loading tree: speedtree/shrubs_flowers/boston_fern/BostonFern_RT.spt: License Error: [Key expired on September 01, 2011]
04/20/2016 - 20:44:54 : Error loading tree: speedtree/shrubs_flowers/boston_fern/BostonFern_RT.spt: License Error: [Key expired on September 01, 2011]
04/20/2016 - 20:44:54 : Error loading tree: speedtree/shrubs_flowers/boston_fern/BostonFern_RT.spt: License Error: [Key expired on September 01, 2011]
04/20/2016 - 20:44:54 : Error loading tree: speedtree/shrubs_flowers/boston_fern/BostonFern_RT.spt: License Error: [Key expired on September 01, 2011]
04/20/2016 - 20:44:54 : Error loading tree: speedtree/shrubs_flowers/boston_fern/BostonFern_RT.spt: License Error: [Key expired on September 01, 2011]
04/20/2016 - 20:44:54 : Error loading tree: speedtree/shrubs_flowers/boston_fern/BostonFern_RT.spt: License Error: [Key expired on September 01, 2011]
04/20/2016 - 20:44:54 : Error loading tree: speedtree/shrubs_flowers/boston_fern/BostonFern_RT.spt: License Error: [Key expired on September 01, 2011]
04/20/2016 - 20:44:54 : Error loading tree: speedtree/shrubs_flowers/boston_fern/BostonFern_RT.spt: License Error: [Key expired on September 01, 2011]
04/20/2016 - 20:44:54 : Error loading tree: speedtree/shrubs_flowers/boston_fern/BostonFern_RT.spt: License Error: [Key expired on September 01, 2011]
04/20/2016 - 20:44:54 : Error loading tree: speedtree/shrubs_flowers/cinnamon_fern/CinnamonFern_RT.spt: License Error: [Key expired on September 01, 2011]
04/20/2016 - 20:44:54 : Error loading tree: speedtree/shrubs_flowers/boston_fern/BostonFern_RT.spt: License Error: [Key expired on September 01, 2011]
04/20/2016 - 20:44:54 : Error loading tree: speedtree/shrubs_flowers/boston_fern/BostonFern_RT.spt: License Error: [Key expired on September 01, 2011]
04/20/2016 - 20:44:54 : Error loading tree: speedtree/Conifers/douglas_fir_full/DouglasFir_RT_Full.spt: License Error: [Key expired on September 01, 2011]
04/20/2016 - 20:44:54 : Error loading tree: speedtree/Conifers/douglas_fir_full/DouglasFir_RT_Full.spt: License Error: [Key expired on September 01, 2011]
04/20/2016 - 20:44:54 : Error loading tree: speedtree/Conifers/douglas_fir_full/DouglasFir_RT_Full.spt: License Error: [Key expired on September 01, 2011]
04/20/2016 - 20:44:54 : Error loading tree: speedtree/shrubs_flowers/boston_fern/BostonFern_RT.spt: License Error: [Key expired on September 01, 2011]
04/20/2016 - 20:44:54 : Error loading tree: speedtree/Conifers/italian_cypress/ItalianCypress_RT.spt: License Error: [Key expired on September 01, 2011]
04/20/2016 - 20:44:54 : Error loading tree: speedtree/Conifers/italian_cypress/ItalianCypress_RT.spt: License Error: [Key expired on September 01, 2011]
04/20/2016 - 20:44:54 : Error loading tree: speedtree/Conifers/italian_cypress/ItalianCypress_RT.spt: License Error: [Key expired on September 01, 2011]
04/20/2016 - 20:44:54 : Error loading tree: speedtree/Conifers/italian_cypress/ItalianCypress_RT.spt: License Error: [Key expired on September 01, 2011]
04/20/2016 - 20:44:54 : Error loading tree: speedtree/Conifers/italian_cypress/ItalianCypress_RT.spt: License Error: [Key expired on September 01, 2011]
04/20/2016 - 20:44:54 : Error loading tree: speedtree/Conifers/italian_cypress/ItalianCypress_RT.spt: License Error: [Key expired on September 01, 2011]
04/20/2016 - 20:44:54 : Error loading tree: speedtree/Conifers/italian_cypress/ItalianCypress_RT.spt: License Error: [Key expired on September 01, 2011]
04/20/2016 - 20:44:54 : Error loading tree: speedtree/Conifers/italian_cypress/ItalianCypress_RT.spt: License Error: [Key expired on September 01, 2011]
04/20/2016 - 20:44:54 : Error loading tree: speedtree/shrubs_flowers/cinnamon_fern/CinnamonFern_RT.spt: License Error: [Key expired on September 01, 2011]
04/20/2016 - 20:44:54 : Error loading tree: speedtree/Conifers/douglas_fir_full/DouglasFir_RT_Full.spt: License Error: [Key expired on September 01, 2011]
04/20/2016 - 20:44:54 : Error loading tree: speedtree/shrubs_flowers/american_boxwood/AmericanBoxwood_RT.spt: License Error: [Key expired on September 01, 2011]
04/20/2016 - 20:44:54 : Error loading tree: speedtree/shrubs_flowers/cinnamon_fern/CinnamonFern_RT.spt: License Error: [Key expired on September 01, 2011]
04/20/2016 - 20:44:54 : Error loading tree: speedtree/shrubs_flowers/american_boxwood/AmericanBoxwood_RT.spt: License Error: [Key expired on September 01, 2011]
04/20/2016 - 20:44:54 : Error loading tree: speedtree/shrubs_flowers/cinnamon_fern/CinnamonFern_RT.spt: License Error: [Key expired on September 01, 2011]
04/20/2016 - 20:44:54 : Error loading tree: speedtree/shrubs_flowers/cinnamon_fern/CinnamonFern_RT.spt: License Error: [Key expired on September 01, 2011]
04/20/2016 - 20:44:54 : Error loading tree: speedtree/Conifers/douglas_fir_full/DouglasFir_RT_Full.spt: License Error: [Key expired on September 01, 2011]
04/20/2016 - 20:44:54 : Error loading tree: speedtree/shrubs_flowers/boston_fern/BostonFern_RT.spt: License Error: [Key expired on September 01, 2011]
04/20/2016 - 20:44:54 : Error loading tree: speedtree/shrubs_flowers/boston_fern/BostonFern_RT.spt: License Error: [Key expired on September 01, 2011]
04/20/2016 - 20:44:54 : Error loading tree: speedtree/shrubs_flowers/boston_fern/BostonFern_RT.spt: License Error: [Key expired on September 01, 2011]
04/20/2016 - 20:44:54 : Error loading tree: speedtree/shrubs_flowers/boston_fern/BostonFern_RT.spt: License Error: [Key expired on September 01, 2011]
04/20/2016 - 20:44:54 : Error loading tree: speedtree/shrubs_flowers/boston_fern/BostonFern_RT.spt: License Error: [Key expired on September 01, 2011]
04/20/2016 - 20:44:54 : Error loading tree: speedtree/Conifers/italian_cypress/ItalianCypress_RT.spt: License Error: [Key expired on September 01, 2011]
04/20/2016 - 20:44:54 : Error loading tree: speedtree/Conifers/italian_cypress/ItalianCypress_RT.spt: License Error: [Key expired on September 01, 2011]
04/20/2016 - 20:44:54 : Error loading tree: speedtree/shrubs_flowers/american_boxwood/AmericanBoxwood_RT.spt: License Error: [Key expired on September 01, 2011]
04/20/2016 - 20:44:54 : Error loading tree: speedtree/shrubs_flowers/boston_fern/BostonFern_RT.spt: License Error: [Key expired on September 01, 2011]
04/20/2016 - 20:44:54 : Error loading tree: speedtree/shrubs_flowers/american_boxwood/AmericanBoxwood_RT.spt: License Error: [Key expired on September 01, 2011]
04/20/2016 - 20:44:54 : Error loading tree: speedtree/shrubs_flowers/american_boxwood/AmericanBoxwood_RT.spt: License Error: [Key expired on September 01, 2011]
04/20/2016 - 20:44:54 : Error loading tree: speedtree/shrubs_flowers/american_boxwood/AmericanBoxwood_RT.spt: License Error: [Key expired on September 01, 2011]
04/20/2016 - 20:44:54 : Error loading tree: speedtree/shrubs_flowers/american_boxwood/AmericanBoxwood_RT.spt: License Error: [Key expired on September 01, 2011]
04/20/2016 - 20:44:54 : Error loading tree: speedtree/shrubs_flowers/cinnamon_fern/CinnamonFern_RT.spt: License Error: [Key expired on September 01, 2011]
04/20/2016 - 20:44:54 : Error loading tree: speedtree/shrubs_flowers/cinnamon_fern/CinnamonFern_RT.spt: License Error: [Key expired on September 01, 2011]
04/20/2016 - 20:44:54 : Error loading tree: speedtree/shrubs_flowers/cinnamon_fern/CinnamonFern_RT.spt: License Error: [Key expired on September 01, 2011]
04/20/2016 - 20:44:54 : Error loading tree: speedtree/shrubs_flowers/cinnamon_fern/CinnamonFern_RT.spt: License Error: [Key expired on September 01, 2011]
04/20/2016 - 20:44:54 : Error loading tree: speedtree/shrubs_flowers/cinnamon_fern/CinnamonFern_RT.spt: License Error: [Key expired on September 01, 2011]
04/20/2016 - 20:44:54 : Error loading tree: speedtree/shrubs_flowers/boston_fern/BostonFern_RT.spt: License Error: [Key expired on September 01, 2011]
04/20/2016 - 20:44:54 : Error loading tree: speedtree/shrubs_flowers/boston_fern/BostonFern_RT.spt: License Error: [Key expired on September 01, 2011]
04/20/2016 - 20:44:54 : Error loading tree: speedtree/shrubs_flowers/boston_fern/BostonFern_RT.spt: License Error: [Key expired on September 01, 2011]
04/20/2016 - 20:44:54 : Error loading tree: speedtree/shrubs_flowers/boston_fern/BostonFern_RT.spt: License Error: [Key expired on September 01, 2011]
04/20/2016 - 20:44:54 : Error loading tree: speedtree/shrubs_flowers/boston_fern/BostonFern_RT.spt: License Error: [Key expired on September 01, 2011]
04/20/2016 - 20:44:54 : Error loading tree: speedtree/shrubs_flowers/cinnamon_fern/CinnamonFern_RT.spt: License Error: [Key expired on September 01, 2011]
04/20/2016 - 20:44:55 : Error loading tree: speedtree/shrubs_flowers/cinnamon_fern/CinnamonFern_RT.spt: License Error: [Key expired on September 01, 2011]
04/20/2016 - 20:44:55 : Error loading tree: speedtree/shrubs_flowers/cinnamon_fern/CinnamonFern_RT.spt: License Error: [Key expired on September 01, 2011]
04/20/2016 - 20:44:55 : Error loading tree: speedtree/shrubs_flowers/boston_fern/BostonFern_RT.spt: License Error: [Key expired on September 01, 2011]
04/20/2016 - 20:44:55 : Error loading tree: speedtree/shrubs_flowers/cinnamon_fern/CinnamonFern_RT.spt: License Error: [Key expired on September 01, 2011]
04/20/2016 - 20:44:55 : Error loading tree: speedtree/shrubs_flowers/boston_fern/BostonFern_RT.spt: License Error: [Key expired on September 01, 2011]
04/20/2016 - 20:44:55 : Error loading tree: speedtree/shrubs_flowers/elephant_ear/ElephantEar_RT.spt: License Error: [Key expired on September 01, 2011]
04/20/2016 - 20:44:55 : Error loading tree: speedtree/shrubs_flowers/elephant_ear/ElephantEar_RT.spt: License Error: [Key expired on September 01, 2011]
04/20/2016 - 20:44:55 : Error loading tree: speedtree/shrubs_flowers/elephant_ear/ElephantEar_RT.spt: License Error: [Key expired on September 01, 2011]
04/20/2016 - 20:44:55 : Error loading tree: speedtree/shrubs_flowers/elephant_ear/ElephantEar_RT.spt: License Error: [Key expired on September 01, 2011]
04/20/2016 - 20:44:55 : Chunk::load: Failed to load chunk ffffffffo: Failed to load tree speedtree/Conifers/italian_cypress/ItalianCypress_RT.spt, Failed to load tree speedtree/Conifers/italian_cypress/ItalianCypress_RT.spt, Failed to load tree speedtree/Conifers/italian_cypress/ItalianCypress_RT.spt, Failed to load tree speedtree/Conifers/italian_cypress/ItalianCypress_RT.spt, Failed to load tree speedtree/Conifers/douglas_fir_full/DouglasFir_RT_Full.spt, Failed to load tree speedtree/Conifers/douglas_fir/DouglasFir_RT.spt, Failed to load tree speedtree/Conifers/douglas_fir_full/DouglasFir_RT_Full.spt, Failed to load tree speedtree/Conifers/douglas_fir_full/DouglasFir_RT_Full.spt, Failed to load tree speedtree/Conifers/douglas_fir_full/DouglasFir_RT_Full.spt, Failed to load tree speedtree/Conifers/douglas_fir_full/DouglasFir_RT_Full.spt, Failed to load tree speedtree/Conifers/douglas_fir_full/DouglasFir_RT_Full.spt, Failed to load tree speedtree/shrubs_flowers/american_boxwood/AmericanBoxwood_RT.spt, Failed to load tree speedtree/shrubs_flowers/american_boxwood/AmericanBoxwood_RT.spt, Failed to load tree speedtree/Conifers/douglas_fir_full/DouglasFir_RT_Full.spt, Failed to load tree speedtree/shrubs_flowers/american_boxwood/AmericanBoxwood_RT.spt, Failed to load tree speedtree/shrubs_flowers/american_boxwood/AmericanBoxwood_RT.spt, Failed to load tree speedtree/shrubs_flowers/american_boxwood/AmericanBoxwood_RT.spt, Failed to load tree speedtree/shrubs_flowers/american_boxwood/AmericanBoxwood_RT.spt, Failed to load tree speedtree/shrubs_flowers/american_boxwood/AmericanBoxwood_RT.spt, Failed to load tree speedtree/shrubs_flowers/american_boxwood/AmericanBoxwood_RT.spt, Failed to load tree speedtree/shrubs_flowers/american_boxwood/AmericanBoxwood_RT.spt, Failed to load tree speedtree/shrubs_flowers/american_boxwood/AmericanBoxwood_RT.spt, Failed to load tree speedtree/shrubs_flowers/american_boxwood/AmericanBoxwood_RT.spt, Failed to load tree speedtree/shrubs_flowers/american_boxwood/AmericanBoxwood_RT.spt, Failed to load tree speedtree/shrubs_flowers/american_boxwood/AmericanBoxwood_RT.spt, Failed to load tree speedtree/shrubs_flowers/american_boxwood/AmericanBoxwood_RT.spt, Failed to load tree speedtree/shrubs_flowers/american_boxwood/AmericanBoxwood_RT.spt, Failed to load tree speedtree/shrubs_flowers/american_boxwood/AmericanBoxwood_RT.spt, Failed to load tree speedtree/shrubs_flowers/american_boxwood/AmericanBoxwood_RT.spt, Failed to load tree speedtree/shrubs_flowers/american_boxwood/AmericanBoxwood_RT.spt, Failed to load tree speedtree/shrubs_flowers/american_boxwood/AmericanBoxwood_RT.spt, Failed to load tree speedtree/shrubs_flowers/american_boxwood/AmericanBoxwood_RT.spt, Failed to load tree speedtree/shrubs_flowers/american_boxwood/AmericanBoxwood_RT.spt, Failed to load tree speedtree/shrubs_flowers/american_boxwood/AmericanBoxwood_RT.spt, Failed to load tree speedtree/shrubs_flowers/american_boxwood/AmericanBoxwood_RT.spt, Failed to load tree speedtree/shrubs_flowers/american_boxwood/AmericanBoxwood_RT.spt, Failed to load tree speedtree/shrubs_flowers/american_boxwood/AmericanBoxwood_RT.spt, Failed to load tree speedtree/shrubs_flowers/american_boxwood/AmericanBoxwood_RT.spt, Failed to load tree speedtree/shrubs_flowers/american_boxwood/AmericanBoxwood_RT.spt, Failed to load tree speedtree/shrubs_flowers/american_boxwood/AmericanBoxwood_RT.spt, Failed to load tree speedtree/shrubs_flowers/american_boxwood/AmericanBoxwood_RT.spt, Failed to load tree speedtree/shrubs_flowers/cinnamon_fern/CinnamonFern_RT.spt, Failed to load tree speedtree/shrubs_flowers/cinnamon_fern/CinnamonFern_RT.spt, Failed to load tree speedtree/shrubs_flowers/cinnamon_fern/CinnamonFern_RT.spt, Failed to load tree speedtree/shrubs_flowers/cinnamon_fern/CinnamonFern_RT.spt, Failed to load tree speedtree/shrubs_flowers/cinnamon_fern/CinnamonFern_RT.spt, Failed to load tree speedtree/shrubs_flowers/cinnamon_fern/CinnamonFern_RT.spt, Failed to load tree speedtree/shrubs_flowers/cinnamon_fern/CinnamonFern_RT.spt, Failed to load tree speedtree/shrubs_flowers/cinnamon_fern/CinnamonFern_RT.spt, Failed to load tree speedtree/shrubs_flowers/cinnamon_fern/CinnamonFern_RT.spt, Failed to load tree speedtree/shrubs_flowers/cinnamon_fern/CinnamonFern_RT.spt, Failed to load tree speedtree/shrubs_flowers/cinnamon_fern/CinnamonFern_RT.spt, Failed to load tree speedtree/shrubs_flowers/cinnamon_fern/CinnamonFern_RT.spt, Failed to load tree speedtree/shrubs_flowers/cinnamon_fern/CinnamonFern_RT.spt, Failed to load tree speedtree/shrubs_flowers/cinnamon_fern/CinnamonFern_RT.spt, Failed to load tree speedtree/shrubs_flowers/cinnamon_fern/CinnamonFern_RT.spt, Failed to load tree speedtree/shrubs_flowers/cinnamon_fern/CinnamonFern_RT.spt, Failed to load tree speedtree/shrubs_flowers/cinnamon_fern/CinnamonFern_RT.spt, Failed to load tree speedtree/shrubs_flowers/cinnamon_fern/CinnamonFern_RT.spt, Failed to load tree speedtree/shrubs_flowers/cinnamon_fern/CinnamonFern_RT.spt, Failed to load tree speedtree/shrubs_flowers/cinnamon_fern/CinnamonFern_RT.spt, Failed to load tree speedtree/shrubs_flowers/american_boxwood/AmericanBoxwood_RT.spt, Failed to load tree speedtree/shrubs_flowers/american_boxwood/AmericanBoxwood_RT.spt, Failed to load tree speedtree/shrubs_flowers/american_boxwood/AmericanBoxwood_RT.spt, Failed to load tree speedtree/shrubs_flowers/american_boxwood/AmericanBoxwood_RT.spt, Failed to load tree speedtree/shrubs_flowers/cinnamon_fern/CinnamonFern_RT.spt, Failed to load tree speedtree/shrubs_flowers/cinnamon_fern/CinnamonFern_RT.spt, Failed to load tree speedtree/shrubs_flowers/cinnamon_fern/CinnamonFern_RT.spt, Failed to load tree speedtree/shrubs_flowers/cinnamon_fern/CinnamonFern_RT.spt, Failed to load tree speedtree/shrubs_flowers/cinnamon_fern/CinnamonFern_RT.spt, Failed to load tree speedtree/shrubs_flowers/cinnamon_fern/CinnamonFern_RT.spt, Failed to load tree speedtree/shrubs_flowers/cinnamon_fern/CinnamonFern_RT.spt, Failed to load tree speedtree/shrubs_flowers/cinnamon_fern/CinnamonFern_RT.spt, Failed to load tree speedtree/shrubs_flowers/cinnamon_fern/CinnamonFern_RT.spt, Failed to load tree speedtree/shrubs_flowers/cinnamon_fern/CinnamonFern_RT.spt, Failed to load tree speedtree/shrubs_flowers/cinnamon_fern/CinnamonFern_RT.spt, Failed to load tree speedtree/shrubs_flowers/cinnamon_fern/CinnamonFern_RT.spt, Failed to load tree speedtree/shrubs_flowers/cinnamon_fern/CinnamonFern_RT.spt, Failed to load tree speedtree/shrubs_flowers/cinnamon_fern/CinnamonFern_RT.spt, Failed to load tree speedtree/shrubs_flowers/cinnamon_fern/CinnamonFern_RT.spt, Failed to load tree speedtree/shrubs_flowers/cinnamon_fern/CinnamonFern_RT.spt, Failed to load tree speedtree/shrubs_flowers/cinnamon_fern/CinnamonFern_RT.spt, Failed to load tree speedtree/shrubs_flowers/american_boxwood/AmericanBoxwood_RT.spt, Failed to load tree speedtree/shrubs_flowers/boston_fern/BostonFern_RT.spt, Failed to load tree speedtree/shrubs_flowers/boston_fern/BostonFern_RT.spt, Failed to load tree speedtree/shrubs_flowers/boston_fern/BostonFern_RT.spt, Failed to load tree speedtree/shrubs_flowers/boston_fern/BostonFern_RT.spt, Failed to load tree speedtree/shrubs_flowers/boston_fern/BostonFern_RT.spt, Failed to load tree speedtree/shrubs_flowers/boston_fern/BostonFern_RT.spt, Failed to load tree speedtree/shrubs_flowers/boston_fern/BostonFern_RT.spt, Failed to load tree speedtree/shrubs_flowers/boston_fern/BostonFern_RT.spt, Failed to load tree speedtree/shrubs_flowers/boston_fern/BostonFern_RT.spt, Failed to load tree speedtree/shrubs_flowers/boston_fern/BostonFern_RT.spt, Failed to load tree speedtree/shrubs_flowers/boston_fern/BostonFern_RT.spt, Failed to load tree speedtree/shrubs_flowers/boston_fern/BostonFern_RT.spt, Failed to load tree speedtree/shrubs_flowers/boston_fern/BostonFern_RT.spt, Failed to load tree speedtree/shrubs_flowers/boston_fern/BostonFern_RT.spt, Failed to load tree speedtree/shrubs_flowers/boston_fern/BostonFern_RT.spt, Failed to load tree speedtree/shrubs_flowers/boston_fern/BostonFern_RT.spt, Failed to load tree speedtree/shrubs_flowers/boston_fern/BostonFern_RT.spt, Failed to load tree speedtree/shrubs_flowers/boston_fern/BostonFern_RT.spt, Failed to load tree speedtree/shrubs_flowers/cinnamon_fern/CinnamonFern_RT.spt, Failed to load tree speedtree/shrubs_flowers/boston_fern/BostonFern_RT.spt, Failed to load tree speedtree/shrubs_flowers/boston_fern/BostonFern_RT.spt, Failed to load tree speedtree/Conifers/douglas_fir_full/DouglasFir_RT_Full.spt, Failed to load tree speedtree/Conifers/douglas_fir_full/DouglasFir_RT_Full.spt, Failed to load tree speedtree/Conifers/douglas_fir_full/DouglasFir_RT_Full.spt, Failed to load tree speedtree/shrubs_flowers/boston_fern/BostonFern_RT.spt, Failed to load tree speedtree/Conifers/italian_cypress/ItalianCypress_RT.spt, Failed to load tree speedtree/Conifers/italian_cypress/ItalianCypress_RT.spt, Failed to load tree speedtree/Conifers/italian_cypress/ItalianCypress_RT.spt, Failed to load tree speedtree/Conifers/italian_cypress/ItalianCypress_RT.spt, Failed to load tree speedtree/Conifers/italian_cypress/ItalianCypress_RT.spt, Failed to load tree speedtree/Conifers/italian_cypress/ItalianCypress_RT.spt, Failed to load tree speedtree/Conifers/italian_cypress/ItalianCypress_RT.spt, Failed to load tree speedtree/Conifers/italian_cypress/ItalianCypress_RT.spt, Failed to load tree speedtree/shrubs_flowers/cinnamon_fern/CinnamonFern_RT.spt, Failed to load tree speedtree/Conifers/douglas_fir_full/DouglasFir_RT_Full.spt, Failed to load tree speedtree/shrubs_flowers/american_boxwood/AmericanBoxwood_RT.spt, Failed to load tree speedtree/shrubs_flowers/cinnamon_fern/CinnamonFern_RT.spt, Failed to load tree speedtree/shrubs_flowers/american_boxwood/AmericanBoxwood_RT.spt, Failed to load tree speedtree/shrubs_flowers/cinnamon_fern/CinnamonFern_RT.spt, Failed to load tree speedtree/shrubs_flowers/cinnamon_fern/CinnamonFern_RT.spt, Failed to load tree speedtree/Conifers/douglas_fir_full/DouglasFir_RT_Full.spt, Failed to load tree speedtree/shrubs_flowers/boston_fern/BostonFern_RT.spt, Failed to load tree speedtree/shrubs_flowers/boston_fern/BostonFern_RT.spt, Failed to load tree spee04/20/2016 - 20:44:55 : Error loading tree: speedtree/Palms_Cacti_Cycads/joshua_tree/JoshuaTree_RT.spt: License Error: [Key expired on September 01, 2011]
04/20/2016 - 20:44:55 : Error loading tree: speedtree/Palms_Cacti_Cycads/joshua_tree/JoshuaTree_RT.spt: License Error: [Key expired on September 01, 2011]
04/20/2016 - 20:44:55 : Error loading tree: speedtree/Palms_Cacti_Cycads/joshua_tree/JoshuaTree_RT.spt: License Error: [Key expired on September 01, 2011]
04/20/2016 - 20:44:55 : Error loading tree: speedtree/Palms_Cacti_Cycads/joshua_tree/JoshuaTree_RT.spt: License Error: [Key expired on September 01, 2011]
04/20/2016 - 20:44:55 : Error loading tree: speedtree/Palms_Cacti_Cycads/joshua_tree/JoshuaTree_RT.spt: License Error: [Key expired on September 01, 2011]
04/20/2016 - 20:44:55 : Error loading tree: speedtree/Palms_Cacti_Cycads/joshua_tree/JoshuaTree_RT.spt: License Error: [Key expired on September 01, 2011]
04/20/2016 - 20:44:55 : Error loading tree: speedtree/Palms_Cacti_Cycads/joshua_tree/JoshuaTree_RT.spt: License Error: [Key expired on September 01, 2011]
04/20/2016 - 20:44:55 : Error loading tree: speedtree/Palms_Cacti_Cycads/joshua_tree/JoshuaTree_RT.spt: License Error: [Key expired on September 01, 2011]
04/20/2016 - 20:44:55 : Error loading tree: speedtree/Palms_Cacti_Cycads/joshua_tree/JoshuaTree_RT.spt: License Error: [Key expired on September 01, 2011]
04/20/2016 - 20:44:55 : Error loading tree: speedtree/Broadleaves/american_elm_noleaves/AmericanElm_RT_noleaves.spt: License Error: [Key expired on September 01, 2011]
04/20/2016 - 20:44:55 : Error loading tree: speedtree/Broadleaves/american_elm_noleaves/AmericanElm_RT_noleaves.spt: License Error: [Key expired on September 01, 2011]
04/20/2016 - 20:44:55 : Chunk::load: Failed to load chunk 00030004o: Failed to load tree speedtree/Palms_Cacti_Cycads/joshua_tree/JoshuaTree_RT.spt, Failed to load tree speedtree/Palms_Cacti_Cycads/joshua_tree/JoshuaTree_RT.spt, Failed to load tree speedtree/Palms_Cacti_Cycads/joshua_tree/JoshuaTree_RT.spt, Failed to load tree speedtree/Palms_Cacti_Cycads/joshua_tree/JoshuaTree_RT.spt, Failed to load tree speedtree/Palms_Cacti_Cycads/joshua_tree/JoshuaTree_RT.spt, Failed to load tree speedtree/Palms_Cacti_Cycads/joshua_tree/JoshuaTree_RT.spt, Failed to load tree speedtree/Palms_Cacti_Cycads/joshua_tree/JoshuaTree_RT.spt, Failed to load tree speedtree/Palms_Cacti_Cycads/joshua_tree/JoshuaTree_RT.spt, Failed to load tree speedtree/Palms_Cacti_Cycads/joshua_tree/JoshuaTree_RT.spt, Failed to load tree speedtree/Broadleaves/american_elm_noleaves/AmericanElm_RT_noleaves.spt, Failed to load tree speedtree/Broadleaves/american_elm_noleaves/AmericanElm_RT_noleaves.spt
04/20/2016 - 20:44:55 : Error loading tree: speedtree/Conifers/douglas_fir_full/DouglasFir_RT_Full.spt: License Error: [Key expired on September 01, 2011]
04/20/2016 - 20:44:55 : Error loading tree: speedtree/Conifers/douglas_fir_full/DouglasFir_RT_Full.spt: License Error: [Key expired on September 01, 2011]
04/20/2016 - 20:44:55 : Error loading tree: speedtree/Conifers/douglas_fir_full/DouglasFir_RT_Full.spt: License Error: [Key expired on September 01, 2011]
04/20/2016 - 20:44:55 : Error loading tree: speedtree/Conifers/douglas_fir/DouglasFir_RT.spt: License Error: [Key expired on September 01, 2011]
04/20/2016 - 20:44:55 : Error loading tree: speedtree/Conifers/douglas_fir/DouglasFir_RT.spt: License Error: [Key expired on September 01, 2011]
04/20/2016 - 20:44:55 : Error loading tree: speedtree/Conifers/douglas_fir_full/DouglasFir_RT_Full.spt: License Error: [Key expired on September 01, 2011]
04/20/2016 - 20:44:55 : Error loading tree: speedtree/Conifers/douglas_fir_full/DouglasFir_RT_Full.spt: License Error: [Key expired on September 01, 2011]
04/20/2016 - 20:44:55 : Error loading tree: speedtree/shrubs_flowers/american_boxwood/AmericanBoxwood_RT.spt: License Error: [Key expired on September 01, 2011]
04/20/2016 - 20:44:55 : Error loading tree: speedtree/shrubs_flowers/american_boxwood/AmericanBoxwood_RT.spt: License Error: [Key expired on September 01, 2011]
04/20/2016 - 20:44:55 : Error loading tree: speedtree/shrubs_flowers/american_boxwood/AmericanBoxwood_RT.spt: License Error: [Key expired on September 01, 2011]
04/20/2016 - 20:44:55 : Error loading tree: speedtree/shrubs_flowers/american_boxwood/AmericanBoxwood_RT.spt: License Error: [Key expired on September 01, 2011]
04/20/2016 - 20:44:55 : Error loading tree: speedtree/shrubs_flowers/cinnamon_fern/CinnamonFern_RT.spt: License Error: [Key expired on September 01, 2011]
04/20/2016 - 20:44:55 : Error loading tree: speedtree/shrubs_flowers/cinnamon_fern/CinnamonFern_RT.spt: License Error: [Key expired on September 01, 2011]
04/20/2016 - 20:44:55 : Error loading tree: speedtree/shrubs_flowers/american_boxwood/AmericanBoxwood_RT.spt: License Error: [Key expired on September 01, 2011]
04/20/2016 - 20:44:55 : Error loading tree: speedtree/shrubs_flowers/american_boxwood/AmericanBoxwood_RT.spt: License Error: [Key expired on September 01, 2011]
04/20/2016 - 20:44:55 : Error loading tree: speedtree/shrubs_flowers/cinnamon_fern/CinnamonFern_RT.spt: License Error: [Key expired on September 01, 2011]
04/20/2016 - 20:44:55 : Error loading tree: speedtree/shrubs_flowers/american_boxwood/AmericanBoxwood_RT.spt: License Error: [Key expired on September 01, 2011]
04/20/2016 - 20:44:55 : Error loading tree: speedtree/shrubs_flowers/cinnamon_fern/CinnamonFern_RT.spt: License Error: [Key expired on September 01, 2011]
04/20/2016 - 20:44:55 : Error loading tree: speedtree/shrubs_flowers/cinnamon_fern/CinnamonFern_RT.spt: License Error: [Key expired on September 01, 2011]
04/20/2016 - 20:44:55 : Error loading tree: speedtree/Broadleaves/crab_apple/bwcrabapple_rt_flowers.spt: License Error: [Key expired on September 01, 2011]
04/20/2016 - 20:44:55 : Error loading tree: speedtree/Broadleaves/crab_apple/bwcrabapple_rt_flowers.spt: License Error: [Key expired on September 01, 2011]
04/20/2016 - 20:44:55 : Chunk::load: Failed to load chunk ffff0000o: Failed to load tree speedtree/Conifers/douglas_fir_full/DouglasFir_RT_Full.spt, Failed to load tree speedtree/Conifers/douglas_fir_full/DouglasFir_RT_Full.spt, Failed to load tree speedtree/Conifers/douglas_fir_full/DouglasFir_RT_Full.spt, Failed to load tree speedtree/Conifers/douglas_fir/DouglasFir_RT.spt, Failed to load tree speedtree/Conifers/douglas_fir/DouglasFir_RT.spt, Failed to load tree speedtree/Conifers/douglas_fir_full/DouglasFir_RT_Full.spt, Failed to load tree speedtree/Conifers/douglas_fir_full/DouglasFir_RT_Full.spt, Failed to load tree speedtree/shrubs_flowers/american_boxwood/AmericanBoxwood_RT.spt, Failed to load tree speedtree/shrubs_flowers/american_boxwood/AmericanBoxwood_RT.spt, Failed to load tree speedtree/shrubs_flowers/american_boxwood/AmericanBoxwood_RT.spt, Failed to load tree speedtree/shrubs_flowers/american_boxwood/AmericanBoxwood_RT.spt, Failed to load tree speedtree/shrubs_flowers/cinnamon_fern/CinnamonFern_RT.spt, Failed to load tree speedtree/shrubs_flowers/cinnamon_fern/CinnamonFern_RT.spt, Failed to load tree speedtree/shrubs_flowers/american_boxwood/AmericanBoxwood_RT.spt, Failed to load tree speedtree/shrubs_flowers/american_boxwood/AmericanBoxwood_RT.spt, Failed to load tree speedtree/shrubs_flowers/cinnamon_fern/CinnamonFern_RT.spt, Failed to load tree speedtree/shrubs_flowers/american_boxwood/AmericanBoxwood_RT.spt, Failed to load tree speedtree/shrubs_flowers/cinnamon_fern/CinnamonFern_RT.spt, Failed to load tree speedtree/shrubs_flowers/cinnamon_fern/CinnamonFern_RT.spt, Failed to load tree speedtree/Broadleaves/crab_apple/bwcrabapple_rt_flowers.spt, Failed to load tree speedtree/Broadleaves/crab_apple/bwcrabapple_rt_flowers.spt
04/20/2016 - 20:44:55 : EffectManager::~EffectManager - not empty on destruct.
This could indicate a possible reference leak or destruction order issue.
04/20/2016 - 20:44:55 : 1 - Effect shaders/std_effects/lightonly.fx not unloaded in time. 
04/20/2016 - 20:44:55 : 2 - Effect shaders/std_effects/lightonly_glow.fx not unloaded in time. 
04/20/2016 - 20:44:55 : 3 - Effect shaders/std_effects/normalmap_specmap.fx not unloaded in time. 
04/20/2016 - 20:44:55 : 4 - Effect shaders/std_effects/normalmap_specmap_chrome.fx not unloaded in time. 
04/20/2016 - 20:44:55 : 5 - Effect shaders/std_effects/parallax_lighting_specmap.fx not unloaded in time. 
04/20/2016 - 20:44:55 : 6 - Effect shaders/terrain/flora_light_map2.fx not unloaded in time. 
04/20/2016 - 20:44:55 : 7 - Effect shaders/terrain/terrain_lit.fx not unloaded in time. 
04/20/2016 - 20:44:55 : 8 - Effect shaders/terrain/terrain_lod_texture.fx not unloaded in time. 
04/20/2016 - 20:44:55 : 9 - Effect shaders/terrain/terrain_z_pass.fx not unloaded in time. 
04/20/2016 - 20:44:55 : EffectConstantValue not deleted properly : PenumbraSize
04/20/2016 - 20:44:55 : EffectConstantValue not deleted properly : SunAngle
04/20/2016 - 20:44:55 : 95 DeviceCallback object(s) NOT DELETED
04/20/2016 - 20:44:55 : DeviceCallback: NOT DELETED : 76de780
04/20/2016 - 20:44:55 : DeviceCallback: NOT DELETED : 3de9768
04/20/2016 - 20:44:55 : DeviceCallback: NOT DELETED : 3e93a98
04/20/2016 - 20:44:55 : DeviceCallback: NOT DELETED : 3e97140
04/20/2016 - 20:44:55 : DeviceCallback: NOT DELETED : cfa9f28
04/20/2016 - 20:44:55 : DeviceCallback: NOT DELETED : cfc27a0
04/20/2016 - 20:44:55 : DeviceCallback: NOT DELETED : fb9b410
04/20/2016 - 20:44:55 : DeviceCallback: NOT DELETED : fc46fa0
04/20/2016 - 20:44:55 : DeviceCallback: NOT DELETED : fbe1f88
04/20/2016 - 20:44:55 : DeviceCallback: NOT DELETED : fc0f588
04/20/2016 - 20:44:55 : DeviceCallback: NOT DELETED : fc60808
04/20/2016 - 20:44:55 : DeviceCallback: NOT DELETED : fc100d0
04/20/2016 - 20:44:55 : DeviceCallback: NOT DELETED : fbbb4a0
04/20/2016 - 20:44:55 : DeviceCallback: NOT DELETED : fefbc20
04/20/2016 - 20:44:55 : DeviceCallback: NOT DELETED : fc65038
04/20/2016 - 20:44:55 : DeviceCallback: NOT DELETED : fb79438
04/20/2016 - 20:44:55 : DeviceCallback: NOT DELETED : fec65b8
04/20/2016 - 20:44:55 : DeviceCallback: NOT DELETED : ff87088
04/20/2016 - 20:44:55 : DeviceCallback: NOT DELETED : 1341caf0
04/20/2016 - 20:44:55 : DeviceCallback: NOT DELETED : 3dce660
04/20/2016 - 20:44:55 : DeviceCallback: NOT DELETED : 1340d6a8
04/20/2016 - 20:44:55 : DeviceCallback: NOT DELETED : 134b39b0
04/20/2016 - 20:44:55 : DeviceCallback: NOT DELETED : fe92358
04/20/2016 - 20:44:55 : DeviceCallback: NOT DELETED : 13496dc8
04/20/2016 - 20:44:55 : DeviceCallback: NOT DELETED : 134b5318
04/20/2016 - 20:44:55 : DeviceCallback: NOT DELETED : 12de5d70
04/20/2016 - 20:44:55 : DeviceCallback: NOT DELETED : 13d6c3a8
04/20/2016 - 20:44:55 : DeviceCallback: NOT DELETED : 19fce300
04/20/2016 - 20:44:55 : DeviceCallback: NOT DELETED : fba3a00
04/20/2016 - 20:44:55 : DeviceCallback: NOT DELETED : 13b96a58
04/20/2016 - 20:44:55 : DeviceCallback: NOT DELETED : 3e92a10
04/20/2016 - 20:44:55 : DeviceCallback: NOT DELETED : 13b770f8
04/20/2016 - 20:44:55 : DeviceCallback: NOT DELETED : fb76480
04/20/2016 - 20:44:55 : DeviceCallback: NOT DELETED : 134da9c0
04/20/2016 - 20:44:55 : DeviceCallback: NOT DELETED : 13d6a988
04/20/2016 - 20:44:55 : DeviceCallback: NOT DELETED : 134eb7e8
04/20/2016 - 20:44:55 : DeviceCallback: NOT DELETED : 1a1fe9c8
04/20/2016 - 20:44:55 : DeviceCallback: NOT DELETED : 134eed40
04/20/2016 - 20:44:55 : DeviceCallback: NOT DELETED : 1a26e008
04/20/2016 - 20:44:55 : DeviceCallback: NOT DELETED : 1e6156a0
04/20/2016 - 20:44:55 : DeviceCallback: NOT DELETED : 19f08c08
04/20/2016 - 20:44:55 : DeviceCallback: NOT DELETED : 1e615ba0
04/20/2016 - 20:44:55 : DeviceCallback: NOT DELETED : 1a25f860
04/20/2016 - 20:44:55 : DeviceCallback: NOT DELETED : 1a25c350
04/20/2016 - 20:44:55 : DeviceCallback: NOT DELETED : 1a25b500
04/20/2016 - 20:44:55 : DeviceCallback: NOT DELETED : 1a25a7c0
04/20/2016 - 20:44:55 : DeviceCallback: NOT DELETED : 13c8c8c8
04/20/2016 - 20:44:55 : DeviceCallback: NOT DELETED : 13c7fe38
04/20/2016 - 20:44:55 : DeviceCallback: NOT DELETED : 1a2420e0
04/20/2016 - 20:44:55 : DeviceCallback: NOT DELETED : 19f069f0
04/20/2016 - 20:44:55 : DeviceCallback: NOT DELETED : 200391a0
04/20/2016 - 20:44:55 : DeviceCallback: NOT DELETED : 20048780
04/20/2016 - 20:44:55 : DeviceCallback: NOT DELETED : 19fc54e8
04/20/2016 - 20:44:55 : DeviceCallback: NOT DELETED : 20311638
04/20/2016 - 20:44:55 : DeviceCallback: NOT DELETED : 19f2a2d0
04/20/2016 - 20:44:55 : DeviceCallback: NOT DELETED : 3e4f638
04/20/2016 - 20:44:55 : DeviceCallback: NOT DELETED : 20241368
04/20/2016 - 20:44:55 : DeviceCallback: NOT DELETED : 203123b8
04/20/2016 - 20:44:55 : DeviceCallback: NOT DELETED : 210b1740
04/20/2016 - 20:44:55 : DeviceCallback: NOT DELETED : 210b1948
04/20/2016 - 20:44:55 : DeviceCallback: NOT DELETED : 218a25c8
04/20/2016 - 20:44:55 : DeviceCallback: NOT DELETED : 210ea778
04/20/2016 - 20:44:55 : DeviceCallback: NOT DELETED : 2111a948
04/20/2016 - 20:44:55 : DeviceCallback: NOT DELETED : 21909210
04/20/2016 - 20:44:55 : DeviceCallback: NOT DELETED : 21936330
04/20/2016 - 20:44:55 : DeviceCallback: NOT DELETED : 22a4ea60
04/20/2016 - 20:44:55 : DeviceCallback: NOT DELETED : 22ae1de8
04/20/2016 - 20:44:55 : DeviceCallback: NOT DELETED : 22ac9ad0
04/20/2016 - 20:44:55 : DeviceCallback: NOT DELETED : 23366f30
04/20/2016 - 20:44:55 : DeviceCallback: NOT DELETED : 202e78e0
04/20/2016 - 20:44:55 : DeviceCallback: NOT DELETED : 20042d40
04/20/2016 - 20:44:55 : DeviceCallback: NOT DELETED : 233a2618
04/20/2016 - 20:44:55 : DeviceCallback: NOT DELETED : 233ac4d0
04/20/2016 - 20:44:55 : DeviceCallback: NOT DELETED : 269f2830
04/20/2016 - 20:44:55 : DeviceCallback: NOT DELETED : 27543440
04/20/2016 - 20:44:55 : DeviceCallback: NOT DELETED : 2347e160
04/20/2016 - 20:44:55 : DeviceCallback: NOT DELETED : 2755dd80
04/20/2016 - 20:44:55 : DeviceCallback: NOT DELETED : 27574ce8
04/20/2016 - 20:44:55 : DeviceCallback: NOT DELETED : 27584fc0
04/20/2016 - 20:44:55 : DeviceCallback: NOT DELETED : 275932d0
04/20/2016 - 20:44:55 : DeviceCallback: NOT DELETED : 27596be8
04/20/2016 - 20:44:55 : DeviceCallback: NOT DELETED : 275573e0
04/20/2016 - 20:44:55 : DeviceCallback: NOT DELETED : 275a8440
04/20/2016 - 20:44:55 : DeviceCallback: NOT DELETED : 275df0b0
04/20/2016 - 20:44:55 : DeviceCallback: NOT DELETED : 2760bd08
04/20/2016 - 20:44:55 : DeviceCallback: NOT DELETED : 27577b38
04/20/2016 - 20:44:55 : DeviceCallback: NOT DELETED : 390125a8
04/20/2016 - 20:44:55 : DeviceCallback: NOT DELETED : 39014948
04/20/2016 - 20:44:55 : DeviceCallback: NOT DELETED : 391b1d58
04/20/2016 - 20:44:55 : DeviceCallback: NOT DELETED : 39a586f8
04/20/2016 - 20:44:55 : DeviceCallback: NOT DELETED : 3b991de8
04/20/2016 - 20:44:55 : DeviceCallback: NOT DELETED : 39d197b0
04/20/2016 - 20:44:55 : DeviceCallback: NOT DELETED : 3c10dbb0
04/20/2016 - 20:44:55 : DeviceCallback: NOT DELETED : 3bbbeed0
04/20/2016 - 20:44:55 : DeviceCallback: NOT DELETED : 3c10ddb8
04/20/2016 - 20:44:55 : NavGen Run Finished ...
04/20/2016 - 20:44:55 : ---------------------------------------------------------------
04/20/2016 - 20:44:55 : 



