
/------------------------------------------------------------------------------\
BigWorld Release Client (compiled at 03:31:47 Oct  9 2010) starting on Tue Apr 19 01:50:15 2016
ERROR: SpeedTree authorisation failed
Trace: init: Initialising IME components
fantasydemo personality selected.
PostProcessing.init()
PostProcessing: total memory used by default RenderTargets : 0.00 MB
ERROR: Error loading tree: speedtree/shrubs_flowers/elephant_ear/ElephantEar_RT.spt: License Error: [Key expired on 九月 01, 2011]
ERROR: Error loading tree: speedtree/shrubs_flowers/elephant_ear/ElephantEar_RT.spt: License Error: [Key expired on 九月 01, 2011]
ERROR: Error loading tree: speedtree/shrubs_flowers/elephant_ear/ElephantEar_RT.spt: License Error: [Key expired on 九月 01, 2011]
ERROR: Error loading tree: speedtree/shrubs_flowers/elephant_ear/ElephantEar_RT.spt: License Error: [Key expired on 九月 01, 2011]
ERROR: Chunk::load: Failed to load chunk 00am0000i: Failed to load tree speedtree/shrubs_flowers/elephant_ear/ElephantEar_RT.spt, Failed to load tree speedtree/shrubs_flowers/elephant_ear/ElephantEar_RT.spt, Failed to load tree speedtree/shrubs_flowers/elephant_ear/ElephantEar_RT.spt, Failed to load tree speedtree/shrubs_flowers/elephant_ear/ElephantEar_RT.spt
Entering space: spaces/eval_empty (server: offline)
PlayerAvatar::onBecomePlayer
PlayerAvatar::onEnterWorld: begin
WARNING: WinFileSystem::getFileType: Accessing gui/maps/icon_items/icon_staff.tga from non-loading thread.
WARNING: WinFileSystem::getFileType: Accessing gui/maps/icon_items/icon_staff.tga from non-loading thread.
WARNING: WinFileSystem::getFileType: Accessing gui/maps from non-loading thread.
WARNING: WinFileSystem::readDirectory: Accessing gui/maps from non-loading thread.
WARNING: WinFileSystem::readDirectory: Accessing gui/maps from non-loading thread.
WARNING: WinFileSystem::getFileType: Accessing gui/maps/icon_items from non-loading thread.
WARNING: WinFileSystem::readDirectory: Accessing gui/maps/icon_items from non-loading thread.
WARNING: WinFileSystem::readDirectory: Accessing gui/maps/icon_items from non-loading thread.
WARNING: WinFileSystem::getFileType: Accessing gui/maps/icon_items/icon_staff.texformat from non-loading thread.
WARNING: WinFileSystem::getFileType: Accessing gui/maps/icon_items/icon_staff.texformat from non-loading thread.
WARNING: WinFileSystem::getFileType: Accessing gui/maps/icon_items/icon_staff.dds from non-loading thread.
WARNING: WinFileSystem::getFileType: Accessing gui/maps/icon_items/icon_staff.dds from non-loading thread.
WARNING: WinFileSystem::getFileType: Accessing gui/maps/icon_items/icon_staff.tga from non-loading thread.
WARNING: WinFileSystem::getFileType: Accessing gui/maps/icon_items/icon_staff.tga from non-loading thread.
WARNING: WinFileSystem::readFile: Accessing gui/maps/icon_items/icon_staff.tga from non-loading thread.
WARNING: WinFileSystem::getFileType: Accessing gui/maps/icon_items/icon_staff.texformat from non-loading thread.
WARNING: WinFileSystem::getFileType: Accessing gui/maps/icon_items/icon_staff.texformat from non-loading thread.
WARNING: WinFileSystem::getFileType: Accessing gui/maps from non-loading thread.
WARNING: WinFileSystem::readDirectory: Accessing gui/maps from non-loading thread.
WARNING: WinFileSystem::readDirectory: Accessing gui/maps from non-loading thread.
WARNING: WinFileSystem::getFileType: Accessing gui/maps/icon_items from non-loading thread.
WARNING: WinFileSystem::readDirectory: Accessing gui/maps/icon_items from non-loading thread.
WARNING: WinFileSystem::readDirectory: Accessing gui/maps/icon_items from non-loading thread.
WARNING: WinFileSystem::getFileType: Accessing gui/maps/icon_items/icon_staff.texformat from non-loading thread.
WARNING: WinFileSystem::getFileType: Accessing gui/maps/icon_items/icon_staff.texformat from non-loading thread.
WARNING: WinFileSystem::getFileType: Accessing gui/maps/icon_items/icon_staff.texanim from non-loading thread.
WARNING: WinFileSystem::getFileType: Accessing gui/maps/icon_items/icon_staff.texanim from non-loading thread.
WARNING: WinFileSystem::getFileType: Accessing gui/maps/icon_items/icon_staff.dds from non-loading thread.
WARNING: WinFileSystem::readFile: Accessing gui/maps/icon_items/icon_staff.dds from non-loading thread.
WARNING: WinFileSystem::getFileType: Accessing gui/maps/icon_items/icon_food_drumstick.tga from non-loading thread.
WARNING: WinFileSystem::getFileType: Accessing gui/maps/icon_items/icon_food_drumstick.tga from non-loading thread.
WARNING: WinFileSystem::getFileType: Accessing gui/maps/icon_items/icon_food_drumstick.texformat from non-loading thread.
WARNING: WinFileSystem::getFileType: Accessing gui/maps/icon_items/icon_food_drumstick.texformat from non-loading thread.
WARNING: WinFileSystem::getFileType: Accessing gui/maps/icon_items/icon_food_drumstick.dds from non-loading thread.
WARNING: WinFileSystem::getFileType: Accessing gui/maps/icon_items/icon_food_drumstick.dds from non-loading thread.
WARNING: WinFileSystem::getFileType: Accessing gui/maps/icon_items/icon_food_drumstick.tga from non-loading thread.
WARNING: WinFileSystem::getFileType: Accessing gui/maps/icon_items/icon_food_drumstick.tga from non-loading thread.
WARNING: WinFileSystem::readFile: Accessing gui/maps/icon_items/icon_food_drumstick.tga from non-loading thread.
WARNING: WinFileSystem::getFileType: Accessing gui/maps/icon_items/icon_food_drumstick.texformat from non-loading thread.
WARNING: WinFileSystem::getFileType: Accessing gui/maps/icon_items/icon_food_drumstick.texformat from non-loading thread.
WARNING: WinFileSystem::getFileType: Accessing gui/maps/icon_items/icon_food_drumstick.texformat from non-loading thread.
WARNING: WinFileSystem::getFileType: Accessing gui/maps/icon_items/icon_food_drumstick.texformat from non-loading thread.
WARNING: WinFileSystem::getFileType: Accessing gui/maps/icon_items/icon_food_drumstick.texanim from non-loading thread.
WARNING: WinFileSystem::getFileType: Accessing gui/maps/icon_items/icon_food_drumstick.texanim from non-loading thread.
WARNING: WinFileSystem::getFileType: Accessing gui/maps/icon_items/icon_food_drumstick.dds from non-loading thread.
WARNING: WinFileSystem::readFile: Accessing gui/maps/icon_items/icon_food_drumstick.dds from non-loading thread.
WARNING: WinFileSystem::getFileType: Accessing gui/maps/icon_items/icon_tek_binoc2.tga from non-loading thread.
WARNING: WinFileSystem::getFileType: Accessing gui/maps/icon_items/icon_tek_binoc2.tga from non-loading thread.
WARNING: WinFileSystem::getFileType: Accessing gui/maps/icon_items/icon_tek_binoc2.texformat from non-loading thread.
WARNING: WinFileSystem::getFileType: Accessing gui/maps/icon_items/icon_tek_binoc2.texformat from non-loading thread.
WARNING: WinFileSystem::getFileType: Accessing gui/maps/icon_items/icon_tek_binoc2.dds from non-loading thread.
WARNING: WinFileSystem::getFileType: Accessing gui/maps/icon_items/icon_tek_binoc2.dds from non-loading thread.
WARNING: WinFileSystem::getFileType: Accessing gui/maps/icon_items/icon_tek_binoc2.tga from non-loading thread.
WARNING: WinFileSystem::getFileType: Accessing gui/maps/icon_items/icon_tek_binoc2.tga from non-loading thread.
WARNING: WinFileSystem::readFile: Accessing gui/maps/icon_items/icon_tek_binoc2.tga from non-loading thread.
WARNING: WinFileSystem::getFileType: Accessing gui/maps/icon_items/icon_tek_binoc2.texformat from non-loading thread.
WARNING: WinFileSystem::getFileType: Accessing gui/maps/icon_items/icon_tek_binoc2.texformat from non-loading thread.
WARNING: WinFileSystem::getFileType: Accessing gui/maps/icon_items/icon_tek_binoc2.texformat from non-loading thread.
WARNING: WinFileSystem::getFileType: Accessing gui/maps/icon_items/icon_tek_binoc2.texformat from non-loading thread.
WARNING: WinFileSystem::getFileType: Accessing gui/maps/icon_items/icon_tek_binoc2.texanim from non-loading thread.
WARNING: WinFileSystem::getFileType: Accessing gui/maps/icon_items/icon_tek_binoc2.texanim from non-loading thread.
WARNING: WinFileSystem::getFileType: Accessing gui/maps/icon_items/icon_tek_binoc2.dds from non-loading thread.
WARNING: WinFileSystem::readFile: Accessing gui/maps/icon_items/icon_tek_binoc2.dds from non-loading thread.
WARNING: WinFileSystem::getFileType: Accessing gui/maps/icon_items/icon_sword_bastard.tga from non-loading thread.
WARNING: WinFileSystem::getFileType: Accessing gui/maps/icon_items/icon_sword_bastard.tga from non-loading thread.
WARNING: WinFileSystem::getFileType: Accessing gui/maps/icon_items/icon_sword_bastard.texformat from non-loading thread.
WARNING: WinFileSystem::getFileType: Accessing gui/maps/icon_items/icon_sword_bastard.texformat from non-loading thread.
WARNING: WinFileSystem::getFileType: Accessing gui/maps/icon_items/icon_sword_bastard.dds from non-loading thread.
WARNING: WinFileSystem::getFileType: Accessing gui/maps/icon_items/icon_sword_bastard.dds from non-loading thread.
WARNING: WinFileSystem::getFileType: Accessing gui/maps/icon_items/icon_sword_bastard.tga from non-loading thread.
WARNING: WinFileSystem::getFileType: Accessing gui/maps/icon_items/icon_sword_bastard.tga from non-loading thread.
WARNING: WinFileSystem::readFile: Accessing gui/maps/icon_items/icon_sword_bastard.tga from non-loading thread.
WARNING: WinFileSystem::getFileType: Accessing gui/maps/icon_items/icon_sword_bastard.texformat from non-loading thread.
WARNING: WinFileSystem::getFileType: Accessing gui/maps/icon_items/icon_sword_bastard.texformat from non-loading thread.
WARNING: WinFileSystem::getFileType: Accessing gui/maps/icon_items/icon_sword_bastard.texformat from non-loading thread.
WARNING: WinFileSystem::getFileType: Accessing gui/maps/icon_items/icon_sword_bastard.texformat from non-loading thread.
WARNING: WinFileSystem::getFileType: Accessing gui/maps/icon_items/icon_sword_bastard.texanim from non-loading thread.
WARNING: WinFileSystem::getFileType: Accessing gui/maps/icon_items/icon_sword_bastard.texanim from non-loading thread.
WARNING: WinFileSystem::getFileType: Accessing gui/maps/icon_items/icon_sword_bastard.dds from non-loading thread.
WARNING: WinFileSystem::readFile: Accessing gui/maps/icon_items/icon_sword_bastard.dds from non-loading thread.
WARNING: WinFileSystem::getFileType: Accessing gui/maps/icon_items/icon_sword_bastard_mithril.tga from non-loading thread.
WARNING: WinFileSystem::getFileType: Accessing gui/maps/icon_items/icon_sword_bastard_mithril.tga from non-loading thread.
WARNING: WinFileSystem::getFileType: Accessing gui/maps/icon_items/icon_sword_bastard_mithril.texformat from non-loading thread.
WARNING: WinFileSystem::getFileType: Accessing gui/maps/icon_items/icon_sword_bastard_mithril.texformat from non-loading thread.
WARNING: WinFileSystem::getFileType: Accessing gui/maps/icon_items/icon_sword_bastard_mithril.dds from non-loading thread.
WARNING: WinFileSystem::getFileType: Accessing gui/maps/icon_items/icon_sword_bastard_mithril.dds from non-loading thread.
WARNING: WinFileSystem::getFileType: Accessing gui/maps/icon_items/icon_sword_bastard_mithril.tga from non-loading thread.
WARNING: WinFileSystem::getFileType: Accessing gui/maps/icon_items/icon_sword_bastard_mithril.tga from non-loading thread.
WARNING: WinFileSystem::readFile: Accessing gui/maps/icon_items/icon_sword_bastard_mithril.tga from non-loading thread.
WARNING: WinFileSystem::getFileType: Accessing gui/maps/icon_items/icon_sword_bastard_mithril.texformat from non-loading thread.
WARNING: WinFileSystem::getFileType: Accessing gui/maps/icon_items/icon_sword_bastard_mithril.texformat from non-loading thread.
WARNING: WinFileSystem::getFileType: Accessing gui/maps/icon_items/icon_sword_bastard_mithril.texformat from non-loading thread.
WARNING: WinFileSystem::getFileType: Accessing gui/maps/icon_items/icon_sword_bastard_mithril.texformat from non-loading thread.
WARNING: WinFileSystem::getFileType: Accessing gui/maps/icon_items/icon_sword_bastard_mithril.texanim from non-loading thread.
WARNING: WinFileSystem::getFileType: Accessing gui/maps/icon_items/icon_sword_bastard_mithril.texanim from non-loading thread.
WARNING: WinFileSystem::getFileType: Accessing gui/maps/icon_items/icon_sword_bastard_mithril.dds from non-loading thread.
WARNING: WinFileSystem::readFile: Accessing gui/maps/icon_items/icon_sword_bastard_mithril.dds from non-loading thread.
WARNING: WinFileSystem::getFileType: Accessing gui/maps/icon_items/icon_grail.tga from non-loading thread.
WARNING: WinFileSystem::getFileType: Accessing gui/maps/icon_items/icon_grail.tga from non-loading thread.
WARNING: WinFileSystem::getFileType: Accessing gui/maps/icon_items/icon_grail.texformat from non-loading thread.
WARNING: WinFileSystem::getFileType: Accessing gui/maps/icon_items/icon_grail.texformat from non-loading thread.
WARNING: WinFileSystem::getFileType: Accessing gui/maps/icon_items/icon_grail.dds from non-loading thread.
WARNING: WinFileSystem::getFileType: Accessing gui/maps/icon_items/icon_grail.dds from non-loading thread.
WARNING: WinFileSystem::getFileType: Accessing gui/maps/icon_items/icon_grail.tga from non-loading thread.
WARNING: WinFileSystem::getFileType: Accessing gui/maps/icon_items/icon_grail.tga from non-loading thread.
WARNING: WinFileSystem::readFile: Accessing gui/maps/icon_items/icon_grail.tga from non-loading thread.
WARNING: WinFileSystem::getFileType: Accessing gui/maps/icon_items/icon_grail.texformat from non-loading thread.
WARNING: WinFileSystem::getFileType: Accessing gui/maps/icon_items/icon_grail.texformat from non-loading thread.
WARNING: WinFileSystem::getFileType: Accessing gui/maps/icon_items/icon_grail.texformat from non-loading thread.
WARNING: WinFileSystem::getFileType: Accessing gui/maps/icon_items/icon_grail.texformat from non-loading thread.
WARNING: WinFileSystem::getFileType: Accessing gui/maps/icon_items/icon_grail.texanim from non-loading thread.
WARNING: WinFileSystem::getFileType: Accessing gui/maps/icon_items/icon_grail.texanim from non-loading thread.
WARNING: WinFileSystem::getFileType: Accessing gui/maps/icon_items/icon_grail.dds from non-loading thread.
WARNING: WinFileSystem::readFile: Accessing gui/maps/icon_items/icon_grail.dds from non-loading thread.
WARNING: WinFileSystem::getFileType: Accessing scripts/client/Item from non-loading thread.
WARNING: WinFileSystem::getFileType: Accessing scripts/client/Item from non-loading thread.
WARNING: WinFileSystem::getFileType: Accessing scripts/client/Item.py from non-loading thread.
WARNING: WinFileSystem::getFileType: Accessing scripts/client/Item.pyc from non-loading thread.
WARNING: WinFileSystem::getFileType: Accessing scripts/client/Item.pyd from non-loading thread.
WARNING: WinFileSystem::getFileType: Accessing scripts/client/Item.pyd from non-loading thread.
WARNING: WinFileSystem::getFileType: Accessing scripts/client/Item.py from non-loading thread.
WARNING: WinFileSystem::getFileType: Accessing scripts/client/Item.pyc from non-loading thread.
WARNING: WinFileSystem::readFile: Accessing scripts/client/Item.pyc from non-loading thread.
WARNING: WinFileSystem::getFileType: Accessing gui/minimap_icon.gui from non-loading thread.
WARNING: WinFileSystem::readFile: Accessing gui/minimap_icon.gui from non-loading thread.
WARNING: WinFileSystem::getFileType: Accessing gui/maps/mini_map_player.tga from non-loading thread.
WARNING: WinFileSystem::getFileType: Accessing gui/maps/mini_map_player.tga from non-loading thread.
WARNING: WinFileSystem::getFileType: Accessing gui/maps/mini_map_player.texformat from non-loading thread.
WARNING: WinFileSystem::getFileType: Accessing gui/maps/mini_map_player.texformat from non-loading thread.
WARNING: WinFileSystem::getFileType: Accessing gui/maps/mini_map_player.dds from non-loading thread.
WARNING: WinFileSystem::getFileType: Accessing gui/maps/mini_map_player.dds from non-loading thread.
WARNING: WinFileSystem::getFileType: Accessing gui/maps/mini_map_player.tga from non-loading thread.
WARNING: WinFileSystem::getFileType: Accessing gui/maps/mini_map_player.tga from non-loading thread.
WARNING: WinFileSystem::readFile: Accessing gui/maps/mini_map_player.tga from non-loading thread.
WARNING: WinFileSystem::getFileType: Accessing gui/maps/mini_map_player.texformat from non-loading thread.
WARNING: WinFileSystem::getFileType: Accessing gui/maps/mini_map_player.texformat from non-loading thread.
WARNING: WinFileSystem::getFileType: Accessing gui/maps/mini_map_player.texformat from non-loading thread.
WARNING: WinFileSystem::getFileType: Accessing gui/maps/mini_map_player.texformat from non-loading thread.
WARNING: WinFileSystem::getFileType: Accessing gui/maps/mini_map_player.texanim from non-loading thread.
WARNING: WinFileSystem::getFileType: Accessing gui/maps/mini_map_player.texanim from non-loading thread.
WARNING: WinFileSystem::getFileType: Accessing gui/maps/mini_map_player.dds from non-loading thread.
WARNING: WinFileSystem::readFile: Accessing gui/maps/mini_map_player.dds from non-loading thread.
WARNING: WinFileSystem::getFileType: Accessing sets from non-loading thread.
WARNING: WinFileSystem::readDirectory: Accessing sets from non-loading thread.
WARNING: WinFileSystem::readDirectory: Accessing sets from non-loading thread.
WARNING: WinFileSystem::getFileType: Accessing sets/global from non-loading thread.
WARNING: WinFileSystem::readDirectory: Accessing sets/global from non-loading thread.
WARNING: WinFileSystem::readDirectory: Accessing sets/global from non-loading thread.
WARNING: WinFileSystem::getFileType: Accessing sets/global/checker.model from non-loading thread.
WARNING: WinFileSystem::readFile: Accessing sets/global/checker.model from non-loading thread.
WARNING: WinFileSystem::getFileType: Accessing sets/global/checker.static.visual from non-loading thread.
WARNING: WinFileSystem::getFileType: Accessing sets/global/checker.static.visual from non-loading thread.
WARNING: WinFileSystem::getFileType: Accessing sets/global/checker.visual from non-loading thread.
WARNING: WinFileSystem::readFile: Accessing sets/global/checker.visual from non-loading thread.
WARNING: WinFileSystem::getFileType: Accessing sets/global/checker_bsp.visual from non-loading thread.
WARNING: WinFileSystem::getFileType: Accessing sets/global/checker_bsp.visual from non-loading thread.
WARNING: WinFileSystem::getFileType: Accessing sets/global/checker.primitives from non-loading thread.
WARNING: WinFileSystem::readFile: Accessing sets/global/checker.primitives from non-loading thread.
WARNING: WinFileSystem::getFileType: Accessing sets/global/checker.bmp from non-loading thread.
WARNING: WinFileSystem::getFileType: Accessing sets/global/checker.bmp from non-loading thread.
WARNING: WinFileSystem::getFileType: Accessing sets/global/checker.texformat from non-loading thread.
WARNING: WinFileSystem::getFileType: Accessing sets/global/checker.texformat from non-loading thread.
WARNING: WinFileSystem::getFileType: Accessing sets/global/checker.dds from non-loading thread.
WARNING: WinFileSystem::getFileType: Accessing sets/global/checker.dds from non-loading thread.
WARNING: WinFileSystem::getFileType: Accessing sets/global/checker.bmp from non-loading thread.
WARNING: WinFileSystem::getFileType: Accessing sets/global/checker.bmp from non-loading thread.
WARNING: WinFileSystem::readFile: Accessing sets/global/checker.bmp from non-loading thread.
WARNING: WinFileSystem::getFileType: Accessing sets from non-loading thread.
WARNING: WinFileSystem::readDirectory: Accessing sets from non-loading thread.
WARNING: WinFileSystem::readDirectory: Accessing sets from non-loading thread.
WARNING: WinFileSystem::getFileType: Accessing sets/global/checker.texformat from non-loading thread.
WARNING: WinFileSystem::getFileType: Accessing sets/global/checker.texformat from non-loading thread.
WARNING: WinFileSystem::getFileType: Accessing sets/global/checker.texformat from non-loading thread.
WARNING: WinFileSystem::getFileType: Accessing sets/global/checker.texformat from non-loading thread.
WARNING: WinFileSystem::getFileType: Accessing sets/global/checker.texanim from non-loading thread.
WARNING: WinFileSystem::getFileType: Accessing sets/global/checker.texanim from non-loading thread.
WARNING: WinFileSystem::getFileType: Accessing sets/global/checker.dds from non-loading thread.
WARNING: WinFileSystem::readFile: Accessing sets/global/checker.dds from non-loading thread.
PlayerAvatar::onEnterWorld: end
WARNING: WinFileSystem::getFileType: Accessing scripts/client/FDGUI/Weather from non-loading thread.
WARNING: WinFileSystem::getFileType: Accessing scripts/client/FDGUI/Weather from non-loading thread.
WARNING: WinFileSystem::getFileType: Accessing scripts/client/FDGUI/Weather.py from non-loading thread.
WARNING: WinFileSystem::getFileType: Accessing scripts/client/FDGUI/Weather.py from non-loading thread.
WARNING: WinFileSystem::getFileType: Accessing scripts/client/FDGUI/Weather.pyc from non-loading thread.
WARNING: WinFileSystem::getFileType: Accessing scripts/client/FDGUI/Weather.pyc from non-loading thread.
WARNING: WinFileSystem::getFileType: Accessing scripts/client/FDGUI/Weather.pyd from non-loading thread.
WARNING: WinFileSystem::getFileType: Accessing scripts/client/FDGUI/Weather.pyd from non-loading thread.
PostProcessing.fini()
RenderTargets.fini()
PostProcessing.Phases.fini()
\--------------------------------------------------------------------------------/

/------------------------------------------------------------------------------\
BigWorld Release Client (compiled at 03:31:47 Oct  9 2010) starting on Thu Nov 05 22:31:23 2020
Trace: init: Initialising IME components
fantasydemo personality selected.
PostProcessing.init()
PostProcessing: total memory used by default RenderTargets : 0.00 MB
WARNING: WinFileSystem: Case mismatch opening C:/BigWorld_2.0.1/BigWorld/fantasydemo/res/speedtree/shrubs_flowers/elephant_ear/compositemap_Diffuse.dds (CompositeMap_Diffuse.dds)
WARNING: WinFileSystem: Case mismatch opening C:/BigWorld_2.0.1/BigWorld/fantasydemo/res/speedtree/shrubs_flowers/elephant_ear/compositemap_Normal.dds (CompositeMap_Normal.dds)
WARNING: WinFileSystem::getFileType: Accessing spaces from non-loading thread.
WARNING: WinFileSystem::readDirectory: Accessing spaces from non-loading thread.
WARNING: WinFileSystem::readDirectory: Accessing spaces from non-loading thread.
WARNING: WinFileSystem::getFileType: Accessing spaces/arctic from non-loading thread.
WARNING: WinFileSystem::readDirectory: Accessing spaces/arctic from non-loading thread.
WARNING: WinFileSystem::readDirectory: Accessing spaces/arctic from non-loading thread.
WARNING: WinFileSystem::getFileType: Accessing spaces/desert from non-loading thread.
WARNING: WinFileSystem::readDirectory: Accessing spaces/desert from non-loading thread.
WARNING: WinFileSystem::readDirectory: Accessing spaces/desert from non-loading thread.
WARNING: WinFileSystem::getFileType: Accessing spaces/eval_empty from non-loading thread.
WARNING: WinFileSystem::readDirectory: Accessing spaces/eval_empty from non-loading thread.
WARNING: WinFileSystem::readDirectory: Accessing spaces/eval_empty from non-loading thread.
WARNING: WinFileSystem::getFileType: Accessing spaces/example_terrain_brush from non-loading thread.
WARNING: WinFileSystem::readDirectory: Accessing spaces/example_terrain_brush from non-loading thread.
WARNING: WinFileSystem::readDirectory: Accessing spaces/example_terrain_brush from non-loading thread.
WARNING: WinFileSystem::getFileType: Accessing spaces/highlands from non-loading thread.
WARNING: WinFileSystem::readDirectory: Accessing spaces/highlands from non-loading thread.
WARNING: WinFileSystem::readDirectory: Accessing spaces/highlands from non-loading thread.
WARNING: WinFileSystem::getFileType: Accessing spaces/minspec from non-loading thread.
WARNING: WinFileSystem::readDirectory: Accessing spaces/minspec from non-loading thread.
WARNING: WinFileSystem::readDirectory: Accessing spaces/minspec from non-loading thread.
WARNING: WinFileSystem::getFileType: Accessing spaces/urban from non-loading thread.
WARNING: WinFileSystem::readDirectory: Accessing spaces/urban from non-loading thread.
WARNING: WinFileSystem::readDirectory: Accessing spaces/urban from non-loading thread.
WARNING: WinFileSystem::getFileType: Accessing spaces/arctic/space.settings from non-loading thread.
WARNING: WinFileSystem::readFile: Accessing spaces/arctic/space.settings from non-loading thread.
WARNING: WinFileSystem::getFileType: Accessing spaces/desert/space.settings from non-loading thread.
WARNING: WinFileSystem::readFile: Accessing spaces/desert/space.settings from non-loading thread.
WARNING: WinFileSystem::getFileType: Accessing spaces/eval_empty/space.settings from non-loading thread.
WARNING: WinFileSystem::readFile: Accessing spaces/eval_empty/space.settings from non-loading thread.
WARNING: WinFileSystem::getFileType: Accessing spaces/example_terrain_brush/space.settings from non-loading thread.
WARNING: WinFileSystem::readFile: Accessing spaces/example_terrain_brush/space.settings from non-loading thread.
WARNING: WinFileSystem::getFileType: Accessing spaces/highlands/space.settings from non-loading thread.
WARNING: WinFileSystem::readFile: Accessing spaces/highlands/space.settings from non-loading thread.
WARNING: WinFileSystem::getFileType: Accessing spaces/minspec/space.settings from non-loading thread.
WARNING: WinFileSystem::readFile: Accessing spaces/minspec/space.settings from non-loading thread.
WARNING: WinFileSystem::getFileType: Accessing spaces/urban/space.settings from non-loading thread.
WARNING: WinFileSystem::readFile: Accessing spaces/urban/space.settings from non-loading thread.
Entering space: spaces/eval_empty (server: offline)
PlayerAvatar::onBecomePlayer
PlayerAvatar::onEnterWorld: begin
WARNING: WinFileSystem::getFileType: Accessing gui/maps/icon_items/icon_staff.tga from non-loading thread.
WARNING: WinFileSystem::getFileType: Accessing gui/maps/icon_items/icon_staff.tga from non-loading thread.
WARNING: WinFileSystem::getFileType: Accessing gui/maps from non-loading thread.
WARNING: WinFileSystem::readDirectory: Accessing gui/maps from non-loading thread.
WARNING: WinFileSystem::readDirectory: Accessing gui/maps from non-loading thread.
WARNING: WinFileSystem::getFileType: Accessing gui/maps/icon_items from non-loading thread.
WARNING: WinFileSystem::readDirectory: Accessing gui/maps/icon_items from non-loading thread.
WARNING: WinFileSystem::readDirectory: Accessing gui/maps/icon_items from non-loading thread.
WARNING: WinFileSystem::getFileType: Accessing gui/maps/icon_items/icon_staff.texformat from non-loading thread.
WARNING: WinFileSystem::getFileType: Accessing gui/maps/icon_items/icon_staff.texformat from non-loading thread.
WARNING: WinFileSystem::getFileType: Accessing gui/maps/icon_items/icon_staff.dds from non-loading thread.
WARNING: WinFileSystem::getFileType: Accessing gui/maps/icon_items/icon_staff.tga from non-loading thread.
WARNING: WinFileSystem::getFileType: Accessing gui/maps/icon_items/icon_staff.texformat from non-loading thread.
WARNING: WinFileSystem::getFileType: Accessing gui/maps/icon_items/icon_staff.texformat from non-loading thread.
WARNING: WinFileSystem::getFileType: Accessing gui/maps/icon_items/icon_staff.texformat from non-loading thread.
WARNING: WinFileSystem::getFileType: Accessing gui/maps/icon_items/icon_staff.texformat from non-loading thread.
WARNING: WinFileSystem::getFileType: Accessing gui/maps/icon_items/icon_staff.texanim from non-loading thread.
WARNING: WinFileSystem::getFileType: Accessing gui/maps/icon_items/icon_staff.texanim from non-loading thread.
WARNING: WinFileSystem::getFileType: Accessing gui/maps/icon_items/icon_staff.dds from non-loading thread.
WARNING: WinFileSystem::readFile: Accessing gui/maps/icon_items/icon_staff.dds from non-loading thread.
WARNING: WinFileSystem::getFileType: Accessing gui/maps/icon_items/icon_food_drumstick.tga from non-loading thread.
WARNING: WinFileSystem::getFileType: Accessing gui/maps/icon_items/icon_food_drumstick.tga from non-loading thread.
WARNING: WinFileSystem::getFileType: Accessing gui/maps/icon_items/icon_food_drumstick.texformat from non-loading thread.
WARNING: WinFileSystem::getFileType: Accessing gui/maps/icon_items/icon_food_drumstick.texformat from non-loading thread.
WARNING: WinFileSystem::getFileType: Accessing gui/maps/icon_items/icon_food_drumstick.dds from non-loading thread.
WARNING: WinFileSystem::getFileType: Accessing gui/maps/icon_items/icon_food_drumstick.tga from non-loading thread.
WARNING: WinFileSystem::getFileType: Accessing gui/maps/icon_items/icon_food_drumstick.texformat from non-loading thread.
WARNING: WinFileSystem::getFileType: Accessing gui/maps/icon_items/icon_food_drumstick.texformat from non-loading thread.
WARNING: WinFileSystem::getFileType: Accessing gui/maps/icon_items/icon_food_drumstick.texformat from non-loading thread.
WARNING: WinFileSystem::getFileType: Accessing gui/maps/icon_items/icon_food_drumstick.texformat from non-loading thread.
WARNING: WinFileSystem::getFileType: Accessing gui/maps/icon_items/icon_food_drumstick.texanim from non-loading thread.
WARNING: WinFileSystem::getFileType: Accessing gui/maps/icon_items/icon_food_drumstick.texanim from non-loading thread.
WARNING: WinFileSystem::getFileType: Accessing gui/maps/icon_items/icon_food_drumstick.dds from non-loading thread.
WARNING: WinFileSystem::readFile: Accessing gui/maps/icon_items/icon_food_drumstick.dds from non-loading thread.
WARNING: WinFileSystem::getFileType: Accessing gui/maps/icon_items/icon_tek_binoc2.tga from non-loading thread.
WARNING: WinFileSystem::getFileType: Accessing gui/maps/icon_items/icon_tek_binoc2.tga from non-loading thread.
WARNING: WinFileSystem::getFileType: Accessing gui/maps/icon_items/icon_tek_binoc2.texformat from non-loading thread.
WARNING: WinFileSystem::getFileType: Accessing gui/maps/icon_items/icon_tek_binoc2.texformat from non-loading thread.
WARNING: WinFileSystem::getFileType: Accessing gui/maps/icon_items/icon_tek_binoc2.dds from non-loading thread.
WARNING: WinFileSystem::getFileType: Accessing gui/maps/icon_items/icon_tek_binoc2.tga from non-loading thread.
WARNING: WinFileSystem::getFileType: Accessing gui/maps/icon_items/icon_tek_binoc2.texformat from non-loading thread.
WARNING: WinFileSystem::getFileType: Accessing gui/maps/icon_items/icon_tek_binoc2.texformat from non-loading thread.
WARNING: WinFileSystem::getFileType: Accessing gui/maps/icon_items/icon_tek_binoc2.texformat from non-loading thread.
WARNING: WinFileSystem::getFileType: Accessing gui/maps/icon_items/icon_tek_binoc2.texformat from non-loading thread.
WARNING: WinFileSystem::getFileType: Accessing gui/maps/icon_items/icon_tek_binoc2.texanim from non-loading thread.
WARNING: WinFileSystem::getFileType: Accessing gui/maps/icon_items/icon_tek_binoc2.texanim from non-loading thread.
WARNING: WinFileSystem::getFileType: Accessing gui/maps/icon_items/icon_tek_binoc2.dds from non-loading thread.
WARNING: WinFileSystem::readFile: Accessing gui/maps/icon_items/icon_tek_binoc2.dds from non-loading thread.
WARNING: WinFileSystem::getFileType: Accessing gui/maps/icon_items/icon_sword_bastard.tga from non-loading thread.
WARNING: WinFileSystem::getFileType: Accessing gui/maps/icon_items/icon_sword_bastard.tga from non-loading thread.
WARNING: WinFileSystem::getFileType: Accessing gui/maps from non-loading thread.
WARNING: WinFileSystem::readDirectory: Accessing gui/maps from non-loading thread.
WARNING: WinFileSystem::readDirectory: Accessing gui/maps from non-loading thread.
WARNING: WinFileSystem::getFileType: Accessing gui/maps/icon_items/icon_sword_bastard.texformat from non-loading thread.
WARNING: WinFileSystem::getFileType: Accessing gui/maps/icon_items/icon_sword_bastard.texformat from non-loading thread.
WARNING: WinFileSystem::getFileType: Accessing gui/maps/icon_items/icon_sword_bastard.dds from non-loading thread.
WARNING: WinFileSystem::getFileType: Accessing gui/maps/icon_items/icon_sword_bastard.tga from non-loading thread.
WARNING: WinFileSystem::getFileType: Accessing gui/maps/icon_items/icon_sword_bastard.texformat from non-loading thread.
WARNING: WinFileSystem::getFileType: Accessing gui/maps/icon_items/icon_sword_bastard.texformat from non-loading thread.
WARNING: WinFileSystem::getFileType: Accessing gui/maps/icon_items/icon_sword_bastard.texformat from non-loading thread.
WARNING: WinFileSystem::getFileType: Accessing gui/maps/icon_items/icon_sword_bastard.texformat from non-loading thread.
WARNING: WinFileSystem::getFileType: Accessing gui/maps/icon_items/icon_sword_bastard.texanim from non-loading thread.
WARNING: WinFileSystem::getFileType: Accessing gui/maps/icon_items/icon_sword_bastard.texanim from non-loading thread.
WARNING: WinFileSystem::getFileType: Accessing gui/maps/icon_items/icon_sword_bastard.dds from non-loading thread.
WARNING: WinFileSystem::readFile: Accessing gui/maps/icon_items/icon_sword_bastard.dds from non-loading thread.
WARNING: WinFileSystem::getFileType: Accessing gui/maps/icon_items/icon_sword_bastard_mithril.tga from non-loading thread.
WARNING: WinFileSystem::getFileType: Accessing gui/maps/icon_items/icon_sword_bastard_mithril.tga from non-loading thread.
WARNING: WinFileSystem::getFileType: Accessing gui/maps/icon_items/icon_sword_bastard_mithril.texformat from non-loading thread.
WARNING: WinFileSystem::getFileType: Accessing gui/maps/icon_items/icon_sword_bastard_mithril.texformat from non-loading thread.
WARNING: WinFileSystem::getFileType: Accessing gui/maps/icon_items/icon_sword_bastard_mithril.dds from non-loading thread.
WARNING: WinFileSystem::getFileType: Accessing gui/maps/icon_items/icon_sword_bastard_mithril.tga from non-loading thread.
WARNING: WinFileSystem::getFileType: Accessing gui/maps/icon_items/icon_sword_bastard_mithril.texformat from non-loading thread.
WARNING: WinFileSystem::getFileType: Accessing gui/maps/icon_items/icon_sword_bastard_mithril.texformat from non-loading thread.
WARNING: WinFileSystem::getFileType: Accessing gui/maps/icon_items/icon_sword_bastard_mithril.texformat from non-loading thread.
WARNING: WinFileSystem::getFileType: Accessing gui/maps/icon_items/icon_sword_bastard_mithril.texformat from non-loading thread.
WARNING: WinFileSystem::getFileType: Accessing gui/maps/icon_items/icon_sword_bastard_mithril.texanim from non-loading thread.
WARNING: WinFileSystem::getFileType: Accessing gui/maps/icon_items/icon_sword_bastard_mithril.texanim from non-loading thread.
WARNING: WinFileSystem::getFileType: Accessing gui/maps/icon_items/icon_sword_bastard_mithril.dds from non-loading thread.
WARNING: WinFileSystem::readFile: Accessing gui/maps/icon_items/icon_sword_bastard_mithril.dds from non-loading thread.
WARNING: WinFileSystem::getFileType: Accessing gui/maps/icon_items/icon_grail.tga from non-loading thread.
WARNING: WinFileSystem::getFileType: Accessing gui/maps/icon_items/icon_grail.tga from non-loading thread.
WARNING: WinFileSystem::getFileType: Accessing gui/maps/icon_items/icon_grail.texformat from non-loading thread.
WARNING: WinFileSystem::getFileType: Accessing gui/maps/icon_items/icon_grail.texformat from non-loading thread.
WARNING: WinFileSystem::getFileType: Accessing gui/maps/icon_items/icon_grail.dds from non-loading thread.
WARNING: WinFileSystem::getFileType: Accessing gui/maps/icon_items/icon_grail.tga from non-loading thread.
WARNING: WinFileSystem::getFileType: Accessing gui/maps/icon_items/icon_grail.texformat from non-loading thread.
WARNING: WinFileSystem::getFileType: Accessing gui/maps/icon_items/icon_grail.texformat from non-loading thread.
WARNING: WinFileSystem::getFileType: Accessing gui/maps/icon_items/icon_grail.texformat from non-loading thread.
WARNING: WinFileSystem::getFileType: Accessing gui/maps/icon_items/icon_grail.texformat from non-loading thread.
WARNING: WinFileSystem::getFileType: Accessing gui/maps/icon_items/icon_grail.texanim from non-loading thread.
WARNING: WinFileSystem::getFileType: Accessing gui/maps/icon_items/icon_grail.texanim from non-loading thread.
WARNING: WinFileSystem::getFileType: Accessing gui/maps/icon_items/icon_grail.dds from non-loading thread.
WARNING: WinFileSystem::readFile: Accessing gui/maps/icon_items/icon_grail.dds from non-loading thread.
WARNING: WinFileSystem::getFileType: Accessing scripts/client/Item from non-loading thread.
WARNING: WinFileSystem::getFileType: Accessing scripts/client/Item from non-loading thread.
WARNING: WinFileSystem::getFileType: Accessing scripts/client/Item.py from non-loading thread.
WARNING: WinFileSystem::getFileType: Accessing scripts/client/Item.pyc from non-loading thread.
WARNING: WinFileSystem::getFileType: Accessing scripts/client/Item.pyd from non-loading thread.
WARNING: WinFileSystem::getFileType: Accessing scripts/client/Item.pyd from non-loading thread.
WARNING: WinFileSystem::getFileType: Accessing scripts/client/Item.py from non-loading thread.
WARNING: WinFileSystem::getFileType: Accessing scripts/client/Item.pyc from non-loading thread.
WARNING: WinFileSystem::readFile: Accessing scripts/client/Item.pyc from non-loading thread.
WARNING: WinFileSystem::getFileType: Accessing gui/minimap_icon.gui from non-loading thread.
WARNING: WinFileSystem::readFile: Accessing gui/minimap_icon.gui from non-loading thread.
WARNING: WinFileSystem::getFileType: Accessing gui/maps/mini_map_player.tga from non-loading thread.
WARNING: WinFileSystem::getFileType: Accessing gui/maps/mini_map_player.tga from non-loading thread.
WARNING: WinFileSystem::getFileType: Accessing gui/maps/mini_map_player.texformat from non-loading thread.
WARNING: WinFileSystem::getFileType: Accessing gui/maps/mini_map_player.texformat from non-loading thread.
WARNING: WinFileSystem::getFileType: Accessing gui/maps/mini_map_player.dds from non-loading thread.
WARNING: WinFileSystem::getFileType: Accessing gui/maps/mini_map_player.tga from non-loading thread.
WARNING: WinFileSystem::getFileType: Accessing gui/maps/mini_map_player.texformat from non-loading thread.
WARNING: WinFileSystem::getFileType: Accessing gui/maps/mini_map_player.texformat from non-loading thread.
WARNING: WinFileSystem::getFileType: Accessing gui/maps/mini_map_player.texformat from non-loading thread.
WARNING: WinFileSystem::getFileType: Accessing gui/maps/mini_map_player.texformat from non-loading thread.
WARNING: WinFileSystem::getFileType: Accessing gui/maps/mini_map_player.texanim from non-loading thread.
WARNING: WinFileSystem::getFileType: Accessing gui/maps/mini_map_player.texanim from non-loading thread.
WARNING: WinFileSystem::getFileType: Accessing gui/maps/mini_map_player.dds from non-loading thread.
WARNING: WinFileSystem::readFile: Accessing gui/maps/mini_map_player.dds from non-loading thread.
WARNING: WinFileSystem::getFileType: Accessing sets from non-loading thread.
WARNING: WinFileSystem::readDirectory: Accessing sets from non-loading thread.
WARNING: WinFileSystem::readDirectory: Accessing sets from non-loading thread.
WARNING: WinFileSystem::getFileType: Accessing sets/global from non-loading thread.
WARNING: WinFileSystem::readDirectory: Accessing sets/global from non-loading thread.
WARNING: WinFileSystem::readDirectory: Accessing sets/global from non-loading thread.
WARNING: WinFileSystem::getFileType: Accessing sets/global/checker.model from non-loading thread.
WARNING: WinFileSystem::readFile: Accessing sets/global/checker.model from non-loading thread.
WARNING: WinFileSystem::getFileType: Accessing sets/global/checker.static.visual from non-loading thread.
WARNING: WinFileSystem::getFileType: Accessing sets/global/checker.static.visual from non-loading thread.
WARNING: WinFileSystem::getFileType: Accessing sets/global/checker.visual from non-loading thread.
WARNING: WinFileSystem::readFile: Accessing sets/global/checker.visual from non-loading thread.
WARNING: WinFileSystem::getFileType: Accessing sets/global/checker_bsp.visual from non-loading thread.
WARNING: WinFileSystem::getFileType: Accessing sets/global/checker_bsp.visual from non-loading thread.
WARNING: WinFileSystem::getFileType: Accessing sets/global/checker.primitives from non-loading thread.
WARNING: WinFileSystem::readFile: Accessing sets/global/checker.primitives from non-loading thread.
WARNING: WinFileSystem::getFileType: Accessing sets/global/checker.bmp from non-loading thread.
WARNING: WinFileSystem::getFileType: Accessing sets/global/checker.bmp from non-loading thread.
WARNING: WinFileSystem::getFileType: Accessing sets/global/checker.texformat from non-loading thread.
WARNING: WinFileSystem::getFileType: Accessing sets/global/checker.texformat from non-loading thread.
WARNING: WinFileSystem::getFileType: Accessing sets/global/checker.dds from non-loading thread.
WARNING: WinFileSystem::getFileType: Accessing sets/global/checker.bmp from non-loading thread.
WARNING: WinFileSystem::getFileType: Accessing sets/global/checker.texformat from non-loading thread.
WARNING: WinFileSystem::getFileType: Accessing sets/global/checker.texformat from non-loading thread.
WARNING: WinFileSystem::getFileType: Accessing sets/global/checker.texformat from non-loading thread.
WARNING: WinFileSystem::getFileType: Accessing sets/global/checker.texformat from non-loading thread.
WARNING: WinFileSystem::getFileType: Accessing sets/global/checker.texanim from non-loading thread.
WARNING: WinFileSystem::getFileType: Accessing sets/global/checker.texanim from non-loading thread.
WARNING: WinFileSystem::getFileType: Accessing sets/global/checker.dds from non-loading thread.
WARNING: WinFileSystem::readFile: Accessing sets/global/checker.dds from non-loading thread.
PlayerAvatar::onEnterWorld: end
PostProcessing.fini()
RenderTargets.fini()
PostProcessing.Phases.fini()
\--------------------------------------------------------------------------------/

/------------------------------------------------------------------------------\
BigWorld Release Client (compiled at 03:31:47 Oct  9 2010) starting on Thu Nov 05 22:33:53 2020
Trace: init: Initialising IME components
fantasydemo personality selected.
PostProcessing.init()
PostProcessing: total memory used by default RenderTargets : 0.00 MB
WARNING: WinFileSystem: Case mismatch opening C:/BigWorld_2.0.1/BigWorld/fantasydemo/res/speedtree/shrubs_flowers/elephant_ear/compositemap_Diffuse.dds (CompositeMap_Diffuse.dds)
WARNING: WinFileSystem: Case mismatch opening C:/BigWorld_2.0.1/BigWorld/fantasydemo/res/speedtree/shrubs_flowers/elephant_ear/compositemap_Normal.dds (CompositeMap_Normal.dds)
Entering space: spaces/eval_empty (server: offline)
PlayerAvatar::onBecomePlayer
PlayerAvatar::onEnterWorld: begin
WARNING: WinFileSystem::getFileType: Accessing gui/maps/icon_items/icon_staff.tga from non-loading thread.
WARNING: WinFileSystem::getFileType: Accessing gui/maps/icon_items/icon_staff.tga from non-loading thread.
WARNING: WinFileSystem::getFileType: Accessing gui/maps from non-loading thread.
WARNING: WinFileSystem::readDirectory: Accessing gui/maps from non-loading thread.
WARNING: WinFileSystem::readDirectory: Accessing gui/maps from non-loading thread.
WARNING: WinFileSystem::getFileType: Accessing gui/maps/icon_items from non-loading thread.
WARNING: WinFileSystem::readDirectory: Accessing gui/maps/icon_items from non-loading thread.
WARNING: WinFileSystem::readDirectory: Accessing gui/maps/icon_items from non-loading thread.
WARNING: WinFileSystem::getFileType: Accessing gui/maps/icon_items/icon_staff.texformat from non-loading thread.
WARNING: WinFileSystem::getFileType: Accessing gui/maps/icon_items/icon_staff.texformat from non-loading thread.
WARNING: WinFileSystem::getFileType: Accessing gui/maps/icon_items/icon_staff.dds from non-loading thread.
WARNING: WinFileSystem::getFileType: Accessing gui/maps/icon_items/icon_staff.tga from non-loading thread.
WARNING: WinFileSystem::getFileType: Accessing gui/maps/icon_items/icon_staff.texformat from non-loading thread.
WARNING: WinFileSystem::getFileType: Accessing gui/maps/icon_items/icon_staff.texformat from non-loading thread.
WARNING: WinFileSystem::getFileType: Accessing gui/maps/icon_items/icon_staff.texformat from non-loading thread.
WARNING: WinFileSystem::getFileType: Accessing gui/maps/icon_items/icon_staff.texformat from non-loading thread.
WARNING: WinFileSystem::getFileType: Accessing gui/maps/icon_items/icon_staff.texanim from non-loading thread.
WARNING: WinFileSystem::getFileType: Accessing gui/maps/icon_items/icon_staff.texanim from non-loading thread.
WARNING: WinFileSystem::getFileType: Accessing gui/maps/icon_items/icon_staff.dds from non-loading thread.
WARNING: WinFileSystem::readFile: Accessing gui/maps/icon_items/icon_staff.dds from non-loading thread.
WARNING: WinFileSystem::getFileType: Accessing gui/maps/icon_items/icon_food_drumstick.tga from non-loading thread.
WARNING: WinFileSystem::getFileType: Accessing gui/maps/icon_items/icon_food_drumstick.tga from non-loading thread.
WARNING: WinFileSystem::getFileType: Accessing gui/maps/icon_items/icon_food_drumstick.texformat from non-loading thread.
WARNING: WinFileSystem::getFileType: Accessing gui/maps/icon_items/icon_food_drumstick.texformat from non-loading thread.
WARNING: WinFileSystem::getFileType: Accessing gui/maps/icon_items/icon_food_drumstick.dds from non-loading thread.
WARNING: WinFileSystem::getFileType: Accessing gui/maps/icon_items/icon_food_drumstick.tga from non-loading thread.
WARNING: WinFileSystem::getFileType: Accessing gui/maps/icon_items/icon_food_drumstick.texformat from non-loading thread.
WARNING: WinFileSystem::getFileType: Accessing gui/maps/icon_items/icon_food_drumstick.texformat from non-loading thread.
WARNING: WinFileSystem::getFileType: Accessing gui/maps/icon_items/icon_food_drumstick.texformat from non-loading thread.
WARNING: WinFileSystem::getFileType: Accessing gui/maps/icon_items/icon_food_drumstick.texformat from non-loading thread.
WARNING: WinFileSystem::getFileType: Accessing gui/maps/icon_items/icon_food_drumstick.texanim from non-loading thread.
WARNING: WinFileSystem::getFileType: Accessing gui/maps/icon_items/icon_food_drumstick.texanim from non-loading thread.
WARNING: WinFileSystem::getFileType: Accessing gui/maps/icon_items/icon_food_drumstick.dds from non-loading thread.
WARNING: WinFileSystem::readFile: Accessing gui/maps/icon_items/icon_food_drumstick.dds from non-loading thread.
WARNING: WinFileSystem::getFileType: Accessing gui/maps/icon_items/icon_tek_binoc2.tga from non-loading thread.
WARNING: WinFileSystem::getFileType: Accessing gui/maps/icon_items/icon_tek_binoc2.tga from non-loading thread.
WARNING: WinFileSystem::getFileType: Accessing gui/maps/icon_items/icon_tek_binoc2.texformat from non-loading thread.
WARNING: WinFileSystem::getFileType: Accessing gui/maps/icon_items/icon_tek_binoc2.texformat from non-loading thread.
WARNING: WinFileSystem::getFileType: Accessing gui/maps/icon_items/icon_tek_binoc2.dds from non-loading thread.
WARNING: WinFileSystem::getFileType: Accessing gui/maps/icon_items/icon_tek_binoc2.tga from non-loading thread.
WARNING: WinFileSystem::getFileType: Accessing gui/maps/icon_items/icon_tek_binoc2.texformat from non-loading thread.
WARNING: WinFileSystem::getFileType: Accessing gui/maps/icon_items/icon_tek_binoc2.texformat from non-loading thread.
WARNING: WinFileSystem::getFileType: Accessing gui/maps/icon_items/icon_tek_binoc2.texformat from non-loading thread.
WARNING: WinFileSystem::getFileType: Accessing gui/maps/icon_items/icon_tek_binoc2.texformat from non-loading thread.
WARNING: WinFileSystem::getFileType: Accessing gui/maps/icon_items/icon_tek_binoc2.texanim from non-loading thread.
WARNING: WinFileSystem::getFileType: Accessing gui/maps/icon_items/icon_tek_binoc2.texanim from non-loading thread.
WARNING: WinFileSystem::getFileType: Accessing gui/maps/icon_items/icon_tek_binoc2.dds from non-loading thread.
WARNING: WinFileSystem::readFile: Accessing gui/maps/icon_items/icon_tek_binoc2.dds from non-loading thread.
WARNING: WinFileSystem::getFileType: Accessing gui/maps/icon_items/icon_sword_bastard.tga from non-loading thread.
WARNING: WinFileSystem::getFileType: Accessing gui/maps/icon_items/icon_sword_bastard.tga from non-loading thread.
WARNING: WinFileSystem::getFileType: Accessing gui/maps/icon_items/icon_sword_bastard.texformat from non-loading thread.
WARNING: WinFileSystem::getFileType: Accessing gui/maps/icon_items/icon_sword_bastard.texformat from non-loading thread.
WARNING: WinFileSystem::getFileType: Accessing gui/maps/icon_items/icon_sword_bastard.dds from non-loading thread.
WARNING: WinFileSystem::getFileType: Accessing gui/maps/icon_items/icon_sword_bastard.tga from non-loading thread.
WARNING: WinFileSystem::getFileType: Accessing gui/maps/icon_items/icon_sword_bastard.texformat from non-loading thread.
WARNING: WinFileSystem::getFileType: Accessing gui/maps/icon_items/icon_sword_bastard.texformat from non-loading thread.
WARNING: WinFileSystem::getFileType: Accessing gui/maps/icon_items/icon_sword_bastard.texformat from non-loading thread.
WARNING: WinFileSystem::getFileType: Accessing gui/maps/icon_items/icon_sword_bastard.texformat from non-loading thread.
WARNING: WinFileSystem::getFileType: Accessing gui/maps/icon_items/icon_sword_bastard.texanim from non-loading thread.
WARNING: WinFileSystem::getFileType: Accessing gui/maps/icon_items/icon_sword_bastard.texanim from non-loading thread.
WARNING: WinFileSystem::getFileType: Accessing gui/maps/icon_items/icon_sword_bastard.dds from non-loading thread.
WARNING: WinFileSystem::readFile: Accessing gui/maps/icon_items/icon_sword_bastard.dds from non-loading thread.
WARNING: WinFileSystem::getFileType: Accessing gui/maps/icon_items/icon_sword_bastard_mithril.tga from non-loading thread.
WARNING: WinFileSystem::getFileType: Accessing gui/maps/icon_items/icon_sword_bastard_mithril.tga from non-loading thread.
WARNING: WinFileSystem::getFileType: Accessing gui/maps/icon_items/icon_sword_bastard_mithril.texformat from non-loading thread.
WARNING: WinFileSystem::getFileType: Accessing gui/maps/icon_items/icon_sword_bastard_mithril.texformat from non-loading thread.
WARNING: WinFileSystem::getFileType: Accessing gui/maps/icon_items/icon_sword_bastard_mithril.dds from non-loading thread.
WARNING: WinFileSystem::getFileType: Accessing gui/maps/icon_items/icon_sword_bastard_mithril.tga from non-loading thread.
WARNING: WinFileSystem::getFileType: Accessing gui/maps/icon_items/icon_sword_bastard_mithril.texformat from non-loading thread.
WARNING: WinFileSystem::getFileType: Accessing gui/maps/icon_items/icon_sword_bastard_mithril.texformat from non-loading thread.
WARNING: WinFileSystem::getFileType: Accessing gui/maps/icon_items/icon_sword_bastard_mithril.texformat from non-loading thread.
WARNING: WinFileSystem::getFileType: Accessing gui/maps/icon_items/icon_sword_bastard_mithril.texformat from non-loading thread.
WARNING: WinFileSystem::getFileType: Accessing gui/maps/icon_items/icon_sword_bastard_mithril.texanim from non-loading thread.
WARNING: WinFileSystem::getFileType: Accessing gui/maps/icon_items/icon_sword_bastard_mithril.texanim from non-loading thread.
WARNING: WinFileSystem::getFileType: Accessing gui/maps/icon_items/icon_sword_bastard_mithril.dds from non-loading thread.
WARNING: WinFileSystem::readFile: Accessing gui/maps/icon_items/icon_sword_bastard_mithril.dds from non-loading thread.
WARNING: WinFileSystem::getFileType: Accessing gui/maps/icon_items/icon_grail.tga from non-loading thread.
WARNING: WinFileSystem::getFileType: Accessing gui/maps/icon_items/icon_grail.tga from non-loading thread.
WARNING: WinFileSystem::getFileType: Accessing gui/maps/icon_items/icon_grail.texformat from non-loading thread.
WARNING: WinFileSystem::getFileType: Accessing gui/maps/icon_items/icon_grail.texformat from non-loading thread.
WARNING: WinFileSystem::getFileType: Accessing gui/maps/icon_items/icon_grail.dds from non-loading thread.
WARNING: WinFileSystem::getFileType: Accessing gui/maps/icon_items/icon_grail.tga from non-loading thread.
WARNING: WinFileSystem::getFileType: Accessing gui/maps/icon_items/icon_grail.texformat from non-loading thread.
WARNING: WinFileSystem::getFileType: Accessing gui/maps/icon_items/icon_grail.texformat from non-loading thread.
WARNING: WinFileSystem::getFileType: Accessing gui/maps/icon_items/icon_grail.texformat from non-loading thread.
WARNING: WinFileSystem::getFileType: Accessing gui/maps/icon_items/icon_grail.texformat from non-loading thread.
WARNING: WinFileSystem::getFileType: Accessing gui/maps/icon_items/icon_grail.texanim from non-loading thread.
WARNING: WinFileSystem::getFileType: Accessing gui/maps/icon_items/icon_grail.texanim from non-loading thread.
WARNING: WinFileSystem::getFileType: Accessing gui/maps/icon_items/icon_grail.dds from non-loading thread.
WARNING: WinFileSystem::readFile: Accessing gui/maps/icon_items/icon_grail.dds from non-loading thread.
WARNING: WinFileSystem::getFileType: Accessing scripts/client/Item from non-loading thread.
WARNING: WinFileSystem::getFileType: Accessing scripts/client/Item from non-loading thread.
WARNING: WinFileSystem::getFileType: Accessing scripts/client/Item.py from non-loading thread.
WARNING: WinFileSystem::getFileType: Accessing scripts/client/Item.pyc from non-loading thread.
WARNING: WinFileSystem::getFileType: Accessing scripts/client/Item.pyd from non-loading thread.
WARNING: WinFileSystem::getFileType: Accessing scripts/client/Item.pyd from non-loading thread.
WARNING: WinFileSystem::getFileType: Accessing scripts/client/Item.py from non-loading thread.
WARNING: WinFileSystem::getFileType: Accessing scripts/client/Item.pyc from non-loading thread.
WARNING: WinFileSystem::readFile: Accessing scripts/client/Item.pyc from non-loading thread.
WARNING: WinFileSystem::getFileType: Accessing gui/minimap_icon.gui from non-loading thread.
WARNING: WinFileSystem::readFile: Accessing gui/minimap_icon.gui from non-loading thread.
WARNING: WinFileSystem::getFileType: Accessing gui/maps/mini_map_player.tga from non-loading thread.
WARNING: WinFileSystem::getFileType: Accessing gui/maps/mini_map_player.tga from non-loading thread.
WARNING: WinFileSystem::getFileType: Accessing gui/maps/mini_map_player.texformat from non-loading thread.
WARNING: WinFileSystem::getFileType: Accessing gui/maps/mini_map_player.texformat from non-loading thread.
WARNING: WinFileSystem::getFileType: Accessing gui/maps/mini_map_player.dds from non-loading thread.
WARNING: WinFileSystem::getFileType: Accessing gui/maps/mini_map_player.tga from non-loading thread.
WARNING: WinFileSystem::getFileType: Accessing gui/maps/mini_map_player.texformat from non-loading thread.
WARNING: WinFileSystem::getFileType: Accessing gui/maps/mini_map_player.texformat from non-loading thread.
WARNING: WinFileSystem::getFileType: Accessing gui/maps/mini_map_player.texformat from non-loading thread.
WARNING: WinFileSystem::getFileType: Accessing gui/maps/mini_map_player.texformat from non-loading thread.
WARNING: WinFileSystem::getFileType: Accessing gui/maps/mini_map_player.texanim from non-loading thread.
WARNING: WinFileSystem::getFileType: Accessing gui/maps/mini_map_player.texanim from non-loading thread.
WARNING: WinFileSystem::getFileType: Accessing gui/maps/mini_map_player.dds from non-loading thread.
WARNING: WinFileSystem::readFile: Accessing gui/maps/mini_map_player.dds from non-loading thread.
WARNING: WinFileSystem::getFileType: Accessing sets from non-loading thread.
WARNING: WinFileSystem::readDirectory: Accessing sets from non-loading thread.
WARNING: WinFileSystem::readDirectory: Accessing sets from non-loading thread.
WARNING: WinFileSystem::getFileType: Accessing sets/global from non-loading thread.
WARNING: WinFileSystem::readDirectory: Accessing sets/global from non-loading thread.
WARNING: WinFileSystem::readDirectory: Accessing sets/global from non-loading thread.
WARNING: WinFileSystem::getFileType: Accessing sets/global/checker.model from non-loading thread.
WARNING: WinFileSystem::readFile: Accessing sets/global/checker.model from non-loading thread.
WARNING: WinFileSystem::getFileType: Accessing sets/global/checker.static.visual from non-loading thread.
WARNING: WinFileSystem::getFileType: Accessing sets/global/checker.static.visual from non-loading thread.
WARNING: WinFileSystem::getFileType: Accessing sets/global/checker.visual from non-loading thread.
WARNING: WinFileSystem::readFile: Accessing sets/global/checker.visual from non-loading thread.
WARNING: WinFileSystem::getFileType: Accessing sets/global/checker_bsp.visual from non-loading thread.
WARNING: WinFileSystem::getFileType: Accessing sets/global/checker_bsp.visual from non-loading thread.
WARNING: WinFileSystem::getFileType: Accessing sets/global/checker.primitives from non-loading thread.
WARNING: WinFileSystem::readFile: Accessing sets/global/checker.primitives from non-loading thread.
WARNING: WinFileSystem::getFileType: Accessing sets/global/checker.bmp from non-loading thread.
WARNING: WinFileSystem::getFileType: Accessing sets/global/checker.bmp from non-loading thread.
WARNING: WinFileSystem::getFileType: Accessing sets/global/checker.texformat from non-loading thread.
WARNING: WinFileSystem::getFileType: Accessing sets/global/checker.texformat from non-loading thread.
WARNING: WinFileSystem::getFileType: Accessing sets/global/checker.dds from non-loading thread.
WARNING: WinFileSystem::getFileType: Accessing sets/global/checker.bmp from non-loading thread.
WARNING: WinFileSystem::getFileType: Accessing sets/global/checker.texformat from non-loading thread.
WARNING: WinFileSystem::getFileType: Accessing sets/global/checker.texformat from non-loading thread.
WARNING: WinFileSystem::getFileType: Accessing sets/global/checker.texformat from non-loading thread.
WARNING: WinFileSystem::getFileType: Accessing sets/global/checker.texformat from non-loading thread.
WARNING: WinFileSystem::getFileType: Accessing sets/global/checker.texanim from non-loading thread.
WARNING: WinFileSystem::getFileType: Accessing sets/global/checker.texanim from non-loading thread.
WARNING: WinFileSystem::getFileType: Accessing sets/global/checker.dds from non-loading thread.
WARNING: WinFileSystem::readFile: Accessing sets/global/checker.dds from non-loading thread.
PlayerAvatar::onEnterWorld: end
WARNING: WinFileSystem::getFileType: Accessing maps/fx/fx_dirt01.tga from non-loading thread.
WARNING: WinFileSystem::getFileType: Accessing maps/fx/fx_dirt01.tga from non-loading thread.
WARNING: WinFileSystem::getFileType: Accessing maps from non-loading thread.
WARNING: WinFileSystem::readDirectory: Accessing maps from non-loading thread.
WARNING: WinFileSystem::readDirectory: Accessing maps from non-loading thread.
WARNING: WinFileSystem::getFileType: Accessing maps/fx from non-loading thread.
WARNING: WinFileSystem::readDirectory: Accessing maps/fx from non-loading thread.
WARNING: WinFileSystem::readDirectory: Accessing maps/fx from non-loading thread.
WARNING: WinFileSystem::getFileType: Accessing maps/fx/fx_dirt01.texformat from non-loading thread.
WARNING: WinFileSystem::getFileType: Accessing maps/fx/fx_dirt01.texformat from non-loading thread.
WARNING: WinFileSystem::getFileType: Accessing maps/fx/fx_dirt01.dds from non-loading thread.
WARNING: WinFileSystem::getFileType: Accessing maps/fx/fx_dirt01.tga from non-loading thread.
WARNING: WinFileSystem::getFileType: Accessing maps/fx/fx_dirt01.texformat from non-loading thread.
WARNING: WinFileSystem::getFileType: Accessing maps/fx/fx_dirt01.texformat from non-loading thread.
WARNING: WinFileSystem::getFileType: Accessing maps/fx/fx_dirt01.texformat from non-loading thread.
WARNING: WinFileSystem::getFileType: Accessing maps/fx/fx_dirt01.texformat from non-loading thread.
WARNING: WinFileSystem::getFileType: Accessing maps/fx/fx_dirt01.texanim from non-loading thread.
WARNING: WinFileSystem::readFile: Accessing maps/fx/fx_dirt01.texanim from non-loading thread.
WARNING: WinFileSystem::getFileType: Accessing maps/fx/fx_dirt01.tga from non-loading thread.
WARNING: WinFileSystem::getFileType: Accessing maps/fx/fx_dirt01.tga from non-loading thread.
WARNING: WinFileSystem::getFileType: Accessing maps/fx/fx_dirt01.texformat from non-loading thread.
WARNING: WinFileSystem::getFileType: Accessing maps/fx/fx_dirt01.texformat from non-loading thread.
WARNING: WinFileSystem::getFileType: Accessing maps/fx/fx_dirt01.dds from non-loading thread.
WARNING: WinFileSystem::getFileType: Accessing maps/fx/fx_dirt01.tga from non-loading thread.
WARNING: WinFileSystem::getFileType: Accessing maps/fx/fx_dirt01.texformat from non-loading thread.
WARNING: WinFileSystem::getFileType: Accessing maps/fx/fx_dirt01.texformat from non-loading thread.
WARNING: WinFileSystem::getFileType: Accessing maps/fx/fx_dirt01.texformat from non-loading thread.
WARNING: WinFileSystem::getFileType: Accessing maps/fx/fx_dirt01.texformat from non-loading thread.
WARNING: WinFileSystem::getFileType: Accessing maps/fx/fx_dirt01.dds from non-loading thread.
WARNING: WinFileSystem::readFile: Accessing maps/fx/fx_dirt01.dds from non-loading thread.
WARNING: WinFileSystem::getFileType: Accessing maps/fx/fx_dirt02.tga from non-loading thread.
WARNING: WinFileSystem::getFileType: Accessing maps/fx/fx_dirt02.tga from non-loading thread.
WARNING: WinFileSystem::getFileType: Accessing maps/fx/fx_dirt02.texformat from non-loading thread.
WARNING: WinFileSystem::getFileType: Accessing maps/fx/fx_dirt02.texformat from non-loading thread.
WARNING: WinFileSystem::getFileType: Accessing maps/fx/fx_dirt02.dds from non-loading thread.
WARNING: WinFileSystem::getFileType: Accessing maps/fx/fx_dirt02.tga from non-loading thread.
WARNING: WinFileSystem::getFileType: Accessing maps/fx/fx_dirt02.texformat from non-loading thread.
WARNING: WinFileSystem::getFileType: Accessing maps/fx/fx_dirt02.texformat from non-loading thread.
WARNING: WinFileSystem::getFileType: Accessing maps/fx/fx_dirt02.texformat from non-loading thread.
WARNING: WinFileSystem::getFileType: Accessing maps/fx/fx_dirt02.texformat from non-loading thread.
WARNING: WinFileSystem::getFileType: Accessing maps/fx/fx_dirt02.dds from non-loading thread.
WARNING: WinFileSystem::readFile: Accessing maps/fx/fx_dirt02.dds from non-loading thread.
WARNING: WinFileSystem::getFileType: Accessing maps/fx/fx_dirt03.tga from non-loading thread.
WARNING: WinFileSystem::getFileType: Accessing maps/fx/fx_dirt03.tga from non-loading thread.
WARNING: WinFileSystem::getFileType: Accessing maps/fx/fx_dirt03.texformat from non-loading thread.
WARNING: WinFileSystem::getFileType: Accessing maps/fx/fx_dirt03.texformat from non-loading thread.
WARNING: WinFileSystem::getFileType: Accessing maps/fx/fx_dirt03.dds from non-loading thread.
WARNING: WinFileSystem::getFileType: Accessing maps/fx/fx_dirt03.tga from non-loading thread.
WARNING: WinFileSystem::getFileType: Accessing maps/fx/fx_dirt03.texformat from non-loading thread.
WARNING: WinFileSystem::getFileType: Accessing maps/fx/fx_dirt03.texformat from non-loading thread.
WARNING: WinFileSystem::getFileType: Accessing maps/fx/fx_dirt03.texformat from non-loading thread.
WARNING: WinFileSystem::getFileType: Accessing maps/fx/fx_dirt03.texformat from non-loading thread.
WARNING: WinFileSystem::getFileType: Accessing maps/fx/fx_dirt03.dds from non-loading thread.
WARNING: WinFileSystem::readFile: Accessing maps/fx/fx_dirt03.dds from non-loading thread.
WARNING: WinFileSystem::getFileType: Accessing maps/fx/fx_dirt04.tga from non-loading thread.
WARNING: WinFileSystem::getFileType: Accessing maps/fx/fx_dirt04.tga from non-loading thread.
WARNING: WinFileSystem::getFileType: Accessing maps/fx/fx_dirt04.texformat from non-loading thread.
WARNING: WinFileSystem::getFileType: Accessing maps/fx/fx_dirt04.texformat from non-loading thread.
WARNING: WinFileSystem::getFileType: Accessing maps/fx/fx_dirt04.dds from non-loading thread.
WARNING: WinFileSystem::getFileType: Accessing maps/fx/fx_dirt04.tga from non-loading thread.
WARNING: WinFileSystem::getFileType: Accessing maps/fx/fx_dirt04.texformat from non-loading thread.
WARNING: WinFileSystem::getFileType: Accessing maps/fx/fx_dirt04.texformat from non-loading thread.
WARNING: WinFileSystem::getFileType: Accessing maps/fx/fx_dirt04.texformat from non-loading thread.
WARNING: WinFileSystem::getFileType: Accessing maps/fx/fx_dirt04.texformat from non-loading thread.
WARNING: WinFileSystem::getFileType: Accessing maps/fx/fx_dirt04.dds from non-loading thread.
WARNING: WinFileSystem::readFile: Accessing maps/fx/fx_dirt04.dds from non-loading thread.
WARNING: WinFileSystem::getFileType: Accessing maps/fx/fx_dirt05.tga from non-loading thread.
WARNING: WinFileSystem::getFileType: Accessing maps/fx/fx_dirt05.tga from non-loading thread.
WARNING: WinFileSystem::getFileType: Accessing maps/fx/fx_dirt05.texformat from non-loading thread.
WARNING: WinFileSystem::getFileType: Accessing maps/fx/fx_dirt05.texformat from non-loading thread.
WARNING: WinFileSystem::getFileType: Accessing maps/fx/fx_dirt05.dds from non-loading thread.
WARNING: WinFileSystem::getFileType: Accessing maps/fx/fx_dirt05.tga from non-loading thread.
WARNING: WinFileSystem::getFileType: Accessing maps/fx/fx_dirt05.texformat from non-loading thread.
WARNING: WinFileSystem::getFileType: Accessing maps/fx/fx_dirt05.texformat from non-loading thread.
WARNING: WinFileSystem::getFileType: Accessing maps/fx/fx_dirt05.texformat from non-loading thread.
WARNING: WinFileSystem::getFileType: Accessing maps/fx/fx_dirt05.texformat from non-loading thread.
WARNING: WinFileSystem::getFileType: Accessing maps/fx/fx_dirt05.dds from non-loading thread.
WARNING: WinFileSystem::readFile: Accessing maps/fx/fx_dirt05.dds from non-loading thread.
WARNING: WinFileSystem::getFileType: Accessing maps/fx/fx_dirt06.tga from non-loading thread.
WARNING: WinFileSystem::getFileType: Accessing maps/fx/fx_dirt06.tga from non-loading thread.
WARNING: WinFileSystem::getFileType: Accessing maps/fx/fx_dirt06.texformat from non-loading thread.
WARNING: WinFileSystem::getFileType: Accessing maps/fx/fx_dirt06.texformat from non-loading thread.
WARNING: WinFileSystem::getFileType: Accessing maps/fx/fx_dirt06.dds from non-loading thread.
WARNING: WinFileSystem::getFileType: Accessing maps/fx/fx_dirt06.tga from non-loading thread.
WARNING: WinFileSystem::getFileType: Accessing maps/fx/fx_dirt06.texformat from non-loading thread.
WARNING: WinFileSystem::getFileType: Accessing maps/fx/fx_dirt06.texformat from non-loading thread.
WARNING: WinFileSystem::getFileType: Accessing maps/fx/fx_dirt06.texformat from non-loading thread.
WARNING: WinFileSystem::getFileType: Accessing maps/fx/fx_dirt06.texformat from non-loading thread.
WARNING: WinFileSystem::getFileType: Accessing maps/fx/fx_dirt06.dds from non-loading thread.
WARNING: WinFileSystem::readFile: Accessing maps/fx/fx_dirt06.dds from non-loading thread.
WARNING: WinFileSystem::getFileType: Accessing maps/fx/fx_dirt07.tga from non-loading thread.
WARNING: WinFileSystem::getFileType: Accessing maps/fx/fx_dirt07.tga from non-loading thread.
WARNING: WinFileSystem::getFileType: Accessing maps/fx/fx_dirt07.texformat from non-loading thread.
WARNING: WinFileSystem::getFileType: Accessing maps/fx/fx_dirt07.texformat from non-loading thread.
WARNING: WinFileSystem::getFileType: Accessing maps/fx/fx_dirt07.dds from non-loading thread.
WARNING: WinFileSystem::getFileType: Accessing maps/fx/fx_dirt07.tga from non-loading thread.
WARNING: WinFileSystem::getFileType: Accessing maps/fx/fx_dirt07.texformat from non-loading thread.
WARNING: WinFileSystem::getFileType: Accessing maps/fx/fx_dirt07.texformat from non-loading thread.
WARNING: WinFileSystem::getFileType: Accessing maps/fx/fx_dirt07.texformat from non-loading thread.
WARNING: WinFileSystem::getFileType: Accessing maps/fx/fx_dirt07.texformat from non-loading thread.
WARNING: WinFileSystem::getFileType: Accessing maps/fx/fx_dirt07.dds from non-loading thread.
WARNING: WinFileSystem::readFile: Accessing maps/fx/fx_dirt07.dds from non-loading thread.
WARNING: WinFileSystem::getFileType: Accessing maps/fx/fx_dirt08.tga from non-loading thread.
WARNING: WinFileSystem::getFileType: Accessing maps/fx/fx_dirt08.tga from non-loading thread.
WARNING: WinFileSystem::getFileType: Accessing maps/fx/fx_dirt08.texformat from non-loading thread.
WARNING: WinFileSystem::getFileType: Accessing maps/fx/fx_dirt08.texformat from non-loading thread.
WARNING: WinFileSystem::getFileType: Accessing maps/fx/fx_dirt08.dds from non-loading thread.
WARNING: WinFileSystem::getFileType: Accessing maps/fx/fx_dirt08.tga from non-loading thread.
WARNING: WinFileSystem::getFileType: Accessing maps/fx/fx_dirt08.texformat from non-loading thread.
WARNING: WinFileSystem::getFileType: Accessing maps/fx/fx_dirt08.texformat from non-loading thread.
WARNING: WinFileSystem::getFileType: Accessing maps/fx/fx_dirt08.texformat from non-loading thread.
WARNING: WinFileSystem::getFileType: Accessing maps/fx/fx_dirt08.texformat from non-loading thread.
WARNING: WinFileSystem::getFileType: Accessing maps/fx/fx_dirt08.dds from non-loading thread.
WARNING: WinFileSystem::readFile: Accessing maps/fx/fx_dirt08.dds from non-loading thread.
WARNING: WinFileSystem::getFileType: Accessing sets/desert/maps/des_sandstorm_wirlwindchunks.bmp from non-loading thread.
WARNING: WinFileSystem::getFileType: Accessing sets/desert/maps/des_sandstorm_wirlwindchunks.bmp from non-loading thread.
WARNING: WinFileSystem::getFileType: Accessing sets\desert\maps\des_sandstorm_wirlwindchunks.tga from non-loading thread.
WARNING: WinFileSystem::getFileType: Accessing sets/desert/maps/des_sandstorm_wirlwindchunks.bmp from non-loading thread.
WARNING: WinFileSystem::getFileType: Accessing sets/desert/maps/des_sandstorm_wirlwindchunks.bmp from non-loading thread.
WARNING: WinFileSystem::getFileType: Accessing sets\desert\maps\des_sandstorm_wirlwindchunks.tga from non-loading thread.
WARNING: WinFileSystem::getFileType: Accessing sets from non-loading thread.
WARNING: WinFileSystem::readDirectory: Accessing sets from non-loading thread.
WARNING: WinFileSystem::readDirectory: Accessing sets from non-loading thread.
WARNING: WinFileSystem::getFileType: Accessing sets/desert from non-loading thread.
WARNING: WinFileSystem::readDirectory: Accessing sets/desert from non-loading thread.
WARNING: WinFileSystem::readDirectory: Accessing sets/desert from non-loading thread.
WARNING: WinFileSystem::getFileType: Accessing sets/desert/maps from non-loading thread.
WARNING: WinFileSystem::readDirectory: Accessing sets/desert/maps from non-loading thread.
WARNING: WinFileSystem::readDirectory: Accessing sets/desert/maps from non-loading thread.
WARNING: WinFileSystem::getFileType: Accessing sets/desert/maps/des_sandstorm_wirlwindchunks.texformat from non-loading thread.
WARNING: WinFileSystem::getFileType: Accessing sets/desert/maps/des_sandstorm_wirlwindchunks.texformat from non-loading thread.
WARNING: WinFileSystem::getFileType: Accessing sets/desert/maps/des_sandstorm_wirlwindchunks.dds from non-loading thread.
WARNING: WinFileSystem::getFileType: Accessing sets/desert/maps/des_sandstorm_wirlwindchunks.tga from non-loading thread.
WARNING: WinFileSystem::getFileType: Accessing sets/desert/maps/des_sandstorm_wirlwindchunks.texformat from non-loading thread.
WARNING: WinFileSystem::getFileType: Accessing sets/desert/maps/des_sandstorm_wirlwindchunks.texformat from non-loading thread.
WARNING: WinFileSystem::getFileType: Accessing sets/desert/maps/des_sandstorm_wirlwindchunks.texformat from non-loading thread.
WARNING: WinFileSystem::getFileType: Accessing sets/desert/maps/des_sandstorm_wirlwindchunks.texformat from non-loading thread.
WARNING: WinFileSystem::getFileType: Accessing sets/desert/maps/des_sandstorm_wirlwindchunks.texanim from non-loading thread.
WARNING: WinFileSystem::getFileType: Accessing sets/desert/maps/des_sandstorm_wirlwindchunks.texanim from non-loading thread.
WARNING: WinFileSystem::getFileType: Accessing sets/desert/maps/des_sandstorm_wirlwindchunks.dds from non-loading thread.
WARNING: WinFileSystem::readFile: Accessing sets/desert/maps/des_sandstorm_wirlwindchunks.dds from non-loading thread.
WARNING: WinFileSystem: Case mismatch opening C:/BigWorld_2.0.1/BigWorld/fantasydemo/res/speedtree/shrubs_flowers/american_boxwood/compositemap_Diffuse.dds (CompositeMap_Diffuse.dds)
WARNING: WinFileSystem: Case mismatch opening C:/BigWorld_2.0.1/BigWorld/fantasydemo/res/speedtree/shrubs_flowers/american_boxwood/compositemap_Normal.dds (CompositeMap_Normal.dds)
PostProcessing.fini()
RenderTargets.fini()
PostProcessing.Phases.fini()
\--------------------------------------------------------------------------------/

/------------------------------------------------------------------------------\
BigWorld Release Client (compiled at 03:31:47 Oct  9 2010) starting on Thu Nov 05 22:55:12 2020
Trace: init: Initialising IME components
fantasydemo personality selected.
PostProcessing.init()
PostProcessing: total memory used by default RenderTargets : 0.00 MB
WARNING: WinFileSystem: Case mismatch opening C:/BigWorld_2.0.1/BigWorld/fantasydemo/res/speedtree/shrubs_flowers/elephant_ear/compositemap_Diffuse.dds (CompositeMap_Diffuse.dds)
WARNING: WinFileSystem: Case mismatch opening C:/BigWorld_2.0.1/BigWorld/fantasydemo/res/speedtree/shrubs_flowers/elephant_ear/compositemap_Normal.dds (CompositeMap_Normal.dds)
Entering space: spaces/eval_empty (server: offline)
PlayerAvatar::onBecomePlayer
PlayerAvatar::onEnterWorld: begin
WARNING: WinFileSystem::getFileType: Accessing gui/maps/icon_items/icon_staff.tga from non-loading thread.
WARNING: WinFileSystem::getFileType: Accessing gui/maps/icon_items/icon_staff.tga from non-loading thread.
WARNING: WinFileSystem::getFileType: Accessing gui/maps from non-loading thread.
WARNING: WinFileSystem::readDirectory: Accessing gui/maps from non-loading thread.
WARNING: WinFileSystem::readDirectory: Accessing gui/maps from non-loading thread.
WARNING: WinFileSystem::getFileType: Accessing gui/maps/icon_items from non-loading thread.
WARNING: WinFileSystem::readDirectory: Accessing gui/maps/icon_items from non-loading thread.
WARNING: WinFileSystem::readDirectory: Accessing gui/maps/icon_items from non-loading thread.
WARNING: WinFileSystem::getFileType: Accessing gui/maps/icon_items/icon_staff.texformat from non-loading thread.
WARNING: WinFileSystem::getFileType: Accessing gui/maps/icon_items/icon_staff.texformat from non-loading thread.
WARNING: WinFileSystem::getFileType: Accessing gui/maps/icon_items/icon_staff.dds from non-loading thread.
WARNING: WinFileSystem::getFileType: Accessing gui/maps/icon_items/icon_staff.tga from non-loading thread.
WARNING: WinFileSystem::getFileType: Accessing gui/maps/icon_items/icon_staff.texformat from non-loading thread.
WARNING: WinFileSystem::getFileType: Accessing gui/maps/icon_items/icon_staff.texformat from non-loading thread.
WARNING: WinFileSystem::getFileType: Accessing gui/maps/icon_items/icon_staff.texformat from non-loading thread.
WARNING: WinFileSystem::getFileType: Accessing gui/maps/icon_items/icon_staff.texformat from non-loading thread.
WARNING: WinFileSystem::getFileType: Accessing gui/maps/icon_items/icon_staff.texanim from non-loading thread.
WARNING: WinFileSystem::getFileType: Accessing gui/maps/icon_items/icon_staff.texanim from non-loading thread.
WARNING: WinFileSystem::getFileType: Accessing gui/maps/icon_items/icon_staff.dds from non-loading thread.
WARNING: WinFileSystem::readFile: Accessing gui/maps/icon_items/icon_staff.dds from non-loading thread.
WARNING: WinFileSystem::getFileType: Accessing gui/maps/icon_items/icon_food_drumstick.tga from non-loading thread.
WARNING: WinFileSystem::getFileType: Accessing gui/maps/icon_items/icon_food_drumstick.tga from non-loading thread.
WARNING: WinFileSystem::getFileType: Accessing gui/maps/icon_items/icon_food_drumstick.texformat from non-loading thread.
WARNING: WinFileSystem::getFileType: Accessing gui/maps/icon_items/icon_food_drumstick.texformat from non-loading thread.
WARNING: WinFileSystem::getFileType: Accessing gui/maps/icon_items/icon_food_drumstick.dds from non-loading thread.
WARNING: WinFileSystem::getFileType: Accessing gui/maps/icon_items/icon_food_drumstick.tga from non-loading thread.
WARNING: WinFileSystem::getFileType: Accessing gui/maps/icon_items/icon_food_drumstick.texformat from non-loading thread.
WARNING: WinFileSystem::getFileType: Accessing gui/maps/icon_items/icon_food_drumstick.texformat from non-loading thread.
WARNING: WinFileSystem::getFileType: Accessing gui/maps/icon_items/icon_food_drumstick.texformat from non-loading thread.
WARNING: WinFileSystem::getFileType: Accessing gui/maps/icon_items/icon_food_drumstick.texformat from non-loading thread.
WARNING: WinFileSystem::getFileType: Accessing gui/maps/icon_items/icon_food_drumstick.texanim from non-loading thread.
WARNING: WinFileSystem::getFileType: Accessing gui/maps/icon_items/icon_food_drumstick.texanim from non-loading thread.
WARNING: WinFileSystem::getFileType: Accessing gui/maps/icon_items/icon_food_drumstick.dds from non-loading thread.
WARNING: WinFileSystem::readFile: Accessing gui/maps/icon_items/icon_food_drumstick.dds from non-loading thread.
WARNING: WinFileSystem::getFileType: Accessing gui/maps/icon_items/icon_tek_binoc2.tga from non-loading thread.
WARNING: WinFileSystem::getFileType: Accessing gui/maps/icon_items/icon_tek_binoc2.tga from non-loading thread.
WARNING: WinFileSystem::getFileType: Accessing gui/maps/icon_items/icon_tek_binoc2.texformat from non-loading thread.
WARNING: WinFileSystem::getFileType: Accessing gui/maps/icon_items/icon_tek_binoc2.texformat from non-loading thread.
WARNING: WinFileSystem::getFileType: Accessing gui/maps/icon_items/icon_tek_binoc2.dds from non-loading thread.
WARNING: WinFileSystem::getFileType: Accessing gui/maps/icon_items/icon_tek_binoc2.tga from non-loading thread.
WARNING: WinFileSystem::getFileType: Accessing gui/maps/icon_items/icon_tek_binoc2.texformat from non-loading thread.
WARNING: WinFileSystem::getFileType: Accessing gui/maps/icon_items/icon_tek_binoc2.texformat from non-loading thread.
WARNING: WinFileSystem::getFileType: Accessing gui/maps/icon_items/icon_tek_binoc2.texformat from non-loading thread.
WARNING: WinFileSystem::getFileType: Accessing gui/maps/icon_items/icon_tek_binoc2.texformat from non-loading thread.
WARNING: WinFileSystem::getFileType: Accessing gui/maps/icon_items/icon_tek_binoc2.texanim from non-loading thread.
WARNING: WinFileSystem::getFileType: Accessing gui/maps/icon_items/icon_tek_binoc2.texanim from non-loading thread.
WARNING: WinFileSystem::getFileType: Accessing gui/maps/icon_items/icon_tek_binoc2.dds from non-loading thread.
WARNING: WinFileSystem::readFile: Accessing gui/maps/icon_items/icon_tek_binoc2.dds from non-loading thread.
WARNING: WinFileSystem::getFileType: Accessing gui/maps/icon_items/icon_sword_bastard.tga from non-loading thread.
WARNING: WinFileSystem::getFileType: Accessing gui/maps/icon_items/icon_sword_bastard.tga from non-loading thread.
WARNING: WinFileSystem::getFileType: Accessing gui/maps/icon_items/icon_sword_bastard.texformat from non-loading thread.
WARNING: WinFileSystem::getFileType: Accessing gui/maps/icon_items/icon_sword_bastard.texformat from non-loading thread.
WARNING: WinFileSystem::getFileType: Accessing gui/maps/icon_items/icon_sword_bastard.dds from non-loading thread.
WARNING: WinFileSystem::getFileType: Accessing gui/maps/icon_items/icon_sword_bastard.tga from non-loading thread.
WARNING: WinFileSystem::getFileType: Accessing gui/maps/icon_items/icon_sword_bastard.texformat from non-loading thread.
WARNING: WinFileSystem::getFileType: Accessing gui/maps/icon_items/icon_sword_bastard.texformat from non-loading thread.
WARNING: WinFileSystem::getFileType: Accessing gui/maps/icon_items/icon_sword_bastard.texformat from non-loading thread.
WARNING: WinFileSystem::getFileType: Accessing gui/maps/icon_items/icon_sword_bastard.texformat from non-loading thread.
WARNING: WinFileSystem::getFileType: Accessing gui/maps/icon_items/icon_sword_bastard.texanim from non-loading thread.
WARNING: WinFileSystem::getFileType: Accessing gui/maps/icon_items/icon_sword_bastard.texanim from non-loading thread.
WARNING: WinFileSystem::getFileType: Accessing gui/maps/icon_items/icon_sword_bastard.dds from non-loading thread.
WARNING: WinFileSystem::readFile: Accessing gui/maps/icon_items/icon_sword_bastard.dds from non-loading thread.
WARNING: WinFileSystem::getFileType: Accessing gui/maps/icon_items/icon_sword_bastard_mithril.tga from non-loading thread.
WARNING: WinFileSystem::getFileType: Accessing gui/maps/icon_items/icon_sword_bastard_mithril.tga from non-loading thread.
WARNING: WinFileSystem::getFileType: Accessing gui/maps/icon_items/icon_sword_bastard_mithril.texformat from non-loading thread.
WARNING: WinFileSystem::getFileType: Accessing gui/maps/icon_items/icon_sword_bastard_mithril.texformat from non-loading thread.
WARNING: WinFileSystem::getFileType: Accessing gui/maps/icon_items/icon_sword_bastard_mithril.dds from non-loading thread.
WARNING: WinFileSystem::getFileType: Accessing gui/maps/icon_items/icon_sword_bastard_mithril.tga from non-loading thread.
WARNING: WinFileSystem::getFileType: Accessing gui/maps/icon_items/icon_sword_bastard_mithril.texformat from non-loading thread.
WARNING: WinFileSystem::getFileType: Accessing gui/maps/icon_items/icon_sword_bastard_mithril.texformat from non-loading thread.
WARNING: WinFileSystem::getFileType: Accessing gui/maps/icon_items/icon_sword_bastard_mithril.texformat from non-loading thread.
WARNING: WinFileSystem::getFileType: Accessing gui/maps/icon_items/icon_sword_bastard_mithril.texformat from non-loading thread.
WARNING: WinFileSystem::getFileType: Accessing gui/maps/icon_items/icon_sword_bastard_mithril.texanim from non-loading thread.
WARNING: WinFileSystem::getFileType: Accessing gui/maps/icon_items/icon_sword_bastard_mithril.texanim from non-loading thread.
WARNING: WinFileSystem::getFileType: Accessing gui/maps/icon_items/icon_sword_bastard_mithril.dds from non-loading thread.
WARNING: WinFileSystem::readFile: Accessing gui/maps/icon_items/icon_sword_bastard_mithril.dds from non-loading thread.
WARNING: WinFileSystem::getFileType: Accessing gui/maps/icon_items/icon_grail.tga from non-loading thread.
WARNING: WinFileSystem::getFileType: Accessing gui/maps/icon_items/icon_grail.tga from non-loading thread.
WARNING: WinFileSystem::getFileType: Accessing gui/maps/icon_items/icon_grail.texformat from non-loading thread.
WARNING: WinFileSystem::getFileType: Accessing gui/maps/icon_items/icon_grail.texformat from non-loading thread.
WARNING: WinFileSystem::getFileType: Accessing gui/maps/icon_items/icon_grail.dds from non-loading thread.
WARNING: WinFileSystem::getFileType: Accessing gui/maps/icon_items/icon_grail.tga from non-loading thread.
WARNING: WinFileSystem::getFileType: Accessing gui/maps/icon_items/icon_grail.texformat from non-loading thread.
WARNING: WinFileSystem::getFileType: Accessing gui/maps/icon_items/icon_grail.texformat from non-loading thread.
WARNING: WinFileSystem::getFileType: Accessing gui/maps/icon_items/icon_grail.texformat from non-loading thread.
WARNING: WinFileSystem::getFileType: Accessing gui/maps/icon_items/icon_grail.texformat from non-loading thread.
WARNING: WinFileSystem::getFileType: Accessing gui/maps/icon_items/icon_grail.texanim from non-loading thread.
WARNING: WinFileSystem::getFileType: Accessing gui/maps/icon_items/icon_grail.texanim from non-loading thread.
WARNING: WinFileSystem::getFileType: Accessing gui/maps/icon_items/icon_grail.dds from non-loading thread.
WARNING: WinFileSystem::readFile: Accessing gui/maps/icon_items/icon_grail.dds from non-loading thread.
WARNING: WinFileSystem::getFileType: Accessing scripts/client/Item from non-loading thread.
WARNING: WinFileSystem::getFileType: Accessing scripts/client/Item from non-loading thread.
WARNING: WinFileSystem::getFileType: Accessing scripts/client/Item.py from non-loading thread.
WARNING: WinFileSystem::getFileType: Accessing scripts/client/Item.pyc from non-loading thread.
WARNING: WinFileSystem::getFileType: Accessing scripts/client/Item.pyd from non-loading thread.
WARNING: WinFileSystem::getFileType: Accessing scripts/client/Item.pyd from non-loading thread.
WARNING: WinFileSystem::getFileType: Accessing scripts/client/Item.py from non-loading thread.
WARNING: WinFileSystem::getFileType: Accessing scripts/client/Item.pyc from non-loading thread.
WARNING: WinFileSystem::readFile: Accessing scripts/client/Item.pyc from non-loading thread.
WARNING: WinFileSystem::getFileType: Accessing gui/minimap_icon.gui from non-loading thread.
WARNING: WinFileSystem::readFile: Accessing gui/minimap_icon.gui from non-loading thread.
WARNING: WinFileSystem::getFileType: Accessing gui/maps/mini_map_player.tga from non-loading thread.
WARNING: WinFileSystem::getFileType: Accessing gui/maps/mini_map_player.tga from non-loading thread.
WARNING: WinFileSystem::getFileType: Accessing gui/maps/mini_map_player.texformat from non-loading thread.
WARNING: WinFileSystem::getFileType: Accessing gui/maps/mini_map_player.texformat from non-loading thread.
WARNING: WinFileSystem::getFileType: Accessing gui/maps/mini_map_player.dds from non-loading thread.
WARNING: WinFileSystem::getFileType: Accessing gui/maps/mini_map_player.tga from non-loading thread.
WARNING: WinFileSystem::getFileType: Accessing gui/maps/mini_map_player.texformat from non-loading thread.
WARNING: WinFileSystem::getFileType: Accessing gui/maps/mini_map_player.texformat from non-loading thread.
WARNING: WinFileSystem::getFileType: Accessing gui/maps/mini_map_player.texformat from non-loading thread.
WARNING: WinFileSystem::getFileType: Accessing gui/maps/mini_map_player.texformat from non-loading thread.
WARNING: WinFileSystem::getFileType: Accessing gui/maps/mini_map_player.texanim from non-loading thread.
WARNING: WinFileSystem::getFileType: Accessing gui/maps/mini_map_player.texanim from non-loading thread.
WARNING: WinFileSystem::getFileType: Accessing gui/maps/mini_map_player.dds from non-loading thread.
WARNING: WinFileSystem::readFile: Accessing gui/maps/mini_map_player.dds from non-loading thread.
WARNING: WinFileSystem::getFileType: Accessing sets from non-loading thread.
WARNING: WinFileSystem::readDirectory: Accessing sets from non-loading thread.
WARNING: WinFileSystem::readDirectory: Accessing sets from non-loading thread.
WARNING: WinFileSystem::getFileType: Accessing sets/global from non-loading thread.
WARNING: WinFileSystem::readDirectory: Accessing sets/global from non-loading thread.
WARNING: WinFileSystem::readDirectory: Accessing sets/global from non-loading thread.
WARNING: WinFileSystem::getFileType: Accessing sets/global/checker.model from non-loading thread.
WARNING: WinFileSystem::readFile: Accessing sets/global/checker.model from non-loading thread.
WARNING: WinFileSystem::getFileType: Accessing sets/global/checker.static.visual from non-loading thread.
WARNING: WinFileSystem::getFileType: Accessing sets/global/checker.static.visual from non-loading thread.
WARNING: WinFileSystem::getFileType: Accessing sets/global/checker.visual from non-loading thread.
WARNING: WinFileSystem::readFile: Accessing sets/global/checker.visual from non-loading thread.
WARNING: WinFileSystem::getFileType: Accessing sets/global/checker_bsp.visual from non-loading thread.
WARNING: WinFileSystem::getFileType: Accessing sets/global/checker_bsp.visual from non-loading thread.
WARNING: WinFileSystem::getFileType: Accessing sets/global/checker.primitives from non-loading thread.
WARNING: WinFileSystem::readFile: Accessing sets/global/checker.primitives from non-loading thread.
WARNING: WinFileSystem::getFileType: Accessing sets/global/checker.bmp from non-loading thread.
WARNING: WinFileSystem::getFileType: Accessing sets/global/checker.bmp from non-loading thread.
WARNING: WinFileSystem::getFileType: Accessing sets/global/checker.texformat from non-loading thread.
WARNING: WinFileSystem::getFileType: Accessing sets/global/checker.texformat from non-loading thread.
WARNING: WinFileSystem::getFileType: Accessing sets/global/checker.dds from non-loading thread.
WARNING: WinFileSystem::getFileType: Accessing sets/global/checker.bmp from non-loading thread.
WARNING: WinFileSystem::getFileType: Accessing sets/global/checker.texformat from non-loading thread.
WARNING: WinFileSystem::getFileType: Accessing sets/global/checker.texformat from non-loading thread.
WARNING: WinFileSystem::getFileType: Accessing sets/global/checker.texformat from non-loading thread.
WARNING: WinFileSystem::getFileType: Accessing sets/global/checker.texformat from non-loading thread.
WARNING: WinFileSystem::getFileType: Accessing sets from non-loading thread.
WARNING: WinFileSystem::readDirectory: Accessing sets from non-loading thread.
WARNING: WinFileSystem::readDirectory: Accessing sets from non-loading thread.
WARNING: WinFileSystem::getFileType: Accessing sets/global/checker.texanim from non-loading thread.
WARNING: WinFileSystem::getFileType: Accessing sets/global/checker.texanim from non-loading thread.
WARNING: WinFileSystem::getFileType: Accessing sets/global/checker.dds from non-loading thread.
WARNING: WinFileSystem::readFile: Accessing sets/global/checker.dds from non-loading thread.
PlayerAvatar::onEnterWorld: end
WARNING: WinFileSystem: Case mismatch opening C:/BigWorld_2.0.1/BigWorld/fantasydemo/res/speedtree/shrubs_flowers/american_boxwood/compositemap_Diffuse.dds (CompositeMap_Diffuse.dds)
WARNING: WinFileSystem: Case mismatch opening C:/BigWorld_2.0.1/BigWorld/fantasydemo/res/speedtree/shrubs_flowers/american_boxwood/compositemap_Normal.dds (CompositeMap_Normal.dds)
WARNING: WinFileSystem::getFileType: Accessing sets from non-loading thread.
WARNING: WinFileSystem::readDirectory: Accessing sets from non-loading thread.
WARNING: WinFileSystem::readDirectory: Accessing sets from non-loading thread.
WARNING: WinFileSystem::getFileType: Accessing sets/vehicles/razor_flare.model from non-loading thread.
WARNING: WinFileSystem::readFile: Accessing sets/vehicles/razor_flare.model from non-loading thread.
WARNING: WinFileSystem::getFileType: Accessing sets/vehicles/razor_flare.visual from non-loading thread.
WARNING: WinFileSystem::readFile: Accessing sets/vehicles/razor_flare.visual from non-loading thread.
WARNING: WinFileSystem::getFileType: Accessing sets/vehicles/razor_flare_bsp.visual from non-loading thread.
WARNING: WinFileSystem::getFileType: Accessing sets/vehicles/razor_flare_bsp.visual from non-loading thread.
WARNING: WinFileSystem::getFileType: Accessing shaders/std_effects from non-loading thread.
WARNING: WinFileSystem::getFileType: Accessing shaders/std_effects from non-loading thread.
WARNING: WinFileSystem::readDirectory: Accessing shaders/std_effects from non-loading thread.
WARNING: WinFileSystem::readDirectory: Accessing shaders/std_effects from non-loading thread.
WARNING: WinFileSystem::getFileType: Accessing shaders/std_effects/lightonly_normal_add.00.fxo from non-loading thread.
WARNING: WinFileSystem::getFileType: Accessing shaders/std_effects/lightonly_normal_add.00.fxo from non-loading thread.
WARNING: ZipFileSystem::getFileTypeEx: Accessing hash from non-loading thread.
WARNING: ZipFileSystem::readFile: Accessing hash from non-loading thread.
WARNING: ZipFileSystem::getFileTypeEx: Accessing effect from non-loading thread.
WARNING: ZipFileSystem::readFile: Accessing effect from non-loading thread.
WARNING: ZipFileSystem::readFile: Accessing  from non-loading thread.
WARNING: ZipFileSystem::readFile: Accessing  from non-loading thread.
WARNING: ZipFileSystem::readFile: Accessing  from non-loading thread.
WARNING: ZipFileSystem::readFile: Accessing  from non-loading thread.
WARNING: ZipFileSystem::readFile: Accessing  from non-loading thread.
WARNING: ZipFileSystem::readFile: Accessing  from non-loading thread.
WARNING: ZipFileSystem::readFile: Accessing  from non-loading thread.
WARNING: ZipFileSystem::readFile: Accessing  from non-loading thread.
WARNING: ZipFileSystem::readFile: Accessing  from non-loading thread.
WARNING: ZipFileSystem::readFile: Accessing  from non-loading thread.
WARNING: ZipFileSystem::readFile: Accessing  from non-loading thread.
WARNING: ZipFileSystem::readFile: Accessing  from non-loading thread.
WARNING: ZipFileSystem::readFile: Accessing  from non-loading thread.
WARNING: ZipFileSystem::readFile: Accessing  from non-loading thread.
WARNING: WinFileSystem::getFileType: Accessing stdinclude.fxh from non-loading thread.
WARNING: WinFileSystem::getFileType: Accessing stdinclude.fxh from non-loading thread.
WARNING: WinFileSystem::getFileType: Accessing shaders/std_effects/stdinclude.fxh from non-loading thread.
WARNING: WinFileSystem::getFileType: Accessing shaders/std_effects/stdinclude.fxh from non-loading thread.
WARNING: WinFileSystem::getFileType: Accessing optinclude.fxh from non-loading thread.
WARNING: WinFileSystem::getFileType: Accessing optinclude.fxh from non-loading thread.
WARNING: WinFileSystem::getFileType: Accessing shaders/std_effects/optinclude.fxh from non-loading thread.
WARNING: WinFileSystem::getFileType: Accessing shaders/std_effects/optinclude.fxh from non-loading thread.
WARNING: WinFileSystem::getFileType: Accessing d3d_state_mirror.fxh from non-loading thread.
WARNING: WinFileSystem::getFileType: Accessing d3d_state_mirror.fxh from non-loading thread.
WARNING: WinFileSystem::getFileType: Accessing shaders/std_effects/d3d_state_mirror.fxh from non-loading thread.
WARNING: WinFileSystem::getFileType: Accessing shaders/std_effects/d3d_state_mirror.fxh from non-loading thread.
WARNING: WinFileSystem::getFileType: Accessing lighting_helpers.fxh from non-loading thread.
WARNING: WinFileSystem::getFileType: Accessing lighting_helpers.fxh from non-loading thread.
WARNING: WinFileSystem::getFileType: Accessing shaders/std_effects/lighting_helpers.fxh from non-loading thread.
WARNING: WinFileSystem::getFileType: Accessing shaders/std_effects/lighting_helpers.fxh from non-loading thread.
WARNING: WinFileSystem::getFileType: Accessing fog_helpers.fxh from non-loading thread.
WARNING: WinFileSystem::getFileType: Accessing fog_helpers.fxh from non-loading thread.
WARNING: WinFileSystem::getFileType: Accessing shaders/std_effects/fog_helpers.fxh from non-loading thread.
WARNING: WinFileSystem::getFileType: Accessing shaders/std_effects/fog_helpers.fxh from non-loading thread.
WARNING: WinFileSystem::getFileType: Accessing vertex_declarations.fxh from non-loading thread.
WARNING: WinFileSystem::getFileType: Accessing vertex_declarations.fxh from non-loading thread.
WARNING: WinFileSystem::getFileType: Accessing shaders/std_effects/vertex_declarations.fxh from non-loading thread.
WARNING: WinFileSystem::getFileType: Accessing shaders/std_effects/vertex_declarations.fxh from non-loading thread.
WARNING: WinFileSystem::getFileType: Accessing material_helpers.fxh from non-loading thread.
WARNING: WinFileSystem::getFileType: Accessing material_helpers.fxh from non-loading thread.
WARNING: WinFileSystem::getFileType: Accessing shaders/std_effects/material_helpers.fxh from non-loading thread.
WARNING: WinFileSystem::getFileType: Accessing shaders/std_effects/material_helpers.fxh from non-loading thread.
WARNING: WinFileSystem::getFileType: Accessing sky_light_map_helpers.fxh from non-loading thread.
WARNING: WinFileSystem::getFileType: Accessing sky_light_map_helpers.fxh from non-loading thread.
WARNING: WinFileSystem::getFileType: Accessing shaders/std_effects/sky_light_map_helpers.fxh from non-loading thread.
WARNING: WinFileSystem::getFileType: Accessing shaders/std_effects/sky_light_map_helpers.fxh from non-loading thread.
WARNING: WinFileSystem::getFileType: Accessing fresnel_helpers.fxh from non-loading thread.
WARNING: WinFileSystem::getFileType: Accessing fresnel_helpers.fxh from non-loading thread.
WARNING: WinFileSystem::getFileType: Accessing shaders/std_effects/fresnel_helpers.fxh from non-loading thread.
WARNING: WinFileSystem::getFileType: Accessing shaders/std_effects/fresnel_helpers.fxh from non-loading thread.
WARNING: WinFileSystem::getFileType: Accessing depth_helpers.fxh from non-loading thread.
WARNING: WinFileSystem::getFileType: Accessing depth_helpers.fxh from non-loading thread.
WARNING: WinFileSystem::getFileType: Accessing shaders/std_effects/depth_helpers.fxh from non-loading thread.
WARNING: WinFileSystem::getFileType: Accessing shaders/std_effects/depth_helpers.fxh from non-loading thread.
WARNING: WinFileSystem::getFileType: Accessing unskinned_effect_include.fxh from non-loading thread.
WARNING: WinFileSystem::getFileType: Accessing unskinned_effect_include.fxh from non-loading thread.
WARNING: WinFileSystem::getFileType: Accessing shaders/std_effects/unskinned_effect_include.fxh from non-loading thread.
WARNING: WinFileSystem::getFileType: Accessing shaders/std_effects/unskinned_effect_include.fxh from non-loading thread.
WARNING: WinFileSystem::getFileType: Accessing lightonly_normal.fxh from non-loading thread.
WARNING: WinFileSystem::getFileType: Accessing lightonly_normal.fxh from non-loading thread.
WARNING: WinFileSystem::getFileType: Accessing shaders/std_effects/lightonly_normal.fxh from non-loading thread.
WARNING: WinFileSystem::getFileType: Accessing shaders/std_effects/lightonly_normal.fxh from non-loading thread.
WARNING: WinFileSystem::getFileType: Accessing lightonly_2uv.fxh from non-loading thread.
WARNING: WinFileSystem::getFileType: Accessing lightonly_2uv.fxh from non-loading thread.
WARNING: WinFileSystem::getFileType: Accessing shaders/std_effects/lightonly_2uv.fxh from non-loading thread.
WARNING: WinFileSystem::getFileType: Accessing shaders/std_effects/lightonly_2uv.fxh from non-loading thread.
WARNING: WinFileSystem::getFileType: Accessing shader_combination_helpers.fxh from non-loading thread.
WARNING: WinFileSystem::getFileType: Accessing shader_combination_helpers.fxh from non-loading thread.
WARNING: WinFileSystem::getFileType: Accessing shaders/std_effects/shader_combination_helpers.fxh from non-loading thread.
WARNING: WinFileSystem::getFileType: Accessing shaders/std_effects/shader_combination_helpers.fxh from non-loading thread.
WARNING: WinFileSystem::getFileType: Accessing sets/vehicles/ref_spot6_falloff.bmp from non-loading thread.
WARNING: WinFileSystem::getFileType: Accessing sets/vehicles/ref_spot6_falloff.bmp from non-loading thread.
WARNING: WinFileSystem::getFileType: Accessing sets/vehicles/ref_spot6_falloff.texformat from non-loading thread.
WARNING: WinFileSystem::getFileType: Accessing sets/vehicles/ref_spot6_falloff.texformat from non-loading thread.
WARNING: WinFileSystem::getFileType: Accessing sets/vehicles/ref_spot6_falloff.dds from non-loading thread.
WARNING: WinFileSystem::getFileType: Accessing sets/vehicles/ref_spot6_falloff.bmp from non-loading thread.
WARNING: WinFileSystem::getFileType: Accessing sets/vehicles/ref_spot6_falloff.texformat from non-loading thread.
WARNING: WinFileSystem::getFileType: Accessing sets/vehicles/ref_spot6_falloff.texformat from non-loading thread.
WARNING: WinFileSystem::getFileType: Accessing sets/vehicles/ref_spot6_falloff.texformat from non-loading thread.
WARNING: WinFileSystem::getFileType: Accessing sets/vehicles/ref_spot6_falloff.texformat from non-loading thread.
WARNING: WinFileSystem::getFileType: Accessing sets/vehicles/ref_spot6_falloff.texanim from non-loading thread.
WARNING: WinFileSystem::getFileType: Accessing sets/vehicles/ref_spot6_falloff.texanim from non-loading thread.
WARNING: WinFileSystem::getFileType: Accessing sets/vehicles/ref_spot6_falloff.dds from non-loading thread.
WARNING: WinFileSystem::readFile: Accessing sets/vehicles/ref_spot6_falloff.dds from non-loading thread.
WARNING: WinFileSystem::getFileType: Accessing sets/vehicles/AFX_razflare.bmp from non-loading thread.
WARNING: WinFileSystem::getFileType: Accessing sets/vehicles/AFX_razflare.bmp from non-loading thread.
WARNING: WinFileSystem::getFileType: Accessing sets/vehicles/AFX_razflare.texformat from non-loading thread.
WARNING: WinFileSystem::getFileType: Accessing sets/vehicles/AFX_razflare.texformat from non-loading thread.
WARNING: WinFileSystem::getFileType: Accessing sets/vehicles/AFX_razflare.dds from non-loading thread.
WARNING: WinFileSystem::getFileType: Accessing sets/vehicles/AFX_razflare.bmp from non-loading thread.
WARNING: WinFileSystem::getFileType: Accessing sets/vehicles/AFX_razflare.texformat from non-loading thread.
WARNING: WinFileSystem::getFileType: Accessing sets/vehicles/AFX_razflare.texformat from non-loading thread.
WARNING: WinFileSystem::getFileType: Accessing sets/vehicles/AFX_razflare.texformat from non-loading thread.
WARNING: WinFileSystem::getFileType: Accessing sets/vehicles/AFX_razflare.texformat from non-loading thread.
WARNING: WinFileSystem::getFileType: Accessing sets/vehicles/AFX_razflare.texanim from non-loading thread.
WARNING: WinFileSystem::getFileType: Accessing sets/vehicles/AFX_razflare.texanim from non-loading thread.
WARNING: WinFileSystem::getFileType: Accessing sets/vehicles/AFX_razflare.dds from non-loading thread.
WARNING: WinFileSystem::readFile: Accessing sets/vehicles/AFX_razflare.dds from non-loading thread.
WARNING: WinFileSystem::getFileType: Accessing sets/vehicles/razor_flare_anim.animation from non-loading thread.
WARNING: WinFileSystem::getFileType: Accessing sets/vehicles/razor_flare_anim.animation from non-loading thread.
WARNING: WinFileSystem::getFileType: Accessing sets/vehicles/razor_flare_anim.animation from non-loading thread.
WARNING: WinFileSystem::getFileType: Accessing sets/vehicles/razor_flare_anim.animation from non-loading thread.
WARNING: WinFileSystem::getFileType: Accessing sets/vehicles/razor_flare_anim.animation from non-loading thread.
WARNING: WinFileSystem::getFileType: Accessing scripts/client/FDGUI/Weather from non-loading thread.
WARNING: WinFileSystem::getFileType: Accessing scripts/client/FDGUI/Weather from non-loading thread.
WARNING: WinFileSystem::getFileType: Accessing scripts/client/FDGUI/Weather.py from non-loading thread.
WARNING: WinFileSystem::getFileType: Accessing scripts/client/FDGUI/Weather.py from non-loading thread.
WARNING: WinFileSystem::getFileType: Accessing scripts/client/FDGUI/Weather.pyc from non-loading thread.
WARNING: WinFileSystem::getFileType: Accessing scripts/client/FDGUI/Weather.pyc from non-loading thread.
WARNING: WinFileSystem::getFileType: Accessing scripts/client/FDGUI/Weather.pyd from non-loading thread.
WARNING: WinFileSystem::getFileType: Accessing scripts/client/FDGUI/Weather.pyd from non-loading thread.
PlayerAvatar::onBecomePlayer
PlayerAvatar::onEnterWorld: begin
WARNING: WinFileSystem::getFileType: Accessing scripts/client/Item from non-loading thread.
WARNING: WinFileSystem::getFileType: Accessing scripts/client/Item from non-loading thread.
WARNING: WinFileSystem::getFileType: Accessing scripts/client/Item.py from non-loading thread.
WARNING: WinFileSystem::getFileType: Accessing scripts/client/Item.pyc from non-loading thread.
WARNING: WinFileSystem::getFileType: Accessing scripts/client/Item.pyd from non-loading thread.
WARNING: WinFileSystem::getFileType: Accessing scripts/client/Item.pyd from non-loading thread.
WARNING: WinFileSystem::getFileType: Accessing scripts/client/Item.py from non-loading thread.
WARNING: WinFileSystem::getFileType: Accessing scripts/client/Item.pyc from non-loading thread.
WARNING: WinFileSystem::readFile: Accessing scripts/client/Item.pyc from non-loading thread.
WARNING: WinFileSystem::getFileType: Accessing gui/minimap_icon.gui from non-loading thread.
WARNING: WinFileSystem::readFile: Accessing gui/minimap_icon.gui from non-loading thread.
PlayerAvatar::onEnterWorld: end
WARNING: WinFileSystem::getFileType: Accessing sets from non-loading thread.
WARNING: WinFileSystem::readDirectory: Accessing sets from non-loading thread.
WARNING: WinFileSystem::readDirectory: Accessing sets from non-loading thread.
WARNING: WinFileSystem::getFileType: Accessing sets/vehicles/razor_flare.model from non-loading thread.
WARNING: WinFileSystem::readFile: Accessing sets/vehicles/razor_flare.model from non-loading thread.
WARNING: WinFileSystem::getFileType: Accessing sets/vehicles/razor_flare.visual from non-loading thread.
WARNING: WinFileSystem::readFile: Accessing sets/vehicles/razor_flare.visual from non-loading thread.
WARNING: WinFileSystem::getFileType: Accessing sets/vehicles/razor_flare_bsp.visual from non-loading thread.
WARNING: WinFileSystem::getFileType: Accessing sets/vehicles/razor_flare_bsp.visual from non-loading thread.
WARNING: WinFileSystem::getFileType: Accessing shaders/std_effects from non-loading thread.
WARNING: WinFileSystem::getFileType: Accessing shaders/std_effects from non-loading thread.
WARNING: WinFileSystem::readDirectory: Accessing shaders/std_effects from non-loading thread.
WARNING: WinFileSystem::readDirectory: Accessing shaders/std_effects from non-loading thread.
WARNING: WinFileSystem::getFileType: Accessing shaders/std_effects/lightonly_normal_add.00.fxo from non-loading thread.
WARNING: WinFileSystem::getFileType: Accessing shaders/std_effects/lightonly_normal_add.00.fxo from non-loading thread.
WARNING: ZipFileSystem::getFileTypeEx: Accessing hash from non-loading thread.
WARNING: ZipFileSystem::readFile: Accessing hash from non-loading thread.
WARNING: ZipFileSystem::getFileTypeEx: Accessing effect from non-loading thread.
WARNING: ZipFileSystem::readFile: Accessing effect from non-loading thread.
WARNING: ZipFileSystem::readFile: Accessing  from non-loading thread.
WARNING: ZipFileSystem::readFile: Accessing  from non-loading thread.
WARNING: ZipFileSystem::readFile: Accessing  from non-loading thread.
WARNING: ZipFileSystem::readFile: Accessing  from non-loading thread.
WARNING: ZipFileSystem::readFile: Accessing  from non-loading thread.
WARNING: ZipFileSystem::readFile: Accessing  from non-loading thread.
WARNING: ZipFileSystem::readFile: Accessing  from non-loading thread.
WARNING: ZipFileSystem::readFile: Accessing  from non-loading thread.
WARNING: ZipFileSystem::readFile: Accessing  from non-loading thread.
WARNING: ZipFileSystem::readFile: Accessing  from non-loading thread.
WARNING: ZipFileSystem::readFile: Accessing  from non-loading thread.
WARNING: ZipFileSystem::readFile: Accessing  from non-loading thread.
WARNING: ZipFileSystem::readFile: Accessing  from non-loading thread.
WARNING: ZipFileSystem::readFile: Accessing  from non-loading thread.
WARNING: WinFileSystem::getFileType: Accessing stdinclude.fxh from non-loading thread.
WARNING: WinFileSystem::getFileType: Accessing stdinclude.fxh from non-loading thread.
WARNING: WinFileSystem::getFileType: Accessing shaders/std_effects/stdinclude.fxh from non-loading thread.
WARNING: WinFileSystem::getFileType: Accessing shaders/std_effects/stdinclude.fxh from non-loading thread.
WARNING: WinFileSystem::getFileType: Accessing optinclude.fxh from non-loading thread.
WARNING: WinFileSystem::getFileType: Accessing optinclude.fxh from non-loading thread.
WARNING: WinFileSystem::getFileType: Accessing shaders/std_effects/optinclude.fxh from non-loading thread.
WARNING: WinFileSystem::getFileType: Accessing shaders/std_effects/optinclude.fxh from non-loading thread.
WARNING: WinFileSystem::getFileType: Accessing d3d_state_mirror.fxh from non-loading thread.
WARNING: WinFileSystem::getFileType: Accessing d3d_state_mirror.fxh from non-loading thread.
WARNING: WinFileSystem::getFileType: Accessing shaders/std_effects/d3d_state_mirror.fxh from non-loading thread.
WARNING: WinFileSystem::getFileType: Accessing shaders/std_effects/d3d_state_mirror.fxh from non-loading thread.
WARNING: WinFileSystem::getFileType: Accessing lighting_helpers.fxh from non-loading thread.
WARNING: WinFileSystem::getFileType: Accessing lighting_helpers.fxh from non-loading thread.
WARNING: WinFileSystem::getFileType: Accessing shaders/std_effects/lighting_helpers.fxh from non-loading thread.
WARNING: WinFileSystem::getFileType: Accessing shaders/std_effects/lighting_helpers.fxh from non-loading thread.
WARNING: WinFileSystem::getFileType: Accessing fog_helpers.fxh from non-loading thread.
WARNING: WinFileSystem::getFileType: Accessing fog_helpers.fxh from non-loading thread.
WARNING: WinFileSystem::getFileType: Accessing shaders/std_effects/fog_helpers.fxh from non-loading thread.
WARNING: WinFileSystem::getFileType: Accessing shaders/std_effects/fog_helpers.fxh from non-loading thread.
WARNING: WinFileSystem::getFileType: Accessing vertex_declarations.fxh from non-loading thread.
WARNING: WinFileSystem::getFileType: Accessing vertex_declarations.fxh from non-loading thread.
WARNING: WinFileSystem::getFileType: Accessing shaders/std_effects/vertex_declarations.fxh from non-loading thread.
WARNING: WinFileSystem::getFileType: Accessing shaders/std_effects/vertex_declarations.fxh from non-loading thread.
WARNING: WinFileSystem::getFileType: Accessing material_helpers.fxh from non-loading thread.
WARNING: WinFileSystem::getFileType: Accessing material_helpers.fxh from non-loading thread.
WARNING: WinFileSystem::getFileType: Accessing shaders/std_effects/material_helpers.fxh from non-loading thread.
WARNING: WinFileSystem::getFileType: Accessing shaders/std_effects/material_helpers.fxh from non-loading thread.
WARNING: WinFileSystem::getFileType: Accessing sky_light_map_helpers.fxh from non-loading thread.
WARNING: WinFileSystem::getFileType: Accessing sky_light_map_helpers.fxh from non-loading thread.
WARNING: WinFileSystem::getFileType: Accessing shaders/std_effects/sky_light_map_helpers.fxh from non-loading thread.
WARNING: WinFileSystem::getFileType: Accessing shaders/std_effects/sky_light_map_helpers.fxh from non-loading thread.
WARNING: WinFileSystem::getFileType: Accessing fresnel_helpers.fxh from non-loading thread.
WARNING: WinFileSystem::getFileType: Accessing fresnel_helpers.fxh from non-loading thread.
WARNING: WinFileSystem::getFileType: Accessing shaders/std_effects/fresnel_helpers.fxh from non-loading thread.
WARNING: WinFileSystem::getFileType: Accessing shaders/std_effects/fresnel_helpers.fxh from non-loading thread.
WARNING: WinFileSystem::getFileType: Accessing depth_helpers.fxh from non-loading thread.
WARNING: WinFileSystem::getFileType: Accessing depth_helpers.fxh from non-loading thread.
WARNING: WinFileSystem::getFileType: Accessing shaders/std_effects/depth_helpers.fxh from non-loading thread.
WARNING: WinFileSystem::getFileType: Accessing shaders/std_effects/depth_helpers.fxh from non-loading thread.
WARNING: WinFileSystem::getFileType: Accessing unskinned_effect_include.fxh from non-loading thread.
WARNING: WinFileSystem::getFileType: Accessing unskinned_effect_include.fxh from non-loading thread.
WARNING: WinFileSystem::getFileType: Accessing shaders/std_effects/unskinned_effect_include.fxh from non-loading thread.
WARNING: WinFileSystem::getFileType: Accessing shaders/std_effects/unskinned_effect_include.fxh from non-loading thread.
WARNING: WinFileSystem::getFileType: Accessing lightonly_normal.fxh from non-loading thread.
WARNING: WinFileSystem::getFileType: Accessing lightonly_normal.fxh from non-loading thread.
WARNING: WinFileSystem::getFileType: Accessing shaders/std_effects/lightonly_normal.fxh from non-loading thread.
WARNING: WinFileSystem::getFileType: Accessing shaders/std_effects/lightonly_normal.fxh from non-loading thread.
WARNING: WinFileSystem::getFileType: Accessing lightonly_2uv.fxh from non-loading thread.
WARNING: WinFileSystem::getFileType: Accessing lightonly_2uv.fxh from non-loading thread.
WARNING: WinFileSystem::getFileType: Accessing shaders/std_effects/lightonly_2uv.fxh from non-loading thread.
WARNING: WinFileSystem::getFileType: Accessing shaders/std_effects/lightonly_2uv.fxh from non-loading thread.
WARNING: WinFileSystem::getFileType: Accessing shader_combination_helpers.fxh from non-loading thread.
WARNING: WinFileSystem::getFileType: Accessing shader_combination_helpers.fxh from non-loading thread.
WARNING: WinFileSystem::getFileType: Accessing shaders/std_effects/shader_combination_helpers.fxh from non-loading thread.
WARNING: WinFileSystem::getFileType: Accessing shaders/std_effects/shader_combination_helpers.fxh from non-loading thread.
WARNING: WinFileSystem::getFileType: Accessing sets/vehicles/ref_spot6_falloff.bmp from non-loading thread.
WARNING: WinFileSystem::getFileType: Accessing sets/vehicles/ref_spot6_falloff.bmp from non-loading thread.
WARNING: WinFileSystem::getFileType: Accessing sets/vehicles/ref_spot6_falloff.texformat from non-loading thread.
WARNING: WinFileSystem::getFileType: Accessing sets/vehicles/ref_spot6_falloff.texformat from non-loading thread.
WARNING: WinFileSystem::getFileType: Accessing sets/vehicles/ref_spot6_falloff.dds from non-loading thread.
WARNING: WinFileSystem::getFileType: Accessing sets/vehicles/ref_spot6_falloff.bmp from non-loading thread.
WARNING: WinFileSystem::getFileType: Accessing sets/vehicles/ref_spot6_falloff.texformat from non-loading thread.
WARNING: WinFileSystem::getFileType: Accessing sets/vehicles/ref_spot6_falloff.texformat from non-loading thread.
WARNING: WinFileSystem::getFileType: Accessing sets/vehicles/ref_spot6_falloff.texformat from non-loading thread.
WARNING: WinFileSystem::getFileType: Accessing sets/vehicles/ref_spot6_falloff.texformat from non-loading thread.
WARNING: WinFileSystem::getFileType: Accessing sets/vehicles/ref_spot6_falloff.texanim from non-loading thread.
WARNING: WinFileSystem::getFileType: Accessing sets/vehicles/ref_spot6_falloff.texanim from non-loading thread.
WARNING: WinFileSystem::getFileType: Accessing sets/vehicles/ref_spot6_falloff.dds from non-loading thread.
WARNING: WinFileSystem::readFile: Accessing sets/vehicles/ref_spot6_falloff.dds from non-loading thread.
WARNING: WinFileSystem::getFileType: Accessing sets/vehicles/AFX_razflare.bmp from non-loading thread.
WARNING: WinFileSystem::getFileType: Accessing sets/vehicles/AFX_razflare.bmp from non-loading thread.
WARNING: WinFileSystem::getFileType: Accessing sets/vehicles/AFX_razflare.texformat from non-loading thread.
WARNING: WinFileSystem::getFileType: Accessing sets/vehicles/AFX_razflare.texformat from non-loading thread.
WARNING: WinFileSystem::getFileType: Accessing sets/vehicles/AFX_razflare.dds from non-loading thread.
WARNING: WinFileSystem::getFileType: Accessing sets/vehicles/AFX_razflare.bmp from non-loading thread.
WARNING: WinFileSystem::getFileType: Accessing sets/vehicles/AFX_razflare.texformat from non-loading thread.
WARNING: WinFileSystem::getFileType: Accessing sets/vehicles/AFX_razflare.texformat from non-loading thread.
WARNING: WinFileSystem::getFileType: Accessing sets/vehicles/AFX_razflare.texformat from non-loading thread.
WARNING: WinFileSystem::getFileType: Accessing sets/vehicles/AFX_razflare.texformat from non-loading thread.
WARNING: WinFileSystem::getFileType: Accessing sets/vehicles/AFX_razflare.texanim from non-loading thread.
WARNING: WinFileSystem::getFileType: Accessing sets/vehicles/AFX_razflare.texanim from non-loading thread.
WARNING: WinFileSystem::getFileType: Accessing sets/vehicles/AFX_razflare.dds from non-loading thread.
WARNING: WinFileSystem::readFile: Accessing sets/vehicles/AFX_razflare.dds from non-loading thread.
WARNING: WinFileSystem::getFileType: Accessing sets/vehicles/razor_flare_anim.animation from non-loading thread.
WARNING: WinFileSystem::getFileType: Accessing sets/vehicles/razor_flare_anim.animation from non-loading thread.
WARNING: WinFileSystem::getFileType: Accessing sets/vehicles/razor_flare_anim.animation from non-loading thread.
WARNING: WinFileSystem::getFileType: Accessing sets/vehicles/razor_flare_anim.animation from non-loading thread.
WARNING: WinFileSystem::getFileType: Accessing sets/vehicles/razor_flare_anim.animation from non-loading thread.
PlayerAvatar::onBecomePlayer
PlayerAvatar::onEnterWorld: begin
WARNING: WinFileSystem::getFileType: Accessing scripts/client/Item from non-loading thread.
WARNING: WinFileSystem::getFileType: Accessing scripts/client/Item from non-loading thread.
WARNING: WinFileSystem::getFileType: Accessing scripts/client/Item.py from non-loading thread.
WARNING: WinFileSystem::getFileType: Accessing scripts/client/Item.pyc from non-loading thread.
WARNING: WinFileSystem::getFileType: Accessing scripts/client/Item.pyd from non-loading thread.
WARNING: WinFileSystem::getFileType: Accessing scripts/client/Item.pyd from non-loading thread.
WARNING: WinFileSystem::getFileType: Accessing scripts/client/Item.py from non-loading thread.
PlayerAvatar::onEnterWorld: end
WARNING: WinFileSystem::getFileType: Accessing sets/vehicles/razor_flare_bsp.visual from non-loading thread.
WARNING: WinFileSystem::getFileType: Accessing sets/vehicles/razor_flare_bsp.visual from non-loading thread.
WARNING: WinFileSystem::getFileType: Accessing stdinclude.fxh from non-loading thread.
WARNING: WinFileSystem::getFileType: Accessing stdinclude.fxh from non-loading thread.
WARNING: WinFileSystem::getFileType: Accessing shaders/std_effects/stdinclude.fxh from non-loading thread.
WARNING: WinFileSystem::getFileType: Accessing shaders/std_effects/stdinclude.fxh from non-loading thread.
WARNING: WinFileSystem::getFileType: Accessing optinclude.fxh from non-loading thread.
WARNING: WinFileSystem::getFileType: Accessing optinclude.fxh from non-loading thread.
WARNING: WinFileSystem::getFileType: Accessing shaders/std_effects/optinclude.fxh from non-loading thread.
WARNING: WinFileSystem::getFileType: Accessing shaders/std_effects/optinclude.fxh from non-loading thread.
WARNING: WinFileSystem::getFileType: Accessing d3d_state_mirror.fxh from non-loading thread.
WARNING: WinFileSystem::getFileType: Accessing d3d_state_mirror.fxh from non-loading thread.
WARNING: WinFileSystem::getFileType: Accessing shaders/std_effects/d3d_state_mirror.fxh from non-loading thread.
WARNING: WinFileSystem::getFileType: Accessing shaders/std_effects/d3d_state_mirror.fxh from non-loading thread.
WARNING: WinFileSystem::getFileType: Accessing lighting_helpers.fxh from non-loading thread.
WARNING: WinFileSystem::getFileType: Accessing lighting_helpers.fxh from non-loading thread.
WARNING: WinFileSystem::getFileType: Accessing shaders/std_effects/lighting_helpers.fxh from non-loading thread.
WARNING: WinFileSystem::getFileType: Accessing shaders/std_effects/lighting_helpers.fxh from non-loading thread.
WARNING: WinFileSystem::getFileType: Accessing fog_helpers.fxh from non-loading thread.
WARNING: WinFileSystem::getFileType: Accessing fog_helpers.fxh from non-loading thread.
WARNING: WinFileSystem::getFileType: Accessing shaders/std_effects/fog_helpers.fxh from non-loading thread.
WARNING: WinFileSystem::getFileType: Accessing shaders/std_effects/fog_helpers.fxh from non-loading thread.
WARNING: WinFileSystem::getFileType: Accessing vertex_declarations.fxh from non-loading thread.
WARNING: WinFileSystem::getFileType: Accessing vertex_declarations.fxh from non-loading thread.
WARNING: WinFileSystem::getFileType: Accessing shaders/std_effects/vertex_declarations.fxh from non-loading thread.
WARNING: WinFileSystem::getFileType: Accessing shaders/std_effects/vertex_declarations.fxh from non-loading thread.
WARNING: WinFileSystem::getFileType: Accessing material_helpers.fxh from non-loading thread.
WARNING: WinFileSystem::getFileType: Accessing material_helpers.fxh from non-loading thread.
WARNING: WinFileSystem::getFileType: Accessing shaders/std_effects/material_helpers.fxh from non-loading thread.
WARNING: WinFileSystem::getFileType: Accessing shaders/std_effects/material_helpers.fxh from non-loading thread.
WARNING: WinFileSystem::getFileType: Accessing sky_light_map_helpers.fxh from non-loading thread.
WARNING: WinFileSystem::getFileType: Accessing sky_light_map_helpers.fxh from non-loading thread.
WARNING: WinFileSystem::getFileType: Accessing shaders/std_effects/sky_light_map_helpers.fxh from non-loading thread.
WARNING: WinFileSystem::getFileType: Accessing shaders/std_effects/sky_light_map_helpers.fxh from non-loading thread.
WARNING: WinFileSystem::getFileType: Accessing fresnel_helpers.fxh from non-loading thread.
WARNING: WinFileSystem::getFileType: Accessing fresnel_helpers.fxh from non-loading thread.
WARNING: WinFileSystem::getFileType: Accessing shaders/std_effects/fresnel_helpers.fxh from non-loading thread.
WARNING: WinFileSystem::getFileType: Accessing shaders/std_effects/fresnel_helpers.fxh from non-loading thread.
WARNING: WinFileSystem::getFileType: Accessing depth_helpers.fxh from non-loading thread.
WARNING: WinFileSystem::getFileType: Accessing depth_helpers.fxh from non-loading thread.
WARNING: WinFileSystem::getFileType: Accessing shaders/std_effects/depth_helpers.fxh from non-loading thread.
WARNING: WinFileSystem::getFileType: Accessing shaders/std_effects/depth_helpers.fxh from non-loading thread.
WARNING: WinFileSystem::getFileType: Accessing unskinned_effect_include.fxh from non-loading thread.
WARNING: WinFileSystem::getFileType: Accessing unskinned_effect_include.fxh from non-loading thread.
WARNING: WinFileSystem::getFileType: Accessing shaders/std_effects/unskinned_effect_include.fxh from non-loading thread.
WARNING: WinFileSystem::getFileType: Accessing shaders/std_effects/unskinned_effect_include.fxh from non-loading thread.
WARNING: WinFileSystem::getFileType: Accessing lightonly_normal.fxh from non-loading thread.
WARNING: WinFileSystem::getFileType: Accessing lightonly_normal.fxh from non-loading thread.
WARNING: WinFileSystem::getFileType: Accessing shaders/std_effects/lightonly_normal.fxh from non-loading thread.
WARNING: WinFileSystem::getFileType: Accessing shaders/std_effects/lightonly_normal.fxh from non-loading thread.
WARNING: WinFileSystem::getFileType: Accessing lightonly_2uv.fxh from non-loading thread.
WARNING: WinFileSystem::getFileType: Accessing lightonly_2uv.fxh from non-loading thread.
WARNING: WinFileSystem::getFileType: Accessing shaders/std_effects/lightonly_2uv.fxh from non-loading thread.
WARNING: WinFileSystem::getFileType: Accessing shaders/std_effects/lightonly_2uv.fxh from non-loading thread.
WARNING: WinFileSystem::getFileType: Accessing shader_combination_helpers.fxh from non-loading thread.
WARNING: WinFileSystem::getFileType: Accessing shader_combination_helpers.fxh from non-loading thread.
WARNING: WinFileSystem::getFileType: Accessing shaders/std_effects/shader_combination_helpers.fxh from non-loading thread.
WARNING: WinFileSystem::getFileType: Accessing shaders/std_effects/shader_combination_helpers.fxh from non-loading thread.
WARNING: WinFileSystem::getFileType: Accessing sets/vehicles/ref_spot6_falloff.bmp from non-loading thread.
WARNING: WinFileSystem::getFileType: Accessing sets/vehicles/ref_spot6_falloff.bmp from non-loading thread.
WARNING: WinFileSystem::getFileType: Accessing sets/vehicles/ref_spot6_falloff.texformat from non-loading thread.
WARNING: WinFileSystem::getFileType: Accessing sets/vehicles/ref_spot6_falloff.texformat from non-loading thread.
WARNING: WinFileSystem::getFileType: Accessing sets/vehicles/ref_spot6_falloff.dds from non-loading thread.
WARNING: WinFileSystem::getFileType: Accessing sets/vehicles/ref_spot6_falloff.bmp from non-loading thread.
WARNING: WinFileSystem::getFileType: Accessing sets/vehicles/ref_spot6_falloff.texformat from non-loading thread.
WARNING: WinFileSystem::getFileType: Accessing sets/vehicles/ref_spot6_falloff.texformat from non-loading thread.
WARNING: WinFileSystem::getFileType: Accessing sets/vehicles/ref_spot6_falloff.texformat from non-loading thread.
WARNING: WinFileSystem::getFileType: Accessing sets/vehicles/ref_spot6_falloff.texformat from non-loading thread.
WARNING: WinFileSystem::getFileType: Accessing sets/vehicles/ref_spot6_falloff.texanim from non-loading thread.
WARNING: WinFileSystem::getFileType: Accessing sets/vehicles/ref_spot6_falloff.texanim from non-loading thread.
WARNING: WinFileSystem::getFileType: Accessing sets/vehicles/AFX_razflare.bmp from non-loading thread.
WARNING: WinFileSystem::getFileType: Accessing sets/vehicles/AFX_razflare.bmp from non-loading thread.
WARNING: WinFileSystem::getFileType: Accessing sets/vehicles/AFX_razflare.texformat from non-loading thread.
WARNING: WinFileSystem::getFileType: Accessing sets/vehicles/AFX_razflare.texformat from non-loading thread.
WARNING: WinFileSystem::getFileType: Accessing sets/vehicles/AFX_razflare.dds from non-loading thread.
WARNING: WinFileSystem::getFileType: Accessing sets/vehicles/AFX_razflare.bmp from non-loading thread.
WARNING: WinFileSystem::getFileType: Accessing sets/vehicles/AFX_razflare.texformat from non-loading thread.
WARNING: WinFileSystem::getFileType: Accessing sets/vehicles/AFX_razflare.texformat from non-loading thread.
WARNING: WinFileSystem::getFileType: Accessing sets/vehicles/AFX_razflare.texformat from non-loading thread.
WARNING: WinFileSystem::getFileType: Accessing sets/vehicles/AFX_razflare.texformat from non-loading thread.
WARNING: WinFileSystem::getFileType: Accessing sets/vehicles/AFX_razflare.texanim from non-loading thread.
WARNING: WinFileSystem::getFileType: Accessing sets/vehicles/AFX_razflare.texanim from non-loading thread.
WARNING: WinFileSystem::getFileType: Accessing sets/vehicles/razor_flare_anim.animation from non-loading thread.
WARNING: WinFileSystem::getFileType: Accessing sets/vehicles/razor_flare_anim.animation from non-loading thread.
WARNING: WinFileSystem::getFileType: Accessing sets/vehicles/razor_flare_anim.animation from non-loading thread.
WARNING: WinFileSystem::getFileType: Accessing sets/vehicles/razor_flare_anim.animation from non-loading thread.
WARNING: WinFileSystem::getFileType: Accessing sets/vehicles/razor_flare_anim.animation from non-loading thread.
PlayerAvatar::onBecomePlayer
PlayerAvatar::onEnterWorld: begin
WARNING: WinFileSystem::getFileType: Accessing scripts/client/Item from non-loading thread.
WARNING: WinFileSystem::getFileType: Accessing scripts/client/Item from non-loading thread.
WARNING: WinFileSystem::getFileType: Accessing scripts/client/Item.py from non-loading thread.
WARNING: WinFileSystem::getFileType: Accessing scripts/client/Item.pyc from non-loading thread.
WARNING: WinFileSystem::getFileType: Accessing scripts/client/Item.pyd from non-loading thread.
WARNING: WinFileSystem::getFileType: Accessing scripts/client/Item.pyd from non-loading thread.
WARNING: WinFileSystem::getFileType: Accessing scripts/client/Item.py from non-loading thread.
PlayerAvatar::onEnterWorld: end
WARNING: WinFileSystem::getFileType: Accessing sets/vehicles/razor_flare_bsp.visual from non-loading thread.
WARNING: WinFileSystem::getFileType: Accessing sets/vehicles/razor_flare_bsp.visual from non-loading thread.
WARNING: WinFileSystem::getFileType: Accessing stdinclude.fxh from non-loading thread.
WARNING: WinFileSystem::getFileType: Accessing stdinclude.fxh from non-loading thread.
WARNING: WinFileSystem::getFileType: Accessing shaders/std_effects/stdinclude.fxh from non-loading thread.
WARNING: WinFileSystem::getFileType: Accessing shaders/std_effects/stdinclude.fxh from non-loading thread.
WARNING: WinFileSystem::getFileType: Accessing optinclude.fxh from non-loading thread.
WARNING: WinFileSystem::getFileType: Accessing optinclude.fxh from non-loading thread.
WARNING: WinFileSystem::getFileType: Accessing shaders/std_effects/optinclude.fxh from non-loading thread.
WARNING: WinFileSystem::getFileType: Accessing shaders/std_effects/optinclude.fxh from non-loading thread.
WARNING: WinFileSystem::getFileType: Accessing d3d_state_mirror.fxh from non-loading thread.
WARNING: WinFileSystem::getFileType: Accessing d3d_state_mirror.fxh from non-loading thread.
WARNING: WinFileSystem::getFileType: Accessing shaders/std_effects/d3d_state_mirror.fxh from non-loading thread.
WARNING: WinFileSystem::getFileType: Accessing shaders/std_effects/d3d_state_mirror.fxh from non-loading thread.
WARNING: WinFileSystem::getFileType: Accessing lighting_helpers.fxh from non-loading thread.
WARNING: WinFileSystem::getFileType: Accessing lighting_helpers.fxh from non-loading thread.
WARNING: WinFileSystem::getFileType: Accessing shaders/std_effects/lighting_helpers.fxh from non-loading thread.
WARNING: WinFileSystem::getFileType: Accessing shaders/std_effects/lighting_helpers.fxh from non-loading thread.
WARNING: WinFileSystem::getFileType: Accessing fog_helpers.fxh from non-loading thread.
WARNING: WinFileSystem::getFileType: Accessing fog_helpers.fxh from non-loading thread.
WARNING: WinFileSystem::getFileType: Accessing shaders/std_effects/fog_helpers.fxh from non-loading thread.
WARNING: WinFileSystem::getFileType: Accessing shaders/std_effects/fog_helpers.fxh from non-loading thread.
WARNING: WinFileSystem::getFileType: Accessing vertex_declarations.fxh from non-loading thread.
WARNING: WinFileSystem::getFileType: Accessing vertex_declarations.fxh from non-loading thread.
WARNING: WinFileSystem::getFileType: Accessing shaders/std_effects/vertex_declarations.fxh from non-loading thread.
WARNING: WinFileSystem::getFileType: Accessing shaders/std_effects/vertex_declarations.fxh from non-loading thread.
WARNING: WinFileSystem::getFileType: Accessing material_helpers.fxh from non-loading thread.
WARNING: WinFileSystem::getFileType: Accessing material_helpers.fxh from non-loading thread.
WARNING: WinFileSystem::getFileType: Accessing shaders/std_effects/material_helpers.fxh from non-loading thread.
WARNING: WinFileSystem::getFileType: Accessing shaders/std_effects/material_helpers.fxh from non-loading thread.
WARNING: WinFileSystem::getFileType: Accessing sky_light_map_helpers.fxh from non-loading thread.
WARNING: WinFileSystem::getFileType: Accessing sky_light_map_helpers.fxh from non-loading thread.
WARNING: WinFileSystem::getFileType: Accessing shaders/std_effects/sky_light_map_helpers.fxh from non-loading thread.
WARNING: WinFileSystem::getFileType: Accessing shaders/std_effects/sky_light_map_helpers.fxh from non-loading thread.
WARNING: WinFileSystem::getFileType: Accessing fresnel_helpers.fxh from non-loading thread.
WARNING: WinFileSystem::getFileType: Accessing fresnel_helpers.fxh from non-loading thread.
WARNING: WinFileSystem::getFileType: Accessing shaders/std_effects/fresnel_helpers.fxh from non-loading thread.
WARNING: WinFileSystem::getFileType: Accessing shaders/std_effects/fresnel_helpers.fxh from non-loading thread.
WARNING: WinFileSystem::getFileType: Accessing depth_helpers.fxh from non-loading thread.
WARNING: WinFileSystem::getFileType: Accessing depth_helpers.fxh from non-loading thread.
WARNING: WinFileSystem::getFileType: Accessing shaders/std_effects/depth_helpers.fxh from non-loading thread.
WARNING: WinFileSystem::getFileType: Accessing shaders/std_effects/depth_helpers.fxh from non-loading thread.
WARNING: WinFileSystem::getFileType: Accessing unskinned_effect_include.fxh from non-loading thread.
WARNING: WinFileSystem::getFileType: Accessing unskinned_effect_include.fxh from non-loading thread.
WARNING: WinFileSystem::getFileType: Accessing shaders/std_effects/unskinned_effect_include.fxh from non-loading thread.
WARNING: WinFileSystem::getFileType: Accessing shaders/std_effects/unskinned_effect_include.fxh from non-loading thread.
WARNING: WinFileSystem::getFileType: Accessing lightonly_normal.fxh from non-loading thread.
WARNING: WinFileSystem::getFileType: Accessing lightonly_normal.fxh from non-loading thread.
WARNING: WinFileSystem::getFileType: Accessing shaders/std_effects/lightonly_normal.fxh from non-loading thread.
WARNING: WinFileSystem::getFileType: Accessing shaders/std_effects/lightonly_normal.fxh from non-loading thread.
WARNING: WinFileSystem::getFileType: Accessing lightonly_2uv.fxh from non-loading thread.
WARNING: WinFileSystem::getFileType: Accessing lightonly_2uv.fxh from non-loading thread.
WARNING: WinFileSystem::getFileType: Accessing shaders/std_effects/lightonly_2uv.fxh from non-loading thread.
WARNING: WinFileSystem::getFileType: Accessing shaders/std_effects/lightonly_2uv.fxh from non-loading thread.
WARNING: WinFileSystem::getFileType: Accessing shader_combination_helpers.fxh from non-loading thread.
WARNING: WinFileSystem::getFileType: Accessing shader_combination_helpers.fxh from non-loading thread.
WARNING: WinFileSystem::getFileType: Accessing shaders/std_effects/shader_combination_helpers.fxh from non-loading thread.
WARNING: WinFileSystem::getFileType: Accessing shaders/std_effects/shader_combination_helpers.fxh from non-loading thread.
WARNING: WinFileSystem::getFileType: Accessing sets/vehicles/ref_spot6_falloff.bmp from non-loading thread.
WARNING: WinFileSystem::getFileType: Accessing sets/vehicles/ref_spot6_falloff.bmp from non-loading thread.
WARNING: WinFileSystem::getFileType: Accessing sets/vehicles/ref_spot6_falloff.texformat from non-loading thread.
WARNING: WinFileSystem::getFileType: Accessing sets/vehicles/ref_spot6_falloff.texformat from non-loading thread.
WARNING: WinFileSystem::getFileType: Accessing sets/vehicles/ref_spot6_falloff.dds from non-loading thread.
WARNING: WinFileSystem::getFileType: Accessing sets/vehicles/ref_spot6_falloff.bmp from non-loading thread.
WARNING: WinFileSystem::getFileType: Accessing sets/vehicles/ref_spot6_falloff.texformat from non-loading thread.
WARNING: WinFileSystem::getFileType: Accessing sets/vehicles/ref_spot6_falloff.texformat from non-loading thread.
WARNING: WinFileSystem::getFileType: Accessing sets/vehicles/ref_spot6_falloff.texformat from non-loading thread.
WARNING: WinFileSystem::getFileType: Accessing sets/vehicles/ref_spot6_falloff.texformat from non-loading thread.
WARNING: WinFileSystem::getFileType: Accessing sets/vehicles/ref_spot6_falloff.texanim from non-loading thread.
WARNING: WinFileSystem::getFileType: Accessing sets/vehicles/ref_spot6_falloff.texanim from non-loading thread.
WARNING: WinFileSystem::getFileType: Accessing sets/vehicles/AFX_razflare.bmp from non-loading thread.
WARNING: WinFileSystem::getFileType: Accessing sets/vehicles/AFX_razflare.bmp from non-loading thread.
WARNING: WinFileSystem::getFileType: Accessing sets/vehicles/AFX_razflare.texformat from non-loading thread.
WARNING: WinFileSystem::getFileType: Accessing sets/vehicles/AFX_razflare.texformat from non-loading thread.
WARNING: WinFileSystem::getFileType: Accessing sets/vehicles/AFX_razflare.dds from non-loading thread.
WARNING: WinFileSystem::getFileType: Accessing sets/vehicles/AFX_razflare.bmp from non-loading thread.
WARNING: WinFileSystem::getFileType: Accessing sets/vehicles/AFX_razflare.texformat from non-loading thread.
WARNING: WinFileSystem::getFileType: Accessing sets/vehicles/AFX_razflare.texformat from non-loading thread.
WARNING: WinFileSystem::getFileType: Accessing sets/vehicles/AFX_razflare.texformat from non-loading thread.
WARNING: WinFileSystem::getFileType: Accessing sets/vehicles/AFX_razflare.texformat from non-loading thread.
WARNING: WinFileSystem::getFileType: Accessing sets/vehicles/AFX_razflare.texanim from non-loading thread.
WARNING: WinFileSystem::getFileType: Accessing sets/vehicles/AFX_razflare.texanim from non-loading thread.
WARNING: WinFileSystem::getFileType: Accessing sets/vehicles/razor_flare_anim.animation from non-loading thread.
WARNING: WinFileSystem::getFileType: Accessing sets/vehicles/razor_flare_anim.animation from non-loading thread.
WARNING: WinFileSystem::getFileType: Accessing sets/vehicles/razor_flare_anim.animation from non-loading thread.
WARNING: WinFileSystem::getFileType: Accessing sets/vehicles/razor_flare_anim.animation from non-loading thread.
WARNING: WinFileSystem::getFileType: Accessing sets/vehicles/razor_flare_anim.animation from non-loading thread.
PlayerAvatar::onBecomePlayer
PlayerAvatar::onEnterWorld: begin
WARNING: WinFileSystem::getFileType: Accessing scripts/client/Item from non-loading thread.
WARNING: WinFileSystem::getFileType: Accessing scripts/client/Item from non-loading thread.
WARNING: WinFileSystem::getFileType: Accessing scripts/client/Item.py from non-loading thread.
WARNING: WinFileSystem::getFileType: Accessing scripts/client/Item.pyc from non-loading thread.
WARNING: WinFileSystem::getFileType: Accessing scripts/client/Item.pyd from non-loading thread.
WARNING: WinFileSystem::getFileType: Accessing scripts/client/Item.pyd from non-loading thread.
WARNING: WinFileSystem::getFileType: Accessing scripts/client/Item.py from non-loading thread.
WARNING: WinFileSystem::getFileType: Accessing scripts/client/Item.pyc from non-loading thread.
WARNING: WinFileSystem::readFile: Accessing scripts/client/Item.pyc from non-loading thread.
WARNING: WinFileSystem::getFileType: Accessing gui/minimap_icon.gui from non-loading thread.
WARNING: WinFileSystem::readFile: Accessing gui/minimap_icon.gui from non-loading thread.
PlayerAvatar::onEnterWorld: end
WARNING: WinFileSystem::getFileType: Accessing sets from non-loading thread.
WARNING: WinFileSystem::readDirectory: Accessing sets from non-loading thread.
WARNING: WinFileSystem::readDirectory: Accessing sets from non-loading thread.
WARNING: WinFileSystem::getFileType: Accessing sets/vehicles/razor_flare.model from non-loading thread.
WARNING: WinFileSystem::readFile: Accessing sets/vehicles/razor_flare.model from non-loading thread.
WARNING: WinFileSystem::getFileType: Accessing sets/vehicles/razor_flare.visual from non-loading thread.
WARNING: WinFileSystem::readFile: Accessing sets/vehicles/razor_flare.visual from non-loading thread.
WARNING: WinFileSystem::getFileType: Accessing sets/vehicles/razor_flare_bsp.visual from non-loading thread.
WARNING: WinFileSystem::getFileType: Accessing sets/vehicles/razor_flare_bsp.visual from non-loading thread.
WARNING: WinFileSystem::getFileType: Accessing shaders/std_effects from non-loading thread.
WARNING: WinFileSystem::getFileType: Accessing shaders/std_effects from non-loading thread.
WARNING: WinFileSystem::readDirectory: Accessing shaders/std_effects from non-loading thread.
WARNING: WinFileSystem::readDirectory: Accessing shaders/std_effects from non-loading thread.
WARNING: WinFileSystem::getFileType: Accessing shaders/std_effects/lightonly_normal_add.00.fxo from non-loading thread.
WARNING: WinFileSystem::getFileType: Accessing shaders/std_effects/lightonly_normal_add.00.fxo from non-loading thread.
WARNING: ZipFileSystem::getFileTypeEx: Accessing hash from non-loading thread.
WARNING: ZipFileSystem::readFile: Accessing hash from non-loading thread.
WARNING: ZipFileSystem::getFileTypeEx: Accessing effect from non-loading thread.
WARNING: ZipFileSystem::readFile: Accessing effect from non-loading thread.
WARNING: ZipFileSystem::readFile: Accessing  from non-loading thread.
WARNING: ZipFileSystem::readFile: Accessing  from non-loading thread.
WARNING: ZipFileSystem::readFile: Accessing  from non-loading thread.
WARNING: ZipFileSystem::readFile: Accessing  from non-loading thread.
WARNING: ZipFileSystem::readFile: Accessing  from non-loading thread.
WARNING: ZipFileSystem::readFile: Accessing  from non-loading thread.
WARNING: ZipFileSystem::readFile: Accessing  from non-loading thread.
WARNING: ZipFileSystem::readFile: Accessing  from non-loading thread.
WARNING: ZipFileSystem::readFile: Accessing  from non-loading thread.
WARNING: ZipFileSystem::readFile: Accessing  from non-loading thread.
WARNING: ZipFileSystem::readFile: Accessing  from non-loading thread.
WARNING: ZipFileSystem::readFile: Accessing  from non-loading thread.
WARNING: ZipFileSystem::readFile: Accessing  from non-loading thread.
WARNING: ZipFileSystem::readFile: Accessing  from non-loading thread.
WARNING: WinFileSystem::getFileType: Accessing stdinclude.fxh from non-loading thread.
WARNING: WinFileSystem::getFileType: Accessing stdinclude.fxh from non-loading thread.
WARNING: WinFileSystem::getFileType: Accessing shaders/std_effects/stdinclude.fxh from non-loading thread.
WARNING: WinFileSystem::getFileType: Accessing shaders/std_effects/stdinclude.fxh from non-loading thread.
WARNING: WinFileSystem::getFileType: Accessing optinclude.fxh from non-loading thread.
WARNING: WinFileSystem::getFileType: Accessing optinclude.fxh from non-loading thread.
WARNING: WinFileSystem::getFileType: Accessing shaders/std_effects/optinclude.fxh from non-loading thread.
WARNING: WinFileSystem::getFileType: Accessing shaders/std_effects/optinclude.fxh from non-loading thread.
WARNING: WinFileSystem::getFileType: Accessing d3d_state_mirror.fxh from non-loading thread.
WARNING: WinFileSystem::getFileType: Accessing d3d_state_mirror.fxh from non-loading thread.
WARNING: WinFileSystem::getFileType: Accessing shaders/std_effects/d3d_state_mirror.fxh from non-loading thread.
WARNING: WinFileSystem::getFileType: Accessing shaders/std_effects/d3d_state_mirror.fxh from non-loading thread.
WARNING: WinFileSystem::getFileType: Accessing lighting_helpers.fxh from non-loading thread.
WARNING: WinFileSystem::getFileType: Accessing lighting_helpers.fxh from non-loading thread.
WARNING: WinFileSystem::getFileType: Accessing shaders/std_effects/lighting_helpers.fxh from non-loading thread.
WARNING: WinFileSystem::getFileType: Accessing shaders/std_effects/lighting_helpers.fxh from non-loading thread.
WARNING: WinFileSystem::getFileType: Accessing fog_helpers.fxh from non-loading thread.
WARNING: WinFileSystem::getFileType: Accessing fog_helpers.fxh from non-loading thread.
WARNING: WinFileSystem::getFileType: Accessing shaders/std_effects/fog_helpers.fxh from non-loading thread.
WARNING: WinFileSystem::getFileType: Accessing shaders/std_effects/fog_helpers.fxh from non-loading thread.
WARNING: WinFileSystem::getFileType: Accessing vertex_declarations.fxh from non-loading thread.
WARNING: WinFileSystem::getFileType: Accessing vertex_declarations.fxh from non-loading thread.
WARNING: WinFileSystem::getFileType: Accessing shaders/std_effects/vertex_declarations.fxh from non-loading thread.
WARNING: WinFileSystem::getFileType: Accessing shaders/std_effects/vertex_declarations.fxh from non-loading thread.
WARNING: WinFileSystem::getFileType: Accessing material_helpers.fxh from non-loading thread.
WARNING: WinFileSystem::getFileType: Accessing material_helpers.fxh from non-loading thread.
WARNING: WinFileSystem::getFileType: Accessing shaders/std_effects/material_helpers.fxh from non-loading thread.
WARNING: WinFileSystem::getFileType: Accessing shaders/std_effects/material_helpers.fxh from non-loading thread.
WARNING: WinFileSystem::getFileType: Accessing sky_light_map_helpers.fxh from non-loading thread.
WARNING: WinFileSystem::getFileType: Accessing sky_light_map_helpers.fxh from non-loading thread.
WARNING: WinFileSystem::getFileType: Accessing shaders/std_effects/sky_light_map_helpers.fxh from non-loading thread.
WARNING: WinFileSystem::getFileType: Accessing shaders/std_effects/sky_light_map_helpers.fxh from non-loading thread.
WARNING: WinFileSystem::getFileType: Accessing fresnel_helpers.fxh from non-loading thread.
WARNING: WinFileSystem::getFileType: Accessing fresnel_helpers.fxh from non-loading thread.
WARNING: WinFileSystem::getFileType: Accessing shaders/std_effects/fresnel_helpers.fxh from non-loading thread.
WARNING: WinFileSystem::getFileType: Accessing shaders/std_effects/fresnel_helpers.fxh from non-loading thread.
WARNING: WinFileSystem::getFileType: Accessing depth_helpers.fxh from non-loading thread.
WARNING: WinFileSystem::getFileType: Accessing depth_helpers.fxh from non-loading thread.
WARNING: WinFileSystem::getFileType: Accessing shaders/std_effects/depth_helpers.fxh from non-loading thread.
WARNING: WinFileSystem::getFileType: Accessing shaders/std_effects/depth_helpers.fxh from non-loading thread.
WARNING: WinFileSystem::getFileType: Accessing unskinned_effect_include.fxh from non-loading thread.
WARNING: WinFileSystem::getFileType: Accessing unskinned_effect_include.fxh from non-loading thread.
WARNING: WinFileSystem::getFileType: Accessing shaders/std_effects/unskinned_effect_include.fxh from non-loading thread.
WARNING: WinFileSystem::getFileType: Accessing shaders/std_effects/unskinned_effect_include.fxh from non-loading thread.
WARNING: WinFileSystem::getFileType: Accessing lightonly_normal.fxh from non-loading thread.
WARNING: WinFileSystem::getFileType: Accessing lightonly_normal.fxh from non-loading thread.
WARNING: WinFileSystem::getFileType: Accessing shaders/std_effects/lightonly_normal.fxh from non-loading thread.
WARNING: WinFileSystem::getFileType: Accessing shaders/std_effects/lightonly_normal.fxh from non-loading thread.
WARNING: WinFileSystem::getFileType: Accessing lightonly_2uv.fxh from non-loading thread.
WARNING: WinFileSystem::getFileType: Accessing lightonly_2uv.fxh from non-loading thread.
WARNING: WinFileSystem::getFileType: Accessing shaders/std_effects/lightonly_2uv.fxh from non-loading thread.
WARNING: WinFileSystem::getFileType: Accessing shaders/std_effects/lightonly_2uv.fxh from non-loading thread.
WARNING: WinFileSystem::getFileType: Accessing shader_combination_helpers.fxh from non-loading thread.
WARNING: WinFileSystem::getFileType: Accessing shader_combination_helpers.fxh from non-loading thread.
WARNING: WinFileSystem::getFileType: Accessing shaders/std_effects/shader_combination_helpers.fxh from non-loading thread.
WARNING: WinFileSystem::getFileType: Accessing shaders/std_effects/shader_combination_helpers.fxh from non-loading thread.
WARNING: WinFileSystem::getFileType: Accessing sets/vehicles/ref_spot6_falloff.bmp from non-loading thread.
WARNING: WinFileSystem::getFileType: Accessing sets/vehicles/ref_spot6_falloff.bmp from non-loading thread.
WARNING: WinFileSystem::getFileType: Accessing sets/vehicles/ref_spot6_falloff.texformat from non-loading thread.
WARNING: WinFileSystem::getFileType: Accessing sets/vehicles/ref_spot6_falloff.texformat from non-loading thread.
WARNING: WinFileSystem::getFileType: Accessing sets/vehicles/ref_spot6_falloff.dds from non-loading thread.
WARNING: WinFileSystem::getFileType: Accessing sets/vehicles/ref_spot6_falloff.bmp from non-loading thread.
WARNING: WinFileSystem::getFileType: Accessing sets/vehicles/ref_spot6_falloff.texformat from non-loading thread.
WARNING: WinFileSystem::getFileType: Accessing sets/vehicles/ref_spot6_falloff.texformat from non-loading thread.
WARNING: WinFileSystem::getFileType: Accessing sets/vehicles/ref_spot6_falloff.texformat from non-loading thread.
WARNING: WinFileSystem::getFileType: Accessing sets/vehicles/ref_spot6_falloff.texformat from non-loading thread.
WARNING: WinFileSystem::getFileType: Accessing sets/vehicles/ref_spot6_falloff.texanim from non-loading thread.
WARNING: WinFileSystem::getFileType: Accessing sets/vehicles/ref_spot6_falloff.texanim from non-loading thread.
WARNING: WinFileSystem::getFileType: Accessing sets/vehicles/ref_spot6_falloff.dds from non-loading thread.
WARNING: WinFileSystem::readFile: Accessing sets/vehicles/ref_spot6_falloff.dds from non-loading thread.
WARNING: WinFileSystem::getFileType: Accessing sets/vehicles/AFX_razflare.bmp from non-loading thread.
WARNING: WinFileSystem::getFileType: Accessing sets/vehicles/AFX_razflare.bmp from non-loading thread.
WARNING: WinFileSystem::getFileType: Accessing sets/vehicles/AFX_razflare.texformat from non-loading thread.
WARNING: WinFileSystem::getFileType: Accessing sets/vehicles/AFX_razflare.texformat from non-loading thread.
WARNING: WinFileSystem::getFileType: Accessing sets/vehicles/AFX_razflare.dds from non-loading thread.
WARNING: WinFileSystem::getFileType: Accessing sets/vehicles/AFX_razflare.bmp from non-loading thread.
WARNING: WinFileSystem::getFileType: Accessing sets/vehicles/AFX_razflare.texformat from non-loading thread.
WARNING: WinFileSystem::getFileType: Accessing sets/vehicles/AFX_razflare.texformat from non-loading thread.
WARNING: WinFileSystem::getFileType: Accessing sets/vehicles/AFX_razflare.texformat from non-loading thread.
WARNING: WinFileSystem::getFileType: Accessing sets/vehicles/AFX_razflare.texformat from non-loading thread.
WARNING: WinFileSystem::getFileType: Accessing sets/vehicles/AFX_razflare.texanim from non-loading thread.
WARNING: WinFileSystem::getFileType: Accessing sets/vehicles/AFX_razflare.texanim from non-loading thread.
WARNING: WinFileSystem::getFileType: Accessing sets/vehicles/AFX_razflare.dds from non-loading thread.
WARNING: WinFileSystem::readFile: Accessing sets/vehicles/AFX_razflare.dds from non-loading thread.
WARNING: WinFileSystem::getFileType: Accessing sets/vehicles/razor_flare_anim.animation from non-loading thread.
WARNING: WinFileSystem::getFileType: Accessing sets/vehicles/razor_flare_anim.animation from non-loading thread.
WARNING: WinFileSystem::getFileType: Accessing sets/vehicles/razor_flare_anim.animation from non-loading thread.
WARNING: WinFileSystem::getFileType: Accessing sets/vehicles/razor_flare_anim.animation from non-loading thread.
WARNING: WinFileSystem::getFileType: Accessing sets/vehicles/razor_flare_anim.animation from non-loading thread.
PostProcessing.fini()
RenderTargets.fini()
PostProcessing.Phases.fini()
\--------------------------------------------------------------------------------/

/------------------------------------------------------------------------------\
BigWorld Release Client (compiled at 03:31:47 Oct  9 2010) starting on Thu Nov 05 23:22:32 2020
Trace: init: Initialising IME components
fantasydemo personality selected.
PostProcessing.init()
PostProcessing: total memory used by default RenderTargets : 0.00 MB
WARNING: WinFileSystem: Case mismatch opening C:/BigWorld_2.0.1/BigWorld/fantasydemo/res/speedtree/shrubs_flowers/elephant_ear/compositemap_Diffuse.dds (CompositeMap_Diffuse.dds)
WARNING: WinFileSystem: Case mismatch opening C:/BigWorld_2.0.1/BigWorld/fantasydemo/res/speedtree/shrubs_flowers/elephant_ear/compositemap_Normal.dds (CompositeMap_Normal.dds)
Entering space: spaces/eval_empty (server: offline)
PlayerAvatar::onBecomePlayer
PlayerAvatar::onEnterWorld: begin
WARNING: WinFileSystem::getFileType: Accessing gui/maps/icon_items/icon_staff.tga from non-loading thread.
WARNING: WinFileSystem::getFileType: Accessing gui/maps/icon_items/icon_staff.tga from non-loading thread.
WARNING: WinFileSystem::getFileType: Accessing gui/maps from non-loading thread.
WARNING: WinFileSystem::readDirectory: Accessing gui/maps from non-loading thread.
WARNING: WinFileSystem::readDirectory: Accessing gui/maps from non-loading thread.
WARNING: WinFileSystem::getFileType: Accessing gui/maps/icon_items from non-loading thread.
WARNING: WinFileSystem::readDirectory: Accessing gui/maps/icon_items from non-loading thread.
WARNING: WinFileSystem::readDirectory: Accessing gui/maps/icon_items from non-loading thread.
WARNING: WinFileSystem::getFileType: Accessing gui/maps/icon_items/icon_staff.texformat from non-loading thread.
WARNING: WinFileSystem::getFileType: Accessing gui/maps/icon_items/icon_staff.texformat from non-loading thread.
WARNING: WinFileSystem::getFileType: Accessing gui/maps/icon_items/icon_staff.dds from non-loading thread.
WARNING: WinFileSystem::getFileType: Accessing gui/maps/icon_items/icon_staff.tga from non-loading thread.
WARNING: WinFileSystem::getFileType: Accessing gui/maps/icon_items/icon_staff.texformat from non-loading thread.
WARNING: WinFileSystem::getFileType: Accessing gui/maps/icon_items/icon_staff.texformat from non-loading thread.
WARNING: WinFileSystem::getFileType: Accessing gui/maps/icon_items/icon_staff.texformat from non-loading thread.
WARNING: WinFileSystem::getFileType: Accessing gui/maps/icon_items/icon_staff.texformat from non-loading thread.
WARNING: WinFileSystem::getFileType: Accessing gui/maps/icon_items/icon_staff.texanim from non-loading thread.
WARNING: WinFileSystem::getFileType: Accessing gui/maps/icon_items/icon_staff.texanim from non-loading thread.
WARNING: WinFileSystem::getFileType: Accessing gui/maps/icon_items/icon_staff.dds from non-loading thread.
WARNING: WinFileSystem::readFile: Accessing gui/maps/icon_items/icon_staff.dds from non-loading thread.
WARNING: WinFileSystem::getFileType: Accessing gui/maps/icon_items/icon_food_drumstick.tga from non-loading thread.
WARNING: WinFileSystem::getFileType: Accessing gui/maps/icon_items/icon_food_drumstick.tga from non-loading thread.
WARNING: WinFileSystem::getFileType: Accessing gui/maps/icon_items/icon_food_drumstick.texformat from non-loading thread.
WARNING: WinFileSystem::getFileType: Accessing gui/maps/icon_items/icon_food_drumstick.texformat from non-loading thread.
WARNING: WinFileSystem::getFileType: Accessing gui/maps/icon_items/icon_food_drumstick.dds from non-loading thread.
WARNING: WinFileSystem::getFileType: Accessing gui/maps/icon_items/icon_food_drumstick.tga from non-loading thread.
WARNING: WinFileSystem::getFileType: Accessing gui/maps/icon_items/icon_food_drumstick.texformat from non-loading thread.
WARNING: WinFileSystem::getFileType: Accessing gui/maps/icon_items/icon_food_drumstick.texformat from non-loading thread.
WARNING: WinFileSystem::getFileType: Accessing gui/maps/icon_items/icon_food_drumstick.texformat from non-loading thread.
WARNING: WinFileSystem::getFileType: Accessing gui/maps/icon_items/icon_food_drumstick.texformat from non-loading thread.
WARNING: WinFileSystem::getFileType: Accessing gui/maps/icon_items/icon_food_drumstick.texanim from non-loading thread.
WARNING: WinFileSystem::getFileType: Accessing gui/maps/icon_items/icon_food_drumstick.texanim from non-loading thread.
WARNING: WinFileSystem::getFileType: Accessing gui/maps/icon_items/icon_food_drumstick.dds from non-loading thread.
WARNING: WinFileSystem::readFile: Accessing gui/maps/icon_items/icon_food_drumstick.dds from non-loading thread.
WARNING: WinFileSystem::getFileType: Accessing gui/maps/icon_items/icon_tek_binoc2.tga from non-loading thread.
WARNING: WinFileSystem::getFileType: Accessing gui/maps/icon_items/icon_tek_binoc2.tga from non-loading thread.
WARNING: WinFileSystem::getFileType: Accessing gui/maps/icon_items/icon_tek_binoc2.texformat from non-loading thread.
WARNING: WinFileSystem::getFileType: Accessing gui/maps/icon_items/icon_tek_binoc2.texformat from non-loading thread.
WARNING: WinFileSystem::getFileType: Accessing gui/maps/icon_items/icon_tek_binoc2.dds from non-loading thread.
WARNING: WinFileSystem::getFileType: Accessing gui/maps/icon_items/icon_tek_binoc2.tga from non-loading thread.
WARNING: WinFileSystem::getFileType: Accessing gui/maps/icon_items/icon_tek_binoc2.texformat from non-loading thread.
WARNING: WinFileSystem::getFileType: Accessing gui/maps/icon_items/icon_tek_binoc2.texformat from non-loading thread.
WARNING: WinFileSystem::getFileType: Accessing gui/maps/icon_items/icon_tek_binoc2.texformat from non-loading thread.
WARNING: WinFileSystem::getFileType: Accessing gui/maps/icon_items/icon_tek_binoc2.texformat from non-loading thread.
WARNING: WinFileSystem::getFileType: Accessing gui/maps/icon_items/icon_tek_binoc2.texanim from non-loading thread.
WARNING: WinFileSystem::getFileType: Accessing gui/maps/icon_items/icon_tek_binoc2.texanim from non-loading thread.
WARNING: WinFileSystem::getFileType: Accessing gui/maps/icon_items/icon_tek_binoc2.dds from non-loading thread.
WARNING: WinFileSystem::readFile: Accessing gui/maps/icon_items/icon_tek_binoc2.dds from non-loading thread.
WARNING: WinFileSystem::getFileType: Accessing gui/maps/icon_items/icon_sword_bastard.tga from non-loading thread.
WARNING: WinFileSystem::getFileType: Accessing gui/maps/icon_items/icon_sword_bastard.tga from non-loading thread.
WARNING: WinFileSystem::getFileType: Accessing gui/maps/icon_items/icon_sword_bastard.texformat from non-loading thread.
WARNING: WinFileSystem::getFileType: Accessing gui/maps/icon_items/icon_sword_bastard.texformat from non-loading thread.
WARNING: WinFileSystem::getFileType: Accessing gui/maps/icon_items/icon_sword_bastard.dds from non-loading thread.
WARNING: WinFileSystem::getFileType: Accessing gui/maps/icon_items/icon_sword_bastard.tga from non-loading thread.
WARNING: WinFileSystem::getFileType: Accessing gui/maps/icon_items/icon_sword_bastard.texformat from non-loading thread.
WARNING: WinFileSystem::getFileType: Accessing gui/maps/icon_items/icon_sword_bastard.texformat from non-loading thread.
WARNING: WinFileSystem::getFileType: Accessing gui/maps/icon_items/icon_sword_bastard.texformat from non-loading thread.
WARNING: WinFileSystem::getFileType: Accessing gui/maps/icon_items/icon_sword_bastard.texformat from non-loading thread.
WARNING: WinFileSystem::getFileType: Accessing gui/maps/icon_items/icon_sword_bastard.texanim from non-loading thread.
WARNING: WinFileSystem::getFileType: Accessing gui/maps/icon_items/icon_sword_bastard.texanim from non-loading thread.
WARNING: WinFileSystem::getFileType: Accessing gui/maps/icon_items/icon_sword_bastard.dds from non-loading thread.
WARNING: WinFileSystem::readFile: Accessing gui/maps/icon_items/icon_sword_bastard.dds from non-loading thread.
WARNING: WinFileSystem::getFileType: Accessing gui/maps/icon_items/icon_sword_bastard_mithril.tga from non-loading thread.
WARNING: WinFileSystem::getFileType: Accessing gui/maps/icon_items/icon_sword_bastard_mithril.tga from non-loading thread.
WARNING: WinFileSystem::getFileType: Accessing gui/maps/icon_items/icon_sword_bastard_mithril.texformat from non-loading thread.
WARNING: WinFileSystem::getFileType: Accessing gui/maps/icon_items/icon_sword_bastard_mithril.texformat from non-loading thread.
WARNING: WinFileSystem::getFileType: Accessing gui/maps/icon_items/icon_sword_bastard_mithril.dds from non-loading thread.
WARNING: WinFileSystem::getFileType: Accessing gui/maps/icon_items/icon_sword_bastard_mithril.tga from non-loading thread.
WARNING: WinFileSystem::getFileType: Accessing gui/maps/icon_items/icon_sword_bastard_mithril.texformat from non-loading thread.
WARNING: WinFileSystem::getFileType: Accessing gui/maps/icon_items/icon_sword_bastard_mithril.texformat from non-loading thread.
WARNING: WinFileSystem::getFileType: Accessing gui/maps/icon_items/icon_sword_bastard_mithril.texformat from non-loading thread.
WARNING: WinFileSystem::getFileType: Accessing gui/maps/icon_items/icon_sword_bastard_mithril.texformat from non-loading thread.
WARNING: WinFileSystem::getFileType: Accessing gui/maps/icon_items/icon_sword_bastard_mithril.texanim from non-loading thread.
WARNING: WinFileSystem::getFileType: Accessing gui/maps/icon_items/icon_sword_bastard_mithril.texanim from non-loading thread.
WARNING: WinFileSystem::getFileType: Accessing gui/maps/icon_items/icon_sword_bastard_mithril.dds from non-loading thread.
WARNING: WinFileSystem::readFile: Accessing gui/maps/icon_items/icon_sword_bastard_mithril.dds from non-loading thread.
WARNING: WinFileSystem::getFileType: Accessing gui/maps/icon_items/icon_grail.tga from non-loading thread.
WARNING: WinFileSystem::getFileType: Accessing gui/maps/icon_items/icon_grail.tga from non-loading thread.
WARNING: WinFileSystem::getFileType: Accessing gui/maps/icon_items/icon_grail.texformat from non-loading thread.
WARNING: WinFileSystem::getFileType: Accessing gui/maps/icon_items/icon_grail.texformat from non-loading thread.
WARNING: WinFileSystem::getFileType: Accessing gui/maps/icon_items/icon_grail.dds from non-loading thread.
WARNING: WinFileSystem::getFileType: Accessing gui/maps/icon_items/icon_grail.tga from non-loading thread.
WARNING: WinFileSystem::getFileType: Accessing gui/maps/icon_items/icon_grail.texformat from non-loading thread.
WARNING: WinFileSystem::getFileType: Accessing gui/maps/icon_items/icon_grail.texformat from non-loading thread.
WARNING: WinFileSystem::getFileType: Accessing gui/maps/icon_items/icon_grail.texformat from non-loading thread.
WARNING: WinFileSystem::getFileType: Accessing gui/maps/icon_items/icon_grail.texformat from non-loading thread.
WARNING: WinFileSystem::getFileType: Accessing gui/maps/icon_items/icon_grail.texanim from non-loading thread.
WARNING: WinFileSystem::getFileType: Accessing gui/maps/icon_items/icon_grail.texanim from non-loading thread.
WARNING: WinFileSystem::getFileType: Accessing gui/maps/icon_items/icon_grail.dds from non-loading thread.
WARNING: WinFileSystem::readFile: Accessing gui/maps/icon_items/icon_grail.dds from non-loading thread.
WARNING: WinFileSystem::getFileType: Accessing scripts/client/Item from non-loading thread.
WARNING: WinFileSystem::getFileType: Accessing scripts/client/Item from non-loading thread.
WARNING: WinFileSystem::getFileType: Accessing scripts/client/Item.py from non-loading thread.
WARNING: WinFileSystem::getFileType: Accessing scripts/client/Item.pyc from non-loading thread.
WARNING: WinFileSystem::getFileType: Accessing scripts/client/Item.pyd from non-loading thread.
WARNING: WinFileSystem::getFileType: Accessing scripts/client/Item.pyd from non-loading thread.
WARNING: WinFileSystem::getFileType: Accessing scripts/client/Item.py from non-loading thread.
WARNING: WinFileSystem::getFileType: Accessing scripts/client/Item.pyc from non-loading thread.
WARNING: WinFileSystem::readFile: Accessing scripts/client/Item.pyc from non-loading thread.
WARNING: WinFileSystem::getFileType: Accessing gui/minimap_icon.gui from non-loading thread.
WARNING: WinFileSystem::readFile: Accessing gui/minimap_icon.gui from non-loading thread.
WARNING: WinFileSystem::getFileType: Accessing gui/maps/mini_map_player.tga from non-loading thread.
WARNING: WinFileSystem::getFileType: Accessing gui/maps/mini_map_player.tga from non-loading thread.
WARNING: WinFileSystem::getFileType: Accessing gui/maps/mini_map_player.texformat from non-loading thread.
WARNING: WinFileSystem::getFileType: Accessing gui/maps/mini_map_player.texformat from non-loading thread.
WARNING: WinFileSystem::getFileType: Accessing gui/maps/mini_map_player.dds from non-loading thread.
WARNING: WinFileSystem::getFileType: Accessing gui/maps/mini_map_player.tga from non-loading thread.
WARNING: WinFileSystem::getFileType: Accessing gui/maps/mini_map_player.texformat from non-loading thread.
WARNING: WinFileSystem::getFileType: Accessing gui/maps/mini_map_player.texformat from non-loading thread.
WARNING: WinFileSystem::getFileType: Accessing gui/maps/mini_map_player.texformat from non-loading thread.
WARNING: WinFileSystem::getFileType: Accessing gui/maps/mini_map_player.texformat from non-loading thread.
WARNING: WinFileSystem::getFileType: Accessing gui/maps/mini_map_player.texanim from non-loading thread.
WARNING: WinFileSystem::getFileType: Accessing gui/maps/mini_map_player.texanim from non-loading thread.
WARNING: WinFileSystem::getFileType: Accessing gui/maps/mini_map_player.dds from non-loading thread.
WARNING: WinFileSystem::readFile: Accessing gui/maps/mini_map_player.dds from non-loading thread.
WARNING: WinFileSystem::getFileType: Accessing sets from non-loading thread.
WARNING: WinFileSystem::readDirectory: Accessing sets from non-loading thread.
WARNING: WinFileSystem::readDirectory: Accessing sets from non-loading thread.
WARNING: WinFileSystem::getFileType: Accessing sets/global from non-loading thread.
WARNING: WinFileSystem::readDirectory: Accessing sets/global from non-loading thread.
WARNING: WinFileSystem::readDirectory: Accessing sets/global from non-loading thread.
WARNING: WinFileSystem::getFileType: Accessing sets/global/checker.model from non-loading thread.
WARNING: WinFileSystem::readFile: Accessing sets/global/checker.model from non-loading thread.
WARNING: WinFileSystem::getFileType: Accessing sets/global/checker.static.visual from non-loading thread.
WARNING: WinFileSystem::getFileType: Accessing sets/global/checker.static.visual from non-loading thread.
WARNING: WinFileSystem::getFileType: Accessing sets/global/checker.visual from non-loading thread.
WARNING: WinFileSystem::readFile: Accessing sets/global/checker.visual from non-loading thread.
WARNING: WinFileSystem::getFileType: Accessing sets/global/checker_bsp.visual from non-loading thread.
WARNING: WinFileSystem::getFileType: Accessing sets/global/checker_bsp.visual from non-loading thread.
WARNING: WinFileSystem::getFileType: Accessing sets/global/checker.primitives from non-loading thread.
WARNING: WinFileSystem::readFile: Accessing sets/global/checker.primitives from non-loading thread.
WARNING: WinFileSystem::getFileType: Accessing sets/global/checker.bmp from non-loading thread.
WARNING: WinFileSystem::getFileType: Accessing sets/global/checker.bmp from non-loading thread.
WARNING: WinFileSystem::getFileType: Accessing sets/global/checker.texformat from non-loading thread.
WARNING: WinFileSystem::getFileType: Accessing sets/global/checker.texformat from non-loading thread.
WARNING: WinFileSystem::getFileType: Accessing sets/global/checker.dds from non-loading thread.
WARNING: WinFileSystem::getFileType: Accessing sets/global/checker.bmp from non-loading thread.
WARNING: WinFileSystem::getFileType: Accessing sets/global/checker.texformat from non-loading thread.
WARNING: WinFileSystem::getFileType: Accessing sets/global/checker.texformat from non-loading thread.
WARNING: WinFileSystem::getFileType: Accessing sets/global/checker.texformat from non-loading thread.
WARNING: WinFileSystem::getFileType: Accessing sets/global/checker.texformat from non-loading thread.
WARNING: WinFileSystem::getFileType: Accessing sets/global/checker.texanim from non-loading thread.
WARNING: WinFileSystem::getFileType: Accessing sets/global/checker.texanim from non-loading thread.
WARNING: WinFileSystem::getFileType: Accessing sets/global/checker.dds from non-loading thread.
WARNING: WinFileSystem::readFile: Accessing sets/global/checker.dds from non-loading thread.
PlayerAvatar::onEnterWorld: end
WARNING: WinFileSystem::getFileType: Accessing maps/fx/fx_dirt01.tga from non-loading thread.
WARNING: WinFileSystem::getFileType: Accessing maps/fx/fx_dirt01.tga from non-loading thread.
WARNING: WinFileSystem::getFileType: Accessing maps from non-loading thread.
WARNING: WinFileSystem::readDirectory: Accessing maps from non-loading thread.
WARNING: WinFileSystem::readDirectory: Accessing maps from non-loading thread.
WARNING: WinFileSystem::getFileType: Accessing maps/fx from non-loading thread.
WARNING: WinFileSystem::readDirectory: Accessing maps/fx from non-loading thread.
WARNING: WinFileSystem::readDirectory: Accessing maps/fx from non-loading thread.
WARNING: WinFileSystem::getFileType: Accessing maps/fx/fx_dirt01.texformat from non-loading thread.
WARNING: WinFileSystem::getFileType: Accessing maps/fx/fx_dirt01.texformat from non-loading thread.
WARNING: WinFileSystem::getFileType: Accessing maps/fx/fx_dirt01.dds from non-loading thread.
WARNING: WinFileSystem::getFileType: Accessing maps/fx/fx_dirt01.tga from non-loading thread.
WARNING: WinFileSystem::getFileType: Accessing maps/fx/fx_dirt01.texformat from non-loading thread.
WARNING: WinFileSystem::getFileType: Accessing maps/fx/fx_dirt01.texformat from non-loading thread.
WARNING: WinFileSystem::getFileType: Accessing maps/fx/fx_dirt01.texformat from non-loading thread.
WARNING: WinFileSystem::getFileType: Accessing maps/fx/fx_dirt01.texformat from non-loading thread.
WARNING: WinFileSystem::getFileType: Accessing maps/fx/fx_dirt01.texanim from non-loading thread.
WARNING: WinFileSystem::readFile: Accessing maps/fx/fx_dirt01.texanim from non-loading thread.
WARNING: WinFileSystem::getFileType: Accessing maps/fx/fx_dirt01.tga from non-loading thread.
WARNING: WinFileSystem::getFileType: Accessing maps/fx/fx_dirt01.tga from non-loading thread.
WARNING: WinFileSystem::getFileType: Accessing maps/fx/fx_dirt01.texformat from non-loading thread.
WARNING: WinFileSystem::getFileType: Accessing maps/fx/fx_dirt01.texformat from non-loading thread.
WARNING: WinFileSystem::getFileType: Accessing maps/fx/fx_dirt01.dds from non-loading thread.
WARNING: WinFileSystem::getFileType: Accessing maps/fx/fx_dirt01.tga from non-loading thread.
WARNING: WinFileSystem::getFileType: Accessing maps/fx/fx_dirt01.texformat from non-loading thread.
WARNING: WinFileSystem::getFileType: Accessing maps/fx/fx_dirt01.texformat from non-loading thread.
WARNING: WinFileSystem::getFileType: Accessing maps/fx/fx_dirt01.texformat from non-loading thread.
WARNING: WinFileSystem::getFileType: Accessing maps/fx/fx_dirt01.texformat from non-loading thread.
WARNING: WinFileSystem::getFileType: Accessing maps/fx/fx_dirt01.dds from non-loading thread.
WARNING: WinFileSystem::readFile: Accessing maps/fx/fx_dirt01.dds from non-loading thread.
WARNING: WinFileSystem::getFileType: Accessing maps/fx/fx_dirt02.tga from non-loading thread.
WARNING: WinFileSystem::getFileType: Accessing maps/fx/fx_dirt02.tga from non-loading thread.
WARNING: WinFileSystem::getFileType: Accessing maps/fx/fx_dirt02.texformat from non-loading thread.
WARNING: WinFileSystem::getFileType: Accessing maps/fx/fx_dirt02.texformat from non-loading thread.
WARNING: WinFileSystem::getFileType: Accessing maps/fx/fx_dirt02.dds from non-loading thread.
WARNING: WinFileSystem::getFileType: Accessing maps/fx/fx_dirt02.tga from non-loading thread.
WARNING: WinFileSystem::getFileType: Accessing maps/fx/fx_dirt02.texformat from non-loading thread.
WARNING: WinFileSystem::getFileType: Accessing maps/fx/fx_dirt02.texformat from non-loading thread.
WARNING: WinFileSystem::getFileType: Accessing maps/fx/fx_dirt02.texformat from non-loading thread.
WARNING: WinFileSystem::getFileType: Accessing maps/fx/fx_dirt02.texformat from non-loading thread.
WARNING: WinFileSystem::getFileType: Accessing maps/fx/fx_dirt02.dds from non-loading thread.
WARNING: WinFileSystem::readFile: Accessing maps/fx/fx_dirt02.dds from non-loading thread.
WARNING: WinFileSystem::getFileType: Accessing maps/fx/fx_dirt03.tga from non-loading thread.
WARNING: WinFileSystem::getFileType: Accessing maps/fx/fx_dirt03.tga from non-loading thread.
WARNING: WinFileSystem::getFileType: Accessing maps/fx/fx_dirt03.texformat from non-loading thread.
WARNING: WinFileSystem::getFileType: Accessing maps/fx/fx_dirt03.texformat from non-loading thread.
WARNING: WinFileSystem::getFileType: Accessing maps/fx/fx_dirt03.dds from non-loading thread.
WARNING: WinFileSystem::getFileType: Accessing maps/fx/fx_dirt03.tga from non-loading thread.
WARNING: WinFileSystem::getFileType: Accessing maps/fx/fx_dirt03.texformat from non-loading thread.
WARNING: WinFileSystem::getFileType: Accessing maps/fx/fx_dirt03.texformat from non-loading thread.
WARNING: WinFileSystem::getFileType: Accessing maps/fx/fx_dirt03.texformat from non-loading thread.
WARNING: WinFileSystem::getFileType: Accessing maps/fx/fx_dirt03.texformat from non-loading thread.
WARNING: WinFileSystem::getFileType: Accessing maps/fx/fx_dirt03.dds from non-loading thread.
WARNING: WinFileSystem::readFile: Accessing maps/fx/fx_dirt03.dds from non-loading thread.
WARNING: WinFileSystem::getFileType: Accessing maps/fx/fx_dirt04.tga from non-loading thread.
WARNING: WinFileSystem::getFileType: Accessing maps/fx/fx_dirt04.tga from non-loading thread.
WARNING: WinFileSystem::getFileType: Accessing maps/fx/fx_dirt04.texformat from non-loading thread.
WARNING: WinFileSystem::getFileType: Accessing maps/fx/fx_dirt04.texformat from non-loading thread.
WARNING: WinFileSystem::getFileType: Accessing maps/fx/fx_dirt04.dds from non-loading thread.
WARNING: WinFileSystem::getFileType: Accessing maps/fx/fx_dirt04.tga from non-loading thread.
WARNING: WinFileSystem::getFileType: Accessing maps/fx/fx_dirt04.texformat from non-loading thread.
WARNING: WinFileSystem::getFileType: Accessing maps/fx/fx_dirt04.texformat from non-loading thread.
WARNING: WinFileSystem::getFileType: Accessing maps/fx/fx_dirt04.texformat from non-loading thread.
WARNING: WinFileSystem::getFileType: Accessing maps/fx/fx_dirt04.texformat from non-loading thread.
WARNING: WinFileSystem::getFileType: Accessing maps/fx/fx_dirt04.dds from non-loading thread.
WARNING: WinFileSystem::readFile: Accessing maps/fx/fx_dirt04.dds from non-loading thread.
WARNING: WinFileSystem::getFileType: Accessing maps/fx/fx_dirt05.tga from non-loading thread.
WARNING: WinFileSystem::getFileType: Accessing maps/fx/fx_dirt05.tga from non-loading thread.
WARNING: WinFileSystem::getFileType: Accessing maps/fx/fx_dirt05.texformat from non-loading thread.
WARNING: WinFileSystem::getFileType: Accessing maps/fx/fx_dirt05.texformat from non-loading thread.
WARNING: WinFileSystem::getFileType: Accessing maps/fx/fx_dirt05.dds from non-loading thread.
WARNING: WinFileSystem::getFileType: Accessing maps/fx/fx_dirt05.tga from non-loading thread.
WARNING: WinFileSystem::getFileType: Accessing maps/fx/fx_dirt05.texformat from non-loading thread.
WARNING: WinFileSystem::getFileType: Accessing maps/fx/fx_dirt05.texformat from non-loading thread.
WARNING: WinFileSystem::getFileType: Accessing maps/fx/fx_dirt05.texformat from non-loading thread.
WARNING: WinFileSystem::getFileType: Accessing maps/fx/fx_dirt05.texformat from non-loading thread.
WARNING: WinFileSystem::getFileType: Accessing maps/fx/fx_dirt05.dds from non-loading thread.
WARNING: WinFileSystem::readFile: Accessing maps/fx/fx_dirt05.dds from non-loading thread.
WARNING: WinFileSystem::getFileType: Accessing maps/fx/fx_dirt06.tga from non-loading thread.
WARNING: WinFileSystem::getFileType: Accessing maps/fx/fx_dirt06.tga from non-loading thread.
WARNING: WinFileSystem::getFileType: Accessing maps/fx/fx_dirt06.texformat from non-loading thread.
WARNING: WinFileSystem::getFileType: Accessing maps/fx/fx_dirt06.texformat from non-loading thread.
WARNING: WinFileSystem::getFileType: Accessing maps/fx/fx_dirt06.dds from non-loading thread.
WARNING: WinFileSystem::getFileType: Accessing maps/fx/fx_dirt06.tga from non-loading thread.
WARNING: WinFileSystem::getFileType: Accessing maps/fx/fx_dirt06.texformat from non-loading thread.
WARNING: WinFileSystem::getFileType: Accessing maps/fx/fx_dirt06.texformat from non-loading thread.
WARNING: WinFileSystem::getFileType: Accessing maps/fx/fx_dirt06.texformat from non-loading thread.
WARNING: WinFileSystem::getFileType: Accessing maps/fx/fx_dirt06.texformat from non-loading thread.
WARNING: WinFileSystem::getFileType: Accessing maps/fx/fx_dirt06.dds from non-loading thread.
WARNING: WinFileSystem::readFile: Accessing maps/fx/fx_dirt06.dds from non-loading thread.
WARNING: WinFileSystem::getFileType: Accessing maps/fx/fx_dirt07.tga from non-loading thread.
WARNING: WinFileSystem::getFileType: Accessing maps/fx/fx_dirt07.tga from non-loading thread.
WARNING: WinFileSystem::getFileType: Accessing maps/fx/fx_dirt07.texformat from non-loading thread.
WARNING: WinFileSystem::getFileType: Accessing maps/fx/fx_dirt07.texformat from non-loading thread.
WARNING: WinFileSystem::getFileType: Accessing maps/fx/fx_dirt07.dds from non-loading thread.
WARNING: WinFileSystem::getFileType: Accessing maps/fx/fx_dirt07.tga from non-loading thread.
WARNING: WinFileSystem::getFileType: Accessing maps/fx/fx_dirt07.texformat from non-loading thread.
WARNING: WinFileSystem::getFileType: Accessing maps/fx/fx_dirt07.texformat from non-loading thread.
WARNING: WinFileSystem::getFileType: Accessing maps/fx/fx_dirt07.texformat from non-loading thread.
WARNING: WinFileSystem::getFileType: Accessing maps/fx/fx_dirt07.texformat from non-loading thread.
WARNING: WinFileSystem::getFileType: Accessing maps/fx/fx_dirt07.dds from non-loading thread.
WARNING: WinFileSystem::readFile: Accessing maps/fx/fx_dirt07.dds from non-loading thread.
WARNING: WinFileSystem::getFileType: Accessing maps/fx/fx_dirt08.tga from non-loading thread.
WARNING: WinFileSystem::getFileType: Accessing maps/fx/fx_dirt08.tga from non-loading thread.
WARNING: WinFileSystem::getFileType: Accessing maps/fx/fx_dirt08.texformat from non-loading thread.
WARNING: WinFileSystem::getFileType: Accessing maps/fx/fx_dirt08.texformat from non-loading thread.
WARNING: WinFileSystem::getFileType: Accessing maps/fx/fx_dirt08.dds from non-loading thread.
WARNING: WinFileSystem::getFileType: Accessing maps/fx/fx_dirt08.tga from non-loading thread.
WARNING: WinFileSystem::getFileType: Accessing maps/fx/fx_dirt08.texformat from non-loading thread.
WARNING: WinFileSystem::getFileType: Accessing maps/fx/fx_dirt08.texformat from non-loading thread.
WARNING: WinFileSystem::getFileType: Accessing maps/fx/fx_dirt08.texformat from non-loading thread.
WARNING: WinFileSystem::getFileType: Accessing maps/fx/fx_dirt08.texformat from non-loading thread.
WARNING: WinFileSystem::getFileType: Accessing maps/fx/fx_dirt08.dds from non-loading thread.
WARNING: WinFileSystem::readFile: Accessing maps/fx/fx_dirt08.dds from non-loading thread.
WARNING: WinFileSystem::getFileType: Accessing sets/desert/maps/des_sandstorm_wirlwindchunks.bmp from non-loading thread.
WARNING: WinFileSystem::getFileType: Accessing sets/desert/maps/des_sandstorm_wirlwindchunks.bmp from non-loading thread.
WARNING: WinFileSystem::getFileType: Accessing sets\desert\maps\des_sandstorm_wirlwindchunks.tga from non-loading thread.
WARNING: WinFileSystem::getFileType: Accessing sets/desert/maps/des_sandstorm_wirlwindchunks.bmp from non-loading thread.
WARNING: WinFileSystem::getFileType: Accessing sets/desert/maps/des_sandstorm_wirlwindchunks.bmp from non-loading thread.
WARNING: WinFileSystem::getFileType: Accessing sets\desert\maps\des_sandstorm_wirlwindchunks.tga from non-loading thread.
WARNING: WinFileSystem::getFileType: Accessing sets from non-loading thread.
WARNING: WinFileSystem::readDirectory: Accessing sets from non-loading thread.
WARNING: WinFileSystem::readDirectory: Accessing sets from non-loading thread.
WARNING: WinFileSystem::getFileType: Accessing sets/desert from non-loading thread.
WARNING: WinFileSystem::readDirectory: Accessing sets/desert from non-loading thread.
WARNING: WinFileSystem::readDirectory: Accessing sets/desert from non-loading thread.
WARNING: WinFileSystem::getFileType: Accessing sets/desert/maps from non-loading thread.
WARNING: WinFileSystem::readDirectory: Accessing sets/desert/maps from non-loading thread.
WARNING: WinFileSystem::readDirectory: Accessing sets/desert/maps from non-loading thread.
WARNING: WinFileSystem::getFileType: Accessing sets/desert/maps/des_sandstorm_wirlwindchunks.texformat from non-loading thread.
WARNING: WinFileSystem::getFileType: Accessing sets/desert/maps/des_sandstorm_wirlwindchunks.texformat from non-loading thread.
WARNING: WinFileSystem::getFileType: Accessing sets/desert/maps/des_sandstorm_wirlwindchunks.dds from non-loading thread.
WARNING: WinFileSystem::getFileType: Accessing sets/desert/maps/des_sandstorm_wirlwindchunks.tga from non-loading thread.
WARNING: WinFileSystem::getFileType: Accessing sets/desert/maps/des_sandstorm_wirlwindchunks.texformat from non-loading thread.
WARNING: WinFileSystem::getFileType: Accessing sets/desert/maps/des_sandstorm_wirlwindchunks.texformat from non-loading thread.
WARNING: WinFileSystem::getFileType: Accessing sets/desert/maps/des_sandstorm_wirlwindchunks.texformat from non-loading thread.
WARNING: WinFileSystem::getFileType: Accessing sets/desert/maps/des_sandstorm_wirlwindchunks.texformat from non-loading thread.
WARNING: WinFileSystem::getFileType: Accessing sets/desert/maps/des_sandstorm_wirlwindchunks.texanim from non-loading thread.
WARNING: WinFileSystem::getFileType: Accessing sets/desert/maps/des_sandstorm_wirlwindchunks.texanim from non-loading thread.
WARNING: WinFileSystem::getFileType: Accessing sets/desert/maps/des_sandstorm_wirlwindchunks.dds from non-loading thread.
WARNING: WinFileSystem::readFile: Accessing sets/desert/maps/des_sandstorm_wirlwindchunks.dds from non-loading thread.
WARNING: WinFileSystem: Case mismatch opening C:/BigWorld_2.0.1/BigWorld/fantasydemo/res/speedtree/shrubs_flowers/american_boxwood/compositemap_Diffuse.dds (CompositeMap_Diffuse.dds)
WARNING: WinFileSystem: Case mismatch opening C:/BigWorld_2.0.1/BigWorld/fantasydemo/res/speedtree/shrubs_flowers/american_boxwood/compositemap_Normal.dds (CompositeMap_Normal.dds)
ERROR: Model::get: Could not open model resource characters/npc/striff/striff.model
ERROR: Entity::onEnterWorld:  py_resource: Requested resource had previously failed to load. (<type 'exceptions.ValueError'>)
Traceback (most recent call last):
  File "scripts/client/VehicleExample.py", line 29, in onEnterWorld
    self.model = prereqs[VehicleExample.stdModel]
ValueError: py_resource: Requested resource had previously failed to load.
PostProcessing.fini()
RenderTargets.fini()
PostProcessing.Phases.fini()
\--------------------------------------------------------------------------------/

/------------------------------------------------------------------------------\
BigWorld Release Client (compiled at 03:31:47 Oct  9 2010) starting on Fri Nov 06 03:20:32 2020
Trace: init: Initialising IME components
fantasydemo personality selected.
PostProcessing.init()
PostProcessing: total memory used by default RenderTargets : 0.00 MB
WARNING: WinFileSystem: Case mismatch opening C:/BigWorld_2.0.1/BigWorld/fantasydemo/res/speedtree/shrubs_flowers/elephant_ear/compositemap_Diffuse.dds (CompositeMap_Diffuse.dds)
WARNING: WinFileSystem: Case mismatch opening C:/BigWorld_2.0.1/BigWorld/fantasydemo/res/speedtree/shrubs_flowers/elephant_ear/compositemap_Normal.dds (CompositeMap_Normal.dds)
Entering space: spaces/eval_empty (server: offline)
PlayerAvatar::onBecomePlayer
PlayerAvatar::onEnterWorld: begin
WARNING: WinFileSystem::getFileType: Accessing gui/maps/icon_items/icon_staff.tga from non-loading thread.
WARNING: WinFileSystem::getFileType: Accessing gui/maps/icon_items/icon_staff.tga from non-loading thread.
WARNING: WinFileSystem::getFileType: Accessing gui/maps from non-loading thread.
WARNING: WinFileSystem::readDirectory: Accessing gui/maps from non-loading thread.
WARNING: WinFileSystem::readDirectory: Accessing gui/maps from non-loading thread.
WARNING: WinFileSystem::getFileType: Accessing gui/maps/icon_items from non-loading thread.
WARNING: WinFileSystem::readDirectory: Accessing gui/maps/icon_items from non-loading thread.
WARNING: WinFileSystem::readDirectory: Accessing gui/maps/icon_items from non-loading thread.
WARNING: WinFileSystem::getFileType: Accessing gui/maps/icon_items/icon_staff.texformat from non-loading thread.
WARNING: WinFileSystem::getFileType: Accessing gui/maps/icon_items/icon_staff.texformat from non-loading thread.
WARNING: WinFileSystem::getFileType: Accessing gui/maps/icon_items/icon_staff.dds from non-loading thread.
WARNING: WinFileSystem::getFileType: Accessing gui/maps/icon_items/icon_staff.tga from non-loading thread.
WARNING: WinFileSystem::getFileType: Accessing gui/maps/icon_items/icon_staff.texformat from non-loading thread.
WARNING: WinFileSystem::getFileType: Accessing gui/maps/icon_items/icon_staff.texformat from non-loading thread.
WARNING: WinFileSystem::getFileType: Accessing gui/maps/icon_items/icon_staff.texformat from non-loading thread.
WARNING: WinFileSystem::getFileType: Accessing gui/maps/icon_items/icon_staff.texformat from non-loading thread.
WARNING: WinFileSystem::getFileType: Accessing gui/maps/icon_items/icon_staff.texanim from non-loading thread.
WARNING: WinFileSystem::getFileType: Accessing gui/maps/icon_items/icon_staff.texanim from non-loading thread.
WARNING: WinFileSystem::getFileType: Accessing gui/maps/icon_items/icon_staff.dds from non-loading thread.
WARNING: WinFileSystem::readFile: Accessing gui/maps/icon_items/icon_staff.dds from non-loading thread.
WARNING: WinFileSystem::getFileType: Accessing gui/maps/icon_items/icon_food_drumstick.tga from non-loading thread.
WARNING: WinFileSystem::getFileType: Accessing gui/maps/icon_items/icon_food_drumstick.tga from non-loading thread.
WARNING: WinFileSystem::getFileType: Accessing gui/maps/icon_items/icon_food_drumstick.texformat from non-loading thread.
WARNING: WinFileSystem::getFileType: Accessing gui/maps/icon_items/icon_food_drumstick.texformat from non-loading thread.
WARNING: WinFileSystem::getFileType: Accessing gui/maps/icon_items/icon_food_drumstick.dds from non-loading thread.
WARNING: WinFileSystem::getFileType: Accessing gui/maps/icon_items/icon_food_drumstick.tga from non-loading thread.
WARNING: WinFileSystem::getFileType: Accessing gui/maps/icon_items/icon_food_drumstick.texformat from non-loading thread.
WARNING: WinFileSystem::getFileType: Accessing gui/maps/icon_items/icon_food_drumstick.texformat from non-loading thread.
WARNING: WinFileSystem::getFileType: Accessing gui/maps/icon_items/icon_food_drumstick.texformat from non-loading thread.
WARNING: WinFileSystem::getFileType: Accessing gui/maps/icon_items/icon_food_drumstick.texformat from non-loading thread.
WARNING: WinFileSystem::getFileType: Accessing gui/maps/icon_items/icon_food_drumstick.texanim from non-loading thread.
WARNING: WinFileSystem::getFileType: Accessing gui/maps/icon_items/icon_food_drumstick.texanim from non-loading thread.
WARNING: WinFileSystem::getFileType: Accessing gui/maps/icon_items/icon_food_drumstick.dds from non-loading thread.
WARNING: WinFileSystem::readFile: Accessing gui/maps/icon_items/icon_food_drumstick.dds from non-loading thread.
WARNING: WinFileSystem::getFileType: Accessing gui/maps/icon_items/icon_tek_binoc2.tga from non-loading thread.
WARNING: WinFileSystem::getFileType: Accessing gui/maps/icon_items/icon_tek_binoc2.tga from non-loading thread.
WARNING: WinFileSystem::getFileType: Accessing gui/maps/icon_items/icon_tek_binoc2.texformat from non-loading thread.
WARNING: WinFileSystem::getFileType: Accessing gui/maps/icon_items/icon_tek_binoc2.texformat from non-loading thread.
WARNING: WinFileSystem::getFileType: Accessing gui/maps/icon_items/icon_tek_binoc2.dds from non-loading thread.
WARNING: WinFileSystem::getFileType: Accessing gui/maps/icon_items/icon_tek_binoc2.tga from non-loading thread.
WARNING: WinFileSystem::getFileType: Accessing gui/maps/icon_items/icon_tek_binoc2.texformat from non-loading thread.
WARNING: WinFileSystem::getFileType: Accessing gui/maps/icon_items/icon_tek_binoc2.texformat from non-loading thread.
WARNING: WinFileSystem::getFileType: Accessing gui/maps/icon_items/icon_tek_binoc2.texformat from non-loading thread.
WARNING: WinFileSystem::getFileType: Accessing gui/maps/icon_items/icon_tek_binoc2.texformat from non-loading thread.
WARNING: WinFileSystem::getFileType: Accessing gui/maps/icon_items/icon_tek_binoc2.texanim from non-loading thread.
WARNING: WinFileSystem::getFileType: Accessing gui/maps/icon_items/icon_tek_binoc2.texanim from non-loading thread.
WARNING: WinFileSystem::getFileType: Accessing gui/maps/icon_items/icon_tek_binoc2.dds from non-loading thread.
WARNING: WinFileSystem::readFile: Accessing gui/maps/icon_items/icon_tek_binoc2.dds from non-loading thread.
WARNING: WinFileSystem::getFileType: Accessing gui/maps/icon_items/icon_sword_bastard.tga from non-loading thread.
WARNING: WinFileSystem::getFileType: Accessing gui/maps/icon_items/icon_sword_bastard.tga from non-loading thread.
WARNING: WinFileSystem::getFileType: Accessing gui/maps/icon_items/icon_sword_bastard.texformat from non-loading thread.
WARNING: WinFileSystem::getFileType: Accessing gui/maps/icon_items/icon_sword_bastard.texformat from non-loading thread.
WARNING: WinFileSystem::getFileType: Accessing gui/maps/icon_items/icon_sword_bastard.dds from non-loading thread.
WARNING: WinFileSystem::getFileType: Accessing gui/maps/icon_items/icon_sword_bastard.tga from non-loading thread.
WARNING: WinFileSystem::getFileType: Accessing gui/maps/icon_items/icon_sword_bastard.texformat from non-loading thread.
WARNING: WinFileSystem::getFileType: Accessing gui/maps/icon_items/icon_sword_bastard.texformat from non-loading thread.
WARNING: WinFileSystem::getFileType: Accessing gui/maps/icon_items/icon_sword_bastard.texformat from non-loading thread.
WARNING: WinFileSystem::getFileType: Accessing gui/maps/icon_items/icon_sword_bastard.texformat from non-loading thread.
WARNING: WinFileSystem::getFileType: Accessing gui/maps/icon_items/icon_sword_bastard.texanim from non-loading thread.
WARNING: WinFileSystem::getFileType: Accessing gui/maps/icon_items/icon_sword_bastard.texanim from non-loading thread.
WARNING: WinFileSystem::getFileType: Accessing gui/maps/icon_items/icon_sword_bastard.dds from non-loading thread.
WARNING: WinFileSystem::readFile: Accessing gui/maps/icon_items/icon_sword_bastard.dds from non-loading thread.
WARNING: WinFileSystem::getFileType: Accessing gui/maps/icon_items/icon_sword_bastard_mithril.tga from non-loading thread.
WARNING: WinFileSystem::getFileType: Accessing gui/maps/icon_items/icon_sword_bastard_mithril.tga from non-loading thread.
WARNING: WinFileSystem::getFileType: Accessing gui/maps/icon_items/icon_sword_bastard_mithril.texformat from non-loading thread.
WARNING: WinFileSystem::getFileType: Accessing gui/maps/icon_items/icon_sword_bastard_mithril.texformat from non-loading thread.
WARNING: WinFileSystem::getFileType: Accessing gui/maps/icon_items/icon_sword_bastard_mithril.dds from non-loading thread.
WARNING: WinFileSystem::getFileType: Accessing gui/maps/icon_items/icon_sword_bastard_mithril.tga from non-loading thread.
WARNING: WinFileSystem::getFileType: Accessing gui/maps/icon_items/icon_sword_bastard_mithril.texformat from non-loading thread.
WARNING: WinFileSystem::getFileType: Accessing gui/maps/icon_items/icon_sword_bastard_mithril.texformat from non-loading thread.
WARNING: WinFileSystem::getFileType: Accessing gui/maps/icon_items/icon_sword_bastard_mithril.texformat from non-loading thread.
WARNING: WinFileSystem::getFileType: Accessing gui/maps/icon_items/icon_sword_bastard_mithril.texformat from non-loading thread.
WARNING: WinFileSystem::getFileType: Accessing gui/maps/icon_items/icon_sword_bastard_mithril.texanim from non-loading thread.
WARNING: WinFileSystem::getFileType: Accessing gui/maps/icon_items/icon_sword_bastard_mithril.texanim from non-loading thread.
WARNING: WinFileSystem::getFileType: Accessing gui/maps/icon_items/icon_sword_bastard_mithril.dds from non-loading thread.
WARNING: WinFileSystem::readFile: Accessing gui/maps/icon_items/icon_sword_bastard_mithril.dds from non-loading thread.
WARNING: WinFileSystem::getFileType: Accessing gui/maps/icon_items/icon_grail.tga from non-loading thread.
WARNING: WinFileSystem::getFileType: Accessing gui/maps/icon_items/icon_grail.tga from non-loading thread.
WARNING: WinFileSystem::getFileType: Accessing gui/maps/icon_items/icon_grail.texformat from non-loading thread.
WARNING: WinFileSystem::getFileType: Accessing gui/maps/icon_items/icon_grail.texformat from non-loading thread.
WARNING: WinFileSystem::getFileType: Accessing gui/maps/icon_items/icon_grail.dds from non-loading thread.
WARNING: WinFileSystem::getFileType: Accessing gui/maps/icon_items/icon_grail.tga from non-loading thread.
WARNING: WinFileSystem::getFileType: Accessing gui/maps/icon_items/icon_grail.texformat from non-loading thread.
WARNING: WinFileSystem::getFileType: Accessing gui/maps/icon_items/icon_grail.texformat from non-loading thread.
WARNING: WinFileSystem::getFileType: Accessing gui/maps/icon_items/icon_grail.texformat from non-loading thread.
WARNING: WinFileSystem::getFileType: Accessing gui/maps/icon_items/icon_grail.texformat from non-loading thread.
WARNING: WinFileSystem::getFileType: Accessing gui/maps/icon_items/icon_grail.texanim from non-loading thread.
WARNING: WinFileSystem::getFileType: Accessing gui/maps/icon_items/icon_grail.texanim from non-loading thread.
WARNING: WinFileSystem::getFileType: Accessing gui/maps/icon_items/icon_grail.dds from non-loading thread.
WARNING: WinFileSystem::readFile: Accessing gui/maps/icon_items/icon_grail.dds from non-loading thread.
WARNING: WinFileSystem::getFileType: Accessing scripts/client/Item from non-loading thread.
WARNING: WinFileSystem::getFileType: Accessing scripts/client/Item from non-loading thread.
WARNING: WinFileSystem::getFileType: Accessing scripts/client/Item.py from non-loading thread.
WARNING: WinFileSystem::getFileType: Accessing scripts/client/Item.pyc from non-loading thread.
WARNING: WinFileSystem::getFileType: Accessing scripts/client/Item.pyd from non-loading thread.
WARNING: WinFileSystem::getFileType: Accessing scripts/client/Item.pyd from non-loading thread.
WARNING: WinFileSystem::getFileType: Accessing scripts/client/Item.py from non-loading thread.
WARNING: WinFileSystem::getFileType: Accessing scripts/client/Item.pyc from non-loading thread.
WARNING: WinFileSystem::readFile: Accessing scripts/client/Item.pyc from non-loading thread.
WARNING: WinFileSystem::getFileType: Accessing gui/minimap_icon.gui from non-loading thread.
WARNING: WinFileSystem::readFile: Accessing gui/minimap_icon.gui from non-loading thread.
WARNING: WinFileSystem::getFileType: Accessing gui/maps/mini_map_player.tga from non-loading thread.
WARNING: WinFileSystem::getFileType: Accessing gui/maps/mini_map_player.tga from non-loading thread.
WARNING: WinFileSystem::getFileType: Accessing gui/maps/mini_map_player.texformat from non-loading thread.
WARNING: WinFileSystem::getFileType: Accessing gui/maps/mini_map_player.texformat from non-loading thread.
WARNING: WinFileSystem::getFileType: Accessing gui/maps/mini_map_player.dds from non-loading thread.
WARNING: WinFileSystem::getFileType: Accessing gui/maps/mini_map_player.tga from non-loading thread.
WARNING: WinFileSystem::getFileType: Accessing gui/maps/mini_map_player.texformat from non-loading thread.
WARNING: WinFileSystem::getFileType: Accessing gui/maps/mini_map_player.texformat from non-loading thread.
WARNING: WinFileSystem::getFileType: Accessing gui/maps/mini_map_player.texformat from non-loading thread.
WARNING: WinFileSystem::getFileType: Accessing gui/maps/mini_map_player.texformat from non-loading thread.
WARNING: WinFileSystem::getFileType: Accessing gui/maps/mini_map_player.texanim from non-loading thread.
WARNING: WinFileSystem::getFileType: Accessing gui/maps/mini_map_player.texanim from non-loading thread.
WARNING: WinFileSystem::getFileType: Accessing gui/maps/mini_map_player.dds from non-loading thread.
WARNING: WinFileSystem::readFile: Accessing gui/maps/mini_map_player.dds from non-loading thread.
WARNING: WinFileSystem::getFileType: Accessing sets from non-loading thread.
WARNING: WinFileSystem::readDirectory: Accessing sets from non-loading thread.
WARNING: WinFileSystem::readDirectory: Accessing sets from non-loading thread.
WARNING: WinFileSystem::getFileType: Accessing sets/global from non-loading thread.
WARNING: WinFileSystem::readDirectory: Accessing sets/global from non-loading thread.
WARNING: WinFileSystem::readDirectory: Accessing sets/global from non-loading thread.
WARNING: WinFileSystem::getFileType: Accessing sets/global/checker.model from non-loading thread.
WARNING: WinFileSystem::readFile: Accessing sets/global/checker.model from non-loading thread.
WARNING: WinFileSystem::getFileType: Accessing sets/global/checker.static.visual from non-loading thread.
WARNING: WinFileSystem::getFileType: Accessing sets/global/checker.static.visual from non-loading thread.
WARNING: WinFileSystem::getFileType: Accessing sets/global/checker.visual from non-loading thread.
WARNING: WinFileSystem::readFile: Accessing sets/global/checker.visual from non-loading thread.
WARNING: WinFileSystem::getFileType: Accessing sets/global/checker_bsp.visual from non-loading thread.
WARNING: WinFileSystem::getFileType: Accessing sets/global/checker_bsp.visual from non-loading thread.
WARNING: WinFileSystem::getFileType: Accessing sets/global/checker.primitives from non-loading thread.
WARNING: WinFileSystem::readFile: Accessing sets/global/checker.primitives from non-loading thread.
WARNING: WinFileSystem::getFileType: Accessing sets/global/checker.bmp from non-loading thread.
WARNING: WinFileSystem::getFileType: Accessing sets/global/checker.bmp from non-loading thread.
WARNING: WinFileSystem::getFileType: Accessing sets/global/checker.texformat from non-loading thread.
WARNING: WinFileSystem::getFileType: Accessing sets/global/checker.texformat from non-loading thread.
WARNING: WinFileSystem::getFileType: Accessing sets/global/checker.dds from non-loading thread.
WARNING: WinFileSystem::getFileType: Accessing sets/global/checker.bmp from non-loading thread.
WARNING: WinFileSystem::getFileType: Accessing sets/global/checker.texformat from non-loading thread.
WARNING: WinFileSystem::getFileType: Accessing sets/global/checker.texformat from non-loading thread.
WARNING: WinFileSystem::getFileType: Accessing sets/global/checker.texformat from non-loading thread.
WARNING: WinFileSystem::getFileType: Accessing sets/global/checker.texformat from non-loading thread.
WARNING: WinFileSystem::getFileType: Accessing sets/global/checker.texanim from non-loading thread.
WARNING: WinFileSystem::getFileType: Accessing sets/global/checker.texanim from non-loading thread.
WARNING: WinFileSystem::getFileType: Accessing sets/global/checker.dds from non-loading thread.
WARNING: WinFileSystem::readFile: Accessing sets/global/checker.dds from non-loading thread.
PlayerAvatar::onEnterWorld: end
WARNING: WinFileSystem::getFileType: Accessing maps/fx/fx_dirt01.tga from non-loading thread.
WARNING: WinFileSystem::getFileType: Accessing maps/fx/fx_dirt01.tga from non-loading thread.
WARNING: WinFileSystem::getFileType: Accessing maps from non-loading thread.
WARNING: WinFileSystem::readDirectory: Accessing maps from non-loading thread.
WARNING: WinFileSystem::readDirectory: Accessing maps from non-loading thread.
WARNING: WinFileSystem::getFileType: Accessing maps/fx from non-loading thread.
WARNING: WinFileSystem::readDirectory: Accessing maps/fx from non-loading thread.
WARNING: WinFileSystem::readDirectory: Accessing maps/fx from non-loading thread.
WARNING: WinFileSystem::getFileType: Accessing maps/fx/fx_dirt01.texformat from non-loading thread.
WARNING: WinFileSystem::getFileType: Accessing maps/fx/fx_dirt01.texformat from non-loading thread.
WARNING: WinFileSystem::getFileType: Accessing maps/fx/fx_dirt01.dds from non-loading thread.
WARNING: WinFileSystem::getFileType: Accessing maps/fx/fx_dirt01.tga from non-loading thread.
WARNING: WinFileSystem::getFileType: Accessing maps/fx/fx_dirt01.texformat from non-loading thread.
WARNING: WinFileSystem::getFileType: Accessing maps/fx/fx_dirt01.texformat from non-loading thread.
WARNING: WinFileSystem::getFileType: Accessing maps/fx/fx_dirt01.texformat from non-loading thread.
WARNING: WinFileSystem::getFileType: Accessing maps/fx/fx_dirt01.texformat from non-loading thread.
WARNING: WinFileSystem::getFileType: Accessing maps/fx/fx_dirt01.texanim from non-loading thread.
WARNING: WinFileSystem::readFile: Accessing maps/fx/fx_dirt01.texanim from non-loading thread.
WARNING: WinFileSystem::getFileType: Accessing maps/fx/fx_dirt01.tga from non-loading thread.
WARNING: WinFileSystem::getFileType: Accessing maps/fx/fx_dirt01.tga from non-loading thread.
WARNING: WinFileSystem::getFileType: Accessing maps/fx/fx_dirt01.texformat from non-loading thread.
WARNING: WinFileSystem::getFileType: Accessing maps/fx/fx_dirt01.texformat from non-loading thread.
WARNING: WinFileSystem::getFileType: Accessing maps/fx/fx_dirt01.dds from non-loading thread.
WARNING: WinFileSystem::getFileType: Accessing maps/fx/fx_dirt01.tga from non-loading thread.
WARNING: WinFileSystem::getFileType: Accessing maps/fx/fx_dirt01.texformat from non-loading thread.
WARNING: WinFileSystem::getFileType: Accessing maps/fx/fx_dirt01.texformat from non-loading thread.
WARNING: WinFileSystem::getFileType: Accessing maps/fx/fx_dirt01.texformat from non-loading thread.
WARNING: WinFileSystem::getFileType: Accessing maps/fx/fx_dirt01.texformat from non-loading thread.
WARNING: WinFileSystem::getFileType: Accessing maps/fx/fx_dirt01.dds from non-loading thread.
WARNING: WinFileSystem::readFile: Accessing maps/fx/fx_dirt01.dds from non-loading thread.
WARNING: WinFileSystem::getFileType: Accessing maps/fx/fx_dirt02.tga from non-loading thread.
WARNING: WinFileSystem::getFileType: Accessing maps/fx/fx_dirt02.tga from non-loading thread.
WARNING: WinFileSystem::getFileType: Accessing maps/fx/fx_dirt02.texformat from non-loading thread.
WARNING: WinFileSystem::getFileType: Accessing maps/fx/fx_dirt02.texformat from non-loading thread.
WARNING: WinFileSystem::getFileType: Accessing maps/fx/fx_dirt02.dds from non-loading thread.
WARNING: WinFileSystem::getFileType: Accessing maps/fx/fx_dirt02.tga from non-loading thread.
WARNING: WinFileSystem::getFileType: Accessing maps/fx/fx_dirt02.texformat from non-loading thread.
WARNING: WinFileSystem::getFileType: Accessing maps/fx/fx_dirt02.texformat from non-loading thread.
WARNING: WinFileSystem::getFileType: Accessing maps/fx/fx_dirt02.texformat from non-loading thread.
WARNING: WinFileSystem::getFileType: Accessing maps/fx/fx_dirt02.texformat from non-loading thread.
WARNING: WinFileSystem::getFileType: Accessing maps/fx/fx_dirt02.dds from non-loading thread.
WARNING: WinFileSystem::readFile: Accessing maps/fx/fx_dirt02.dds from non-loading thread.
WARNING: WinFileSystem::getFileType: Accessing maps/fx/fx_dirt03.tga from non-loading thread.
WARNING: WinFileSystem::getFileType: Accessing maps/fx/fx_dirt03.tga from non-loading thread.
WARNING: WinFileSystem::getFileType: Accessing maps/fx/fx_dirt03.texformat from non-loading thread.
WARNING: WinFileSystem::getFileType: Accessing maps/fx/fx_dirt03.texformat from non-loading thread.
WARNING: WinFileSystem::getFileType: Accessing maps/fx/fx_dirt03.dds from non-loading thread.
WARNING: WinFileSystem::getFileType: Accessing maps/fx/fx_dirt03.tga from non-loading thread.
WARNING: WinFileSystem::getFileType: Accessing maps/fx/fx_dirt03.texformat from non-loading thread.
WARNING: WinFileSystem::getFileType: Accessing maps/fx/fx_dirt03.texformat from non-loading thread.
WARNING: WinFileSystem::getFileType: Accessing maps/fx/fx_dirt03.texformat from non-loading thread.
WARNING: WinFileSystem::getFileType: Accessing maps/fx/fx_dirt03.texformat from non-loading thread.
WARNING: WinFileSystem::getFileType: Accessing maps/fx/fx_dirt03.dds from non-loading thread.
WARNING: WinFileSystem::readFile: Accessing maps/fx/fx_dirt03.dds from non-loading thread.
WARNING: WinFileSystem::getFileType: Accessing maps/fx/fx_dirt04.tga from non-loading thread.
WARNING: WinFileSystem::getFileType: Accessing maps/fx/fx_dirt04.tga from non-loading thread.
WARNING: WinFileSystem::getFileType: Accessing maps/fx/fx_dirt04.texformat from non-loading thread.
WARNING: WinFileSystem::getFileType: Accessing maps/fx/fx_dirt04.texformat from non-loading thread.
WARNING: WinFileSystem::getFileType: Accessing maps/fx/fx_dirt04.dds from non-loading thread.
WARNING: WinFileSystem::getFileType: Accessing maps/fx/fx_dirt04.tga from non-loading thread.
WARNING: WinFileSystem::getFileType: Accessing maps/fx/fx_dirt04.texformat from non-loading thread.
WARNING: WinFileSystem::getFileType: Accessing maps/fx/fx_dirt04.texformat from non-loading thread.
WARNING: WinFileSystem::getFileType: Accessing maps/fx/fx_dirt04.texformat from non-loading thread.
WARNING: WinFileSystem::getFileType: Accessing maps/fx/fx_dirt04.texformat from non-loading thread.
WARNING: WinFileSystem::getFileType: Accessing maps/fx/fx_dirt04.dds from non-loading thread.
WARNING: WinFileSystem::readFile: Accessing maps/fx/fx_dirt04.dds from non-loading thread.
WARNING: WinFileSystem::getFileType: Accessing maps/fx/fx_dirt05.tga from non-loading thread.
WARNING: WinFileSystem::getFileType: Accessing maps/fx/fx_dirt05.tga from non-loading thread.
WARNING: WinFileSystem::getFileType: Accessing maps/fx/fx_dirt05.texformat from non-loading thread.
WARNING: WinFileSystem::getFileType: Accessing maps/fx/fx_dirt05.texformat from non-loading thread.
WARNING: WinFileSystem::getFileType: Accessing maps/fx/fx_dirt05.dds from non-loading thread.
WARNING: WinFileSystem::getFileType: Accessing maps/fx/fx_dirt05.tga from non-loading thread.
WARNING: WinFileSystem::getFileType: Accessing maps/fx/fx_dirt05.texformat from non-loading thread.
WARNING: WinFileSystem::getFileType: Accessing maps/fx/fx_dirt05.texformat from non-loading thread.
WARNING: WinFileSystem::getFileType: Accessing maps/fx/fx_dirt05.texformat from non-loading thread.
WARNING: WinFileSystem::getFileType: Accessing maps/fx/fx_dirt05.texformat from non-loading thread.
WARNING: WinFileSystem::getFileType: Accessing maps/fx/fx_dirt05.dds from non-loading thread.
WARNING: WinFileSystem::readFile: Accessing maps/fx/fx_dirt05.dds from non-loading thread.
WARNING: WinFileSystem::getFileType: Accessing maps/fx/fx_dirt06.tga from non-loading thread.
WARNING: WinFileSystem::getFileType: Accessing maps/fx/fx_dirt06.tga from non-loading thread.
WARNING: WinFileSystem::getFileType: Accessing maps/fx/fx_dirt06.texformat from non-loading thread.
WARNING: WinFileSystem::getFileType: Accessing maps/fx/fx_dirt06.texformat from non-loading thread.
WARNING: WinFileSystem::getFileType: Accessing maps/fx/fx_dirt06.dds from non-loading thread.
WARNING: WinFileSystem::getFileType: Accessing maps/fx/fx_dirt06.tga from non-loading thread.
WARNING: WinFileSystem::getFileType: Accessing maps/fx/fx_dirt06.texformat from non-loading thread.
WARNING: WinFileSystem::getFileType: Accessing maps/fx/fx_dirt06.texformat from non-loading thread.
WARNING: WinFileSystem::getFileType: Accessing maps/fx/fx_dirt06.texformat from non-loading thread.
WARNING: WinFileSystem::getFileType: Accessing maps/fx/fx_dirt06.texformat from non-loading thread.
WARNING: WinFileSystem::getFileType: Accessing maps/fx/fx_dirt06.dds from non-loading thread.
WARNING: WinFileSystem::readFile: Accessing maps/fx/fx_dirt06.dds from non-loading thread.
WARNING: WinFileSystem::getFileType: Accessing maps/fx/fx_dirt07.tga from non-loading thread.
WARNING: WinFileSystem::getFileType: Accessing maps/fx/fx_dirt07.tga from non-loading thread.
WARNING: WinFileSystem::getFileType: Accessing maps/fx/fx_dirt07.texformat from non-loading thread.
WARNING: WinFileSystem::getFileType: Accessing maps/fx/fx_dirt07.texformat from non-loading thread.
WARNING: WinFileSystem::getFileType: Accessing maps/fx/fx_dirt07.dds from non-loading thread.
WARNING: WinFileSystem::getFileType: Accessing maps/fx/fx_dirt07.tga from non-loading thread.
WARNING: WinFileSystem::getFileType: Accessing maps/fx/fx_dirt07.texformat from non-loading thread.
WARNING: WinFileSystem::getFileType: Accessing maps/fx/fx_dirt07.texformat from non-loading thread.
WARNING: WinFileSystem::getFileType: Accessing maps/fx/fx_dirt07.texformat from non-loading thread.
WARNING: WinFileSystem::getFileType: Accessing maps/fx/fx_dirt07.texformat from non-loading thread.
WARNING: WinFileSystem::getFileType: Accessing maps/fx/fx_dirt07.dds from non-loading thread.
WARNING: WinFileSystem::readFile: Accessing maps/fx/fx_dirt07.dds from non-loading thread.
WARNING: WinFileSystem::getFileType: Accessing maps/fx/fx_dirt08.tga from non-loading thread.
WARNING: WinFileSystem::getFileType: Accessing maps/fx/fx_dirt08.tga from non-loading thread.
WARNING: WinFileSystem::getFileType: Accessing maps/fx/fx_dirt08.texformat from non-loading thread.
WARNING: WinFileSystem::getFileType: Accessing maps/fx/fx_dirt08.texformat from non-loading thread.
WARNING: WinFileSystem::getFileType: Accessing maps/fx/fx_dirt08.dds from non-loading thread.
WARNING: WinFileSystem::getFileType: Accessing maps/fx/fx_dirt08.tga from non-loading thread.
WARNING: WinFileSystem::getFileType: Accessing maps/fx/fx_dirt08.texformat from non-loading thread.
WARNING: WinFileSystem::getFileType: Accessing maps/fx/fx_dirt08.texformat from non-loading thread.
WARNING: WinFileSystem::getFileType: Accessing maps/fx/fx_dirt08.texformat from non-loading thread.
WARNING: WinFileSystem::getFileType: Accessing maps/fx/fx_dirt08.texformat from non-loading thread.
WARNING: WinFileSystem::getFileType: Accessing maps/fx/fx_dirt08.dds from non-loading thread.
WARNING: WinFileSystem::readFile: Accessing maps/fx/fx_dirt08.dds from non-loading thread.
WARNING: WinFileSystem::getFileType: Accessing sets/desert/maps/des_sandstorm_wirlwindchunks.bmp from non-loading thread.
WARNING: WinFileSystem::getFileType: Accessing sets/desert/maps/des_sandstorm_wirlwindchunks.bmp from non-loading thread.
WARNING: WinFileSystem::getFileType: Accessing sets\desert\maps\des_sandstorm_wirlwindchunks.tga from non-loading thread.
WARNING: WinFileSystem::getFileType: Accessing sets/desert/maps/des_sandstorm_wirlwindchunks.bmp from non-loading thread.
WARNING: WinFileSystem::getFileType: Accessing sets/desert/maps/des_sandstorm_wirlwindchunks.bmp from non-loading thread.
WARNING: WinFileSystem::getFileType: Accessing sets\desert\maps\des_sandstorm_wirlwindchunks.tga from non-loading thread.
WARNING: WinFileSystem::getFileType: Accessing sets from non-loading thread.
WARNING: WinFileSystem::readDirectory: Accessing sets from non-loading thread.
WARNING: WinFileSystem::readDirectory: Accessing sets from non-loading thread.
WARNING: WinFileSystem::getFileType: Accessing sets/desert from non-loading thread.
WARNING: WinFileSystem::readDirectory: Accessing sets/desert from non-loading thread.
WARNING: WinFileSystem::readDirectory: Accessing sets/desert from non-loading thread.
WARNING: WinFileSystem::getFileType: Accessing sets/desert/maps from non-loading thread.
WARNING: WinFileSystem::readDirectory: Accessing sets/desert/maps from non-loading thread.
WARNING: WinFileSystem::readDirectory: Accessing sets/desert/maps from non-loading thread.
WARNING: WinFileSystem::getFileType: Accessing sets/desert/maps/des_sandstorm_wirlwindchunks.texformat from non-loading thread.
WARNING: WinFileSystem::getFileType: Accessing sets/desert/maps/des_sandstorm_wirlwindchunks.texformat from non-loading thread.
WARNING: WinFileSystem::getFileType: Accessing sets/desert/maps/des_sandstorm_wirlwindchunks.dds from non-loading thread.
WARNING: WinFileSystem::getFileType: Accessing sets/desert/maps/des_sandstorm_wirlwindchunks.tga from non-loading thread.
WARNING: WinFileSystem::getFileType: Accessing sets/desert/maps/des_sandstorm_wirlwindchunks.texformat from non-loading thread.
WARNING: WinFileSystem::getFileType: Accessing sets/desert/maps/des_sandstorm_wirlwindchunks.texformat from non-loading thread.
WARNING: WinFileSystem::getFileType: Accessing sets/desert/maps/des_sandstorm_wirlwindchunks.texformat from non-loading thread.
WARNING: WinFileSystem::getFileType: Accessing sets/desert/maps/des_sandstorm_wirlwindchunks.texformat from non-loading thread.
WARNING: WinFileSystem::getFileType: Accessing sets/desert/maps/des_sandstorm_wirlwindchunks.texanim from non-loading thread.
WARNING: WinFileSystem::getFileType: Accessing sets/desert/maps/des_sandstorm_wirlwindchunks.texanim from non-loading thread.
WARNING: WinFileSystem::getFileType: Accessing sets/desert/maps/des_sandstorm_wirlwindchunks.dds from non-loading thread.
WARNING: WinFileSystem::readFile: Accessing sets/desert/maps/des_sandstorm_wirlwindchunks.dds from non-loading thread.
WARNING: WinFileSystem: Case mismatch opening C:/BigWorld_2.0.1/BigWorld/fantasydemo/res/speedtree/shrubs_flowers/american_boxwood/compositemap_Diffuse.dds (CompositeMap_Diffuse.dds)
WARNING: WinFileSystem: Case mismatch opening C:/BigWorld_2.0.1/BigWorld/fantasydemo/res/speedtree/shrubs_flowers/american_boxwood/compositemap_Normal.dds (CompositeMap_Normal.dds)
ERROR: Model::get: Could not open model resource characters/npc/striff/striff.model
ERROR: Entity::onEnterWorld:  py_resource: Requested resource had previously failed to load. (<type 'exceptions.ValueError'>)
Traceback (most recent call last):
  File "scripts/client/VehicleExample.py", line 29, in onEnterWorld
    self.model = prereqs[VehicleExample.stdModel]
ValueError: py_resource: Requested resource had previously failed to load.
WARNING: WinFileSystem::getFileType: Accessing sets from non-loading thread.
WARNING: WinFileSystem::readDirectory: Accessing sets from non-loading thread.
WARNING: WinFileSystem::readDirectory: Accessing sets from non-loading thread.
WARNING: WinFileSystem::getFileType: Accessing sets/vehicles/razor_flare.model from non-loading thread.
WARNING: WinFileSystem::readFile: Accessing sets/vehicles/razor_flare.model from non-loading thread.
WARNING: WinFileSystem::getFileType: Accessing sets/vehicles/razor_flare.visual from non-loading thread.
WARNING: WinFileSystem::readFile: Accessing sets/vehicles/razor_flare.visual from non-loading thread.
WARNING: WinFileSystem::getFileType: Accessing sets/vehicles/razor_flare_bsp.visual from non-loading thread.
WARNING: WinFileSystem::getFileType: Accessing sets/vehicles/razor_flare_bsp.visual from non-loading thread.
WARNING: WinFileSystem::getFileType: Accessing shaders/std_effects from non-loading thread.
WARNING: WinFileSystem::getFileType: Accessing shaders/std_effects from non-loading thread.
WARNING: WinFileSystem::readDirectory: Accessing shaders/std_effects from non-loading thread.
WARNING: WinFileSystem::readDirectory: Accessing shaders/std_effects from non-loading thread.
WARNING: WinFileSystem::getFileType: Accessing shaders/std_effects/lightonly_normal_add.00.fxo from non-loading thread.
WARNING: WinFileSystem::getFileType: Accessing shaders/std_effects/lightonly_normal_add.00.fxo from non-loading thread.
WARNING: ZipFileSystem::getFileTypeEx: Accessing hash from non-loading thread.
WARNING: ZipFileSystem::readFile: Accessing hash from non-loading thread.
WARNING: ZipFileSystem::getFileTypeEx: Accessing effect from non-loading thread.
WARNING: ZipFileSystem::readFile: Accessing effect from non-loading thread.
WARNING: ZipFileSystem::readFile: Accessing  from non-loading thread.
WARNING: ZipFileSystem::readFile: Accessing  from non-loading thread.
WARNING: ZipFileSystem::readFile: Accessing  from non-loading thread.
WARNING: ZipFileSystem::readFile: Accessing  from non-loading thread.
WARNING: ZipFileSystem::readFile: Accessing  from non-loading thread.
WARNING: ZipFileSystem::readFile: Accessing  from non-loading thread.
WARNING: ZipFileSystem::readFile: Accessing  from non-loading thread.
WARNING: ZipFileSystem::readFile: Accessing  from non-loading thread.
WARNING: ZipFileSystem::readFile: Accessing  from non-loading thread.
WARNING: ZipFileSystem::readFile: Accessing  from non-loading thread.
WARNING: ZipFileSystem::readFile: Accessing  from non-loading thread.
WARNING: ZipFileSystem::readFile: Accessing  from non-loading thread.
WARNING: ZipFileSystem::readFile: Accessing  from non-loading thread.
WARNING: ZipFileSystem::readFile: Accessing  from non-loading thread.
WARNING: WinFileSystem::getFileType: Accessing stdinclude.fxh from non-loading thread.
WARNING: WinFileSystem::getFileType: Accessing stdinclude.fxh from non-loading thread.
WARNING: WinFileSystem::getFileType: Accessing shaders/std_effects/stdinclude.fxh from non-loading thread.
WARNING: WinFileSystem::getFileType: Accessing shaders/std_effects/stdinclude.fxh from non-loading thread.
WARNING: WinFileSystem::getFileType: Accessing optinclude.fxh from non-loading thread.
WARNING: WinFileSystem::getFileType: Accessing optinclude.fxh from non-loading thread.
WARNING: WinFileSystem::getFileType: Accessing shaders/std_effects/optinclude.fxh from non-loading thread.
WARNING: WinFileSystem::getFileType: Accessing shaders/std_effects/optinclude.fxh from non-loading thread.
WARNING: WinFileSystem::getFileType: Accessing d3d_state_mirror.fxh from non-loading thread.
WARNING: WinFileSystem::getFileType: Accessing d3d_state_mirror.fxh from non-loading thread.
WARNING: WinFileSystem::getFileType: Accessing shaders/std_effects/d3d_state_mirror.fxh from non-loading thread.
WARNING: WinFileSystem::getFileType: Accessing shaders/std_effects/d3d_state_mirror.fxh from non-loading thread.
WARNING: WinFileSystem::getFileType: Accessing lighting_helpers.fxh from non-loading thread.
WARNING: WinFileSystem::getFileType: Accessing lighting_helpers.fxh from non-loading thread.
WARNING: WinFileSystem::getFileType: Accessing shaders/std_effects/lighting_helpers.fxh from non-loading thread.
WARNING: WinFileSystem::getFileType: Accessing shaders/std_effects/lighting_helpers.fxh from non-loading thread.
WARNING: WinFileSystem::getFileType: Accessing fog_helpers.fxh from non-loading thread.
WARNING: WinFileSystem::getFileType: Accessing fog_helpers.fxh from non-loading thread.
WARNING: WinFileSystem::getFileType: Accessing shaders/std_effects/fog_helpers.fxh from non-loading thread.
WARNING: WinFileSystem::getFileType: Accessing shaders/std_effects/fog_helpers.fxh from non-loading thread.
WARNING: WinFileSystem::getFileType: Accessing vertex_declarations.fxh from non-loading thread.
WARNING: WinFileSystem::getFileType: Accessing vertex_declarations.fxh from non-loading thread.
WARNING: WinFileSystem::getFileType: Accessing shaders/std_effects/vertex_declarations.fxh from non-loading thread.
WARNING: WinFileSystem::getFileType: Accessing shaders/std_effects/vertex_declarations.fxh from non-loading thread.
WARNING: WinFileSystem::getFileType: Accessing material_helpers.fxh from non-loading thread.
WARNING: WinFileSystem::getFileType: Accessing material_helpers.fxh from non-loading thread.
WARNING: WinFileSystem::getFileType: Accessing shaders/std_effects/material_helpers.fxh from non-loading thread.
WARNING: WinFileSystem::getFileType: Accessing shaders/std_effects/material_helpers.fxh from non-loading thread.
WARNING: WinFileSystem::getFileType: Accessing sky_light_map_helpers.fxh from non-loading thread.
WARNING: WinFileSystem::getFileType: Accessing sky_light_map_helpers.fxh from non-loading thread.
WARNING: WinFileSystem::getFileType: Accessing shaders/std_effects/sky_light_map_helpers.fxh from non-loading thread.
WARNING: WinFileSystem::getFileType: Accessing shaders/std_effects/sky_light_map_helpers.fxh from non-loading thread.
WARNING: WinFileSystem::getFileType: Accessing fresnel_helpers.fxh from non-loading thread.
WARNING: WinFileSystem::getFileType: Accessing fresnel_helpers.fxh from non-loading thread.
WARNING: WinFileSystem::getFileType: Accessing shaders/std_effects/fresnel_helpers.fxh from non-loading thread.
WARNING: WinFileSystem::getFileType: Accessing shaders/std_effects/fresnel_helpers.fxh from non-loading thread.
WARNING: WinFileSystem::getFileType: Accessing depth_helpers.fxh from non-loading thread.
WARNING: WinFileSystem::getFileType: Accessing depth_helpers.fxh from non-loading thread.
WARNING: WinFileSystem::getFileType: Accessing shaders/std_effects/depth_helpers.fxh from non-loading thread.
WARNING: WinFileSystem::getFileType: Accessing shaders/std_effects/depth_helpers.fxh from non-loading thread.
WARNING: WinFileSystem::getFileType: Accessing unskinned_effect_include.fxh from non-loading thread.
WARNING: WinFileSystem::getFileType: Accessing unskinned_effect_include.fxh from non-loading thread.
WARNING: WinFileSystem::getFileType: Accessing shaders/std_effects/unskinned_effect_include.fxh from non-loading thread.
WARNING: WinFileSystem::getFileType: Accessing shaders/std_effects/unskinned_effect_include.fxh from non-loading thread.
WARNING: WinFileSystem::getFileType: Accessing lightonly_normal.fxh from non-loading thread.
WARNING: WinFileSystem::getFileType: Accessing lightonly_normal.fxh from non-loading thread.
WARNING: WinFileSystem::getFileType: Accessing shaders/std_effects/lightonly_normal.fxh from non-loading thread.
WARNING: WinFileSystem::getFileType: Accessing shaders/std_effects/lightonly_normal.fxh from non-loading thread.
WARNING: WinFileSystem::getFileType: Accessing lightonly_2uv.fxh from non-loading thread.
WARNING: WinFileSystem::getFileType: Accessing lightonly_2uv.fxh from non-loading thread.
WARNING: WinFileSystem::getFileType: Accessing shaders/std_effects/lightonly_2uv.fxh from non-loading thread.
WARNING: WinFileSystem::getFileType: Accessing shaders/std_effects/lightonly_2uv.fxh from non-loading thread.
WARNING: WinFileSystem::getFileType: Accessing shader_combination_helpers.fxh from non-loading thread.
WARNING: WinFileSystem::getFileType: Accessing shader_combination_helpers.fxh from non-loading thread.
WARNING: WinFileSystem::getFileType: Accessing shaders/std_effects/shader_combination_helpers.fxh from non-loading thread.
WARNING: WinFileSystem::getFileType: Accessing shaders/std_effects/shader_combination_helpers.fxh from non-loading thread.
WARNING: WinFileSystem::getFileType: Accessing sets/vehicles/ref_spot6_falloff.bmp from non-loading thread.
WARNING: WinFileSystem::getFileType: Accessing sets/vehicles/ref_spot6_falloff.bmp from non-loading thread.
WARNING: WinFileSystem::getFileType: Accessing sets/vehicles/ref_spot6_falloff.texformat from non-loading thread.
WARNING: WinFileSystem::getFileType: Accessing sets/vehicles/ref_spot6_falloff.texformat from non-loading thread.
WARNING: WinFileSystem::getFileType: Accessing sets/vehicles/ref_spot6_falloff.dds from non-loading thread.
WARNING: WinFileSystem::getFileType: Accessing sets/vehicles/ref_spot6_falloff.bmp from non-loading thread.
WARNING: WinFileSystem::getFileType: Accessing sets/vehicles/ref_spot6_falloff.texformat from non-loading thread.
WARNING: WinFileSystem::getFileType: Accessing sets/vehicles/ref_spot6_falloff.texformat from non-loading thread.
WARNING: WinFileSystem::getFileType: Accessing sets/vehicles/ref_spot6_falloff.texformat from non-loading thread.
WARNING: WinFileSystem::getFileType: Accessing sets/vehicles/ref_spot6_falloff.texformat from non-loading thread.
WARNING: WinFileSystem::getFileType: Accessing sets/vehicles/ref_spot6_falloff.texanim from non-loading thread.
WARNING: WinFileSystem::getFileType: Accessing sets/vehicles/ref_spot6_falloff.texanim from non-loading thread.
WARNING: WinFileSystem::getFileType: Accessing sets/vehicles/ref_spot6_falloff.dds from non-loading thread.
WARNING: WinFileSystem::readFile: Accessing sets/vehicles/ref_spot6_falloff.dds from non-loading thread.
WARNING: WinFileSystem::getFileType: Accessing sets/vehicles/AFX_razflare.bmp from non-loading thread.
WARNING: WinFileSystem::getFileType: Accessing sets/vehicles/AFX_razflare.bmp from non-loading thread.
WARNING: WinFileSystem::getFileType: Accessing sets/vehicles/AFX_razflare.texformat from non-loading thread.
WARNING: WinFileSystem::getFileType: Accessing sets/vehicles/AFX_razflare.texformat from non-loading thread.
WARNING: WinFileSystem::getFileType: Accessing sets/vehicles/AFX_razflare.dds from non-loading thread.
WARNING: WinFileSystem::getFileType: Accessing sets/vehicles/AFX_razflare.bmp from non-loading thread.
WARNING: WinFileSystem::getFileType: Accessing sets/vehicles/AFX_razflare.texformat from non-loading thread.
WARNING: WinFileSystem::getFileType: Accessing sets/vehicles/AFX_razflare.texformat from non-loading thread.
WARNING: WinFileSystem::getFileType: Accessing sets/vehicles/AFX_razflare.texformat from non-loading thread.
WARNING: WinFileSystem::getFileType: Accessing sets/vehicles/AFX_razflare.texformat from non-loading thread.
WARNING: WinFileSystem::getFileType: Accessing sets/vehicles/AFX_razflare.texanim from non-loading thread.
WARNING: WinFileSystem::getFileType: Accessing sets/vehicles/AFX_razflare.texanim from non-loading thread.
WARNING: WinFileSystem::getFileType: Accessing sets/vehicles/AFX_razflare.dds from non-loading thread.
WARNING: WinFileSystem::readFile: Accessing sets/vehicles/AFX_razflare.dds from non-loading thread.
WARNING: WinFileSystem::getFileType: Accessing sets/vehicles/razor_flare_anim.animation from non-loading thread.
WARNING: WinFileSystem::getFileType: Accessing sets/vehicles/razor_flare_anim.animation from non-loading thread.
WARNING: WinFileSystem::getFileType: Accessing sets/vehicles/razor_flare_anim.animation from non-loading thread.
WARNING: WinFileSystem::getFileType: Accessing sets/vehicles/razor_flare_anim.animation from non-loading thread.
WARNING: WinFileSystem::getFileType: Accessing sets/vehicles/razor_flare_anim.animation from non-loading thread.
PostProcessing.fini()
RenderTargets.fini()
PostProcessing.Phases.fini()
\--------------------------------------------------------------------------------/

/------------------------------------------------------------------------------\
BigWorld Release Client (compiled at 03:31:47 Oct  9 2010) starting on Fri Nov 06 07:46:09 2020
Trace: init: Initialising IME components
fantasydemo personality selected.
PostProcessing.init()
PostProcessing: total memory used by default RenderTargets : 0.00 MB
WARNING: WinFileSystem: Case mismatch opening C:/BigWorld_2.0.1/BigWorld/fantasydemo/res/speedtree/shrubs_flowers/elephant_ear/compositemap_Diffuse.dds (CompositeMap_Diffuse.dds)
WARNING: WinFileSystem: Case mismatch opening C:/BigWorld_2.0.1/BigWorld/fantasydemo/res/speedtree/shrubs_flowers/elephant_ear/compositemap_Normal.dds (CompositeMap_Normal.dds)
Entering space: spaces/eval_empty (server: offline)
PlayerAvatar::onBecomePlayer
PlayerAvatar::onEnterWorld: begin
WARNING: WinFileSystem::getFileType: Accessing gui/maps/icon_items/icon_staff.tga from non-loading thread.
WARNING: WinFileSystem::getFileType: Accessing gui/maps/icon_items/icon_staff.tga from non-loading thread.
WARNING: WinFileSystem::getFileType: Accessing gui/maps from non-loading thread.
WARNING: WinFileSystem::readDirectory: Accessing gui/maps from non-loading thread.
WARNING: WinFileSystem::readDirectory: Accessing gui/maps from non-loading thread.
WARNING: WinFileSystem::getFileType: Accessing gui/maps/icon_items from non-loading thread.
WARNING: WinFileSystem::readDirectory: Accessing gui/maps/icon_items from non-loading thread.
WARNING: WinFileSystem::readDirectory: Accessing gui/maps/icon_items from non-loading thread.
WARNING: WinFileSystem::getFileType: Accessing gui/maps/icon_items/icon_staff.texformat from non-loading thread.
WARNING: WinFileSystem::getFileType: Accessing gui/maps/icon_items/icon_staff.texformat from non-loading thread.
WARNING: WinFileSystem::getFileType: Accessing gui/maps/icon_items/icon_staff.dds from non-loading thread.
WARNING: WinFileSystem::getFileType: Accessing gui/maps/icon_items/icon_staff.tga from non-loading thread.
WARNING: WinFileSystem::getFileType: Accessing gui/maps/icon_items/icon_staff.texformat from non-loading thread.
WARNING: WinFileSystem::getFileType: Accessing gui/maps/icon_items/icon_staff.texformat from non-loading thread.
WARNING: WinFileSystem::getFileType: Accessing gui/maps/icon_items/icon_staff.texformat from non-loading thread.
WARNING: WinFileSystem::getFileType: Accessing gui/maps/icon_items/icon_staff.texformat from non-loading thread.
WARNING: WinFileSystem::getFileType: Accessing gui/maps/icon_items/icon_staff.texanim from non-loading thread.
WARNING: WinFileSystem::getFileType: Accessing gui/maps/icon_items/icon_staff.texanim from non-loading thread.
WARNING: WinFileSystem::getFileType: Accessing gui/maps/icon_items/icon_staff.dds from non-loading thread.
WARNING: WinFileSystem::readFile: Accessing gui/maps/icon_items/icon_staff.dds from non-loading thread.
WARNING: WinFileSystem::getFileType: Accessing gui/maps/icon_items/icon_food_drumstick.tga from non-loading thread.
WARNING: WinFileSystem::getFileType: Accessing gui/maps/icon_items/icon_food_drumstick.tga from non-loading thread.
WARNING: WinFileSystem::getFileType: Accessing gui/maps/icon_items/icon_food_drumstick.texformat from non-loading thread.
WARNING: WinFileSystem::getFileType: Accessing gui/maps/icon_items/icon_food_drumstick.texformat from non-loading thread.
WARNING: WinFileSystem::getFileType: Accessing gui/maps/icon_items/icon_food_drumstick.dds from non-loading thread.
WARNING: WinFileSystem::getFileType: Accessing gui/maps/icon_items/icon_food_drumstick.tga from non-loading thread.
WARNING: WinFileSystem::getFileType: Accessing gui/maps/icon_items/icon_food_drumstick.texformat from non-loading thread.
WARNING: WinFileSystem::getFileType: Accessing gui/maps/icon_items/icon_food_drumstick.texformat from non-loading thread.
WARNING: WinFileSystem::getFileType: Accessing gui/maps/icon_items/icon_food_drumstick.texformat from non-loading thread.
WARNING: WinFileSystem::getFileType: Accessing gui/maps/icon_items/icon_food_drumstick.texformat from non-loading thread.
WARNING: WinFileSystem::getFileType: Accessing gui/maps/icon_items/icon_food_drumstick.texanim from non-loading thread.
WARNING: WinFileSystem::getFileType: Accessing gui/maps/icon_items/icon_food_drumstick.texanim from non-loading thread.
WARNING: WinFileSystem::getFileType: Accessing gui/maps/icon_items/icon_food_drumstick.dds from non-loading thread.
WARNING: WinFileSystem::readFile: Accessing gui/maps/icon_items/icon_food_drumstick.dds from non-loading thread.
WARNING: WinFileSystem::getFileType: Accessing gui/maps/icon_items/icon_tek_binoc2.tga from non-loading thread.
WARNING: WinFileSystem::getFileType: Accessing gui/maps/icon_items/icon_tek_binoc2.tga from non-loading thread.
WARNING: WinFileSystem::getFileType: Accessing gui/maps/icon_items/icon_tek_binoc2.texformat from non-loading thread.
WARNING: WinFileSystem::getFileType: Accessing gui/maps/icon_items/icon_tek_binoc2.texformat from non-loading thread.
WARNING: WinFileSystem::getFileType: Accessing gui/maps/icon_items/icon_tek_binoc2.dds from non-loading thread.
WARNING: WinFileSystem::getFileType: Accessing gui/maps/icon_items/icon_tek_binoc2.tga from non-loading thread.
WARNING: WinFileSystem::getFileType: Accessing gui/maps/icon_items/icon_tek_binoc2.texformat from non-loading thread.
WARNING: WinFileSystem::getFileType: Accessing gui/maps/icon_items/icon_tek_binoc2.texformat from non-loading thread.
WARNING: WinFileSystem::getFileType: Accessing gui/maps/icon_items/icon_tek_binoc2.texformat from non-loading thread.
WARNING: WinFileSystem::getFileType: Accessing gui/maps/icon_items/icon_tek_binoc2.texformat from non-loading thread.
WARNING: WinFileSystem::getFileType: Accessing gui/maps/icon_items/icon_tek_binoc2.texanim from non-loading thread.
WARNING: WinFileSystem::getFileType: Accessing gui/maps/icon_items/icon_tek_binoc2.texanim from non-loading thread.
WARNING: WinFileSystem::getFileType: Accessing gui/maps/icon_items/icon_tek_binoc2.dds from non-loading thread.
WARNING: WinFileSystem::readFile: Accessing gui/maps/icon_items/icon_tek_binoc2.dds from non-loading thread.
WARNING: WinFileSystem::getFileType: Accessing gui/maps/icon_items/icon_sword_bastard.tga from non-loading thread.
WARNING: WinFileSystem::getFileType: Accessing gui/maps/icon_items/icon_sword_bastard.tga from non-loading thread.
WARNING: WinFileSystem::getFileType: Accessing gui/maps/icon_items/icon_sword_bastard.texformat from non-loading thread.
WARNING: WinFileSystem::getFileType: Accessing gui/maps/icon_items/icon_sword_bastard.texformat from non-loading thread.
WARNING: WinFileSystem::getFileType: Accessing gui/maps/icon_items/icon_sword_bastard.dds from non-loading thread.
WARNING: WinFileSystem::getFileType: Accessing gui/maps/icon_items/icon_sword_bastard.tga from non-loading thread.
WARNING: WinFileSystem::getFileType: Accessing gui/maps/icon_items/icon_sword_bastard.texformat from non-loading thread.
WARNING: WinFileSystem::getFileType: Accessing gui/maps/icon_items/icon_sword_bastard.texformat from non-loading thread.
WARNING: WinFileSystem::getFileType: Accessing gui/maps/icon_items/icon_sword_bastard.texformat from non-loading thread.
WARNING: WinFileSystem::getFileType: Accessing gui/maps/icon_items/icon_sword_bastard.texformat from non-loading thread.
WARNING: WinFileSystem::getFileType: Accessing gui/maps/icon_items/icon_sword_bastard.texanim from non-loading thread.
WARNING: WinFileSystem::getFileType: Accessing gui/maps/icon_items/icon_sword_bastard.texanim from non-loading thread.
WARNING: WinFileSystem::getFileType: Accessing gui/maps/icon_items/icon_sword_bastard.dds from non-loading thread.
WARNING: WinFileSystem::readFile: Accessing gui/maps/icon_items/icon_sword_bastard.dds from non-loading thread.
WARNING: WinFileSystem::getFileType: Accessing gui/maps/icon_items/icon_sword_bastard_mithril.tga from non-loading thread.
WARNING: WinFileSystem::getFileType: Accessing gui/maps/icon_items/icon_sword_bastard_mithril.tga from non-loading thread.
WARNING: WinFileSystem::getFileType: Accessing gui/maps/icon_items/icon_sword_bastard_mithril.texformat from non-loading thread.
WARNING: WinFileSystem::getFileType: Accessing gui/maps/icon_items/icon_sword_bastard_mithril.texformat from non-loading thread.
WARNING: WinFileSystem::getFileType: Accessing gui/maps/icon_items/icon_sword_bastard_mithril.dds from non-loading thread.
WARNING: WinFileSystem::getFileType: Accessing gui/maps/icon_items/icon_sword_bastard_mithril.tga from non-loading thread.
WARNING: WinFileSystem::getFileType: Accessing gui/maps/icon_items/icon_sword_bastard_mithril.texformat from non-loading thread.
WARNING: WinFileSystem::getFileType: Accessing gui/maps/icon_items/icon_sword_bastard_mithril.texformat from non-loading thread.
WARNING: WinFileSystem::getFileType: Accessing gui/maps/icon_items/icon_sword_bastard_mithril.texformat from non-loading thread.
WARNING: WinFileSystem::getFileType: Accessing gui/maps/icon_items/icon_sword_bastard_mithril.texformat from non-loading thread.
WARNING: WinFileSystem::getFileType: Accessing gui/maps/icon_items/icon_sword_bastard_mithril.texanim from non-loading thread.
WARNING: WinFileSystem::getFileType: Accessing gui/maps/icon_items/icon_sword_bastard_mithril.texanim from non-loading thread.
WARNING: WinFileSystem::getFileType: Accessing gui/maps/icon_items/icon_sword_bastard_mithril.dds from non-loading thread.
WARNING: WinFileSystem::readFile: Accessing gui/maps/icon_items/icon_sword_bastard_mithril.dds from non-loading thread.
WARNING: WinFileSystem::getFileType: Accessing gui/maps/icon_items/icon_grail.tga from non-loading thread.
WARNING: WinFileSystem::getFileType: Accessing gui/maps/icon_items/icon_grail.tga from non-loading thread.
WARNING: WinFileSystem::getFileType: Accessing gui/maps/icon_items/icon_grail.texformat from non-loading thread.
WARNING: WinFileSystem::getFileType: Accessing gui/maps/icon_items/icon_grail.texformat from non-loading thread.
WARNING: WinFileSystem::getFileType: Accessing gui/maps/icon_items/icon_grail.dds from non-loading thread.
WARNING: WinFileSystem::getFileType: Accessing gui/maps/icon_items/icon_grail.tga from non-loading thread.
WARNING: WinFileSystem::getFileType: Accessing gui/maps/icon_items/icon_grail.texformat from non-loading thread.
WARNING: WinFileSystem::getFileType: Accessing gui/maps/icon_items/icon_grail.texformat from non-loading thread.
WARNING: WinFileSystem::getFileType: Accessing gui/maps/icon_items/icon_grail.texformat from non-loading thread.
WARNING: WinFileSystem::getFileType: Accessing gui/maps/icon_items/icon_grail.texformat from non-loading thread.
WARNING: WinFileSystem::getFileType: Accessing gui/maps/icon_items/icon_grail.texanim from non-loading thread.
WARNING: WinFileSystem::getFileType: Accessing gui/maps/icon_items/icon_grail.texanim from non-loading thread.
WARNING: WinFileSystem::getFileType: Accessing gui/maps/icon_items/icon_grail.dds from non-loading thread.
WARNING: WinFileSystem::readFile: Accessing gui/maps/icon_items/icon_grail.dds from non-loading thread.
WARNING: WinFileSystem::getFileType: Accessing scripts/client/Item from non-loading thread.
WARNING: WinFileSystem::getFileType: Accessing scripts/client/Item from non-loading thread.
WARNING: WinFileSystem::getFileType: Accessing scripts/client/Item.py from non-loading thread.
WARNING: WinFileSystem::getFileType: Accessing scripts/client/Item.pyc from non-loading thread.
WARNING: WinFileSystem::getFileType: Accessing scripts/client/Item.pyd from non-loading thread.
WARNING: WinFileSystem::getFileType: Accessing scripts/client/Item.pyd from non-loading thread.
WARNING: WinFileSystem::getFileType: Accessing scripts/client/Item.py from non-loading thread.
WARNING: WinFileSystem::getFileType: Accessing scripts/client/Item.pyc from non-loading thread.
WARNING: WinFileSystem::readFile: Accessing scripts/client/Item.pyc from non-loading thread.
WARNING: WinFileSystem::getFileType: Accessing gui/minimap_icon.gui from non-loading thread.
WARNING: WinFileSystem::readFile: Accessing gui/minimap_icon.gui from non-loading thread.
WARNING: WinFileSystem::getFileType: Accessing gui/maps/mini_map_player.tga from non-loading thread.
WARNING: WinFileSystem::getFileType: Accessing gui/maps/mini_map_player.tga from non-loading thread.
WARNING: WinFileSystem::getFileType: Accessing gui/maps/mini_map_player.texformat from non-loading thread.
WARNING: WinFileSystem::getFileType: Accessing gui/maps/mini_map_player.texformat from non-loading thread.
WARNING: WinFileSystem::getFileType: Accessing gui/maps/mini_map_player.dds from non-loading thread.
WARNING: WinFileSystem::getFileType: Accessing gui/maps/mini_map_player.tga from non-loading thread.
WARNING: WinFileSystem::getFileType: Accessing gui/maps/mini_map_player.texformat from non-loading thread.
WARNING: WinFileSystem::getFileType: Accessing gui/maps/mini_map_player.texformat from non-loading thread.
WARNING: WinFileSystem::getFileType: Accessing gui/maps/mini_map_player.texformat from non-loading thread.
WARNING: WinFileSystem::getFileType: Accessing gui/maps/mini_map_player.texformat from non-loading thread.
WARNING: WinFileSystem::getFileType: Accessing gui/maps/mini_map_player.texanim from non-loading thread.
WARNING: WinFileSystem::getFileType: Accessing gui/maps/mini_map_player.texanim from non-loading thread.
WARNING: WinFileSystem::getFileType: Accessing gui/maps/mini_map_player.dds from non-loading thread.
WARNING: WinFileSystem::readFile: Accessing gui/maps/mini_map_player.dds from non-loading thread.
WARNING: WinFileSystem::getFileType: Accessing sets from non-loading thread.
WARNING: WinFileSystem::readDirectory: Accessing sets from non-loading thread.
WARNING: WinFileSystem::readDirectory: Accessing sets from non-loading thread.
WARNING: WinFileSystem::getFileType: Accessing sets/global from non-loading thread.
WARNING: WinFileSystem::readDirectory: Accessing sets/global from non-loading thread.
WARNING: WinFileSystem::readDirectory: Accessing sets/global from non-loading thread.
WARNING: WinFileSystem::getFileType: Accessing sets/global/checker.model from non-loading thread.
WARNING: WinFileSystem::readFile: Accessing sets/global/checker.model from non-loading thread.
WARNING: WinFileSystem::getFileType: Accessing sets/global/checker.static.visual from non-loading thread.
WARNING: WinFileSystem::getFileType: Accessing sets/global/checker.static.visual from non-loading thread.
WARNING: WinFileSystem::getFileType: Accessing sets/global/checker.visual from non-loading thread.
WARNING: WinFileSystem::readFile: Accessing sets/global/checker.visual from non-loading thread.
WARNING: WinFileSystem::getFileType: Accessing sets/global/checker_bsp.visual from non-loading thread.
WARNING: WinFileSystem::getFileType: Accessing sets/global/checker_bsp.visual from non-loading thread.
WARNING: WinFileSystem::getFileType: Accessing sets/global/checker.primitives from non-loading thread.
WARNING: WinFileSystem::readFile: Accessing sets/global/checker.primitives from non-loading thread.
WARNING: WinFileSystem::getFileType: Accessing sets/global/checker.bmp from non-loading thread.
WARNING: WinFileSystem::getFileType: Accessing sets/global/checker.bmp from non-loading thread.
WARNING: WinFileSystem::getFileType: Accessing sets/global/checker.texformat from non-loading thread.
WARNING: WinFileSystem::getFileType: Accessing sets/global/checker.texformat from non-loading thread.
WARNING: WinFileSystem::getFileType: Accessing sets/global/checker.dds from non-loading thread.
WARNING: WinFileSystem::getFileType: Accessing sets/global/checker.bmp from non-loading thread.
WARNING: WinFileSystem::getFileType: Accessing sets/global/checker.texformat from non-loading thread.
WARNING: WinFileSystem::getFileType: Accessing sets/global/checker.texformat from non-loading thread.
WARNING: WinFileSystem::getFileType: Accessing sets/global/checker.texformat from non-loading thread.
WARNING: WinFileSystem::getFileType: Accessing sets/global/checker.texformat from non-loading thread.
WARNING: WinFileSystem::getFileType: Accessing sets/global/checker.texanim from non-loading thread.
WARNING: WinFileSystem::getFileType: Accessing sets/global/checker.texanim from non-loading thread.
WARNING: WinFileSystem::getFileType: Accessing sets/global/checker.dds from non-loading thread.
WARNING: WinFileSystem::readFile: Accessing sets/global/checker.dds from non-loading thread.
PlayerAvatar::onEnterWorld: end
WARNING: WinFileSystem::getFileType: Accessing maps/fx/fx_dirt01.tga from non-loading thread.
WARNING: WinFileSystem::getFileType: Accessing maps/fx/fx_dirt01.tga from non-loading thread.
WARNING: WinFileSystem::getFileType: Accessing maps from non-loading thread.
WARNING: WinFileSystem::readDirectory: Accessing maps from non-loading thread.
WARNING: WinFileSystem::readDirectory: Accessing maps from non-loading thread.
WARNING: WinFileSystem::getFileType: Accessing maps/fx from non-loading thread.
WARNING: WinFileSystem::readDirectory: Accessing maps/fx from non-loading thread.
WARNING: WinFileSystem::readDirectory: Accessing maps/fx from non-loading thread.
WARNING: WinFileSystem::getFileType: Accessing maps/fx/fx_dirt01.texformat from non-loading thread.
WARNING: WinFileSystem::getFileType: Accessing maps/fx/fx_dirt01.texformat from non-loading thread.
WARNING: WinFileSystem::getFileType: Accessing maps/fx/fx_dirt01.dds from non-loading thread.
WARNING: WinFileSystem::getFileType: Accessing maps/fx/fx_dirt01.tga from non-loading thread.
WARNING: WinFileSystem::getFileType: Accessing maps/fx/fx_dirt01.texformat from non-loading thread.
WARNING: WinFileSystem::getFileType: Accessing maps/fx/fx_dirt01.texformat from non-loading thread.
WARNING: WinFileSystem::getFileType: Accessing maps/fx/fx_dirt01.texformat from non-loading thread.
WARNING: WinFileSystem::getFileType: Accessing maps/fx/fx_dirt01.texformat from non-loading thread.
WARNING: WinFileSystem::getFileType: Accessing maps/fx/fx_dirt01.texanim from non-loading thread.
WARNING: WinFileSystem::readFile: Accessing maps/fx/fx_dirt01.texanim from non-loading thread.
WARNING: WinFileSystem::getFileType: Accessing maps/fx/fx_dirt01.tga from non-loading thread.
WARNING: WinFileSystem::getFileType: Accessing maps/fx/fx_dirt01.tga from non-loading thread.
WARNING: WinFileSystem::getFileType: Accessing maps/fx/fx_dirt01.texformat from non-loading thread.
WARNING: WinFileSystem::getFileType: Accessing maps/fx/fx_dirt01.texformat from non-loading thread.
WARNING: WinFileSystem::getFileType: Accessing maps/fx/fx_dirt01.dds from non-loading thread.
WARNING: WinFileSystem::getFileType: Accessing maps/fx/fx_dirt01.tga from non-loading thread.
WARNING: WinFileSystem::getFileType: Accessing maps/fx/fx_dirt01.texformat from non-loading thread.
WARNING: WinFileSystem::getFileType: Accessing maps/fx/fx_dirt01.texformat from non-loading thread.
WARNING: WinFileSystem::getFileType: Accessing maps/fx/fx_dirt01.texformat from non-loading thread.
WARNING: WinFileSystem::getFileType: Accessing maps/fx/fx_dirt01.texformat from non-loading thread.
WARNING: WinFileSystem::getFileType: Accessing maps/fx/fx_dirt01.dds from non-loading thread.
WARNING: WinFileSystem::readFile: Accessing maps/fx/fx_dirt01.dds from non-loading thread.
WARNING: WinFileSystem::getFileType: Accessing maps/fx/fx_dirt02.tga from non-loading thread.
WARNING: WinFileSystem::getFileType: Accessing maps/fx/fx_dirt02.tga from non-loading thread.
WARNING: WinFileSystem::getFileType: Accessing maps/fx/fx_dirt02.texformat from non-loading thread.
WARNING: WinFileSystem::getFileType: Accessing maps/fx/fx_dirt02.texformat from non-loading thread.
WARNING: WinFileSystem::getFileType: Accessing maps/fx/fx_dirt02.dds from non-loading thread.
WARNING: WinFileSystem::getFileType: Accessing maps/fx/fx_dirt02.tga from non-loading thread.
WARNING: WinFileSystem::getFileType: Accessing maps/fx/fx_dirt02.texformat from non-loading thread.
WARNING: WinFileSystem::getFileType: Accessing maps/fx/fx_dirt02.texformat from non-loading thread.
WARNING: WinFileSystem::getFileType: Accessing maps/fx/fx_dirt02.texformat from non-loading thread.
WARNING: WinFileSystem::getFileType: Accessing maps/fx/fx_dirt02.texformat from non-loading thread.
WARNING: WinFileSystem::getFileType: Accessing maps/fx/fx_dirt02.dds from non-loading thread.
WARNING: WinFileSystem::readFile: Accessing maps/fx/fx_dirt02.dds from non-loading thread.
WARNING: WinFileSystem::getFileType: Accessing maps/fx/fx_dirt03.tga from non-loading thread.
WARNING: WinFileSystem::getFileType: Accessing maps/fx/fx_dirt03.tga from non-loading thread.
WARNING: WinFileSystem::getFileType: Accessing maps/fx/fx_dirt03.texformat from non-loading thread.
WARNING: WinFileSystem::getFileType: Accessing maps/fx/fx_dirt03.texformat from non-loading thread.
WARNING: WinFileSystem::getFileType: Accessing maps/fx/fx_dirt03.dds from non-loading thread.
WARNING: WinFileSystem::getFileType: Accessing maps/fx/fx_dirt03.tga from non-loading thread.
WARNING: WinFileSystem::getFileType: Accessing maps/fx/fx_dirt03.texformat from non-loading thread.
WARNING: WinFileSystem::getFileType: Accessing maps/fx/fx_dirt03.texformat from non-loading thread.
WARNING: WinFileSystem::getFileType: Accessing maps/fx/fx_dirt03.texformat from non-loading thread.
WARNING: WinFileSystem::getFileType: Accessing maps/fx/fx_dirt03.texformat from non-loading thread.
WARNING: WinFileSystem::getFileType: Accessing maps/fx/fx_dirt03.dds from non-loading thread.
WARNING: WinFileSystem::readFile: Accessing maps/fx/fx_dirt03.dds from non-loading thread.
WARNING: WinFileSystem::getFileType: Accessing maps/fx/fx_dirt04.tga from non-loading thread.
WARNING: WinFileSystem::getFileType: Accessing maps/fx/fx_dirt04.tga from non-loading thread.
WARNING: WinFileSystem::getFileType: Accessing maps/fx/fx_dirt04.texformat from non-loading thread.
WARNING: WinFileSystem::getFileType: Accessing maps/fx/fx_dirt04.texformat from non-loading thread.
WARNING: WinFileSystem::getFileType: Accessing maps/fx/fx_dirt04.dds from non-loading thread.
WARNING: WinFileSystem::getFileType: Accessing maps/fx/fx_dirt04.tga from non-loading thread.
WARNING: WinFileSystem::getFileType: Accessing maps/fx/fx_dirt04.texformat from non-loading thread.
WARNING: WinFileSystem::getFileType: Accessing maps/fx/fx_dirt04.texformat from non-loading thread.
WARNING: WinFileSystem::getFileType: Accessing maps/fx/fx_dirt04.texformat from non-loading thread.
WARNING: WinFileSystem::getFileType: Accessing maps/fx/fx_dirt04.texformat from non-loading thread.
WARNING: WinFileSystem::getFileType: Accessing maps/fx/fx_dirt04.dds from non-loading thread.
WARNING: WinFileSystem::readFile: Accessing maps/fx/fx_dirt04.dds from non-loading thread.
WARNING: WinFileSystem::getFileType: Accessing maps/fx/fx_dirt05.tga from non-loading thread.
WARNING: WinFileSystem::getFileType: Accessing maps/fx/fx_dirt05.tga from non-loading thread.
WARNING: WinFileSystem::getFileType: Accessing maps/fx/fx_dirt05.texformat from non-loading thread.
WARNING: WinFileSystem::getFileType: Accessing maps/fx/fx_dirt05.texformat from non-loading thread.
WARNING: WinFileSystem::getFileType: Accessing maps/fx/fx_dirt05.dds from non-loading thread.
WARNING: WinFileSystem::getFileType: Accessing maps/fx/fx_dirt05.tga from non-loading thread.
WARNING: WinFileSystem::getFileType: Accessing maps/fx/fx_dirt05.texformat from non-loading thread.
WARNING: WinFileSystem::getFileType: Accessing maps/fx/fx_dirt05.texformat from non-loading thread.
WARNING: WinFileSystem::getFileType: Accessing maps/fx/fx_dirt05.texformat from non-loading thread.
WARNING: WinFileSystem::getFileType: Accessing maps/fx/fx_dirt05.texformat from non-loading thread.
WARNING: WinFileSystem::getFileType: Accessing maps/fx/fx_dirt05.dds from non-loading thread.
WARNING: WinFileSystem::readFile: Accessing maps/fx/fx_dirt05.dds from non-loading thread.
WARNING: WinFileSystem::getFileType: Accessing maps/fx/fx_dirt06.tga from non-loading thread.
WARNING: WinFileSystem::getFileType: Accessing maps/fx/fx_dirt06.tga from non-loading thread.
WARNING: WinFileSystem::getFileType: Accessing maps/fx/fx_dirt06.texformat from non-loading thread.
WARNING: WinFileSystem::getFileType: Accessing maps/fx/fx_dirt06.texformat from non-loading thread.
WARNING: WinFileSystem::getFileType: Accessing maps/fx/fx_dirt06.dds from non-loading thread.
WARNING: WinFileSystem::getFileType: Accessing maps/fx/fx_dirt06.tga from non-loading thread.
WARNING: WinFileSystem::getFileType: Accessing maps/fx/fx_dirt06.texformat from non-loading thread.
WARNING: WinFileSystem::getFileType: Accessing maps/fx/fx_dirt06.texformat from non-loading thread.
WARNING: WinFileSystem::getFileType: Accessing maps/fx/fx_dirt06.texformat from non-loading thread.
WARNING: WinFileSystem::getFileType: Accessing maps/fx/fx_dirt06.texformat from non-loading thread.
WARNING: WinFileSystem::getFileType: Accessing maps/fx/fx_dirt06.dds from non-loading thread.
WARNING: WinFileSystem::readFile: Accessing maps/fx/fx_dirt06.dds from non-loading thread.
WARNING: WinFileSystem::getFileType: Accessing maps/fx/fx_dirt07.tga from non-loading thread.
WARNING: WinFileSystem::getFileType: Accessing maps/fx/fx_dirt07.tga from non-loading thread.
WARNING: WinFileSystem::getFileType: Accessing maps/fx/fx_dirt07.texformat from non-loading thread.
WARNING: WinFileSystem::getFileType: Accessing maps/fx/fx_dirt07.texformat from non-loading thread.
WARNING: WinFileSystem::getFileType: Accessing maps/fx/fx_dirt07.dds from non-loading thread.
WARNING: WinFileSystem::getFileType: Accessing maps/fx/fx_dirt07.tga from non-loading thread.
WARNING: WinFileSystem::getFileType: Accessing maps/fx/fx_dirt07.texformat from non-loading thread.
WARNING: WinFileSystem::getFileType: Accessing maps/fx/fx_dirt07.texformat from non-loading thread.
WARNING: WinFileSystem::getFileType: Accessing maps/fx/fx_dirt07.texformat from non-loading thread.
WARNING: WinFileSystem::getFileType: Accessing maps/fx/fx_dirt07.texformat from non-loading thread.
WARNING: WinFileSystem::getFileType: Accessing maps/fx/fx_dirt07.dds from non-loading thread.
WARNING: WinFileSystem::readFile: Accessing maps/fx/fx_dirt07.dds from non-loading thread.
WARNING: WinFileSystem::getFileType: Accessing maps/fx/fx_dirt08.tga from non-loading thread.
WARNING: WinFileSystem::getFileType: Accessing maps/fx/fx_dirt08.tga from non-loading thread.
WARNING: WinFileSystem::getFileType: Accessing maps/fx/fx_dirt08.texformat from non-loading thread.
WARNING: WinFileSystem::getFileType: Accessing maps/fx/fx_dirt08.texformat from non-loading thread.
WARNING: WinFileSystem::getFileType: Accessing maps/fx/fx_dirt08.dds from non-loading thread.
WARNING: WinFileSystem::getFileType: Accessing maps/fx/fx_dirt08.tga from non-loading thread.
WARNING: WinFileSystem::getFileType: Accessing maps/fx/fx_dirt08.texformat from non-loading thread.
WARNING: WinFileSystem::getFileType: Accessing maps/fx/fx_dirt08.texformat from non-loading thread.
WARNING: WinFileSystem::getFileType: Accessing maps/fx/fx_dirt08.texformat from non-loading thread.
WARNING: WinFileSystem::getFileType: Accessing maps/fx/fx_dirt08.texformat from non-loading thread.
WARNING: WinFileSystem::getFileType: Accessing maps/fx/fx_dirt08.dds from non-loading thread.
WARNING: WinFileSystem::readFile: Accessing maps/fx/fx_dirt08.dds from non-loading thread.
WARNING: WinFileSystem::getFileType: Accessing sets/desert/maps/des_sandstorm_wirlwindchunks.bmp from non-loading thread.
WARNING: WinFileSystem::getFileType: Accessing sets/desert/maps/des_sandstorm_wirlwindchunks.bmp from non-loading thread.
WARNING: WinFileSystem::getFileType: Accessing sets\desert\maps\des_sandstorm_wirlwindchunks.tga from non-loading thread.
WARNING: WinFileSystem::getFileType: Accessing sets/desert/maps/des_sandstorm_wirlwindchunks.bmp from non-loading thread.
WARNING: WinFileSystem::getFileType: Accessing sets/desert/maps/des_sandstorm_wirlwindchunks.bmp from non-loading thread.
WARNING: WinFileSystem::getFileType: Accessing sets\desert\maps\des_sandstorm_wirlwindchunks.tga from non-loading thread.
WARNING: WinFileSystem::getFileType: Accessing sets from non-loading thread.
WARNING: WinFileSystem::readDirectory: Accessing sets from non-loading thread.
WARNING: WinFileSystem::readDirectory: Accessing sets from non-loading thread.
WARNING: WinFileSystem::getFileType: Accessing sets/desert from non-loading thread.
WARNING: WinFileSystem::readDirectory: Accessing sets/desert from non-loading thread.
WARNING: WinFileSystem::readDirectory: Accessing sets/desert from non-loading thread.
WARNING: WinFileSystem::getFileType: Accessing sets/desert/maps from non-loading thread.
WARNING: WinFileSystem::readDirectory: Accessing sets/desert/maps from non-loading thread.
WARNING: WinFileSystem::readDirectory: Accessing sets/desert/maps from non-loading thread.
WARNING: WinFileSystem::getFileType: Accessing sets/desert/maps/des_sandstorm_wirlwindchunks.texformat from non-loading thread.
WARNING: WinFileSystem::getFileType: Accessing sets/desert/maps/des_sandstorm_wirlwindchunks.texformat from non-loading thread.
WARNING: WinFileSystem::getFileType: Accessing sets/desert/maps/des_sandstorm_wirlwindchunks.dds from non-loading thread.
WARNING: WinFileSystem::getFileType: Accessing sets/desert/maps/des_sandstorm_wirlwindchunks.tga from non-loading thread.
WARNING: WinFileSystem::getFileType: Accessing sets/desert/maps/des_sandstorm_wirlwindchunks.texformat from non-loading thread.
WARNING: WinFileSystem::getFileType: Accessing sets/desert/maps/des_sandstorm_wirlwindchunks.texformat from non-loading thread.
WARNING: WinFileSystem::getFileType: Accessing sets/desert/maps/des_sandstorm_wirlwindchunks.texformat from non-loading thread.
WARNING: WinFileSystem::getFileType: Accessing sets/desert/maps/des_sandstorm_wirlwindchunks.texformat from non-loading thread.
WARNING: WinFileSystem::getFileType: Accessing sets/desert/maps/des_sandstorm_wirlwindchunks.texanim from non-loading thread.
WARNING: WinFileSystem::getFileType: Accessing sets/desert/maps/des_sandstorm_wirlwindchunks.texanim from non-loading thread.
WARNING: WinFileSystem::getFileType: Accessing sets/desert/maps/des_sandstorm_wirlwindchunks.dds from non-loading thread.
WARNING: WinFileSystem::readFile: Accessing sets/desert/maps/des_sandstorm_wirlwindchunks.dds from non-loading thread.
WARNING: WinFileSystem: Case mismatch opening C:/BigWorld_2.0.1/BigWorld/fantasydemo/res/speedtree/shrubs_flowers/american_boxwood/compositemap_Diffuse.dds (CompositeMap_Diffuse.dds)
WARNING: WinFileSystem: Case mismatch opening C:/BigWorld_2.0.1/BigWorld/fantasydemo/res/speedtree/shrubs_flowers/american_boxwood/compositemap_Normal.dds (CompositeMap_Normal.dds)
ERROR: Model::get: Could not open model resource characters/npc/striff/striff.model
ERROR: Entity::onEnterWorld:  py_resource: Requested resource had previously failed to load. (<type 'exceptions.ValueError'>)
Traceback (most recent call last):
  File "scripts/client/VehicleExample.py", line 29, in onEnterWorld
    self.model = prereqs[VehicleExample.stdModel]
ValueError: py_resource: Requested resource had previously failed to load.
WARNING: WinFileSystem::getFileType: Accessing sets from non-loading thread.
WARNING: WinFileSystem::readDirectory: Accessing sets from non-loading thread.
WARNING: WinFileSystem::readDirectory: Accessing sets from non-loading thread.
WARNING: WinFileSystem::getFileType: Accessing sets/vehicles/razor_flare.model from non-loading thread.
WARNING: WinFileSystem::readFile: Accessing sets/vehicles/razor_flare.model from non-loading thread.
WARNING: WinFileSystem::getFileType: Accessing sets/vehicles/razor_flare.visual from non-loading thread.
WARNING: WinFileSystem::readFile: Accessing sets/vehicles/razor_flare.visual from non-loading thread.
WARNING: WinFileSystem::getFileType: Accessing sets/vehicles/razor_flare_bsp.visual from non-loading thread.
WARNING: WinFileSystem::getFileType: Accessing sets/vehicles/razor_flare_bsp.visual from non-loading thread.
WARNING: WinFileSystem::getFileType: Accessing shaders/std_effects from non-loading thread.
WARNING: WinFileSystem::getFileType: Accessing shaders/std_effects from non-loading thread.
WARNING: WinFileSystem::readDirectory: Accessing shaders/std_effects from non-loading thread.
WARNING: WinFileSystem::readDirectory: Accessing shaders/std_effects from non-loading thread.
WARNING: WinFileSystem::getFileType: Accessing shaders/std_effects/lightonly_normal_add.00.fxo from non-loading thread.
WARNING: WinFileSystem::getFileType: Accessing shaders/std_effects/lightonly_normal_add.00.fxo from non-loading thread.
WARNING: ZipFileSystem::getFileTypeEx: Accessing hash from non-loading thread.
WARNING: ZipFileSystem::readFile: Accessing hash from non-loading thread.
WARNING: ZipFileSystem::getFileTypeEx: Accessing effect from non-loading thread.
WARNING: ZipFileSystem::readFile: Accessing effect from non-loading thread.
WARNING: ZipFileSystem::readFile: Accessing  from non-loading thread.
WARNING: ZipFileSystem::readFile: Accessing  from non-loading thread.
WARNING: ZipFileSystem::readFile: Accessing  from non-loading thread.
WARNING: ZipFileSystem::readFile: Accessing  from non-loading thread.
WARNING: ZipFileSystem::readFile: Accessing  from non-loading thread.
WARNING: ZipFileSystem::readFile: Accessing  from non-loading thread.
WARNING: ZipFileSystem::readFile: Accessing  from non-loading thread.
WARNING: ZipFileSystem::readFile: Accessing  from non-loading thread.
WARNING: ZipFileSystem::readFile: Accessing  from non-loading thread.
WARNING: ZipFileSystem::readFile: Accessing  from non-loading thread.
WARNING: ZipFileSystem::readFile: Accessing  from non-loading thread.
WARNING: ZipFileSystem::readFile: Accessing  from non-loading thread.
WARNING: ZipFileSystem::readFile: Accessing  from non-loading thread.
WARNING: ZipFileSystem::readFile: Accessing  from non-loading thread.
WARNING: WinFileSystem::getFileType: Accessing stdinclude.fxh from non-loading thread.
WARNING: WinFileSystem::getFileType: Accessing stdinclude.fxh from non-loading thread.
WARNING: WinFileSystem::getFileType: Accessing shaders/std_effects/stdinclude.fxh from non-loading thread.
WARNING: WinFileSystem::getFileType: Accessing shaders/std_effects/stdinclude.fxh from non-loading thread.
WARNING: WinFileSystem::getFileType: Accessing optinclude.fxh from non-loading thread.
WARNING: WinFileSystem::getFileType: Accessing optinclude.fxh from non-loading thread.
WARNING: WinFileSystem::getFileType: Accessing shaders/std_effects/optinclude.fxh from non-loading thread.
WARNING: WinFileSystem::getFileType: Accessing shaders/std_effects/optinclude.fxh from non-loading thread.
WARNING: WinFileSystem::getFileType: Accessing d3d_state_mirror.fxh from non-loading thread.
WARNING: WinFileSystem::getFileType: Accessing d3d_state_mirror.fxh from non-loading thread.
WARNING: WinFileSystem::getFileType: Accessing shaders/std_effects/d3d_state_mirror.fxh from non-loading thread.
WARNING: WinFileSystem::getFileType: Accessing shaders/std_effects/d3d_state_mirror.fxh from non-loading thread.
WARNING: WinFileSystem::getFileType: Accessing lighting_helpers.fxh from non-loading thread.
WARNING: WinFileSystem::getFileType: Accessing lighting_helpers.fxh from non-loading thread.
WARNING: WinFileSystem::getFileType: Accessing shaders/std_effects/lighting_helpers.fxh from non-loading thread.
WARNING: WinFileSystem::getFileType: Accessing shaders/std_effects/lighting_helpers.fxh from non-loading thread.
WARNING: WinFileSystem::getFileType: Accessing fog_helpers.fxh from non-loading thread.
WARNING: WinFileSystem::getFileType: Accessing fog_helpers.fxh from non-loading thread.
WARNING: WinFileSystem::getFileType: Accessing shaders/std_effects/fog_helpers.fxh from non-loading thread.
WARNING: WinFileSystem::getFileType: Accessing shaders/std_effects/fog_helpers.fxh from non-loading thread.
WARNING: WinFileSystem::getFileType: Accessing vertex_declarations.fxh from non-loading thread.
WARNING: WinFileSystem::getFileType: Accessing vertex_declarations.fxh from non-loading thread.
WARNING: WinFileSystem::getFileType: Accessing shaders/std_effects/vertex_declarations.fxh from non-loading thread.
WARNING: WinFileSystem::getFileType: Accessing shaders/std_effects/vertex_declarations.fxh from non-loading thread.
WARNING: WinFileSystem::getFileType: Accessing material_helpers.fxh from non-loading thread.
WARNING: WinFileSystem::getFileType: Accessing material_helpers.fxh from non-loading thread.
WARNING: WinFileSystem::getFileType: Accessing shaders/std_effects/material_helpers.fxh from non-loading thread.
WARNING: WinFileSystem::getFileType: Accessing shaders/std_effects/material_helpers.fxh from non-loading thread.
WARNING: WinFileSystem::getFileType: Accessing sky_light_map_helpers.fxh from non-loading thread.
WARNING: WinFileSystem::getFileType: Accessing sky_light_map_helpers.fxh from non-loading thread.
WARNING: WinFileSystem::getFileType: Accessing shaders/std_effects/sky_light_map_helpers.fxh from non-loading thread.
WARNING: WinFileSystem::getFileType: Accessing shaders/std_effects/sky_light_map_helpers.fxh from non-loading thread.
WARNING: WinFileSystem::getFileType: Accessing fresnel_helpers.fxh from non-loading thread.
WARNING: WinFileSystem::getFileType: Accessing fresnel_helpers.fxh from non-loading thread.
WARNING: WinFileSystem::getFileType: Accessing shaders/std_effects/fresnel_helpers.fxh from non-loading thread.
WARNING: WinFileSystem::getFileType: Accessing shaders/std_effects/fresnel_helpers.fxh from non-loading thread.
WARNING: WinFileSystem::getFileType: Accessing depth_helpers.fxh from non-loading thread.
WARNING: WinFileSystem::getFileType: Accessing depth_helpers.fxh from non-loading thread.
WARNING: WinFileSystem::getFileType: Accessing shaders/std_effects/depth_helpers.fxh from non-loading thread.
WARNING: WinFileSystem::getFileType: Accessing shaders/std_effects/depth_helpers.fxh from non-loading thread.
WARNING: WinFileSystem::getFileType: Accessing unskinned_effect_include.fxh from non-loading thread.
WARNING: WinFileSystem::getFileType: Accessing unskinned_effect_include.fxh from non-loading thread.
WARNING: WinFileSystem::getFileType: Accessing shaders/std_effects/unskinned_effect_include.fxh from non-loading thread.
WARNING: WinFileSystem::getFileType: Accessing shaders/std_effects/unskinned_effect_include.fxh from non-loading thread.
WARNING: WinFileSystem::getFileType: Accessing lightonly_normal.fxh from non-loading thread.
WARNING: WinFileSystem::getFileType: Accessing lightonly_normal.fxh from non-loading thread.
WARNING: WinFileSystem::getFileType: Accessing shaders/std_effects/lightonly_normal.fxh from non-loading thread.
WARNING: WinFileSystem::getFileType: Accessing shaders/std_effects/lightonly_normal.fxh from non-loading thread.
WARNING: WinFileSystem::getFileType: Accessing lightonly_2uv.fxh from non-loading thread.
WARNING: WinFileSystem::getFileType: Accessing lightonly_2uv.fxh from non-loading thread.
WARNING: WinFileSystem::getFileType: Accessing shaders/std_effects/lightonly_2uv.fxh from non-loading thread.
WARNING: WinFileSystem::getFileType: Accessing shaders/std_effects/lightonly_2uv.fxh from non-loading thread.
WARNING: WinFileSystem::getFileType: Accessing shader_combination_helpers.fxh from non-loading thread.
WARNING: WinFileSystem::getFileType: Accessing shader_combination_helpers.fxh from non-loading thread.
WARNING: WinFileSystem::getFileType: Accessing shaders/std_effects/shader_combination_helpers.fxh from non-loading thread.
WARNING: WinFileSystem::getFileType: Accessing shaders/std_effects/shader_combination_helpers.fxh from non-loading thread.
WARNING: WinFileSystem::getFileType: Accessing sets/vehicles/ref_spot6_falloff.bmp from non-loading thread.
WARNING: WinFileSystem::getFileType: Accessing sets/vehicles/ref_spot6_falloff.bmp from non-loading thread.
WARNING: WinFileSystem::getFileType: Accessing sets/vehicles/ref_spot6_falloff.texformat from non-loading thread.
WARNING: WinFileSystem::getFileType: Accessing sets/vehicles/ref_spot6_falloff.texformat from non-loading thread.
WARNING: WinFileSystem::getFileType: Accessing sets/vehicles/ref_spot6_falloff.dds from non-loading thread.
WARNING: WinFileSystem::getFileType: Accessing sets/vehicles/ref_spot6_falloff.bmp from non-loading thread.
WARNING: WinFileSystem::getFileType: Accessing sets/vehicles/ref_spot6_falloff.texformat from non-loading thread.
WARNING: WinFileSystem::getFileType: Accessing sets/vehicles/ref_spot6_falloff.texformat from non-loading thread.
WARNING: WinFileSystem::getFileType: Accessing sets/vehicles/ref_spot6_falloff.texformat from non-loading thread.
WARNING: WinFileSystem::getFileType: Accessing sets/vehicles/ref_spot6_falloff.texformat from non-loading thread.
WARNING: WinFileSystem::getFileType: Accessing sets/vehicles/ref_spot6_falloff.texanim from non-loading thread.
WARNING: WinFileSystem::getFileType: Accessing sets/vehicles/ref_spot6_falloff.texanim from non-loading thread.
WARNING: WinFileSystem::getFileType: Accessing sets/vehicles/ref_spot6_falloff.dds from non-loading thread.
WARNING: WinFileSystem::readFile: Accessing sets/vehicles/ref_spot6_falloff.dds from non-loading thread.
WARNING: WinFileSystem::getFileType: Accessing sets/vehicles/AFX_razflare.bmp from non-loading thread.
WARNING: WinFileSystem::getFileType: Accessing sets/vehicles/AFX_razflare.bmp from non-loading thread.
WARNING: WinFileSystem::getFileType: Accessing sets/vehicles/AFX_razflare.texformat from non-loading thread.
WARNING: WinFileSystem::getFileType: Accessing sets/vehicles/AFX_razflare.texformat from non-loading thread.
WARNING: WinFileSystem::getFileType: Accessing sets/vehicles/AFX_razflare.dds from non-loading thread.
WARNING: WinFileSystem::getFileType: Accessing sets/vehicles/AFX_razflare.bmp from non-loading thread.
WARNING: WinFileSystem::getFileType: Accessing sets/vehicles/AFX_razflare.texformat from non-loading thread.
WARNING: WinFileSystem::getFileType: Accessing sets/vehicles/AFX_razflare.texformat from non-loading thread.
WARNING: WinFileSystem::getFileType: Accessing sets/vehicles/AFX_razflare.texformat from non-loading thread.
WARNING: WinFileSystem::getFileType: Accessing sets/vehicles/AFX_razflare.texformat from non-loading thread.
WARNING: WinFileSystem::getFileType: Accessing sets/vehicles/AFX_razflare.texanim from non-loading thread.
WARNING: WinFileSystem::getFileType: Accessing sets/vehicles/AFX_razflare.texanim from non-loading thread.
WARNING: WinFileSystem::getFileType: Accessing sets/vehicles/AFX_razflare.dds from non-loading thread.
WARNING: WinFileSystem::readFile: Accessing sets/vehicles/AFX_razflare.dds from non-loading thread.
WARNING: WinFileSystem::getFileType: Accessing sets/vehicles/razor_flare_anim.animation from non-loading thread.
WARNING: WinFileSystem::getFileType: Accessing sets/vehicles/razor_flare_anim.animation from non-loading thread.
WARNING: WinFileSystem::getFileType: Accessing sets/vehicles/razor_flare_anim.animation from non-loading thread.
WARNING: WinFileSystem::getFileType: Accessing sets/vehicles/razor_flare_anim.animation from non-loading thread.
WARNING: WinFileSystem::getFileType: Accessing sets/vehicles/razor_flare_anim.animation from non-loading thread.
PlayerAvatar::onBecomePlayer
PlayerAvatar::onEnterWorld: begin
WARNING: WinFileSystem::getFileType: Accessing scripts/client/Item from non-loading thread.
WARNING: WinFileSystem::getFileType: Accessing scripts/client/Item from non-loading thread.
WARNING: WinFileSystem::getFileType: Accessing scripts/client/Item.py from non-loading thread.
WARNING: WinFileSystem::getFileType: Accessing scripts/client/Item.pyc from non-loading thread.
WARNING: WinFileSystem::getFileType: Accessing scripts/client/Item.pyd from non-loading thread.
WARNING: WinFileSystem::getFileType: Accessing scripts/client/Item.pyd from non-loading thread.
WARNING: WinFileSystem::getFileType: Accessing scripts/client/Item.py from non-loading thread.
WARNING: WinFileSystem::getFileType: Accessing scripts/client/Item.pyc from non-loading thread.
WARNING: WinFileSystem::readFile: Accessing scripts/client/Item.pyc from non-loading thread.
WARNING: WinFileSystem::getFileType: Accessing gui/minimap_icon.gui from non-loading thread.
WARNING: WinFileSystem::readFile: Accessing gui/minimap_icon.gui from non-loading thread.
PlayerAvatar::onEnterWorld: end
WARNING: WinFileSystem::getFileType: Accessing sets from non-loading thread.
WARNING: WinFileSystem::readDirectory: Accessing sets from non-loading thread.
WARNING: WinFileSystem::readDirectory: Accessing sets from non-loading thread.
WARNING: WinFileSystem::getFileType: Accessing sets/vehicles/razor_flare.model from non-loading thread.
WARNING: WinFileSystem::readFile: Accessing sets/vehicles/razor_flare.model from non-loading thread.
WARNING: WinFileSystem::getFileType: Accessing sets/vehicles/razor_flare.visual from non-loading thread.
WARNING: WinFileSystem::readFile: Accessing sets/vehicles/razor_flare.visual from non-loading thread.
WARNING: WinFileSystem::getFileType: Accessing sets/vehicles/razor_flare_bsp.visual from non-loading thread.
WARNING: WinFileSystem::getFileType: Accessing sets/vehicles/razor_flare_bsp.visual from non-loading thread.
WARNING: WinFileSystem::getFileType: Accessing shaders/std_effects from non-loading thread.
WARNING: WinFileSystem::getFileType: Accessing shaders/std_effects from non-loading thread.
WARNING: WinFileSystem::readDirectory: Accessing shaders/std_effects from non-loading thread.
WARNING: WinFileSystem::readDirectory: Accessing shaders/std_effects from non-loading thread.
WARNING: WinFileSystem::getFileType: Accessing shaders/std_effects/lightonly_normal_add.00.fxo from non-loading thread.
WARNING: WinFileSystem::getFileType: Accessing shaders/std_effects/lightonly_normal_add.00.fxo from non-loading thread.
WARNING: ZipFileSystem::getFileTypeEx: Accessing hash from non-loading thread.
WARNING: ZipFileSystem::readFile: Accessing hash from non-loading thread.
WARNING: ZipFileSystem::getFileTypeEx: Accessing effect from non-loading thread.
WARNING: ZipFileSystem::readFile: Accessing effect from non-loading thread.
WARNING: ZipFileSystem::readFile: Accessing  from non-loading thread.
WARNING: ZipFileSystem::readFile: Accessing  from non-loading thread.
WARNING: ZipFileSystem::readFile: Accessing  from non-loading thread.
WARNING: ZipFileSystem::readFile: Accessing  from non-loading thread.
WARNING: ZipFileSystem::readFile: Accessing  from non-loading thread.
WARNING: ZipFileSystem::readFile: Accessing  from non-loading thread.
WARNING: ZipFileSystem::readFile: Accessing  from non-loading thread.
WARNING: ZipFileSystem::readFile: Accessing  from non-loading thread.
WARNING: ZipFileSystem::readFile: Accessing  from non-loading thread.
WARNING: ZipFileSystem::readFile: Accessing  from non-loading thread.
WARNING: ZipFileSystem::readFile: Accessing  from non-loading thread.
WARNING: ZipFileSystem::readFile: Accessing  from non-loading thread.
WARNING: ZipFileSystem::readFile: Accessing  from non-loading thread.
WARNING: ZipFileSystem::readFile: Accessing  from non-loading thread.
WARNING: WinFileSystem::getFileType: Accessing stdinclude.fxh from non-loading thread.
WARNING: WinFileSystem::getFileType: Accessing stdinclude.fxh from non-loading thread.
WARNING: WinFileSystem::getFileType: Accessing shaders/std_effects/stdinclude.fxh from non-loading thread.
WARNING: WinFileSystem::getFileType: Accessing shaders/std_effects/stdinclude.fxh from non-loading thread.
WARNING: WinFileSystem::getFileType: Accessing optinclude.fxh from non-loading thread.
WARNING: WinFileSystem::getFileType: Accessing optinclude.fxh from non-loading thread.
WARNING: WinFileSystem::getFileType: Accessing shaders/std_effects/optinclude.fxh from non-loading thread.
WARNING: WinFileSystem::getFileType: Accessing shaders/std_effects/optinclude.fxh from non-loading thread.
WARNING: WinFileSystem::getFileType: Accessing d3d_state_mirror.fxh from non-loading thread.
WARNING: WinFileSystem::getFileType: Accessing d3d_state_mirror.fxh from non-loading thread.
WARNING: WinFileSystem::getFileType: Accessing shaders/std_effects/d3d_state_mirror.fxh from non-loading thread.
WARNING: WinFileSystem::getFileType: Accessing shaders/std_effects/d3d_state_mirror.fxh from non-loading thread.
WARNING: WinFileSystem::getFileType: Accessing lighting_helpers.fxh from non-loading thread.
WARNING: WinFileSystem::getFileType: Accessing lighting_helpers.fxh from non-loading thread.
WARNING: WinFileSystem::getFileType: Accessing shaders/std_effects/lighting_helpers.fxh from non-loading thread.
WARNING: WinFileSystem::getFileType: Accessing shaders/std_effects/lighting_helpers.fxh from non-loading thread.
WARNING: WinFileSystem::getFileType: Accessing fog_helpers.fxh from non-loading thread.
WARNING: WinFileSystem::getFileType: Accessing fog_helpers.fxh from non-loading thread.
WARNING: WinFileSystem::getFileType: Accessing shaders/std_effects/fog_helpers.fxh from non-loading thread.
WARNING: WinFileSystem::getFileType: Accessing shaders/std_effects/fog_helpers.fxh from non-loading thread.
WARNING: WinFileSystem::getFileType: Accessing vertex_declarations.fxh from non-loading thread.
WARNING: WinFileSystem::getFileType: Accessing vertex_declarations.fxh from non-loading thread.
WARNING: WinFileSystem::getFileType: Accessing shaders/std_effects/vertex_declarations.fxh from non-loading thread.
WARNING: WinFileSystem::getFileType: Accessing shaders/std_effects/vertex_declarations.fxh from non-loading thread.
WARNING: WinFileSystem::getFileType: Accessing material_helpers.fxh from non-loading thread.
WARNING: WinFileSystem::getFileType: Accessing material_helpers.fxh from non-loading thread.
WARNING: WinFileSystem::getFileType: Accessing shaders/std_effects/material_helpers.fxh from non-loading thread.
WARNING: WinFileSystem::getFileType: Accessing shaders/std_effects/material_helpers.fxh from non-loading thread.
WARNING: WinFileSystem::getFileType: Accessing sky_light_map_helpers.fxh from non-loading thread.
WARNING: WinFileSystem::getFileType: Accessing sky_light_map_helpers.fxh from non-loading thread.
WARNING: WinFileSystem::getFileType: Accessing shaders/std_effects/sky_light_map_helpers.fxh from non-loading thread.
WARNING: WinFileSystem::getFileType: Accessing shaders/std_effects/sky_light_map_helpers.fxh from non-loading thread.
WARNING: WinFileSystem::getFileType: Accessing fresnel_helpers.fxh from non-loading thread.
WARNING: WinFileSystem::getFileType: Accessing fresnel_helpers.fxh from non-loading thread.
WARNING: WinFileSystem::getFileType: Accessing shaders/std_effects/fresnel_helpers.fxh from non-loading thread.
WARNING: WinFileSystem::getFileType: Accessing shaders/std_effects/fresnel_helpers.fxh from non-loading thread.
WARNING: WinFileSystem::getFileType: Accessing depth_helpers.fxh from non-loading thread.
WARNING: WinFileSystem::getFileType: Accessing depth_helpers.fxh from non-loading thread.
WARNING: WinFileSystem::getFileType: Accessing shaders/std_effects/depth_helpers.fxh from non-loading thread.
WARNING: WinFileSystem::getFileType: Accessing shaders/std_effects/depth_helpers.fxh from non-loading thread.
WARNING: WinFileSystem::getFileType: Accessing unskinned_effect_include.fxh from non-loading thread.
WARNING: WinFileSystem::getFileType: Accessing unskinned_effect_include.fxh from non-loading thread.
WARNING: WinFileSystem::getFileType: Accessing shaders/std_effects/unskinned_effect_include.fxh from non-loading thread.
WARNING: WinFileSystem::getFileType: Accessing shaders/std_effects/unskinned_effect_include.fxh from non-loading thread.
WARNING: WinFileSystem::getFileType: Accessing lightonly_normal.fxh from non-loading thread.
WARNING: WinFileSystem::getFileType: Accessing lightonly_normal.fxh from non-loading thread.
WARNING: WinFileSystem::getFileType: Accessing shaders/std_effects/lightonly_normal.fxh from non-loading thread.
WARNING: WinFileSystem::getFileType: Accessing shaders/std_effects/lightonly_normal.fxh from non-loading thread.
WARNING: WinFileSystem::getFileType: Accessing lightonly_2uv.fxh from non-loading thread.
WARNING: WinFileSystem::getFileType: Accessing lightonly_2uv.fxh from non-loading thread.
WARNING: WinFileSystem::getFileType: Accessing shaders/std_effects/lightonly_2uv.fxh from non-loading thread.
WARNING: WinFileSystem::getFileType: Accessing shaders/std_effects/lightonly_2uv.fxh from non-loading thread.
WARNING: WinFileSystem::getFileType: Accessing shader_combination_helpers.fxh from non-loading thread.
WARNING: WinFileSystem::getFileType: Accessing shader_combination_helpers.fxh from non-loading thread.
WARNING: WinFileSystem::getFileType: Accessing shaders/std_effects/shader_combination_helpers.fxh from non-loading thread.
WARNING: WinFileSystem::getFileType: Accessing shaders/std_effects/shader_combination_helpers.fxh from non-loading thread.
WARNING: WinFileSystem::getFileType: Accessing sets/vehicles/ref_spot6_falloff.bmp from non-loading thread.
WARNING: WinFileSystem::getFileType: Accessing sets/vehicles/ref_spot6_falloff.bmp from non-loading thread.
WARNING: WinFileSystem::getFileType: Accessing sets/vehicles/ref_spot6_falloff.texformat from non-loading thread.
WARNING: WinFileSystem::getFileType: Accessing sets/vehicles/ref_spot6_falloff.texformat from non-loading thread.
WARNING: WinFileSystem::getFileType: Accessing sets/vehicles/ref_spot6_falloff.dds from non-loading thread.
WARNING: WinFileSystem::getFileType: Accessing sets/vehicles/ref_spot6_falloff.bmp from non-loading thread.
WARNING: WinFileSystem::getFileType: Accessing sets/vehicles/ref_spot6_falloff.texformat from non-loading thread.
WARNING: WinFileSystem::getFileType: Accessing sets/vehicles/ref_spot6_falloff.texformat from non-loading thread.
WARNING: WinFileSystem::getFileType: Accessing sets/vehicles/ref_spot6_falloff.texformat from non-loading thread.
WARNING: WinFileSystem::getFileType: Accessing sets/vehicles/ref_spot6_falloff.texformat from non-loading thread.
WARNING: WinFileSystem::getFileType: Accessing sets/vehicles/ref_spot6_falloff.texanim from non-loading thread.
WARNING: WinFileSystem::getFileType: Accessing sets/vehicles/ref_spot6_falloff.texanim from non-loading thread.
WARNING: WinFileSystem::getFileType: Accessing sets/vehicles/ref_spot6_falloff.dds from non-loading thread.
WARNING: WinFileSystem::readFile: Accessing sets/vehicles/ref_spot6_falloff.dds from non-loading thread.
WARNING: WinFileSystem::getFileType: Accessing sets/vehicles/AFX_razflare.bmp from non-loading thread.
WARNING: WinFileSystem::getFileType: Accessing sets/vehicles/AFX_razflare.bmp from non-loading thread.
WARNING: WinFileSystem::getFileType: Accessing sets/vehicles/AFX_razflare.texformat from non-loading thread.
WARNING: WinFileSystem::getFileType: Accessing sets/vehicles/AFX_razflare.texformat from non-loading thread.
WARNING: WinFileSystem::getFileType: Accessing sets/vehicles/AFX_razflare.dds from non-loading thread.
WARNING: WinFileSystem::getFileType: Accessing sets/vehicles/AFX_razflare.bmp from non-loading thread.
WARNING: WinFileSystem::getFileType: Accessing sets/vehicles/AFX_razflare.texformat from non-loading thread.
WARNING: WinFileSystem::getFileType: Accessing sets/vehicles/AFX_razflare.texformat from non-loading thread.
WARNING: WinFileSystem::getFileType: Accessing sets/vehicles/AFX_razflare.texformat from non-loading thread.
WARNING: WinFileSystem::getFileType: Accessing sets/vehicles/AFX_razflare.texformat from non-loading thread.
WARNING: WinFileSystem::getFileType: Accessing sets/vehicles/AFX_razflare.texanim from non-loading thread.
WARNING: WinFileSystem::getFileType: Accessing sets/vehicles/AFX_razflare.texanim from non-loading thread.
WARNING: WinFileSystem::getFileType: Accessing sets/vehicles/AFX_razflare.dds from non-loading thread.
WARNING: WinFileSystem::readFile: Accessing sets/vehicles/AFX_razflare.dds from non-loading thread.
WARNING: WinFileSystem::getFileType: Accessing sets/vehicles/razor_flare_anim.animation from non-loading thread.
WARNING: WinFileSystem::getFileType: Accessing sets/vehicles/razor_flare_anim.animation from non-loading thread.
WARNING: WinFileSystem::getFileType: Accessing sets/vehicles/razor_flare_anim.animation from non-loading thread.
WARNING: WinFileSystem::getFileType: Accessing sets/vehicles/razor_flare_anim.animation from non-loading thread.
WARNING: WinFileSystem::getFileType: Accessing sets/vehicles/razor_flare_anim.animation from non-loading thread.
PostProcessing.fini()
RenderTargets.fini()
PostProcessing.Phases.fini()
\--------------------------------------------------------------------------------/

/------------------------------------------------------------------------------\
BigWorld Release Client (compiled at 03:31:47 Oct  9 2010) starting on Fri Nov 06 07:48:56 2020
Trace: init: Initialising IME components
fantasydemo personality selected.
PostProcessing.init()
PostProcessing: total memory used by default RenderTargets : 0.00 MB
WARNING: WinFileSystem: Case mismatch opening C:/BigWorld_2.0.1/BigWorld/fantasydemo/res/speedtree/shrubs_flowers/elephant_ear/compositemap_Diffuse.dds (CompositeMap_Diffuse.dds)
WARNING: WinFileSystem: Case mismatch opening C:/BigWorld_2.0.1/BigWorld/fantasydemo/res/speedtree/shrubs_flowers/elephant_ear/compositemap_Normal.dds (CompositeMap_Normal.dds)
Entering space: spaces/urban (server: offline)
PlayerAvatar::onBecomePlayer
PlayerAvatar::onEnterWorld: begin
WARNING: WinFileSystem::getFileType: Accessing gui/maps/icon_items/icon_staff.tga from non-loading thread.
WARNING: WinFileSystem::getFileType: Accessing gui/maps/icon_items/icon_staff.tga from non-loading thread.
WARNING: WinFileSystem::getFileType: Accessing gui/maps/icon_items from non-loading thread.
WARNING: WinFileSystem::readDirectory: Accessing gui/maps/icon_items from non-loading thread.
WARNING: WinFileSystem::readDirectory: Accessing gui/maps/icon_items from non-loading thread.
WARNING: WinFileSystem::getFileType: Accessing gui/maps/icon_items/icon_staff.texformat from non-loading thread.
WARNING: WinFileSystem::getFileType: Accessing gui/maps/icon_items/icon_staff.texformat from non-loading thread.
WARNING: WinFileSystem::getFileType: Accessing gui/maps/icon_items/icon_staff.dds from non-loading thread.
WARNING: WinFileSystem::getFileType: Accessing gui/maps/icon_items/icon_staff.tga from non-loading thread.
WARNING: WinFileSystem::getFileType: Accessing gui/maps/icon_items/icon_staff.texformat from non-loading thread.
WARNING: WinFileSystem::getFileType: Accessing gui/maps/icon_items/icon_staff.texformat from non-loading thread.
WARNING: WinFileSystem::getFileType: Accessing gui/maps/icon_items/icon_staff.texformat from non-loading thread.
WARNING: WinFileSystem::getFileType: Accessing gui/maps/icon_items/icon_staff.texformat from non-loading thread.
WARNING: WinFileSystem::getFileType: Accessing gui/maps/icon_items/icon_staff.texanim from non-loading thread.
WARNING: WinFileSystem::getFileType: Accessing gui/maps/icon_items/icon_staff.texanim from non-loading thread.
WARNING: WinFileSystem::getFileType: Accessing gui/maps/icon_items/icon_staff.dds from non-loading thread.
WARNING: WinFileSystem::readFile: Accessing gui/maps/icon_items/icon_staff.dds from non-loading thread.
WARNING: WinFileSystem::getFileType: Accessing gui/maps/icon_items/icon_food_drumstick.tga from non-loading thread.
WARNING: WinFileSystem::getFileType: Accessing gui/maps/icon_items/icon_food_drumstick.tga from non-loading thread.
WARNING: WinFileSystem::getFileType: Accessing gui/maps/icon_items/icon_food_drumstick.texformat from non-loading thread.
WARNING: WinFileSystem::getFileType: Accessing gui/maps/icon_items/icon_food_drumstick.texformat from non-loading thread.
WARNING: WinFileSystem::getFileType: Accessing gui/maps/icon_items/icon_food_drumstick.dds from non-loading thread.
WARNING: WinFileSystem::getFileType: Accessing gui/maps/icon_items/icon_food_drumstick.tga from non-loading thread.
WARNING: WinFileSystem::getFileType: Accessing gui/maps/icon_items/icon_food_drumstick.texformat from non-loading thread.
WARNING: WinFileSystem::getFileType: Accessing gui/maps/icon_items/icon_food_drumstick.texformat from non-loading thread.
WARNING: WinFileSystem::getFileType: Accessing gui/maps/icon_items/icon_food_drumstick.texformat from non-loading thread.
WARNING: WinFileSystem::getFileType: Accessing gui/maps/icon_items/icon_food_drumstick.texformat from non-loading thread.
WARNING: WinFileSystem::getFileType: Accessing gui/maps/icon_items/icon_food_drumstick.texanim from non-loading thread.
WARNING: WinFileSystem::getFileType: Accessing gui/maps/icon_items/icon_food_drumstick.texanim from non-loading thread.
WARNING: WinFileSystem::getFileType: Accessing gui/maps/icon_items/icon_food_drumstick.dds from non-loading thread.
WARNING: WinFileSystem::readFile: Accessing gui/maps/icon_items/icon_food_drumstick.dds from non-loading thread.
WARNING: WinFileSystem::getFileType: Accessing gui/maps/icon_items/icon_tek_binoc2.tga from non-loading thread.
WARNING: WinFileSystem::getFileType: Accessing gui/maps/icon_items/icon_tek_binoc2.tga from non-loading thread.
WARNING: WinFileSystem::getFileType: Accessing gui/maps/icon_items/icon_tek_binoc2.texformat from non-loading thread.
WARNING: WinFileSystem::getFileType: Accessing gui/maps/icon_items/icon_tek_binoc2.texformat from non-loading thread.
WARNING: WinFileSystem::getFileType: Accessing gui/maps/icon_items/icon_tek_binoc2.dds from non-loading thread.
WARNING: WinFileSystem::getFileType: Accessing gui/maps/icon_items/icon_tek_binoc2.tga from non-loading thread.
WARNING: WinFileSystem::getFileType: Accessing gui/maps/icon_items/icon_tek_binoc2.texformat from non-loading thread.
WARNING: WinFileSystem::getFileType: Accessing gui/maps/icon_items/icon_tek_binoc2.texformat from non-loading thread.
WARNING: WinFileSystem::getFileType: Accessing gui/maps/icon_items/icon_tek_binoc2.texformat from non-loading thread.
WARNING: WinFileSystem::getFileType: Accessing gui/maps/icon_items/icon_tek_binoc2.texformat from non-loading thread.
WARNING: WinFileSystem::getFileType: Accessing gui/maps/icon_items/icon_tek_binoc2.texanim from non-loading thread.
WARNING: WinFileSystem::getFileType: Accessing gui/maps/icon_items/icon_tek_binoc2.texanim from non-loading thread.
WARNING: WinFileSystem::getFileType: Accessing gui/maps/icon_items/icon_tek_binoc2.dds from non-loading thread.
WARNING: WinFileSystem::readFile: Accessing gui/maps/icon_items/icon_tek_binoc2.dds from non-loading thread.
WARNING: WinFileSystem::getFileType: Accessing gui/maps/icon_items/icon_sword_bastard.tga from non-loading thread.
WARNING: WinFileSystem::getFileType: Accessing gui/maps/icon_items/icon_sword_bastard.tga from non-loading thread.
WARNING: WinFileSystem::getFileType: Accessing gui/maps/icon_items/icon_sword_bastard.texformat from non-loading thread.
WARNING: WinFileSystem::getFileType: Accessing gui/maps/icon_items/icon_sword_bastard.texformat from non-loading thread.
WARNING: WinFileSystem::getFileType: Accessing gui/maps/icon_items/icon_sword_bastard.dds from non-loading thread.
WARNING: WinFileSystem::getFileType: Accessing gui/maps/icon_items/icon_sword_bastard.tga from non-loading thread.
WARNING: WinFileSystem::getFileType: Accessing gui/maps/icon_items/icon_sword_bastard.texformat from non-loading thread.
WARNING: WinFileSystem::getFileType: Accessing gui/maps/icon_items/icon_sword_bastard.texformat from non-loading thread.
WARNING: WinFileSystem::getFileType: Accessing gui/maps/icon_items/icon_sword_bastard.texformat from non-loading thread.
WARNING: WinFileSystem::getFileType: Accessing gui/maps/icon_items/icon_sword_bastard.texformat from non-loading thread.
WARNING: WinFileSystem::getFileType: Accessing gui/maps/icon_items/icon_sword_bastard.texanim from non-loading thread.
WARNING: WinFileSystem::getFileType: Accessing gui/maps/icon_items/icon_sword_bastard.texanim from non-loading thread.
WARNING: WinFileSystem::getFileType: Accessing gui/maps/icon_items/icon_sword_bastard.dds from non-loading thread.
WARNING: WinFileSystem::readFile: Accessing gui/maps/icon_items/icon_sword_bastard.dds from non-loading thread.
WARNING: WinFileSystem::getFileType: Accessing gui/maps/icon_items/icon_sword_bastard_mithril.tga from non-loading thread.
WARNING: WinFileSystem::getFileType: Accessing gui/maps/icon_items/icon_sword_bastard_mithril.tga from non-loading thread.
WARNING: WinFileSystem::getFileType: Accessing gui/maps/icon_items/icon_sword_bastard_mithril.texformat from non-loading thread.
WARNING: WinFileSystem::getFileType: Accessing gui/maps/icon_items/icon_sword_bastard_mithril.texformat from non-loading thread.
WARNING: WinFileSystem::getFileType: Accessing gui/maps/icon_items/icon_sword_bastard_mithril.dds from non-loading thread.
WARNING: WinFileSystem::getFileType: Accessing gui/maps/icon_items/icon_sword_bastard_mithril.tga from non-loading thread.
WARNING: WinFileSystem::getFileType: Accessing gui/maps/icon_items/icon_sword_bastard_mithril.texformat from non-loading thread.
WARNING: WinFileSystem::getFileType: Accessing gui/maps/icon_items/icon_sword_bastard_mithril.texformat from non-loading thread.
WARNING: WinFileSystem::getFileType: Accessing gui/maps/icon_items/icon_sword_bastard_mithril.texformat from non-loading thread.
WARNING: WinFileSystem::getFileType: Accessing gui/maps/icon_items/icon_sword_bastard_mithril.texformat from non-loading thread.
WARNING: WinFileSystem::getFileType: Accessing gui/maps/icon_items/icon_sword_bastard_mithril.texanim from non-loading thread.
WARNING: WinFileSystem::getFileType: Accessing gui/maps/icon_items/icon_sword_bastard_mithril.texanim from non-loading thread.
WARNING: WinFileSystem::getFileType: Accessing gui/maps/icon_items/icon_sword_bastard_mithril.dds from non-loading thread.
WARNING: WinFileSystem::readFile: Accessing gui/maps/icon_items/icon_sword_bastard_mithril.dds from non-loading thread.
WARNING: WinFileSystem::getFileType: Accessing gui/maps/icon_items/icon_grail.tga from non-loading thread.
WARNING: WinFileSystem::getFileType: Accessing gui/maps/icon_items/icon_grail.tga from non-loading thread.
WARNING: WinFileSystem::getFileType: Accessing gui/maps/icon_items/icon_grail.texformat from non-loading thread.
WARNING: WinFileSystem::getFileType: Accessing gui/maps/icon_items/icon_grail.texformat from non-loading thread.
WARNING: WinFileSystem::getFileType: Accessing gui/maps/icon_items/icon_grail.dds from non-loading thread.
WARNING: WinFileSystem::getFileType: Accessing gui/maps/icon_items/icon_grail.tga from non-loading thread.
WARNING: WinFileSystem::getFileType: Accessing gui/maps/icon_items/icon_grail.texformat from non-loading thread.
WARNING: WinFileSystem::getFileType: Accessing gui/maps/icon_items/icon_grail.texformat from non-loading thread.
WARNING: WinFileSystem::getFileType: Accessing gui/maps/icon_items/icon_grail.texformat from non-loading thread.
WARNING: WinFileSystem::getFileType: Accessing gui/maps/icon_items/icon_grail.texformat from non-loading thread.
WARNING: WinFileSystem::getFileType: Accessing gui/maps/icon_items/icon_grail.texanim from non-loading thread.
WARNING: WinFileSystem::getFileType: Accessing gui/maps/icon_items/icon_grail.texanim from non-loading thread.
WARNING: WinFileSystem::getFileType: Accessing gui/maps/icon_items/icon_grail.dds from non-loading thread.
WARNING: WinFileSystem::readFile: Accessing gui/maps/icon_items/icon_grail.dds from non-loading thread.
WARNING: WinFileSystem::getFileType: Accessing scripts/client/Item from non-loading thread.
WARNING: WinFileSystem::getFileType: Accessing scripts/client/Item from non-loading thread.
WARNING: WinFileSystem::getFileType: Accessing scripts/client/Item.py from non-loading thread.
WARNING: WinFileSystem::getFileType: Accessing scripts/client/Item.pyc from non-loading thread.
WARNING: WinFileSystem::getFileType: Accessing scripts/client/Item.pyd from non-loading thread.
WARNING: WinFileSystem::getFileType: Accessing scripts/client/Item.pyd from non-loading thread.
WARNING: WinFileSystem::getFileType: Accessing scripts/client/Item.py from non-loading thread.
WARNING: WinFileSystem::getFileType: Accessing scripts/client/Item.pyc from non-loading thread.
WARNING: WinFileSystem::readFile: Accessing scripts/client/Item.pyc from non-loading thread.
WARNING: WinFileSystem::getFileType: Accessing gui/minimap_icon.gui from non-loading thread.
WARNING: WinFileSystem::readFile: Accessing gui/minimap_icon.gui from non-loading thread.
WARNING: WinFileSystem::getFileType: Accessing gui/maps/mini_map_player.tga from non-loading thread.
WARNING: WinFileSystem::getFileType: Accessing gui/maps/mini_map_player.tga from non-loading thread.
WARNING: WinFileSystem::getFileType: Accessing gui/maps/mini_map_player.texformat from non-loading thread.
WARNING: WinFileSystem::getFileType: Accessing gui/maps/mini_map_player.texformat from non-loading thread.
WARNING: WinFileSystem::getFileType: Accessing gui/maps/mini_map_player.dds from non-loading thread.
WARNING: WinFileSystem::getFileType: Accessing gui/maps/mini_map_player.tga from non-loading thread.
WARNING: WinFileSystem::getFileType: Accessing gui/maps/mini_map_player.texformat from non-loading thread.
WARNING: WinFileSystem::getFileType: Accessing gui/maps/mini_map_player.texformat from non-loading thread.
WARNING: WinFileSystem::getFileType: Accessing gui/maps/mini_map_player.texformat from non-loading thread.
WARNING: WinFileSystem::getFileType: Accessing gui/maps/mini_map_player.texformat from non-loading thread.
WARNING: WinFileSystem::getFileType: Accessing gui/maps/mini_map_player.texanim from non-loading thread.
WARNING: WinFileSystem::getFileType: Accessing gui/maps/mini_map_player.texanim from non-loading thread.
WARNING: WinFileSystem::getFileType: Accessing gui/maps/mini_map_player.dds from non-loading thread.
WARNING: WinFileSystem::readFile: Accessing gui/maps/mini_map_player.dds from non-loading thread.
WARNING: WinFileSystem::getFileType: Accessing sets from non-loading thread.
WARNING: WinFileSystem::readDirectory: Accessing sets from non-loading thread.
WARNING: WinFileSystem::readDirectory: Accessing sets from non-loading thread.
WARNING: WinFileSystem::getFileType: Accessing sets/global from non-loading thread.
WARNING: WinFileSystem::readDirectory: Accessing sets/global from non-loading thread.
WARNING: WinFileSystem::readDirectory: Accessing sets/global from non-loading thread.
WARNING: WinFileSystem::getFileType: Accessing sets/global/checker.model from non-loading thread.
WARNING: WinFileSystem::readFile: Accessing sets/global/checker.model from non-loading thread.
WARNING: WinFileSystem::getFileType: Accessing sets/global/checker.static.visual from non-loading thread.
WARNING: WinFileSystem::getFileType: Accessing sets/global/checker.static.visual from non-loading thread.
WARNING: WinFileSystem::getFileType: Accessing sets/global/checker.visual from non-loading thread.
WARNING: WinFileSystem::readFile: Accessing sets/global/checker.visual from non-loading thread.
WARNING: WinFileSystem::getFileType: Accessing sets/global/checker_bsp.visual from non-loading thread.
WARNING: WinFileSystem::getFileType: Accessing sets/global/checker_bsp.visual from non-loading thread.
WARNING: WinFileSystem::getFileType: Accessing sets/global/checker.primitives from non-loading thread.
WARNING: WinFileSystem::readFile: Accessing sets/global/checker.primitives from non-loading thread.
WARNING: WinFileSystem::getFileType: Accessing sets/global/checker.bmp from non-loading thread.
WARNING: WinFileSystem::getFileType: Accessing sets/global/checker.bmp from non-loading thread.
WARNING: WinFileSystem::getFileType: Accessing sets/global/checker.texformat from non-loading thread.
WARNING: WinFileSystem::getFileType: Accessing sets/global/checker.texformat from non-loading thread.
WARNING: WinFileSystem::getFileType: Accessing sets/global/checker.dds from non-loading thread.
WARNING: WinFileSystem::getFileType: Accessing sets/global/checker.bmp from non-loading thread.
WARNING: WinFileSystem::getFileType: Accessing sets/global/checker.texformat from non-loading thread.
WARNING: WinFileSystem::getFileType: Accessing sets/global/checker.texformat from non-loading thread.
WARNING: WinFileSystem::getFileType: Accessing sets/global/checker.texformat from non-loading thread.
WARNING: WinFileSystem::getFileType: Accessing sets/global/checker.texformat from non-loading thread.
WARNING: WinFileSystem::getFileType: Accessing sets/global/checker.texanim from non-loading thread.
WARNING: WinFileSystem::getFileType: Accessing sets/global/checker.texanim from non-loading thread.
WARNING: WinFileSystem::getFileType: Accessing sets/global/checker.dds from non-loading thread.
WARNING: WinFileSystem::readFile: Accessing sets/global/checker.dds from non-loading thread.
PlayerAvatar::onEnterWorld: end
WARNING: WinFileSystem::getFileType: Accessing maps/fx/fx_dirt01.tga from non-loading thread.
WARNING: WinFileSystem::getFileType: Accessing maps/fx/fx_dirt01.tga from non-loading thread.
WARNING: WinFileSystem::getFileType: Accessing maps from non-loading thread.
WARNING: WinFileSystem::readDirectory: Accessing maps from non-loading thread.
WARNING: WinFileSystem::readDirectory: Accessing maps from non-loading thread.
WARNING: WinFileSystem::getFileType: Accessing maps/fx from non-loading thread.
WARNING: WinFileSystem::readDirectory: Accessing maps/fx from non-loading thread.
WARNING: WinFileSystem::readDirectory: Accessing maps/fx from non-loading thread.
WARNING: WinFileSystem::getFileType: Accessing maps/fx/fx_dirt01.texformat from non-loading thread.
WARNING: WinFileSystem::getFileType: Accessing maps/fx/fx_dirt01.texformat from non-loading thread.
WARNING: WinFileSystem::getFileType: Accessing maps/fx/fx_dirt01.dds from non-loading thread.
WARNING: WinFileSystem::getFileType: Accessing maps/fx/fx_dirt01.tga from non-loading thread.
WARNING: WinFileSystem::getFileType: Accessing maps/fx/fx_dirt01.texformat from non-loading thread.
WARNING: WinFileSystem::getFileType: Accessing maps/fx/fx_dirt01.texformat from non-loading thread.
WARNING: WinFileSystem::getFileType: Accessing maps/fx/fx_dirt01.texformat from non-loading thread.
WARNING: WinFileSystem::getFileType: Accessing maps/fx/fx_dirt01.texformat from non-loading thread.
WARNING: WinFileSystem::getFileType: Accessing maps/fx/fx_dirt01.texanim from non-loading thread.
WARNING: WinFileSystem::readFile: Accessing maps/fx/fx_dirt01.texanim from non-loading thread.
WARNING: WinFileSystem::getFileType: Accessing maps/fx/fx_dirt01.tga from non-loading thread.
WARNING: WinFileSystem::getFileType: Accessing maps/fx/fx_dirt01.tga from non-loading thread.
WARNING: WinFileSystem::getFileType: Accessing maps/fx/fx_dirt01.texformat from non-loading thread.
WARNING: WinFileSystem::getFileType: Accessing maps/fx/fx_dirt01.texformat from non-loading thread.
WARNING: WinFileSystem::getFileType: Accessing maps/fx/fx_dirt01.dds from non-loading thread.
WARNING: WinFileSystem::getFileType: Accessing maps/fx/fx_dirt01.tga from non-loading thread.
WARNING: WinFileSystem::getFileType: Accessing maps/fx/fx_dirt01.texformat from non-loading thread.
WARNING: WinFileSystem::getFileType: Accessing maps/fx/fx_dirt01.texformat from non-loading thread.
WARNING: WinFileSystem::getFileType: Accessing maps/fx/fx_dirt01.texformat from non-loading thread.
WARNING: WinFileSystem::getFileType: Accessing maps/fx/fx_dirt01.texformat from non-loading thread.
WARNING: WinFileSystem::getFileType: Accessing maps/fx/fx_dirt01.dds from non-loading thread.
WARNING: WinFileSystem::readFile: Accessing maps/fx/fx_dirt01.dds from non-loading thread.
WARNING: WinFileSystem::getFileType: Accessing maps/fx/fx_dirt02.tga from non-loading thread.
WARNING: WinFileSystem::getFileType: Accessing maps/fx/fx_dirt02.tga from non-loading thread.
WARNING: WinFileSystem::getFileType: Accessing maps/fx/fx_dirt02.texformat from non-loading thread.
WARNING: WinFileSystem::getFileType: Accessing maps/fx/fx_dirt02.texformat from non-loading thread.
WARNING: WinFileSystem::getFileType: Accessing maps/fx/fx_dirt02.dds from non-loading thread.
WARNING: WinFileSystem::getFileType: Accessing maps/fx/fx_dirt02.tga from non-loading thread.
WARNING: WinFileSystem::getFileType: Accessing maps/fx/fx_dirt02.texformat from non-loading thread.
WARNING: WinFileSystem::getFileType: Accessing maps/fx/fx_dirt02.texformat from non-loading thread.
WARNING: WinFileSystem::getFileType: Accessing maps/fx/fx_dirt02.texformat from non-loading thread.
WARNING: WinFileSystem::getFileType: Accessing maps/fx/fx_dirt02.texformat from non-loading thread.
WARNING: WinFileSystem::getFileType: Accessing maps/fx/fx_dirt02.dds from non-loading thread.
WARNING: WinFileSystem::readFile: Accessing maps/fx/fx_dirt02.dds from non-loading thread.
WARNING: WinFileSystem::getFileType: Accessing maps/fx/fx_dirt03.tga from non-loading thread.
WARNING: WinFileSystem::getFileType: Accessing maps/fx/fx_dirt03.tga from non-loading thread.
WARNING: WinFileSystem::getFileType: Accessing maps/fx/fx_dirt03.texformat from non-loading thread.
WARNING: WinFileSystem::getFileType: Accessing maps/fx/fx_dirt03.texformat from non-loading thread.
WARNING: WinFileSystem::getFileType: Accessing maps/fx/fx_dirt03.dds from non-loading thread.
WARNING: WinFileSystem::getFileType: Accessing maps/fx/fx_dirt03.tga from non-loading thread.
WARNING: WinFileSystem::getFileType: Accessing maps/fx/fx_dirt03.texformat from non-loading thread.
WARNING: WinFileSystem::getFileType: Accessing maps/fx/fx_dirt03.texformat from non-loading thread.
WARNING: WinFileSystem::getFileType: Accessing maps/fx/fx_dirt03.texformat from non-loading thread.
WARNING: WinFileSystem::getFileType: Accessing maps/fx/fx_dirt03.texformat from non-loading thread.
WARNING: WinFileSystem::getFileType: Accessing maps/fx/fx_dirt03.dds from non-loading thread.
WARNING: WinFileSystem::readFile: Accessing maps/fx/fx_dirt03.dds from non-loading thread.
WARNING: WinFileSystem::getFileType: Accessing maps/fx/fx_dirt04.tga from non-loading thread.
WARNING: WinFileSystem::getFileType: Accessing maps/fx/fx_dirt04.tga from non-loading thread.
WARNING: WinFileSystem::getFileType: Accessing maps/fx/fx_dirt04.texformat from non-loading thread.
WARNING: WinFileSystem::getFileType: Accessing maps/fx/fx_dirt04.texformat from non-loading thread.
WARNING: WinFileSystem::getFileType: Accessing maps/fx/fx_dirt04.dds from non-loading thread.
WARNING: WinFileSystem::getFileType: Accessing maps/fx/fx_dirt04.tga from non-loading thread.
WARNING: WinFileSystem::getFileType: Accessing maps/fx/fx_dirt04.texformat from non-loading thread.
WARNING: WinFileSystem::getFileType: Accessing maps/fx/fx_dirt04.texformat from non-loading thread.
WARNING: WinFileSystem::getFileType: Accessing maps/fx/fx_dirt04.texformat from non-loading thread.
WARNING: WinFileSystem::getFileType: Accessing maps/fx/fx_dirt04.texformat from non-loading thread.
WARNING: WinFileSystem::getFileType: Accessing maps/fx/fx_dirt04.dds from non-loading thread.
WARNING: WinFileSystem::readFile: Accessing maps/fx/fx_dirt04.dds from non-loading thread.
WARNING: WinFileSystem::getFileType: Accessing maps/fx/fx_dirt05.tga from non-loading thread.
WARNING: WinFileSystem::getFileType: Accessing maps/fx/fx_dirt05.tga from non-loading thread.
WARNING: WinFileSystem::getFileType: Accessing maps/fx/fx_dirt05.texformat from non-loading thread.
WARNING: WinFileSystem::getFileType: Accessing maps/fx/fx_dirt05.texformat from non-loading thread.
WARNING: WinFileSystem::getFileType: Accessing maps/fx/fx_dirt05.dds from non-loading thread.
WARNING: WinFileSystem::getFileType: Accessing maps/fx/fx_dirt05.tga from non-loading thread.
WARNING: WinFileSystem::getFileType: Accessing maps/fx/fx_dirt05.texformat from non-loading thread.
WARNING: WinFileSystem::getFileType: Accessing maps/fx/fx_dirt05.texformat from non-loading thread.
WARNING: WinFileSystem::getFileType: Accessing maps/fx/fx_dirt05.texformat from non-loading thread.
WARNING: WinFileSystem::getFileType: Accessing maps/fx/fx_dirt05.texformat from non-loading thread.
WARNING: WinFileSystem::getFileType: Accessing maps/fx/fx_dirt05.dds from non-loading thread.
WARNING: WinFileSystem::readFile: Accessing maps/fx/fx_dirt05.dds from non-loading thread.
WARNING: WinFileSystem::getFileType: Accessing maps/fx/fx_dirt06.tga from non-loading thread.
WARNING: WinFileSystem::getFileType: Accessing maps/fx/fx_dirt06.tga from non-loading thread.
WARNING: WinFileSystem::getFileType: Accessing maps/fx/fx_dirt06.texformat from non-loading thread.
WARNING: WinFileSystem::getFileType: Accessing maps/fx/fx_dirt06.texformat from non-loading thread.
WARNING: WinFileSystem::getFileType: Accessing maps/fx/fx_dirt06.dds from non-loading thread.
WARNING: WinFileSystem::getFileType: Accessing maps/fx/fx_dirt06.tga from non-loading thread.
WARNING: WinFileSystem::getFileType: Accessing maps/fx/fx_dirt06.texformat from non-loading thread.
WARNING: WinFileSystem::getFileType: Accessing maps/fx/fx_dirt06.texformat from non-loading thread.
WARNING: WinFileSystem::getFileType: Accessing maps/fx/fx_dirt06.texformat from non-loading thread.
WARNING: WinFileSystem::getFileType: Accessing maps/fx/fx_dirt06.texformat from non-loading thread.
WARNING: WinFileSystem::getFileType: Accessing maps/fx/fx_dirt06.dds from non-loading thread.
WARNING: WinFileSystem::readFile: Accessing maps/fx/fx_dirt06.dds from non-loading thread.
WARNING: WinFileSystem::getFileType: Accessing maps/fx/fx_dirt07.tga from non-loading thread.
WARNING: WinFileSystem::getFileType: Accessing maps/fx/fx_dirt07.tga from non-loading thread.
WARNING: WinFileSystem::getFileType: Accessing maps/fx/fx_dirt07.texformat from non-loading thread.
WARNING: WinFileSystem::getFileType: Accessing maps/fx/fx_dirt07.texformat from non-loading thread.
WARNING: WinFileSystem::getFileType: Accessing maps/fx/fx_dirt07.dds from non-loading thread.
WARNING: WinFileSystem::getFileType: Accessing maps/fx/fx_dirt07.tga from non-loading thread.
WARNING: WinFileSystem::getFileType: Accessing maps/fx/fx_dirt07.texformat from non-loading thread.
WARNING: WinFileSystem::getFileType: Accessing maps/fx/fx_dirt07.texformat from non-loading thread.
WARNING: WinFileSystem::getFileType: Accessing maps/fx/fx_dirt07.texformat from non-loading thread.
WARNING: WinFileSystem::getFileType: Accessing maps/fx/fx_dirt07.texformat from non-loading thread.
WARNING: WinFileSystem::getFileType: Accessing maps/fx/fx_dirt07.dds from non-loading thread.
WARNING: WinFileSystem::readFile: Accessing maps/fx/fx_dirt07.dds from non-loading thread.
WARNING: WinFileSystem::getFileType: Accessing maps/fx/fx_dirt08.tga from non-loading thread.
WARNING: WinFileSystem::getFileType: Accessing maps/fx/fx_dirt08.tga from non-loading thread.
WARNING: WinFileSystem::getFileType: Accessing maps/fx/fx_dirt08.texformat from non-loading thread.
WARNING: WinFileSystem::getFileType: Accessing maps/fx/fx_dirt08.texformat from non-loading thread.
WARNING: WinFileSystem::getFileType: Accessing maps/fx/fx_dirt08.dds from non-loading thread.
WARNING: WinFileSystem::getFileType: Accessing maps/fx/fx_dirt08.tga from non-loading thread.
WARNING: WinFileSystem::getFileType: Accessing maps/fx/fx_dirt08.texformat from non-loading thread.
WARNING: WinFileSystem::getFileType: Accessing maps/fx/fx_dirt08.texformat from non-loading thread.
WARNING: WinFileSystem::getFileType: Accessing maps/fx/fx_dirt08.texformat from non-loading thread.
WARNING: WinFileSystem::getFileType: Accessing maps/fx/fx_dirt08.texformat from non-loading thread.
WARNING: WinFileSystem::getFileType: Accessing maps/fx/fx_dirt08.dds from non-loading thread.
WARNING: WinFileSystem::readFile: Accessing maps/fx/fx_dirt08.dds from non-loading thread.
WARNING: WinFileSystem::getFileType: Accessing sets/desert/maps/des_sandstorm_wirlwindchunks.bmp from non-loading thread.
WARNING: WinFileSystem::getFileType: Accessing sets/desert/maps/des_sandstorm_wirlwindchunks.bmp from non-loading thread.
WARNING: WinFileSystem::getFileType: Accessing sets\desert\maps\des_sandstorm_wirlwindchunks.tga from non-loading thread.
WARNING: WinFileSystem::getFileType: Accessing sets/desert/maps/des_sandstorm_wirlwindchunks.bmp from non-loading thread.
WARNING: WinFileSystem::getFileType: Accessing sets/desert/maps/des_sandstorm_wirlwindchunks.bmp from non-loading thread.
WARNING: WinFileSystem::getFileType: Accessing sets\desert\maps\des_sandstorm_wirlwindchunks.tga from non-loading thread.
WARNING: WinFileSystem::getFileType: Accessing sets from non-loading thread.
WARNING: WinFileSystem::readDirectory: Accessing sets from non-loading thread.
WARNING: WinFileSystem::readDirectory: Accessing sets from non-loading thread.
WARNING: WinFileSystem::getFileType: Accessing sets/desert from non-loading thread.
WARNING: WinFileSystem::readDirectory: Accessing sets/desert from non-loading thread.
WARNING: WinFileSystem::readDirectory: Accessing sets/desert from non-loading thread.
WARNING: WinFileSystem::getFileType: Accessing sets/desert/maps from non-loading thread.
WARNING: WinFileSystem::readDirectory: Accessing sets/desert/maps from non-loading thread.
WARNING: WinFileSystem::readDirectory: Accessing sets/desert/maps from non-loading thread.
WARNING: WinFileSystem::getFileType: Accessing sets/desert/maps/des_sandstorm_wirlwindchunks.texformat from non-loading thread.
WARNING: WinFileSystem::getFileType: Accessing sets/desert/maps/des_sandstorm_wirlwindchunks.texformat from non-loading thread.
WARNING: WinFileSystem::getFileType: Accessing sets/desert/maps/des_sandstorm_wirlwindchunks.dds from non-loading thread.
WARNING: WinFileSystem::getFileType: Accessing sets/desert/maps/des_sandstorm_wirlwindchunks.tga from non-loading thread.
WARNING: WinFileSystem::getFileType: Accessing sets/desert/maps/des_sandstorm_wirlwindchunks.texformat from non-loading thread.
WARNING: WinFileSystem::getFileType: Accessing sets/desert/maps/des_sandstorm_wirlwindchunks.texformat from non-loading thread.
WARNING: WinFileSystem::getFileType: Accessing sets/desert/maps/des_sandstorm_wirlwindchunks.texformat from non-loading thread.
WARNING: WinFileSystem::getFileType: Accessing sets/desert/maps/des_sandstorm_wirlwindchunks.texformat from non-loading thread.
WARNING: WinFileSystem::getFileType: Accessing sets/desert/maps/des_sandstorm_wirlwindchunks.texanim from non-loading thread.
WARNING: WinFileSystem::getFileType: Accessing sets/desert/maps/des_sandstorm_wirlwindchunks.texanim from non-loading thread.
WARNING: WinFileSystem::getFileType: Accessing sets/desert/maps/des_sandstorm_wirlwindchunks.dds from non-loading thread.
WARNING: WinFileSystem::readFile: Accessing sets/desert/maps/des_sandstorm_wirlwindchunks.dds from non-loading thread.
WARNING: WinFileSystem: Case mismatch opening C:/BigWorld_2.0.1/BigWorld/fantasydemo/res/speedtree/Broadleaves/american_elm/compositemap_Diffuse.dds (CompositeMap_Diffuse.dds)
WARNING: WinFileSystem: Case mismatch opening C:/BigWorld_2.0.1/BigWorld/fantasydemo/res/speedtree/Broadleaves/american_elm/compositemap_Normal.dds (CompositeMap_Normal.dds)
WARNING: WinFileSystem: Case mismatch opening C:/BigWorld_2.0.1/BigWorld/fantasydemo/res/speedtree/shrubs_flowers/cinnamon_fern/compositemap_Diffuse.dds (CompositeMap_Diffuse.dds)
WARNING: WinFileSystem: Case mismatch opening C:/BigWorld_2.0.1/BigWorld/fantasydemo/res/speedtree/shrubs_flowers/cinnamon_fern/compositemap_Normal.dds (CompositeMap_Normal.dds)
WARNING: WinFileSystem: Case mismatch opening C:/BigWorld_2.0.1/BigWorld/fantasydemo/res/speedtree/shrubs_flowers/american_boxwood/compositemap_Diffuse.dds (CompositeMap_Diffuse.dds)
WARNING: WinFileSystem: Case mismatch opening C:/BigWorld_2.0.1/BigWorld/fantasydemo/res/speedtree/shrubs_flowers/american_boxwood/compositemap_Normal.dds (CompositeMap_Normal.dds)
CRITICAL: The BigWorld Client has encountered an unhandled exception and must close (EXCEPTION_ACCESS_VIOLATION : 0xC0000005 @ 0x3B32FE5D) (Write @ 0x3B6D2596)
/------------------------------------------------------------------------------\
BigWorld Release Client (compiled at 03:31:47 Oct  9 2010) starting on Fri Nov 06 07:50:13 2020
Trace: init: Initialising IME components
fantasydemo personality selected.
PostProcessing.init()
PostProcessing: total memory used by default RenderTargets : 0.00 MB
WARNING: WinFileSystem: Case mismatch opening C:/BigWorld_2.0.1/BigWorld/fantasydemo/res/speedtree/shrubs_flowers/elephant_ear/compositemap_Diffuse.dds (CompositeMap_Diffuse.dds)
WARNING: WinFileSystem: Case mismatch opening C:/BigWorld_2.0.1/BigWorld/fantasydemo/res/speedtree/shrubs_flowers/elephant_ear/compositemap_Normal.dds (CompositeMap_Normal.dds)
Entering space: spaces/highlands (server: offline)
PlayerAvatar::onBecomePlayer
PlayerAvatar::onEnterWorld: begin
WARNING: WinFileSystem::getFileType: Accessing gui/maps/icon_items/icon_staff.tga from non-loading thread.
WARNING: WinFileSystem::getFileType: Accessing gui/maps/icon_items/icon_staff.tga from non-loading thread.
WARNING: WinFileSystem::getFileType: Accessing gui/maps from non-loading thread.
WARNING: WinFileSystem::readDirectory: Accessing gui/maps from non-loading thread.
WARNING: WinFileSystem::readDirectory: Accessing gui/maps from non-loading thread.
WARNING: WinFileSystem::getFileType: Accessing gui/maps/icon_items from non-loading thread.
WARNING: WinFileSystem::readDirectory: Accessing gui/maps/icon_items from non-loading thread.
WARNING: WinFileSystem::readDirectory: Accessing gui/maps/icon_items from non-loading thread.
WARNING: WinFileSystem::getFileType: Accessing gui/maps/icon_items/icon_staff.texformat from non-loading thread.
WARNING: WinFileSystem::getFileType: Accessing gui/maps/icon_items/icon_staff.texformat from non-loading thread.
WARNING: WinFileSystem::getFileType: Accessing gui/maps/icon_items/icon_staff.dds from non-loading thread.
WARNING: WinFileSystem::getFileType: Accessing gui/maps/icon_items/icon_staff.tga from non-loading thread.
WARNING: WinFileSystem::getFileType: Accessing gui/maps/icon_items/icon_staff.texformat from non-loading thread.
WARNING: WinFileSystem::getFileType: Accessing gui/maps/icon_items/icon_staff.texformat from non-loading thread.
WARNING: WinFileSystem::getFileType: Accessing gui/maps/icon_items/icon_staff.texformat from non-loading thread.
WARNING: WinFileSystem::getFileType: Accessing gui/maps/icon_items/icon_staff.texformat from non-loading thread.
WARNING: WinFileSystem::getFileType: Accessing gui/maps/icon_items/icon_staff.texanim from non-loading thread.
WARNING: WinFileSystem::getFileType: Accessing gui/maps/icon_items/icon_staff.texanim from non-loading thread.
WARNING: WinFileSystem::getFileType: Accessing gui/maps/icon_items/icon_staff.dds from non-loading thread.
WARNING: WinFileSystem::readFile: Accessing gui/maps/icon_items/icon_staff.dds from non-loading thread.
WARNING: WinFileSystem::getFileType: Accessing gui/maps/icon_items/icon_food_drumstick.tga from non-loading thread.
WARNING: WinFileSystem::getFileType: Accessing gui/maps/icon_items/icon_food_drumstick.tga from non-loading thread.
WARNING: WinFileSystem::getFileType: Accessing gui/maps/icon_items/icon_food_drumstick.texformat from non-loading thread.
WARNING: WinFileSystem::getFileType: Accessing gui/maps/icon_items/icon_food_drumstick.texformat from non-loading thread.
WARNING: WinFileSystem::getFileType: Accessing gui/maps/icon_items/icon_food_drumstick.dds from non-loading thread.
WARNING: WinFileSystem::getFileType: Accessing gui/maps/icon_items/icon_food_drumstick.tga from non-loading thread.
WARNING: WinFileSystem::getFileType: Accessing gui/maps/icon_items/icon_food_drumstick.texformat from non-loading thread.
WARNING: WinFileSystem::getFileType: Accessing gui/maps/icon_items/icon_food_drumstick.texformat from non-loading thread.
WARNING: WinFileSystem::getFileType: Accessing gui/maps/icon_items/icon_food_drumstick.texformat from non-loading thread.
WARNING: WinFileSystem::getFileType: Accessing gui/maps/icon_items/icon_food_drumstick.texformat from non-loading thread.
WARNING: WinFileSystem::getFileType: Accessing gui/maps/icon_items/icon_food_drumstick.texanim from non-loading thread.
WARNING: WinFileSystem::getFileType: Accessing gui/maps/icon_items/icon_food_drumstick.texanim from non-loading thread.
WARNING: WinFileSystem::getFileType: Accessing gui/maps/icon_items/icon_food_drumstick.dds from non-loading thread.
WARNING: WinFileSystem::readFile: Accessing gui/maps/icon_items/icon_food_drumstick.dds from non-loading thread.
WARNING: WinFileSystem::getFileType: Accessing gui/maps/icon_items/icon_tek_binoc2.tga from non-loading thread.
WARNING: WinFileSystem::getFileType: Accessing gui/maps/icon_items/icon_tek_binoc2.tga from non-loading thread.
WARNING: WinFileSystem::getFileType: Accessing gui/maps/icon_items/icon_tek_binoc2.texformat from non-loading thread.
WARNING: WinFileSystem::getFileType: Accessing gui/maps/icon_items/icon_tek_binoc2.texformat from non-loading thread.
WARNING: WinFileSystem::getFileType: Accessing gui/maps/icon_items/icon_tek_binoc2.dds from non-loading thread.
WARNING: WinFileSystem::getFileType: Accessing gui/maps/icon_items/icon_tek_binoc2.tga from non-loading thread.
WARNING: WinFileSystem::getFileType: Accessing gui/maps/icon_items/icon_tek_binoc2.texformat from non-loading thread.
WARNING: WinFileSystem::getFileType: Accessing gui/maps/icon_items/icon_tek_binoc2.texformat from non-loading thread.
WARNING: WinFileSystem::getFileType: Accessing gui/maps/icon_items/icon_tek_binoc2.texformat from non-loading thread.
WARNING: WinFileSystem::getFileType: Accessing gui/maps/icon_items/icon_tek_binoc2.texformat from non-loading thread.
WARNING: WinFileSystem::getFileType: Accessing gui/maps/icon_items/icon_tek_binoc2.texanim from non-loading thread.
WARNING: WinFileSystem::getFileType: Accessing gui/maps/icon_items/icon_tek_binoc2.texanim from non-loading thread.
WARNING: WinFileSystem::getFileType: Accessing gui/maps/icon_items/icon_tek_binoc2.dds from non-loading thread.
WARNING: WinFileSystem::readFile: Accessing gui/maps/icon_items/icon_tek_binoc2.dds from non-loading thread.
WARNING: WinFileSystem::getFileType: Accessing gui/maps/icon_items/icon_sword_bastard.tga from non-loading thread.
WARNING: WinFileSystem::getFileType: Accessing gui/maps/icon_items/icon_sword_bastard.tga from non-loading thread.
WARNING: WinFileSystem::getFileType: Accessing gui/maps/icon_items/icon_sword_bastard.texformat from non-loading thread.
WARNING: WinFileSystem::getFileType: Accessing gui/maps/icon_items/icon_sword_bastard.texformat from non-loading thread.
WARNING: WinFileSystem::getFileType: Accessing gui/maps/icon_items/icon_sword_bastard.dds from non-loading thread.
WARNING: WinFileSystem::getFileType: Accessing gui/maps/icon_items/icon_sword_bastard.tga from non-loading thread.
WARNING: WinFileSystem::getFileType: Accessing gui/maps/icon_items/icon_sword_bastard.texformat from non-loading thread.
WARNING: WinFileSystem::getFileType: Accessing gui/maps/icon_items/icon_sword_bastard.texformat from non-loading thread.
WARNING: WinFileSystem::getFileType: Accessing gui/maps/icon_items/icon_sword_bastard.texformat from non-loading thread.
WARNING: WinFileSystem::getFileType: Accessing gui/maps/icon_items/icon_sword_bastard.texformat from non-loading thread.
WARNING: WinFileSystem::getFileType: Accessing gui/maps/icon_items/icon_sword_bastard.texanim from non-loading thread.
WARNING: WinFileSystem::getFileType: Accessing gui/maps/icon_items/icon_sword_bastard.texanim from non-loading thread.
WARNING: WinFileSystem::getFileType: Accessing gui/maps/icon_items/icon_sword_bastard.dds from non-loading thread.
WARNING: WinFileSystem::readFile: Accessing gui/maps/icon_items/icon_sword_bastard.dds from non-loading thread.
WARNING: WinFileSystem::getFileType: Accessing gui/maps/icon_items/icon_sword_bastard_mithril.tga from non-loading thread.
WARNING: WinFileSystem::getFileType: Accessing gui/maps/icon_items/icon_sword_bastard_mithril.tga from non-loading thread.
WARNING: WinFileSystem::getFileType: Accessing gui/maps/icon_items/icon_sword_bastard_mithril.texformat from non-loading thread.
WARNING: WinFileSystem::getFileType: Accessing gui/maps/icon_items/icon_sword_bastard_mithril.texformat from non-loading thread.
WARNING: WinFileSystem::getFileType: Accessing gui/maps/icon_items/icon_sword_bastard_mithril.dds from non-loading thread.
WARNING: WinFileSystem::getFileType: Accessing gui/maps/icon_items/icon_sword_bastard_mithril.tga from non-loading thread.
WARNING: WinFileSystem::getFileType: Accessing gui/maps/icon_items/icon_sword_bastard_mithril.texformat from non-loading thread.
WARNING: WinFileSystem::getFileType: Accessing gui/maps/icon_items/icon_sword_bastard_mithril.texformat from non-loading thread.
WARNING: WinFileSystem::getFileType: Accessing gui/maps/icon_items/icon_sword_bastard_mithril.texformat from non-loading thread.
WARNING: WinFileSystem::getFileType: Accessing gui/maps/icon_items/icon_sword_bastard_mithril.texformat from non-loading thread.
WARNING: WinFileSystem::getFileType: Accessing gui/maps/icon_items/icon_sword_bastard_mithril.texanim from non-loading thread.
WARNING: WinFileSystem::getFileType: Accessing gui/maps/icon_items/icon_sword_bastard_mithril.texanim from non-loading thread.
WARNING: WinFileSystem::getFileType: Accessing gui/maps/icon_items/icon_sword_bastard_mithril.dds from non-loading thread.
WARNING: WinFileSystem::readFile: Accessing gui/maps/icon_items/icon_sword_bastard_mithril.dds from non-loading thread.
WARNING: WinFileSystem::getFileType: Accessing gui/maps/icon_items/icon_grail.tga from non-loading thread.
WARNING: WinFileSystem::getFileType: Accessing gui/maps/icon_items/icon_grail.tga from non-loading thread.
WARNING: WinFileSystem::getFileType: Accessing gui/maps/icon_items/icon_grail.texformat from non-loading thread.
WARNING: WinFileSystem::getFileType: Accessing gui/maps/icon_items/icon_grail.texformat from non-loading thread.
WARNING: WinFileSystem::getFileType: Accessing gui/maps/icon_items/icon_grail.dds from non-loading thread.
WARNING: WinFileSystem::getFileType: Accessing gui/maps/icon_items/icon_grail.tga from non-loading thread.
WARNING: WinFileSystem::getFileType: Accessing gui/maps/icon_items/icon_grail.texformat from non-loading thread.
WARNING: WinFileSystem::getFileType: Accessing gui/maps/icon_items/icon_grail.texformat from non-loading thread.
WARNING: WinFileSystem::getFileType: Accessing gui/maps/icon_items/icon_grail.texformat from non-loading thread.
WARNING: WinFileSystem::getFileType: Accessing gui/maps/icon_items/icon_grail.texformat from non-loading thread.
WARNING: WinFileSystem::getFileType: Accessing gui/maps/icon_items/icon_grail.texanim from non-loading thread.
WARNING: WinFileSystem::getFileType: Accessing gui/maps/icon_items/icon_grail.texanim from non-loading thread.
WARNING: WinFileSystem::getFileType: Accessing gui/maps/icon_items/icon_grail.dds from non-loading thread.
WARNING: WinFileSystem::readFile: Accessing gui/maps/icon_items/icon_grail.dds from non-loading thread.
WARNING: WinFileSystem::getFileType: Accessing scripts/client/Item from non-loading thread.
WARNING: WinFileSystem::getFileType: Accessing scripts/client/Item from non-loading thread.
WARNING: WinFileSystem::getFileType: Accessing scripts/client/Item.py from non-loading thread.
WARNING: WinFileSystem::getFileType: Accessing scripts/client/Item.pyc from non-loading thread.
WARNING: WinFileSystem::getFileType: Accessing scripts/client/Item.pyd from non-loading thread.
WARNING: WinFileSystem::getFileType: Accessing scripts/client/Item.pyd from non-loading thread.
WARNING: WinFileSystem::getFileType: Accessing scripts/client/Item.py from non-loading thread.
WARNING: WinFileSystem::getFileType: Accessing scripts/client/Item.pyc from non-loading thread.
WARNING: WinFileSystem::readFile: Accessing scripts/client/Item.pyc from non-loading thread.
WARNING: WinFileSystem::getFileType: Accessing gui/minimap_icon.gui from non-loading thread.
WARNING: WinFileSystem::readFile: Accessing gui/minimap_icon.gui from non-loading thread.
WARNING: WinFileSystem::getFileType: Accessing gui/maps/mini_map_player.tga from non-loading thread.
WARNING: WinFileSystem::getFileType: Accessing gui/maps/mini_map_player.tga from non-loading thread.
WARNING: WinFileSystem::getFileType: Accessing gui/maps/mini_map_player.texformat from non-loading thread.
WARNING: WinFileSystem::getFileType: Accessing gui/maps/mini_map_player.texformat from non-loading thread.
WARNING: WinFileSystem::getFileType: Accessing gui/maps/mini_map_player.dds from non-loading thread.
WARNING: WinFileSystem::getFileType: Accessing gui/maps/mini_map_player.tga from non-loading thread.
WARNING: WinFileSystem::getFileType: Accessing gui/maps/mini_map_player.texformat from non-loading thread.
WARNING: WinFileSystem::getFileType: Accessing gui/maps/mini_map_player.texformat from non-loading thread.
WARNING: WinFileSystem::getFileType: Accessing gui/maps/mini_map_player.texformat from non-loading thread.
WARNING: WinFileSystem::getFileType: Accessing gui/maps/mini_map_player.texformat from non-loading thread.
WARNING: WinFileSystem::getFileType: Accessing gui/maps/mini_map_player.texanim from non-loading thread.
WARNING: WinFileSystem::getFileType: Accessing gui/maps/mini_map_player.texanim from non-loading thread.
WARNING: WinFileSystem::getFileType: Accessing gui/maps/mini_map_player.dds from non-loading thread.
WARNING: WinFileSystem::readFile: Accessing gui/maps/mini_map_player.dds from non-loading thread.
WARNING: WinFileSystem::getFileType: Accessing sets from non-loading thread.
WARNING: WinFileSystem::readDirectory: Accessing sets from non-loading thread.
WARNING: WinFileSystem::readDirectory: Accessing sets from non-loading thread.
WARNING: WinFileSystem::getFileType: Accessing sets/global from non-loading thread.
WARNING: WinFileSystem::readDirectory: Accessing sets/global from non-loading thread.
WARNING: WinFileSystem::readDirectory: Accessing sets/global from non-loading thread.
WARNING: WinFileSystem::getFileType: Accessing sets/global/checker.model from non-loading thread.
WARNING: WinFileSystem::readFile: Accessing sets/global/checker.model from non-loading thread.
WARNING: WinFileSystem::getFileType: Accessing sets/global/checker.static.visual from non-loading thread.
WARNING: WinFileSystem::getFileType: Accessing sets/global/checker.static.visual from non-loading thread.
WARNING: WinFileSystem::getFileType: Accessing sets/global/checker.visual from non-loading thread.
WARNING: WinFileSystem::readFile: Accessing sets/global/checker.visual from non-loading thread.
WARNING: WinFileSystem::getFileType: Accessing sets/global/checker_bsp.visual from non-loading thread.
WARNING: WinFileSystem::getFileType: Accessing sets/global/checker_bsp.visual from non-loading thread.
WARNING: WinFileSystem::getFileType: Accessing sets/global/checker.primitives from non-loading thread.
WARNING: WinFileSystem::readFile: Accessing sets/global/checker.primitives from non-loading thread.
WARNING: WinFileSystem::getFileType: Accessing sets/global/checker.bmp from non-loading thread.
WARNING: WinFileSystem::getFileType: Accessing sets/global/checker.bmp from non-loading thread.
WARNING: WinFileSystem::getFileType: Accessing sets/global/checker.texformat from non-loading thread.
WARNING: WinFileSystem::getFileType: Accessing sets/global/checker.texformat from non-loading thread.
WARNING: WinFileSystem::getFileType: Accessing sets/global/checker.dds from non-loading thread.
WARNING: WinFileSystem::getFileType: Accessing sets/global/checker.bmp from non-loading thread.
WARNING: WinFileSystem::getFileType: Accessing sets/global/checker.texformat from non-loading thread.
WARNING: WinFileSystem::getFileType: Accessing sets/global/checker.texformat from non-loading thread.
WARNING: WinFileSystem::getFileType: Accessing sets/global/checker.texformat from non-loading thread.
WARNING: WinFileSystem::getFileType: Accessing sets/global/checker.texformat from non-loading thread.
WARNING: WinFileSystem::getFileType: Accessing sets/global/checker.texanim from non-loading thread.
WARNING: WinFileSystem::getFileType: Accessing sets/global/checker.texanim from non-loading thread.
WARNING: WinFileSystem::getFileType: Accessing sets/global/checker.dds from non-loading thread.
WARNING: WinFileSystem::readFile: Accessing sets/global/checker.dds from non-loading thread.
PlayerAvatar::onEnterWorld: end
WARNING: WinFileSystem::getFileType: Accessing maps/fx/fx_dirt01.tga from non-loading thread.
WARNING: WinFileSystem::getFileType: Accessing maps/fx/fx_dirt01.tga from non-loading thread.
WARNING: WinFileSystem::getFileType: Accessing maps from non-loading thread.
WARNING: WinFileSystem::readDirectory: Accessing maps from non-loading thread.
WARNING: WinFileSystem::readDirectory: Accessing maps from non-loading thread.
WARNING: WinFileSystem::getFileType: Accessing maps/fx from non-loading thread.
WARNING: WinFileSystem::readDirectory: Accessing maps/fx from non-loading thread.
WARNING: WinFileSystem::readDirectory: Accessing maps/fx from non-loading thread.
WARNING: WinFileSystem::getFileType: Accessing maps/fx/fx_dirt01.texformat from non-loading thread.
WARNING: WinFileSystem::getFileType: Accessing maps/fx/fx_dirt01.texformat from non-loading thread.
WARNING: WinFileSystem::getFileType: Accessing maps/fx/fx_dirt01.dds from non-loading thread.
WARNING: WinFileSystem::getFileType: Accessing maps/fx/fx_dirt01.tga from non-loading thread.
WARNING: WinFileSystem::getFileType: Accessing maps/fx/fx_dirt01.texformat from non-loading thread.
WARNING: WinFileSystem::getFileType: Accessing maps/fx/fx_dirt01.texformat from non-loading thread.
WARNING: WinFileSystem::getFileType: Accessing maps/fx/fx_dirt01.texformat from non-loading thread.
WARNING: WinFileSystem::getFileType: Accessing maps/fx/fx_dirt01.texformat from non-loading thread.
WARNING: WinFileSystem::getFileType: Accessing maps/fx/fx_dirt01.texanim from non-loading thread.
WARNING: WinFileSystem::readFile: Accessing maps/fx/fx_dirt01.texanim from non-loading thread.
WARNING: WinFileSystem::getFileType: Accessing maps/fx/fx_dirt01.tga from non-loading thread.
WARNING: WinFileSystem::getFileType: Accessing maps/fx/fx_dirt01.tga from non-loading thread.
WARNING: WinFileSystem::getFileType: Accessing maps/fx/fx_dirt01.texformat from non-loading thread.
WARNING: WinFileSystem::getFileType: Accessing maps/fx/fx_dirt01.texformat from non-loading thread.
WARNING: WinFileSystem::getFileType: Accessing maps/fx/fx_dirt01.dds from non-loading thread.
WARNING: WinFileSystem::getFileType: Accessing maps/fx/fx_dirt01.tga from non-loading thread.
WARNING: WinFileSystem::getFileType: Accessing maps/fx/fx_dirt01.texformat from non-loading thread.
WARNING: WinFileSystem::getFileType: Accessing maps/fx/fx_dirt01.texformat from non-loading thread.
WARNING: WinFileSystem::getFileType: Accessing maps/fx/fx_dirt01.texformat from non-loading thread.
WARNING: WinFileSystem::getFileType: Accessing maps/fx/fx_dirt01.texformat from non-loading thread.
WARNING: WinFileSystem::getFileType: Accessing maps/fx/fx_dirt01.dds from non-loading thread.
WARNING: WinFileSystem::readFile: Accessing maps/fx/fx_dirt01.dds from non-loading thread.
WARNING: WinFileSystem::getFileType: Accessing maps/fx/fx_dirt02.tga from non-loading thread.
WARNING: WinFileSystem::getFileType: Accessing maps/fx/fx_dirt02.tga from non-loading thread.
WARNING: WinFileSystem::getFileType: Accessing maps/fx/fx_dirt02.texformat from non-loading thread.
WARNING: WinFileSystem::getFileType: Accessing maps/fx/fx_dirt02.texformat from non-loading thread.
WARNING: WinFileSystem::getFileType: Accessing maps/fx/fx_dirt02.dds from non-loading thread.
WARNING: WinFileSystem::getFileType: Accessing maps/fx/fx_dirt02.tga from non-loading thread.
WARNING: WinFileSystem::getFileType: Accessing maps/fx/fx_dirt02.texformat from non-loading thread.
WARNING: WinFileSystem::getFileType: Accessing maps/fx/fx_dirt02.texformat from non-loading thread.
WARNING: WinFileSystem::getFileType: Accessing maps/fx/fx_dirt02.texformat from non-loading thread.
WARNING: WinFileSystem::getFileType: Accessing maps/fx/fx_dirt02.texformat from non-loading thread.
WARNING: WinFileSystem::getFileType: Accessing maps/fx/fx_dirt02.dds from non-loading thread.
WARNING: WinFileSystem::readFile: Accessing maps/fx/fx_dirt02.dds from non-loading thread.
WARNING: WinFileSystem::getFileType: Accessing maps/fx/fx_dirt03.tga from non-loading thread.
WARNING: WinFileSystem::getFileType: Accessing maps/fx/fx_dirt03.tga from non-loading thread.
WARNING: WinFileSystem::getFileType: Accessing maps/fx/fx_dirt03.texformat from non-loading thread.
WARNING: WinFileSystem::getFileType: Accessing maps/fx/fx_dirt03.texformat from non-loading thread.
WARNING: WinFileSystem::getFileType: Accessing maps/fx/fx_dirt03.dds from non-loading thread.
WARNING: WinFileSystem::getFileType: Accessing maps/fx/fx_dirt03.tga from non-loading thread.
WARNING: WinFileSystem::getFileType: Accessing maps/fx/fx_dirt03.texformat from non-loading thread.
WARNING: WinFileSystem::getFileType: Accessing maps/fx/fx_dirt03.texformat from non-loading thread.
WARNING: WinFileSystem::getFileType: Accessing maps/fx/fx_dirt03.texformat from non-loading thread.
WARNING: WinFileSystem::getFileType: Accessing maps/fx/fx_dirt03.texformat from non-loading thread.
WARNING: WinFileSystem::getFileType: Accessing maps/fx/fx_dirt03.dds from non-loading thread.
WARNING: WinFileSystem::readFile: Accessing maps/fx/fx_dirt03.dds from non-loading thread.
WARNING: WinFileSystem::getFileType: Accessing maps/fx/fx_dirt04.tga from non-loading thread.
WARNING: WinFileSystem::getFileType: Accessing maps/fx/fx_dirt04.tga from non-loading thread.
WARNING: WinFileSystem::getFileType: Accessing maps/fx/fx_dirt04.texformat from non-loading thread.
WARNING: WinFileSystem::getFileType: Accessing maps/fx/fx_dirt04.texformat from non-loading thread.
WARNING: WinFileSystem::getFileType: Accessing maps/fx/fx_dirt04.dds from non-loading thread.
WARNING: WinFileSystem::getFileType: Accessing maps/fx/fx_dirt04.tga from non-loading thread.
WARNING: WinFileSystem::getFileType: Accessing maps/fx/fx_dirt04.texformat from non-loading thread.
WARNING: WinFileSystem::getFileType: Accessing maps/fx/fx_dirt04.texformat from non-loading thread.
WARNING: WinFileSystem::getFileType: Accessing maps/fx/fx_dirt04.texformat from non-loading thread.
WARNING: WinFileSystem::getFileType: Accessing maps/fx/fx_dirt04.texformat from non-loading thread.
WARNING: WinFileSystem::getFileType: Accessing maps/fx/fx_dirt04.dds from non-loading thread.
WARNING: WinFileSystem::readFile: Accessing maps/fx/fx_dirt04.dds from non-loading thread.
WARNING: WinFileSystem::getFileType: Accessing maps/fx/fx_dirt05.tga from non-loading thread.
WARNING: WinFileSystem::getFileType: Accessing maps/fx/fx_dirt05.tga from non-loading thread.
WARNING: WinFileSystem::getFileType: Accessing maps/fx/fx_dirt05.texformat from non-loading thread.
WARNING: WinFileSystem::getFileType: Accessing maps/fx/fx_dirt05.texformat from non-loading thread.
WARNING: WinFileSystem::getFileType: Accessing maps/fx/fx_dirt05.dds from non-loading thread.
WARNING: WinFileSystem::getFileType: Accessing maps/fx/fx_dirt05.tga from non-loading thread.
WARNING: WinFileSystem::getFileType: Accessing maps/fx/fx_dirt05.texformat from non-loading thread.
WARNING: WinFileSystem::getFileType: Accessing maps/fx/fx_dirt05.texformat from non-loading thread.
WARNING: WinFileSystem::getFileType: Accessing maps/fx/fx_dirt05.texformat from non-loading thread.
WARNING: WinFileSystem::getFileType: Accessing maps/fx/fx_dirt05.texformat from non-loading thread.
WARNING: WinFileSystem::getFileType: Accessing maps/fx/fx_dirt05.dds from non-loading thread.
WARNING: WinFileSystem::readFile: Accessing maps/fx/fx_dirt05.dds from non-loading thread.
WARNING: WinFileSystem::getFileType: Accessing maps/fx/fx_dirt06.tga from non-loading thread.
WARNING: WinFileSystem::getFileType: Accessing maps/fx/fx_dirt06.tga from non-loading thread.
WARNING: WinFileSystem::getFileType: Accessing maps/fx/fx_dirt06.texformat from non-loading thread.
WARNING: WinFileSystem::getFileType: Accessing maps/fx/fx_dirt06.texformat from non-loading thread.
WARNING: WinFileSystem::getFileType: Accessing maps/fx/fx_dirt06.dds from non-loading thread.
WARNING: WinFileSystem::getFileType: Accessing maps/fx/fx_dirt06.tga from non-loading thread.
WARNING: WinFileSystem::getFileType: Accessing maps/fx/fx_dirt06.texformat from non-loading thread.
WARNING: WinFileSystem::getFileType: Accessing maps/fx/fx_dirt06.texformat from non-loading thread.
WARNING: WinFileSystem::getFileType: Accessing maps/fx/fx_dirt06.texformat from non-loading thread.
WARNING: WinFileSystem::getFileType: Accessing maps/fx/fx_dirt06.texformat from non-loading thread.
WARNING: WinFileSystem::getFileType: Accessing maps/fx/fx_dirt06.dds from non-loading thread.
WARNING: WinFileSystem::readFile: Accessing maps/fx/fx_dirt06.dds from non-loading thread.
WARNING: WinFileSystem::getFileType: Accessing maps/fx/fx_dirt07.tga from non-loading thread.
WARNING: WinFileSystem::getFileType: Accessing maps/fx/fx_dirt07.tga from non-loading thread.
WARNING: WinFileSystem::getFileType: Accessing maps/fx/fx_dirt07.texformat from non-loading thread.
WARNING: WinFileSystem::getFileType: Accessing maps/fx/fx_dirt07.texformat from non-loading thread.
WARNING: WinFileSystem::getFileType: Accessing maps/fx/fx_dirt07.dds from non-loading thread.
WARNING: WinFileSystem::getFileType: Accessing maps/fx/fx_dirt07.tga from non-loading thread.
WARNING: WinFileSystem::getFileType: Accessing maps/fx/fx_dirt07.texformat from non-loading thread.
WARNING: WinFileSystem::getFileType: Accessing maps/fx/fx_dirt07.texformat from non-loading thread.
WARNING: WinFileSystem::getFileType: Accessing maps/fx/fx_dirt07.texformat from non-loading thread.
WARNING: WinFileSystem::getFileType: Accessing maps/fx/fx_dirt07.texformat from non-loading thread.
WARNING: WinFileSystem::getFileType: Accessing maps/fx/fx_dirt07.dds from non-loading thread.
WARNING: WinFileSystem::readFile: Accessing maps/fx/fx_dirt07.dds from non-loading thread.
WARNING: WinFileSystem::getFileType: Accessing maps/fx/fx_dirt08.tga from non-loading thread.
WARNING: WinFileSystem::getFileType: Accessing maps/fx/fx_dirt08.tga from non-loading thread.
WARNING: WinFileSystem::getFileType: Accessing maps/fx/fx_dirt08.texformat from non-loading thread.
WARNING: WinFileSystem::getFileType: Accessing maps/fx/fx_dirt08.texformat from non-loading thread.
WARNING: WinFileSystem::getFileType: Accessing maps/fx/fx_dirt08.dds from non-loading thread.
WARNING: WinFileSystem::getFileType: Accessing maps/fx/fx_dirt08.tga from non-loading thread.
WARNING: WinFileSystem::getFileType: Accessing maps/fx/fx_dirt08.texformat from non-loading thread.
WARNING: WinFileSystem::getFileType: Accessing maps/fx/fx_dirt08.texformat from non-loading thread.
WARNING: WinFileSystem::getFileType: Accessing maps/fx/fx_dirt08.texformat from non-loading thread.
WARNING: WinFileSystem::getFileType: Accessing maps/fx/fx_dirt08.texformat from non-loading thread.
WARNING: WinFileSystem::getFileType: Accessing maps/fx/fx_dirt08.dds from non-loading thread.
WARNING: WinFileSystem::readFile: Accessing maps/fx/fx_dirt08.dds from non-loading thread.
WARNING: WinFileSystem::getFileType: Accessing sets/desert/maps/des_sandstorm_wirlwindchunks.bmp from non-loading thread.
WARNING: WinFileSystem::getFileType: Accessing sets/desert/maps/des_sandstorm_wirlwindchunks.bmp from non-loading thread.
WARNING: WinFileSystem::getFileType: Accessing sets\desert\maps\des_sandstorm_wirlwindchunks.tga from non-loading thread.
WARNING: WinFileSystem::getFileType: Accessing sets/desert/maps/des_sandstorm_wirlwindchunks.bmp from non-loading thread.
WARNING: WinFileSystem::getFileType: Accessing sets/desert/maps/des_sandstorm_wirlwindchunks.bmp from non-loading thread.
WARNING: WinFileSystem::getFileType: Accessing sets\desert\maps\des_sandstorm_wirlwindchunks.tga from non-loading thread.
WARNING: WinFileSystem::getFileType: Accessing sets from non-loading thread.
WARNING: WinFileSystem::readDirectory: Accessing sets from non-loading thread.
WARNING: WinFileSystem::readDirectory: Accessing sets from non-loading thread.
WARNING: WinFileSystem::getFileType: Accessing sets/desert from non-loading thread.
WARNING: WinFileSystem::readDirectory: Accessing sets/desert from non-loading thread.
WARNING: WinFileSystem::readDirectory: Accessing sets/desert from non-loading thread.
WARNING: WinFileSystem::getFileType: Accessing sets/desert/maps from non-loading thread.
WARNING: WinFileSystem::readDirectory: Accessing sets/desert/maps from non-loading thread.
WARNING: WinFileSystem::readDirectory: Accessing sets/desert/maps from non-loading thread.
WARNING: WinFileSystem::getFileType: Accessing sets/desert/maps/des_sandstorm_wirlwindchunks.texformat from non-loading thread.
WARNING: WinFileSystem::getFileType: Accessing sets/desert/maps/des_sandstorm_wirlwindchunks.texformat from non-loading thread.
WARNING: WinFileSystem::getFileType: Accessing sets/desert/maps/des_sandstorm_wirlwindchunks.dds from non-loading thread.
WARNING: WinFileSystem::getFileType: Accessing sets/desert/maps/des_sandstorm_wirlwindchunks.tga from non-loading thread.
WARNING: WinFileSystem::getFileType: Accessing sets/desert/maps/des_sandstorm_wirlwindchunks.texformat from non-loading thread.
WARNING: WinFileSystem::getFileType: Accessing sets/desert/maps/des_sandstorm_wirlwindchunks.texformat from non-loading thread.
WARNING: WinFileSystem::getFileType: Accessing sets/desert/maps/des_sandstorm_wirlwindchunks.texformat from non-loading thread.
WARNING: WinFileSystem::getFileType: Accessing sets/desert/maps/des_sandstorm_wirlwindchunks.texformat from non-loading thread.
WARNING: WinFileSystem::getFileType: Accessing sets/desert/maps/des_sandstorm_wirlwindchunks.texanim from non-loading thread.
WARNING: WinFileSystem::getFileType: Accessing sets/desert/maps/des_sandstorm_wirlwindchunks.texanim from non-loading thread.
WARNING: WinFileSystem::getFileType: Accessing sets/desert/maps/des_sandstorm_wirlwindchunks.dds from non-loading thread.
WARNING: WinFileSystem::readFile: Accessing sets/desert/maps/des_sandstorm_wirlwindchunks.dds from non-loading thread.
WARNING: WinFileSystem: Case mismatch opening C:/BigWorld_2.0.1/BigWorld/fantasydemo/res/speedtree/shrubs_flowers/boston_fern/compositemap_Diffuse.dds (CompositeMap_Diffuse.dds)
WARNING: WinFileSystem: Case mismatch opening C:/BigWorld_2.0.1/BigWorld/fantasydemo/res/speedtree/shrubs_flowers/boston_fern/compositemap_Normal.dds (CompositeMap_Normal.dds)
WARNING: WinFileSystem: Case mismatch opening C:/BigWorld_2.0.1/BigWorld/fantasydemo/res/speedtree/shrubs_flowers/cinnamon_fern/compositemap_Diffuse.dds (CompositeMap_Diffuse.dds)
WARNING: WinFileSystem: Case mismatch opening C:/BigWorld_2.0.1/BigWorld/fantasydemo/res/speedtree/shrubs_flowers/cinnamon_fern/compositemap_Normal.dds (CompositeMap_Normal.dds)
WARNING: WinFileSystem: Case mismatch opening C:/BigWorld_2.0.1/BigWorld/fantasydemo/res/speedtree/shrubs_flowers/american_boxwood/compositemap_Diffuse.dds (CompositeMap_Diffuse.dds)
WARNING: WinFileSystem: Case mismatch opening C:/BigWorld_2.0.1/BigWorld/fantasydemo/res/speedtree/shrubs_flowers/american_boxwood/compositemap_Normal.dds (CompositeMap_Normal.dds)
WARNING: WinFileSystem: Case mismatch opening C:/BigWorld_2.0.1/BigWorld/fantasydemo/res/speedtree/Conifers/giant_redwood/compositemap_Diffuse.dds (CompositeMap_Diffuse.dds)
WARNING: WinFileSystem: Case mismatch opening C:/BigWorld_2.0.1/BigWorld/fantasydemo/res/speedtree/Conifers/giant_redwood/compositemap_Normal.dds (CompositeMap_Normal.dds)
WARNING: WinFileSystem: Case mismatch opening C:/BigWorld_2.0.1/BigWorld/fantasydemo/res/speedtree/Broadleaves/american_elm_noleaves/compositemap_Diffuse.dds (CompositeMap_Diffuse.dds)
WARNING: WinFileSystem: Case mismatch opening C:/BigWorld_2.0.1/BigWorld/fantasydemo/res/speedtree/Broadleaves/american_elm_noleaves/compositemap_Normal.dds (CompositeMap_Normal.dds)
WARNING: WinFileSystem: Case mismatch opening C:/BigWorld_2.0.1/BigWorld/fantasydemo/res/speedtree/Broadleaves/agarwoodcluster/compositemap_Diffuse.dds (CompositeMap_Diffuse.dds)
WARNING: WinFileSystem: Case mismatch opening C:/BigWorld_2.0.1/BigWorld/fantasydemo/res/speedtree/Broadleaves/agarwoodcluster/compositemap_Normal.dds (CompositeMap_Normal.dds)
1073741870
WARNING: WinFileSystem::getFileType: Accessing sets/vehicles/razor_flare_bsp.visual from non-loading thread.
WARNING: WinFileSystem::getFileType: Accessing sets/vehicles/razor_flare_bsp.visual from non-loading thread.
WARNING: WinFileSystem::getFileType: Accessing stdinclude.fxh from non-loading thread.
WARNING: WinFileSystem::getFileType: Accessing stdinclude.fxh from non-loading thread.
WARNING: WinFileSystem::getFileType: Accessing shaders/std_effects/stdinclude.fxh from non-loading thread.
WARNING: WinFileSystem::getFileType: Accessing shaders/std_effects/stdinclude.fxh from non-loading thread.
WARNING: WinFileSystem::getFileType: Accessing optinclude.fxh from non-loading thread.
WARNING: WinFileSystem::getFileType: Accessing optinclude.fxh from non-loading thread.
WARNING: WinFileSystem::getFileType: Accessing shaders/std_effects/optinclude.fxh from non-loading thread.
WARNING: WinFileSystem::getFileType: Accessing shaders/std_effects/optinclude.fxh from non-loading thread.
WARNING: WinFileSystem::getFileType: Accessing d3d_state_mirror.fxh from non-loading thread.
WARNING: WinFileSystem::getFileType: Accessing d3d_state_mirror.fxh from non-loading thread.
WARNING: WinFileSystem::getFileType: Accessing shaders/std_effects/d3d_state_mirror.fxh from non-loading thread.
WARNING: WinFileSystem::getFileType: Accessing shaders/std_effects/d3d_state_mirror.fxh from non-loading thread.
WARNING: WinFileSystem::getFileType: Accessing lighting_helpers.fxh from non-loading thread.
WARNING: WinFileSystem::getFileType: Accessing lighting_helpers.fxh from non-loading thread.
WARNING: WinFileSystem::getFileType: Accessing shaders/std_effects/lighting_helpers.fxh from non-loading thread.
WARNING: WinFileSystem::getFileType: Accessing shaders/std_effects/lighting_helpers.fxh from non-loading thread.
WARNING: WinFileSystem::getFileType: Accessing fog_helpers.fxh from non-loading thread.
WARNING: WinFileSystem::getFileType: Accessing fog_helpers.fxh from non-loading thread.
WARNING: WinFileSystem::getFileType: Accessing shaders/std_effects/fog_helpers.fxh from non-loading thread.
WARNING: WinFileSystem::getFileType: Accessing shaders/std_effects/fog_helpers.fxh from non-loading thread.
WARNING: WinFileSystem::getFileType: Accessing vertex_declarations.fxh from non-loading thread.
WARNING: WinFileSystem::getFileType: Accessing vertex_declarations.fxh from non-loading thread.
WARNING: WinFileSystem::getFileType: Accessing shaders/std_effects/vertex_declarations.fxh from non-loading thread.
WARNING: WinFileSystem::getFileType: Accessing shaders/std_effects/vertex_declarations.fxh from non-loading thread.
WARNING: WinFileSystem::getFileType: Accessing material_helpers.fxh from non-loading thread.
WARNING: WinFileSystem::getFileType: Accessing material_helpers.fxh from non-loading thread.
WARNING: WinFileSystem::getFileType: Accessing shaders/std_effects/material_helpers.fxh from non-loading thread.
WARNING: WinFileSystem::getFileType: Accessing shaders/std_effects/material_helpers.fxh from non-loading thread.
WARNING: WinFileSystem::getFileType: Accessing sky_light_map_helpers.fxh from non-loading thread.
WARNING: WinFileSystem::getFileType: Accessing sky_light_map_helpers.fxh from non-loading thread.
WARNING: WinFileSystem::getFileType: Accessing shaders/std_effects/sky_light_map_helpers.fxh from non-loading thread.
WARNING: WinFileSystem::getFileType: Accessing shaders/std_effects/sky_light_map_helpers.fxh from non-loading thread.
WARNING: WinFileSystem::getFileType: Accessing fresnel_helpers.fxh from non-loading thread.
WARNING: WinFileSystem::getFileType: Accessing fresnel_helpers.fxh from non-loading thread.
WARNING: WinFileSystem::getFileType: Accessing shaders/std_effects/fresnel_helpers.fxh from non-loading thread.
WARNING: WinFileSystem::getFileType: Accessing shaders/std_effects/fresnel_helpers.fxh from non-loading thread.
WARNING: WinFileSystem::getFileType: Accessing depth_helpers.fxh from non-loading thread.
WARNING: WinFileSystem::getFileType: Accessing depth_helpers.fxh from non-loading thread.
WARNING: WinFileSystem::getFileType: Accessing shaders/std_effects/depth_helpers.fxh from non-loading thread.
WARNING: WinFileSystem::getFileType: Accessing shaders/std_effects/depth_helpers.fxh from non-loading thread.
WARNING: WinFileSystem::getFileType: Accessing unskinned_effect_include.fxh from non-loading thread.
WARNING: WinFileSystem::getFileType: Accessing unskinned_effect_include.fxh from non-loading thread.
WARNING: WinFileSystem::getFileType: Accessing shaders/std_effects/unskinned_effect_include.fxh from non-loading thread.
WARNING: WinFileSystem::getFileType: Accessing shaders/std_effects/unskinned_effect_include.fxh from non-loading thread.
WARNING: WinFileSystem::getFileType: Accessing lightonly_normal.fxh from non-loading thread.
WARNING: WinFileSystem::getFileType: Accessing lightonly_normal.fxh from non-loading thread.
WARNING: WinFileSystem::getFileType: Accessing shaders/std_effects/lightonly_normal.fxh from non-loading thread.
WARNING: WinFileSystem::getFileType: Accessing shaders/std_effects/lightonly_normal.fxh from non-loading thread.
WARNING: WinFileSystem::getFileType: Accessing lightonly_2uv.fxh from non-loading thread.
WARNING: WinFileSystem::getFileType: Accessing lightonly_2uv.fxh from non-loading thread.
WARNING: WinFileSystem::getFileType: Accessing shaders/std_effects/lightonly_2uv.fxh from non-loading thread.
WARNING: WinFileSystem::getFileType: Accessing shaders/std_effects/lightonly_2uv.fxh from non-loading thread.
WARNING: WinFileSystem::getFileType: Accessing shader_combination_helpers.fxh from non-loading thread.
WARNING: WinFileSystem::getFileType: Accessing shader_combination_helpers.fxh from non-loading thread.
WARNING: WinFileSystem::getFileType: Accessing shaders/std_effects/shader_combination_helpers.fxh from non-loading thread.
WARNING: WinFileSystem::getFileType: Accessing shaders/std_effects/shader_combination_helpers.fxh from non-loading thread.
WARNING: WinFileSystem::getFileType: Accessing sets/vehicles/ref_spot6_falloff.bmp from non-loading thread.
WARNING: WinFileSystem::getFileType: Accessing sets/vehicles/ref_spot6_falloff.bmp from non-loading thread.
WARNING: WinFileSystem::getFileType: Accessing sets/vehicles/ref_spot6_falloff.texformat from non-loading thread.
WARNING: WinFileSystem::getFileType: Accessing sets/vehicles/ref_spot6_falloff.texformat from non-loading thread.
WARNING: WinFileSystem::getFileType: Accessing sets/vehicles/ref_spot6_falloff.dds from non-loading thread.
WARNING: WinFileSystem::getFileType: Accessing sets/vehicles/ref_spot6_falloff.bmp from non-loading thread.
WARNING: WinFileSystem::getFileType: Accessing sets/vehicles/ref_spot6_falloff.texformat from non-loading thread.
WARNING: WinFileSystem::getFileType: Accessing sets/vehicles/ref_spot6_falloff.texformat from non-loading thread.
WARNING: WinFileSystem::getFileType: Accessing sets/vehicles/ref_spot6_falloff.texformat from non-loading thread.
WARNING: WinFileSystem::getFileType: Accessing sets/vehicles/ref_spot6_falloff.texformat from non-loading thread.
WARNING: WinFileSystem::getFileType: Accessing sets/vehicles/ref_spot6_falloff.texanim from non-loading thread.
WARNING: WinFileSystem::getFileType: Accessing sets/vehicles/ref_spot6_falloff.texanim from non-loading thread.
WARNING: WinFileSystem::getFileType: Accessing sets/vehicles/AFX_razflare.bmp from non-loading thread.
WARNING: WinFileSystem::getFileType: Accessing sets/vehicles/AFX_razflare.bmp from non-loading thread.
WARNING: WinFileSystem::getFileType: Accessing sets/vehicles/AFX_razflare.texformat from non-loading thread.
WARNING: WinFileSystem::getFileType: Accessing sets/vehicles/AFX_razflare.texformat from non-loading thread.
WARNING: WinFileSystem::getFileType: Accessing sets/vehicles/AFX_razflare.dds from non-loading thread.
WARNING: WinFileSystem::getFileType: Accessing sets/vehicles/AFX_razflare.bmp from non-loading thread.
WARNING: WinFileSystem::getFileType: Accessing sets/vehicles/AFX_razflare.texformat from non-loading thread.
WARNING: WinFileSystem::getFileType: Accessing sets/vehicles/AFX_razflare.texformat from non-loading thread.
WARNING: WinFileSystem::getFileType: Accessing sets/vehicles/AFX_razflare.texformat from non-loading thread.
WARNING: WinFileSystem::getFileType: Accessing sets/vehicles/AFX_razflare.texformat from non-loading thread.
WARNING: WinFileSystem::getFileType: Accessing sets/vehicles/AFX_razflare.texanim from non-loading thread.
WARNING: WinFileSystem::getFileType: Accessing sets/vehicles/AFX_razflare.texanim from non-loading thread.
WARNING: WinFileSystem::getFileType: Accessing sets/vehicles/razor_flare_anim.animation from non-loading thread.
WARNING: WinFileSystem::getFileType: Accessing sets/vehicles/razor_flare_anim.animation from non-loading thread.
WARNING: WinFileSystem::getFileType: Accessing sets/vehicles/razor_flare_anim.animation from non-loading thread.
WARNING: WinFileSystem::getFileType: Accessing sets/vehicles/razor_flare_anim.animation from non-loading thread.
WARNING: WinFileSystem::getFileType: Accessing sets/vehicles/razor_flare_anim.animation from non-loading thread.
PlayerAvatar::onBecomePlayer
PlayerAvatar::onEnterWorld: begin
WARNING: WinFileSystem::getFileType: Accessing scripts/client/Item from non-loading thread.
WARNING: WinFileSystem::getFileType: Accessing scripts/client/Item from non-loading thread.
WARNING: WinFileSystem::getFileType: Accessing scripts/client/Item.py from non-loading thread.
WARNING: WinFileSystem::getFileType: Accessing scripts/client/Item.pyc from non-loading thread.
WARNING: WinFileSystem::getFileType: Accessing scripts/client/Item.pyd from non-loading thread.
WARNING: WinFileSystem::getFileType: Accessing scripts/client/Item.pyd from non-loading thread.
WARNING: WinFileSystem::getFileType: Accessing scripts/client/Item.py from non-loading thread.
WARNING: WinFileSystem::getFileType: Accessing scripts/client/Item.pyc from non-loading thread.
WARNING: WinFileSystem::readFile: Accessing scripts/client/Item.pyc from non-loading thread.
WARNING: WinFileSystem::getFileType: Accessing gui/minimap_icon.gui from non-loading thread.
WARNING: WinFileSystem::readFile: Accessing gui/minimap_icon.gui from non-loading thread.
PlayerAvatar::onEnterWorld: end
WARNING: WinFileSystem::getFileType: Accessing sets from non-loading thread.
WARNING: WinFileSystem::readDirectory: Accessing sets from non-loading thread.
WARNING: WinFileSystem::readDirectory: Accessing sets from non-loading thread.
WARNING: WinFileSystem::getFileType: Accessing sets/vehicles from non-loading thread.
WARNING: WinFileSystem::readDirectory: Accessing sets/vehicles from non-loading thread.
WARNING: WinFileSystem::readDirectory: Accessing sets/vehicles from non-loading thread.
WARNING: WinFileSystem::getFileType: Accessing sets/vehicles/razor_flare.model from non-loading thread.
WARNING: WinFileSystem::readFile: Accessing sets/vehicles/razor_flare.model from non-loading thread.
WARNING: WinFileSystem::getFileType: Accessing sets/vehicles/razor_flare.visual from non-loading thread.
WARNING: WinFileSystem::readFile: Accessing sets/vehicles/razor_flare.visual from non-loading thread.
WARNING: WinFileSystem::getFileType: Accessing sets/vehicles/razor_flare_bsp.visual from non-loading thread.
WARNING: WinFileSystem::getFileType: Accessing sets/vehicles/razor_flare_bsp.visual from non-loading thread.
WARNING: WinFileSystem::getFileType: Accessing sets/vehicles/razor_flare.primitives from non-loading thread.
WARNING: WinFileSystem::readFile: Accessing sets/vehicles/razor_flare.primitives from non-loading thread.
WARNING: WinFileSystem::getFileType: Accessing shaders/std_effects from non-loading thread.
WARNING: WinFileSystem::getFileType: Accessing shaders/std_effects from non-loading thread.
WARNING: WinFileSystem::readDirectory: Accessing shaders/std_effects from non-loading thread.
WARNING: WinFileSystem::readDirectory: Accessing shaders/std_effects from non-loading thread.
WARNING: WinFileSystem::getFileType: Accessing shaders/std_effects/lightonly_normal_add.00.fxo from non-loading thread.
WARNING: WinFileSystem::getFileType: Accessing shaders/std_effects/lightonly_normal_add.00.fxo from non-loading thread.
WARNING: ZipFileSystem::getFileTypeEx: Accessing hash from non-loading thread.
WARNING: ZipFileSystem::readFile: Accessing hash from non-loading thread.
WARNING: ZipFileSystem::getFileTypeEx: Accessing effect from non-loading thread.
WARNING: ZipFileSystem::readFile: Accessing effect from non-loading thread.
WARNING: ZipFileSystem::readFile: Accessing  from non-loading thread.
WARNING: ZipFileSystem::readFile: Accessing  from non-loading thread.
WARNING: ZipFileSystem::readFile: Accessing  from non-loading thread.
WARNING: ZipFileSystem::readFile: Accessing  from non-loading thread.
WARNING: ZipFileSystem::readFile: Accessing  from non-loading thread.
WARNING: ZipFileSystem::readFile: Accessing  from non-loading thread.
WARNING: ZipFileSystem::readFile: Accessing  from non-loading thread.
WARNING: ZipFileSystem::readFile: Accessing  from non-loading thread.
WARNING: ZipFileSystem::readFile: Accessing  from non-loading thread.
WARNING: ZipFileSystem::readFile: Accessing  from non-loading thread.
WARNING: ZipFileSystem::readFile: Accessing  from non-loading thread.
WARNING: ZipFileSystem::readFile: Accessing  from non-loading thread.
WARNING: ZipFileSystem::readFile: Accessing  from non-loading thread.
WARNING: ZipFileSystem::readFile: Accessing  from non-loading thread.
WARNING: WinFileSystem::getFileType: Accessing stdinclude.fxh from non-loading thread.
WARNING: WinFileSystem::getFileType: Accessing stdinclude.fxh from non-loading thread.
WARNING: WinFileSystem::getFileType: Accessing shaders/std_effects/stdinclude.fxh from non-loading thread.
WARNING: WinFileSystem::getFileType: Accessing shaders/std_effects/stdinclude.fxh from non-loading thread.
WARNING: WinFileSystem::getFileType: Accessing optinclude.fxh from non-loading thread.
WARNING: WinFileSystem::getFileType: Accessing optinclude.fxh from non-loading thread.
WARNING: WinFileSystem::getFileType: Accessing shaders/std_effects/optinclude.fxh from non-loading thread.
WARNING: WinFileSystem::getFileType: Accessing shaders/std_effects/optinclude.fxh from non-loading thread.
WARNING: WinFileSystem::getFileType: Accessing d3d_state_mirror.fxh from non-loading thread.
WARNING: WinFileSystem::getFileType: Accessing d3d_state_mirror.fxh from non-loading thread.
WARNING: WinFileSystem::getFileType: Accessing shaders/std_effects/d3d_state_mirror.fxh from non-loading thread.
WARNING: WinFileSystem::getFileType: Accessing shaders/std_effects/d3d_state_mirror.fxh from non-loading thread.
WARNING: WinFileSystem::getFileType: Accessing lighting_helpers.fxh from non-loading thread.
WARNING: WinFileSystem::getFileType: Accessing lighting_helpers.fxh from non-loading thread.
WARNING: WinFileSystem::getFileType: Accessing shaders/std_effects/lighting_helpers.fxh from non-loading thread.
WARNING: WinFileSystem::getFileType: Accessing shaders/std_effects/lighting_helpers.fxh from non-loading thread.
WARNING: WinFileSystem::getFileType: Accessing fog_helpers.fxh from non-loading thread.
WARNING: WinFileSystem::getFileType: Accessing fog_helpers.fxh from non-loading thread.
WARNING: WinFileSystem::getFileType: Accessing shaders/std_effects/fog_helpers.fxh from non-loading thread.
WARNING: WinFileSystem::getFileType: Accessing shaders/std_effects/fog_helpers.fxh from non-loading thread.
WARNING: WinFileSystem::getFileType: Accessing vertex_declarations.fxh from non-loading thread.
WARNING: WinFileSystem::getFileType: Accessing vertex_declarations.fxh from non-loading thread.
WARNING: WinFileSystem::getFileType: Accessing shaders/std_effects/vertex_declarations.fxh from non-loading thread.
WARNING: WinFileSystem::getFileType: Accessing shaders/std_effects/vertex_declarations.fxh from non-loading thread.
WARNING: WinFileSystem::getFileType: Accessing material_helpers.fxh from non-loading thread.
WARNING: WinFileSystem::getFileType: Accessing material_helpers.fxh from non-loading thread.
WARNING: WinFileSystem::getFileType: Accessing shaders/std_effects/material_helpers.fxh from non-loading thread.
WARNING: WinFileSystem::getFileType: Accessing shaders/std_effects/material_helpers.fxh from non-loading thread.
WARNING: WinFileSystem::getFileType: Accessing sky_light_map_helpers.fxh from non-loading thread.
WARNING: WinFileSystem::getFileType: Accessing sky_light_map_helpers.fxh from non-loading thread.
WARNING: WinFileSystem::getFileType: Accessing shaders/std_effects/sky_light_map_helpers.fxh from non-loading thread.
WARNING: WinFileSystem::getFileType: Accessing shaders/std_effects/sky_light_map_helpers.fxh from non-loading thread.
WARNING: WinFileSystem::getFileType: Accessing fresnel_helpers.fxh from non-loading thread.
WARNING: WinFileSystem::getFileType: Accessing fresnel_helpers.fxh from non-loading thread.
WARNING: WinFileSystem::getFileType: Accessing shaders/std_effects/fresnel_helpers.fxh from non-loading thread.
WARNING: WinFileSystem::getFileType: Accessing shaders/std_effects/fresnel_helpers.fxh from non-loading thread.
WARNING: WinFileSystem::getFileType: Accessing depth_helpers.fxh from non-loading thread.
WARNING: WinFileSystem::getFileType: Accessing depth_helpers.fxh from non-loading thread.
WARNING: WinFileSystem::getFileType: Accessing shaders/std_effects/depth_helpers.fxh from non-loading thread.
WARNING: WinFileSystem::getFileType: Accessing shaders/std_effects/depth_helpers.fxh from non-loading thread.
WARNING: WinFileSystem::getFileType: Accessing unskinned_effect_include.fxh from non-loading thread.
WARNING: WinFileSystem::getFileType: Accessing unskinned_effect_include.fxh from non-loading thread.
WARNING: WinFileSystem::getFileType: Accessing shaders/std_effects/unskinned_effect_include.fxh from non-loading thread.
WARNING: WinFileSystem::getFileType: Accessing shaders/std_effects/unskinned_effect_include.fxh from non-loading thread.
WARNING: WinFileSystem::getFileType: Accessing lightonly_normal.fxh from non-loading thread.
WARNING: WinFileSystem::getFileType: Accessing lightonly_normal.fxh from non-loading thread.
WARNING: WinFileSystem::getFileType: Accessing shaders/std_effects/lightonly_normal.fxh from non-loading thread.
WARNING: WinFileSystem::getFileType: Accessing shaders/std_effects/lightonly_normal.fxh from non-loading thread.
WARNING: WinFileSystem::getFileType: Accessing lightonly_2uv.fxh from non-loading thread.
WARNING: WinFileSystem::getFileType: Accessing lightonly_2uv.fxh from non-loading thread.
WARNING: WinFileSystem::getFileType: Accessing shaders/std_effects/lightonly_2uv.fxh from non-loading thread.
WARNING: WinFileSystem::getFileType: Accessing shaders/std_effects/lightonly_2uv.fxh from non-loading thread.
WARNING: WinFileSystem::getFileType: Accessing shader_combination_helpers.fxh from non-loading thread.
WARNING: WinFileSystem::getFileType: Accessing shader_combination_helpers.fxh from non-loading thread.
WARNING: WinFileSystem::getFileType: Accessing shaders/std_effects/shader_combination_helpers.fxh from non-loading thread.
WARNING: WinFileSystem::getFileType: Accessing shaders/std_effects/shader_combination_helpers.fxh from non-loading thread.
WARNING: WinFileSystem::getFileType: Accessing sets/vehicles/ref_spot6_falloff.bmp from non-loading thread.
WARNING: WinFileSystem::getFileType: Accessing sets/vehicles/ref_spot6_falloff.bmp from non-loading thread.
WARNING: WinFileSystem::getFileType: Accessing sets/vehicles/ref_spot6_falloff.texformat from non-loading thread.
WARNING: WinFileSystem::getFileType: Accessing sets/vehicles/ref_spot6_falloff.texformat from non-loading thread.
WARNING: WinFileSystem::getFileType: Accessing sets/vehicles/ref_spot6_falloff.dds from non-loading thread.
WARNING: WinFileSystem::getFileType: Accessing sets/vehicles/ref_spot6_falloff.bmp from non-loading thread.
WARNING: WinFileSystem::getFileType: Accessing sets/vehicles/ref_spot6_falloff.texformat from non-loading thread.
WARNING: WinFileSystem::getFileType: Accessing sets/vehicles/ref_spot6_falloff.texformat from non-loading thread.
WARNING: WinFileSystem::getFileType: Accessing sets/vehicles/ref_spot6_falloff.texformat from non-loading thread.
WARNING: WinFileSystem::getFileType: Accessing sets/vehicles/ref_spot6_falloff.texformat from non-loading thread.
WARNING: WinFileSystem::getFileType: Accessing sets/vehicles/ref_spot6_falloff.texanim from non-loading thread.
WARNING: WinFileSystem::getFileType: Accessing sets/vehicles/ref_spot6_falloff.texanim from non-loading thread.
WARNING: WinFileSystem::getFileType: Accessing sets/vehicles/ref_spot6_falloff.dds from non-loading thread.
WARNING: WinFileSystem::readFile: Accessing sets/vehicles/ref_spot6_falloff.dds from non-loading thread.
WARNING: WinFileSystem::getFileType: Accessing sets/vehicles/AFX_razflare.bmp from non-loading thread.
WARNING: WinFileSystem::getFileType: Accessing sets/vehicles/AFX_razflare.bmp from non-loading thread.
WARNING: WinFileSystem::getFileType: Accessing sets/vehicles/AFX_razflare.texformat from non-loading thread.
WARNING: WinFileSystem::getFileType: Accessing sets/vehicles/AFX_razflare.texformat from non-loading thread.
WARNING: WinFileSystem::getFileType: Accessing sets/vehicles/AFX_razflare.dds from non-loading thread.
WARNING: WinFileSystem::getFileType: Accessing sets/vehicles/AFX_razflare.bmp from non-loading thread.
WARNING: WinFileSystem::getFileType: Accessing sets/vehicles/AFX_razflare.texformat from non-loading thread.
WARNING: WinFileSystem::getFileType: Accessing sets/vehicles/AFX_razflare.texformat from non-loading thread.
WARNING: WinFileSystem::getFileType: Accessing sets/vehicles/AFX_razflare.texformat from non-loading thread.
WARNING: WinFileSystem::getFileType: Accessing sets/vehicles/AFX_razflare.texformat from non-loading thread.
WARNING: WinFileSystem::getFileType: Accessing sets/vehicles/AFX_razflare.texanim from non-loading thread.
WARNING: WinFileSystem::getFileType: Accessing sets/vehicles/AFX_razflare.texanim from non-loading thread.
WARNING: WinFileSystem::getFileType: Accessing sets/vehicles/AFX_razflare.dds from non-loading thread.
WARNING: WinFileSystem::readFile: Accessing sets/vehicles/AFX_razflare.dds from non-loading thread.
WARNING: WinFileSystem::getFileType: Accessing sets/vehicles/razor_flare_anim.animation from non-loading thread.
WARNING: WinFileSystem::getFileType: Accessing sets/vehicles/razor_flare_anim.animation from non-loading thread.
WARNING: WinFileSystem::getFileType: Accessing sets/vehicles/razor_flare_anim.animation from non-loading thread.
WARNING: WinFileSystem::getFileType: Accessing sets/vehicles/razor_flare_anim.animation from non-loading thread.
WARNING: WinFileSystem::getFileType: Accessing sets/vehicles/razor_flare_anim.animation from non-loading thread.
PlayerAvatar::onBecomePlayer
PlayerAvatar::onEnterWorld: begin
WARNING: WinFileSystem::getFileType: Accessing scripts/client/Item from non-loading thread.
WARNING: WinFileSystem::getFileType: Accessing scripts/client/Item from non-loading thread.
WARNING: WinFileSystem::getFileType: Accessing scripts/client/Item.py from non-loading thread.
WARNING: WinFileSystem::getFileType: Accessing scripts/client/Item.pyc from non-loading thread.
WARNING: WinFileSystem::getFileType: Accessing scripts/client/Item.pyd from non-loading thread.
WARNING: WinFileSystem::getFileType: Accessing scripts/client/Item.pyd from non-loading thread.
WARNING: WinFileSystem::getFileType: Accessing scripts/client/Item.py from non-loading thread.
WARNING: WinFileSystem::getFileType: Accessing scripts/client/Item.pyc from non-loading thread.
WARNING: WinFileSystem::readFile: Accessing scripts/client/Item.pyc from non-loading thread.
WARNING: WinFileSystem::getFileType: Accessing gui/minimap_icon.gui from non-loading thread.
WARNING: WinFileSystem::readFile: Accessing gui/minimap_icon.gui from non-loading thread.
PlayerAvatar::onEnterWorld: end
WARNING: WinFileSystem::getFileType: Accessing system/maps/post_processing/s curve/s_curve.bmp from non-loading thread.
WARNING: WinFileSystem::getFileType: Accessing system/maps/post_processing/s curve/s_curve.bmp from non-loading thread.
WARNING: WinFileSystem::getFileType: Accessing system/maps/post_processing/s curve/s_curve.bmp from non-loading thread.
WARNING: WinFileSystem::getFileType: Accessing system/maps/post_processing/s curve/s_curve.bmp from non-loading thread.
WARNING: WinFileSystem::getFileType: Accessing system/maps/post_processing/s curve from non-loading thread.
WARNING: WinFileSystem::getFileType: Accessing system/maps/post_processing/s curve from non-loading thread.
WARNING: WinFileSystem::readDirectory: Accessing system/maps/post_processing/s curve from non-loading thread.
WARNING: WinFileSystem::readDirectory: Accessing system/maps/post_processing/s curve from non-loading thread.
WARNING: WinFileSystem::getFileType: Accessing system/maps/post_processing/s curve/s_curve.texformat from non-loading thread.
WARNING: WinFileSystem::getFileType: Accessing system/maps/post_processing/s curve/s_curve.texformat from non-loading thread.
WARNING: WinFileSystem::readFile: Accessing system/maps/post_processing/s curve/s_curve.texformat from non-loading thread.
WARNING: WinFileSystem::readFile: Accessing system/maps/post_processing/s curve/s_curve.texformat from non-loading thread.
WARNING: WinFileSystem::getFileType: Accessing system/maps/post_processing/s curve/s_curve.dds from non-loading thread.
WARNING: WinFileSystem::getFileType: Accessing system/maps/post_processing/s curve/s_curve.dds from non-loading thread.
WARNING: WinFileSystem::getFileType: Accessing system/maps/post_processing/s curve/s_curve.bmp from non-loading thread.
WARNING: WinFileSystem::getFileType: Accessing system/maps/post_processing/s curve/s_curve.bmp from non-loading thread.
WARNING: WinFileSystem::getFileType: Accessing system/maps/post_processing/s curve/s_curve.bmp from non-loading thread.
WARNING: WinFileSystem::getFileType: Accessing system/maps/post_processing/s curve/s_curve.bmp from non-loading thread.
WARNING: WinFileSystem::readFile: Accessing system/maps/post_processing/s curve/s_curve.bmp from non-loading thread.
WARNING: WinFileSystem::readFile: Accessing system/maps/post_processing/s curve/s_curve.bmp from non-loading thread.
WARNING: WinFileSystem::getFileType: Accessing system/maps/post_processing/s curve/s_curve.texanim from non-loading thread.
WARNING: WinFileSystem::getFileType: Accessing system/maps/post_processing/s curve/s_curve.texanim from non-loading thread.
WARNING: WinFileSystem::getFileType: Accessing system/maps/post_processing/s curve/s_curve.dds from non-loading thread.
WARNING: WinFileSystem::getFileType: Accessing system/maps/post_processing/s curve/s_curve.dds from non-loading thread.
WARNING: WinFileSystem::readFile: Accessing system/maps/post_processing/s curve/s_curve.dds from non-loading thread.
WARNING: WinFileSystem::readFile: Accessing system/maps/post_processing/s curve/s_curve.dds from non-loading thread.
WARNING: WinFileSystem::getFileType: Accessing system/maps/post_processing/blood_rage/blood_rage.bmp from non-loading thread.
WARNING: WinFileSystem::getFileType: Accessing system/maps/post_processing/blood_rage/blood_rage.bmp from non-loading thread.
WARNING: WinFileSystem::getFileType: Accessing system/maps/post_processing/blood_rage/blood_rage.bmp from non-loading thread.
WARNING: WinFileSystem::getFileType: Accessing system/maps/post_processing/blood_rage/blood_rage.bmp from non-loading thread.
WARNING: WinFileSystem::getFileType: Accessing system/maps/post_processing/blood_rage from non-loading thread.
WARNING: WinFileSystem::getFileType: Accessing system/maps/post_processing/blood_rage from non-loading thread.
WARNING: WinFileSystem::readDirectory: Accessing system/maps/post_processing/blood_rage from non-loading thread.
WARNING: WinFileSystem::readDirectory: Accessing system/maps/post_processing/blood_rage from non-loading thread.
WARNING: WinFileSystem::getFileType: Accessing system/maps/post_processing/blood_rage/blood_rage.texformat from non-loading thread.
WARNING: WinFileSystem::getFileType: Accessing system/maps/post_processing/blood_rage/blood_rage.texformat from non-loading thread.
WARNING: WinFileSystem::readFile: Accessing system/maps/post_processing/blood_rage/blood_rage.texformat from non-loading thread.
WARNING: WinFileSystem::readFile: Accessing system/maps/post_processing/blood_rage/blood_rage.texformat from non-loading thread.
WARNING: WinFileSystem::getFileType: Accessing system/maps/post_processing/blood_rage/blood_rage.dds from non-loading thread.
WARNING: WinFileSystem::getFileType: Accessing system/maps/post_processing/blood_rage/blood_rage.dds from non-loading thread.
WARNING: WinFileSystem::getFileType: Accessing system/maps/post_processing/blood_rage/blood_rage.bmp from non-loading thread.
WARNING: WinFileSystem::getFileType: Accessing system/maps/post_processing/blood_rage/blood_rage.bmp from non-loading thread.
WARNING: WinFileSystem::getFileType: Accessing system/maps/post_processing/blood_rage/blood_rage.bmp from non-loading thread.
WARNING: WinFileSystem::getFileType: Accessing system/maps/post_processing/blood_rage/blood_rage.bmp from non-loading thread.
WARNING: WinFileSystem::readFile: Accessing system/maps/post_processing/blood_rage/blood_rage.bmp from non-loading thread.
WARNING: WinFileSystem::readFile: Accessing system/maps/post_processing/blood_rage/blood_rage.bmp from non-loading thread.
WARNING: WinFileSystem::getFileType: Accessing system/maps/post_processing/blood_rage/blood_rage.texanim from non-loading thread.
WARNING: WinFileSystem::getFileType: Accessing system/maps/post_processing/blood_rage/blood_rage.texanim from non-loading thread.
WARNING: WinFileSystem::getFileType: Accessing system/maps/post_processing/blood_rage/blood_rage.dds from non-loading thread.
WARNING: WinFileSystem::getFileType: Accessing system/maps/post_processing/blood_rage/blood_rage.dds from non-loading thread.
WARNING: WinFileSystem::readFile: Accessing system/maps/post_processing/blood_rage/blood_rage.dds from non-loading thread.
WARNING: WinFileSystem::readFile: Accessing system/maps/post_processing/blood_rage/blood_rage.dds from non-loading thread.
WARNING: WinFileSystem::getFileType: Accessing system/maps/post_processing/heat/heat.bmp from non-loading thread.
WARNING: WinFileSystem::getFileType: Accessing system/maps/post_processing/heat/heat.bmp from non-loading thread.
WARNING: WinFileSystem::getFileType: Accessing system/maps/post_processing/heat/heat.bmp from non-loading thread.
WARNING: WinFileSystem::getFileType: Accessing system/maps/post_processing/heat/heat.bmp from non-loading thread.
WARNING: WinFileSystem::getFileType: Accessing system/maps/post_processing/heat from non-loading thread.
WARNING: WinFileSystem::getFileType: Accessing system/maps/post_processing/heat from non-loading thread.
WARNING: WinFileSystem::readDirectory: Accessing system/maps/post_processing/heat from non-loading thread.
WARNING: WinFileSystem::readDirectory: Accessing system/maps/post_processing/heat from non-loading thread.
WARNING: WinFileSystem::getFileType: Accessing system/maps/post_processing/heat/heat.texformat from non-loading thread.
WARNING: WinFileSystem::getFileType: Accessing system/maps/post_processing/heat/heat.texformat from non-loading thread.
WARNING: WinFileSystem::readFile: Accessing system/maps/post_processing/heat/heat.texformat from non-loading thread.
WARNING: WinFileSystem::readFile: Accessing system/maps/post_processing/heat/heat.texformat from non-loading thread.
WARNING: WinFileSystem::getFileType: Accessing system/maps/post_processing/heat/heat.dds from non-loading thread.
WARNING: WinFileSystem::getFileType: Accessing system/maps/post_processing/heat/heat.dds from non-loading thread.
WARNING: WinFileSystem::getFileType: Accessing system/maps/post_processing/heat/heat.bmp from non-loading thread.
WARNING: WinFileSystem::getFileType: Accessing system/maps/post_processing/heat/heat.bmp from non-loading thread.
WARNING: WinFileSystem::getFileType: Accessing system/maps/post_processing/heat/heat.bmp from non-loading thread.
WARNING: WinFileSystem::getFileType: Accessing system/maps/post_processing/heat/heat.bmp from non-loading thread.
WARNING: WinFileSystem::readFile: Accessing system/maps/post_processing/heat/heat.bmp from non-loading thread.
WARNING: WinFileSystem::readFile: Accessing system/maps/post_processing/heat/heat.bmp from non-loading thread.
WARNING: WinFileSystem::getFileType: Accessing system/maps/post_processing/heat/heat.texanim from non-loading thread.
WARNING: WinFileSystem::getFileType: Accessing system/maps/post_processing/heat/heat.texanim from non-loading thread.
WARNING: WinFileSystem::getFileType: Accessing system/maps/post_processing/heat/heat.dds from non-loading thread.
WARNING: WinFileSystem::getFileType: Accessing system/maps/post_processing/heat/heat.dds from non-loading thread.
WARNING: WinFileSystem::readFile: Accessing system/maps/post_processing/heat/heat.dds from non-loading thread.
WARNING: WinFileSystem::readFile: Accessing system/maps/post_processing/heat/heat.dds from non-loading thread.
WARNING: WinFileSystem::getFileType: Accessing system/maps/post_processing/night vision/night_vision.bmp from non-loading thread.
WARNING: WinFileSystem::getFileType: Accessing system/maps/post_processing/night vision/night_vision.bmp from non-loading thread.
WARNING: WinFileSystem::getFileType: Accessing system/maps/post_processing/night vision/night_vision.bmp from non-loading thread.
WARNING: WinFileSystem::getFileType: Accessing system/maps/post_processing/night vision/night_vision.bmp from non-loading thread.
WARNING: WinFileSystem::getFileType: Accessing system/maps/post_processing/night vision from non-loading thread.
WARNING: WinFileSystem::getFileType: Accessing system/maps/post_processing/night vision from non-loading thread.
WARNING: WinFileSystem::readDirectory: Accessing system/maps/post_processing/night vision from non-loading thread.
WARNING: WinFileSystem::readDirectory: Accessing system/maps/post_processing/night vision from non-loading thread.
WARNING: WinFileSystem::getFileType: Accessing system/maps/post_processing/night vision/night_vision.texformat from non-loading thread.
WARNING: WinFileSystem::getFileType: Accessing system/maps/post_processing/night vision/night_vision.texformat from non-loading thread.
WARNING: WinFileSystem::readFile: Accessing system/maps/post_processing/night vision/night_vision.texformat from non-loading thread.
WARNING: WinFileSystem::readFile: Accessing system/maps/post_processing/night vision/night_vision.texformat from non-loading thread.
WARNING: WinFileSystem::getFileType: Accessing system/maps/post_processing/night vision/night_vision.dds from non-loading thread.
WARNING: WinFileSystem::getFileType: Accessing system/maps/post_processing/night vision/night_vision.dds from non-loading thread.
WARNING: WinFileSystem::getFileType: Accessing system/maps/post_processing/night vision/night_vision.bmp from non-loading thread.
WARNING: WinFileSystem::getFileType: Accessing system/maps/post_processing/night vision/night_vision.bmp from non-loading thread.
WARNING: WinFileSystem::getFileType: Accessing system/maps/post_processing/night vision/night_vision.texformat from non-loading thread.
WARNING: WinFileSystem::getFileType: Accessing system/maps/post_processing/night vision/night_vision.texformat from non-loading thread.
WARNING: WinFileSystem::getFileType: Accessing system/maps/post_processing/night vision/night_vision.texanim from non-loading thread.
WARNING: WinFileSystem::getFileType: Accessing system/maps/post_processing/night vision/night_vision.texanim from non-loading thread.
WARNING: WinFileSystem::getFileType: Accessing system/maps/post_processing/night vision/night_vision.dds from non-loading thread.
WARNING: WinFileSystem::getFileType: Accessing system/maps/post_processing/night vision/night_vision.dds from non-loading thread.
WARNING: WinFileSystem::readFile: Accessing system/maps/post_processing/night vision/night_vision.dds from non-loading thread.
WARNING: WinFileSystem::readFile: Accessing system/maps/post_processing/night vision/night_vision.dds from non-loading thread.
WARNING: WinFileSystem::getFileType: Accessing system/maps/post_processing/quantise01/quantise02.bmp from non-loading thread.
WARNING: WinFileSystem::getFileType: Accessing system/maps/post_processing/quantise01/quantise02.bmp from non-loading thread.
WARNING: WinFileSystem::getFileType: Accessing system/maps/post_processing/quantise01/quantise02.bmp from non-loading thread.
WARNING: WinFileSystem::getFileType: Accessing system/maps/post_processing/quantise01/quantise02.bmp from non-loading thread.
WARNING: WinFileSystem::getFileType: Accessing system/maps/post_processing/quantise01 from non-loading thread.
WARNING: WinFileSystem::getFileType: Accessing system/maps/post_processing/quantise01 from non-loading thread.
WARNING: WinFileSystem::readDirectory: Accessing system/maps/post_processing/quantise01 from non-loading thread.
WARNING: WinFileSystem::readDirectory: Accessing system/maps/post_processing/quantise01 from non-loading thread.
WARNING: WinFileSystem::getFileType: Accessing system/maps/post_processing/quantise01/quantise02.texformat from non-loading thread.
WARNING: WinFileSystem::getFileType: Accessing system/maps/post_processing/quantise01/quantise02.texformat from non-loading thread.
WARNING: WinFileSystem::readFile: Accessing system/maps/post_processing/quantise01/quantise02.texformat from non-loading thread.
WARNING: WinFileSystem::readFile: Accessing system/maps/post_processing/quantise01/quantise02.texformat from non-loading thread.
WARNING: WinFileSystem::getFileType: Accessing system/maps/post_processing/quantise01/quantise02.dds from non-loading thread.
WARNING: WinFileSystem::getFileType: Accessing system/maps/post_processing/quantise01/quantise02.dds from non-loading thread.
WARNING: WinFileSystem::getFileType: Accessing system/maps/post_processing/quantise01/quantise02.bmp from non-loading thread.
WARNING: WinFileSystem::getFileType: Accessing system/maps/post_processing/quantise01/quantise02.bmp from non-loading thread.
WARNING: WinFileSystem::getFileType: Accessing system/maps/post_processing/quantise01/quantise02.bmp from non-loading thread.
WARNING: WinFileSystem::getFileType: Accessing system/maps/post_processing/quantise01/quantise02.bmp from non-loading thread.
WARNING: WinFileSystem::readFile: Accessing system/maps/post_processing/quantise01/quantise02.bmp from non-loading thread.
WARNING: WinFileSystem::readFile: Accessing system/maps/post_processing/quantise01/quantise02.bmp from non-loading thread.
WARNING: WinFileSystem::getFileType: Accessing system/maps/post_processing/quantise01/quantise02.texanim from non-loading thread.
WARNING: WinFileSystem::getFileType: Accessing system/maps/post_processing/quantise01/quantise02.texanim from non-loading thread.
WARNING: WinFileSystem::getFileType: Accessing system/maps/post_processing/quantise01/quantise02.dds from non-loading thread.
WARNING: WinFileSystem::getFileType: Accessing system/maps/post_processing/quantise01/quantise02.dds from non-loading thread.
WARNING: WinFileSystem::readFile: Accessing system/maps/post_processing/quantise01/quantise02.dds from non-loading thread.
WARNING: WinFileSystem::readFile: Accessing system/maps/post_processing/quantise01/quantise02.dds from non-loading thread.
WARNING: WinFileSystem::getFileType: Accessing system/maps/post_processing/spectrum/spectrum.bmp from non-loading thread.
WARNING: WinFileSystem::getFileType: Accessing system/maps/post_processing/spectrum/spectrum.bmp from non-loading thread.
WARNING: WinFileSystem::getFileType: Accessing system/maps/post_processing/spectrum/spectrum.bmp from non-loading thread.
WARNING: WinFileSystem::getFileType: Accessing system/maps/post_processing/spectrum/spectrum.bmp from non-loading thread.
WARNING: WinFileSystem::getFileType: Accessing system/maps/post_processing/spectrum from non-loading thread.
WARNING: WinFileSystem::getFileType: Accessing system/maps/post_processing/spectrum from non-loading thread.
WARNING: WinFileSystem::readDirectory: Accessing system/maps/post_processing/spectrum from non-loading thread.
WARNING: WinFileSystem::readDirectory: Accessing system/maps/post_processing/spectrum from non-loading thread.
WARNING: WinFileSystem::getFileType: Accessing system/maps/post_processing/spectrum/spectrum.texformat from non-loading thread.
WARNING: WinFileSystem::getFileType: Accessing system/maps/post_processing/spectrum/spectrum.texformat from non-loading thread.
WARNING: WinFileSystem::readFile: Accessing system/maps/post_processing/spectrum/spectrum.texformat from non-loading thread.
WARNING: WinFileSystem::readFile: Accessing system/maps/post_processing/spectrum/spectrum.texformat from non-loading thread.
WARNING: WinFileSystem::getFileType: Accessing system/maps/post_processing/spectrum/spectrum.dds from non-loading thread.
WARNING: WinFileSystem::getFileType: Accessing system/maps/post_processing/spectrum/spectrum.dds from non-loading thread.
WARNING: WinFileSystem::getFileType: Accessing system/maps/post_processing/spectrum/spectrum.bmp from non-loading thread.
WARNING: WinFileSystem::getFileType: Accessing system/maps/post_processing/spectrum/spectrum.bmp from non-loading thread.
WARNING: WinFileSystem::getFileType: Accessing system/maps/post_processing/spectrum/spectrum.bmp from non-loading thread.
WARNING: WinFileSystem::getFileType: Accessing system/maps/post_processing/spectrum/spectrum.bmp from non-loading thread.
WARNING: WinFileSystem::readFile: Accessing system/maps/post_processing/spectrum/spectrum.bmp from non-loading thread.
WARNING: WinFileSystem::readFile: Accessing system/maps/post_processing/spectrum/spectrum.bmp from non-loading thread.
WARNING: WinFileSystem::getFileType: Accessing system/maps/post_processing/spectrum/spectrum.texanim from non-loading thread.
WARNING: WinFileSystem::getFileType: Accessing system/maps/post_processing/spectrum/spectrum.texanim from non-loading thread.
WARNING: WinFileSystem::getFileType: Accessing system/maps/post_processing/spectrum/spectrum.dds from non-loading thread.
WARNING: WinFileSystem::getFileType: Accessing system/maps/post_processing/spectrum/spectrum.dds from non-loading thread.
WARNING: WinFileSystem::readFile: Accessing system/maps/post_processing/spectrum/spectrum.dds from non-loading thread.
WARNING: WinFileSystem::readFile: Accessing system/maps/post_processing/spectrum/spectrum.dds from non-loading thread.
WARNING: WinFileSystem::getFileType: Accessing system/maps/post_processing/spectrum/spectrum.bmp from non-loading thread.
WARNING: WinFileSystem::getFileType: Accessing system/maps/post_processing/spectrum/spectrum.bmp from non-loading thread.
WARNING: WinFileSystem::getFileType: Accessing system/maps/post_processing/spectrum/spectrum.bmp from non-loading thread.
WARNING: WinFileSystem::getFileType: Accessing system/maps/post_processing/spectrum/spectrum.bmp from non-loading thread.
WARNING: WinFileSystem::getFileType: Accessing system/maps/post_processing/spectrum/spectrum.dds from non-loading thread.
WARNING: WinFileSystem::getFileType: Accessing system/maps/post_processing/spectrum/spectrum.dds from non-loading thread.
WARNING: WinFileSystem::getFileType: Accessing system/maps/post_processing/spectrum/spectrum.bmp from non-loading thread.
WARNING: WinFileSystem::getFileType: Accessing system/maps/post_processing/spectrum/spectrum.bmp from non-loading thread.
WARNING: WinFileSystem::getFileType: Accessing system/maps/post_processing/spectrum/spectrum.texformat from non-loading thread.
WARNING: WinFileSystem::getFileType: Accessing system/maps/post_processing/spectrum/spectrum.texformat from non-loading thread.
WARNING: WinFileSystem::getFileType: Accessing system/maps/post_processing/spectrum/spectrum.texanim from non-loading thread.
WARNING: WinFileSystem::getFileType: Accessing system/maps/post_processing/spectrum/spectrum.texanim from non-loading thread.
WARNING: WinFileSystem::getFileType: Accessing system/maps/post_processing/old film/old_film.bmp from non-loading thread.
WARNING: WinFileSystem::getFileType: Accessing system/maps/post_processing/old film/old_film.bmp from non-loading thread.
WARNING: WinFileSystem::getFileType: Accessing system/maps/post_processing/old film/old_film.bmp from non-loading thread.
WARNING: WinFileSystem::getFileType: Accessing system/maps/post_processing/old film/old_film.bmp from non-loading thread.
WARNING: WinFileSystem::getFileType: Accessing system/maps/post_processing/old film from non-loading thread.
WARNING: WinFileSystem::getFileType: Accessing system/maps/post_processing/old film from non-loading thread.
WARNING: WinFileSystem::readDirectory: Accessing system/maps/post_processing/old film from non-loading thread.
WARNING: WinFileSystem::readDirectory: Accessing system/maps/post_processing/old film from non-loading thread.
WARNING: WinFileSystem::getFileType: Accessing system/maps/post_processing/old film/old_film.texformat from non-loading thread.
WARNING: WinFileSystem::getFileType: Accessing system/maps/post_processing/old film/old_film.texformat from non-loading thread.
WARNING: WinFileSystem::readFile: Accessing system/maps/post_processing/old film/old_film.texformat from non-loading thread.
WARNING: WinFileSystem::readFile: Accessing system/maps/post_processing/old film/old_film.texformat from non-loading thread.
WARNING: WinFileSystem::getFileType: Accessing system/maps/post_processing/old film/old_film.dds from non-loading thread.
WARNING: WinFileSystem::getFileType: Accessing system/maps/post_processing/old film/old_film.dds from non-loading thread.
WARNING: WinFileSystem::getFileType: Accessing system/maps/post_processing/old film/old_film.bmp from non-loading thread.
WARNING: WinFileSystem::getFileType: Accessing system/maps/post_processing/old film/old_film.bmp from non-loading thread.
WARNING: WinFileSystem::getFileType: Accessing system/maps/post_processing/old film/old_film.bmp from non-loading thread.
WARNING: WinFileSystem::getFileType: Accessing system/maps/post_processing/old film/old_film.bmp from non-loading thread.
WARNING: WinFileSystem::readFile: Accessing system/maps/post_processing/old film/old_film.bmp from non-loading thread.
WARNING: WinFileSystem::readFile: Accessing system/maps/post_processing/old film/old_film.bmp from non-loading thread.
WARNING: WinFileSystem::getFileType: Accessing system/maps/post_processing/old film/old_film.texanim from non-loading thread.
WARNING: WinFileSystem::getFileType: Accessing system/maps/post_processing/old film/old_film.texanim from non-loading thread.
WARNING: WinFileSystem::getFileType: Accessing system/maps/post_processing/old film/old_film.dds from non-loading thread.
WARNING: WinFileSystem::getFileType: Accessing system/maps/post_processing/old film/old_film.dds from non-loading thread.
WARNING: WinFileSystem::readFile: Accessing system/maps/post_processing/old film/old_film.dds from non-loading thread.
WARNING: WinFileSystem::readFile: Accessing system/maps/post_processing/old film/old_film.dds from non-loading thread.
WARNING: WinFileSystem::getFileType: Accessing system/maps/post_processing/night vision/night_vision.bmp from non-loading thread.
WARNING: WinFileSystem::getFileType: Accessing system/maps/post_processing/night vision/night_vision.bmp from non-loading thread.
WARNING: WinFileSystem::getFileType: Accessing system/maps/post_processing/night vision/night_vision.bmp from non-loading thread.
WARNING: WinFileSystem::getFileType: Accessing system/maps/post_processing/night vision/night_vision.bmp from non-loading thread.
WARNING: WinFileSystem::getFileType: Accessing system/maps/post_processing/night vision/night_vision.dds from non-loading thread.
WARNING: WinFileSystem::getFileType: Accessing system/maps/post_processing/night vision/night_vision.dds from non-loading thread.
WARNING: WinFileSystem::getFileType: Accessing system/maps/post_processing/night vision/night_vision.bmp from non-loading thread.
WARNING: WinFileSystem::getFileType: Accessing system/maps/post_processing/night vision/night_vision.bmp from non-loading thread.
WARNING: WinFileSystem::getFileType: Accessing system/maps/post_processing/night vision/night_vision.texformat from non-loading thread.
WARNING: WinFileSystem::getFileType: Accessing system/maps/post_processing/night vision/night_vision.texformat from non-loading thread.
WARNING: WinFileSystem::getFileType: Accessing system/maps/post_processing/night vision/night_vision.texanim from non-loading thread.
WARNING: WinFileSystem::getFileType: Accessing system/maps/post_processing/night vision/night_vision.texanim from non-loading thread.
WARNING: WinFileSystem::getFileType: Accessing system/maps/post_processing/heat/heat.bmp from non-loading thread.
WARNING: WinFileSystem::getFileType: Accessing system/maps/post_processing/heat/heat.bmp from non-loading thread.
WARNING: WinFileSystem::getFileType: Accessing system/maps/post_processing/heat/heat.bmp from non-loading thread.
WARNING: WinFileSystem::getFileType: Accessing system/maps/post_processing/heat/heat.bmp from non-loading thread.
WARNING: WinFileSystem::getFileType: Accessing system/maps/post_processing/heat/heat.dds from non-loading thread.
WARNING: WinFileSystem::getFileType: Accessing system/maps/post_processing/heat/heat.dds from non-loading thread.
WARNING: WinFileSystem::getFileType: Accessing system/maps/post_processing/heat/heat.bmp from non-loading thread.
WARNING: WinFileSystem::getFileType: Accessing system/maps/post_processing/heat/heat.bmp from non-loading thread.
WARNING: WinFileSystem::getFileType: Accessing system/maps/post_processing/heat/heat.texformat from non-loading thread.
WARNING: WinFileSystem::getFileType: Accessing system/maps/post_processing/heat/heat.texformat from non-loading thread.
WARNING: WinFileSystem::getFileType: Accessing system/maps/post_processing/heat/heat.texanim from non-loading thread.
WARNING: WinFileSystem::getFileType: Accessing system/maps/post_processing/heat/heat.texanim from non-loading thread.
WARNING: WinFileSystem::getFileType: Accessing system/maps/post_processing/blood_rage/blood_rage.bmp from non-loading thread.
WARNING: WinFileSystem::getFileType: Accessing system/maps/post_processing/blood_rage/blood_rage.bmp from non-loading thread.
WARNING: WinFileSystem::getFileType: Accessing system/maps/post_processing/blood_rage/blood_rage.bmp from non-loading thread.
WARNING: WinFileSystem::getFileType: Accessing system/maps/post_processing/blood_rage/blood_rage.bmp from non-loading thread.
WARNING: WinFileSystem::getFileType: Accessing system/maps/post_processing/blood_rage/blood_rage.dds from non-loading thread.
WARNING: WinFileSystem::getFileType: Accessing system/maps/post_processing/blood_rage/blood_rage.dds from non-loading thread.
WARNING: WinFileSystem::getFileType: Accessing system/maps/post_processing/blood_rage/blood_rage.bmp from non-loading thread.
WARNING: WinFileSystem::getFileType: Accessing system/maps/post_processing/blood_rage/blood_rage.bmp from non-loading thread.
WARNING: WinFileSystem::getFileType: Accessing system/maps/post_processing/blood_rage/blood_rage.texformat from non-loading thread.
WARNING: WinFileSystem::getFileType: Accessing system/maps/post_processing/blood_rage/blood_rage.texformat from non-loading thread.
WARNING: WinFileSystem::getFileType: Accessing system/maps/post_processing/blood_rage/blood_rage.texanim from non-loading thread.
WARNING: WinFileSystem::getFileType: Accessing system/maps/post_processing/blood_rage/blood_rage.texanim from non-loading thread.
WARNING: WinFileSystem::getFileType: Accessing system/maps/post_processing/s curve/s_curve.bmp from non-loading thread.
WARNING: WinFileSystem::getFileType: Accessing system/maps/post_processing/s curve/s_curve.bmp from non-loading thread.
WARNING: WinFileSystem::getFileType: Accessing system/maps/post_processing/s curve/s_curve.bmp from non-loading thread.
WARNING: WinFileSystem::getFileType: Accessing system/maps/post_processing/s curve/s_curve.bmp from non-loading thread.
WARNING: WinFileSystem::getFileType: Accessing system/maps/post_processing/s curve/s_curve.dds from non-loading thread.
WARNING: WinFileSystem::getFileType: Accessing system/maps/post_processing/s curve/s_curve.dds from non-loading thread.
WARNING: WinFileSystem::getFileType: Accessing system/maps/post_processing/s curve/s_curve.bmp from non-loading thread.
WARNING: WinFileSystem::getFileType: Accessing system/maps/post_processing/s curve/s_curve.bmp from non-loading thread.
WARNING: WinFileSystem::getFileType: Accessing system/maps/post_processing/s curve/s_curve.texformat from non-loading thread.
WARNING: WinFileSystem::getFileType: Accessing system/maps/post_processing/s curve/s_curve.texformat from non-loading thread.
WARNING: WinFileSystem::getFileType: Accessing system/maps/post_processing/s curve/s_curve.texanim from non-loading thread.
WARNING: WinFileSystem::getFileType: Accessing system/maps/post_processing/s curve/s_curve.texanim from non-loading thread.
WARNING: WinFileSystem::getFileType: Accessing system/maps/post_processing/blood_rage/blood_rage.bmp from non-loading thread.
WARNING: WinFileSystem::getFileType: Accessing system/maps/post_processing/blood_rage/blood_rage.bmp from non-loading thread.
WARNING: WinFileSystem::getFileType: Accessing system/maps/post_processing/blood_rage/blood_rage.bmp from non-loading thread.
WARNING: WinFileSystem::getFileType: Accessing system/maps/post_processing/blood_rage/blood_rage.bmp from non-loading thread.
WARNING: WinFileSystem::getFileType: Accessing system/maps/post_processing/blood_rage/blood_rage.dds from non-loading thread.
WARNING: WinFileSystem::getFileType: Accessing system/maps/post_processing/blood_rage/blood_rage.dds from non-loading thread.
WARNING: WinFileSystem::getFileType: Accessing system/maps/post_processing/blood_rage/blood_rage.bmp from non-loading thread.
WARNING: WinFileSystem::getFileType: Accessing system/maps/post_processing/blood_rage/blood_rage.bmp from non-loading thread.
WARNING: WinFileSystem::getFileType: Accessing system/maps/post_processing/blood_rage/blood_rage.texformat from non-loading thread.
WARNING: WinFileSystem::getFileType: Accessing system/maps/post_processing/blood_rage/blood_rage.texformat from non-loading thread.
WARNING: WinFileSystem::getFileType: Accessing system/maps/post_processing/blood_rage/blood_rage.texanim from non-loading thread.
WARNING: WinFileSystem::getFileType: Accessing system/maps/post_processing/blood_rage/blood_rage.texanim from non-loading thread.
WARNING: WinFileSystem::getFileType: Accessing system/maps/post_processing/heat/heat.bmp from non-loading thread.
WARNING: WinFileSystem::getFileType: Accessing system/maps/post_processing/heat/heat.bmp from non-loading thread.
WARNING: WinFileSystem::getFileType: Accessing system/maps/post_processing/heat/heat.bmp from non-loading thread.
WARNING: WinFileSystem::getFileType: Accessing system/maps/post_processing/heat/heat.bmp from non-loading thread.
WARNING: WinFileSystem::getFileType: Accessing system/maps/post_processing/heat/heat.dds from non-loading thread.
WARNING: WinFileSystem::getFileType: Accessing system/maps/post_processing/heat/heat.dds from non-loading thread.
WARNING: WinFileSystem::getFileType: Accessing system/maps/post_processing/heat/heat.bmp from non-loading thread.
WARNING: WinFileSystem::getFileType: Accessing system/maps/post_processing/heat/heat.bmp from non-loading thread.
WARNING: WinFileSystem::getFileType: Accessing system/maps/post_processing/heat/heat.texformat from non-loading thread.
WARNING: WinFileSystem::getFileType: Accessing system/maps/post_processing/heat/heat.texformat from non-loading thread.
WARNING: WinFileSystem::getFileType: Accessing system/maps/post_processing/heat/heat.texanim from non-loading thread.
WARNING: WinFileSystem::getFileType: Accessing system/maps/post_processing/heat/heat.texanim from non-loading thread.
WARNING: WinFileSystem::getFileType: Accessing system/maps/post_processing/night vision/night_vision.bmp from non-loading thread.
WARNING: WinFileSystem::getFileType: Accessing system/maps/post_processing/night vision/night_vision.bmp from non-loading thread.
WARNING: WinFileSystem::getFileType: Accessing system/maps/post_processing/night vision/night_vision.bmp from non-loading thread.
WARNING: WinFileSystem::getFileType: Accessing system/maps/post_processing/night vision/night_vision.bmp from non-loading thread.
WARNING: WinFileSystem::getFileType: Accessing system/maps/post_processing/night vision/night_vision.dds from non-loading thread.
WARNING: WinFileSystem::getFileType: Accessing system/maps/post_processing/night vision/night_vision.dds from non-loading thread.
WARNING: WinFileSystem::getFileType: Accessing system/maps/post_processing/night vision/night_vision.bmp from non-loading thread.
WARNING: WinFileSystem::getFileType: Accessing system/maps/post_processing/night vision/night_vision.bmp from non-loading thread.
WARNING: WinFileSystem::getFileType: Accessing system/maps/post_processing/night vision/night_vision.texformat from non-loading thread.
WARNING: WinFileSystem::getFileType: Accessing system/maps/post_processing/night vision/night_vision.texformat from non-loading thread.
WARNING: WinFileSystem::getFileType: Accessing system/maps/post_processing/night vision/night_vision.texanim from non-loading thread.
WARNING: WinFileSystem::getFileType: Accessing system/maps/post_processing/night vision/night_vision.texanim from non-loading thread.
WARNING: WinFileSystem::getFileType: Accessing system/maps/post_processing/heat/heat.bmp from non-loading thread.
WARNING: WinFileSystem::getFileType: Accessing system/maps/post_processing/heat/heat.bmp from non-loading thread.
WARNING: WinFileSystem::getFileType: Accessing system/maps/post_processing/heat/heat.bmp from non-loading thread.
WARNING: WinFileSystem::getFileType: Accessing system/maps/post_processing/heat/heat.bmp from non-loading thread.
WARNING: WinFileSystem::getFileType: Accessing system/maps/post_processing/heat/heat.dds from non-loading thread.
WARNING: WinFileSystem::getFileType: Accessing system/maps/post_processing/heat/heat.dds from non-loading thread.
WARNING: WinFileSystem::getFileType: Accessing system/maps/post_processing/heat/heat.bmp from non-loading thread.
WARNING: WinFileSystem::getFileType: Accessing system/maps/post_processing/heat/heat.bmp from non-loading thread.
WARNING: WinFileSystem::getFileType: Accessing system/maps/post_processing/heat/heat.texformat from non-loading thread.
WARNING: WinFileSystem::getFileType: Accessing system/maps/post_processing/heat/heat.texformat from non-loading thread.
WARNING: WinFileSystem::getFileType: Accessing system/maps/post_processing/heat/heat.texanim from non-loading thread.
WARNING: WinFileSystem::getFileType: Accessing system/maps/post_processing/heat/heat.texanim from non-loading thread.
WARNING: WinFileSystem::getFileType: Accessing system/maps/post_processing/night vision/night_vision.bmp from non-loading thread.
WARNING: WinFileSystem::getFileType: Accessing system/maps/post_processing/night vision/night_vision.bmp from non-loading thread.
WARNING: WinFileSystem::getFileType: Accessing system/maps/post_processing/night vision/night_vision.bmp from non-loading thread.
WARNING: WinFileSystem::getFileType: Accessing system/maps/post_processing/night vision/night_vision.bmp from non-loading thread.
WARNING: WinFileSystem::getFileType: Accessing system/maps/post_processing/night vision/night_vision.dds from non-loading thread.
WARNING: WinFileSystem::getFileType: Accessing system/maps/post_processing/night vision/night_vision.dds from non-loading thread.
WARNING: WinFileSystem::getFileType: Accessing system/maps/post_processing/night vision/night_vision.bmp from non-loading thread.
WARNING: WinFileSystem::getFileType: Accessing system/maps/post_processing/night vision/night_vision.bmp from non-loading thread.
WARNING: WinFileSystem::getFileType: Accessing system/maps/post_processing/night vision/night_vision.texformat from non-loading thread.
WARNING: WinFileSystem::getFileType: Accessing system/maps/post_processing/night vision/night_vision.texformat from non-loading thread.
WARNING: WinFileSystem::getFileType: Accessing system/maps/post_processing/night vision/night_vision.texanim from non-loading thread.
WARNING: WinFileSystem::getFileType: Accessing system/maps/post_processing/night vision/night_vision.texanim from non-loading thread.
WARNING: WinFileSystem::getFileType: Accessing system/maps/post_processing/old film/old_film.bmp from non-loading thread.
WARNING: WinFileSystem::getFileType: Accessing system/maps/post_processing/old film/old_film.bmp from non-loading thread.
WARNING: WinFileSystem::getFileType: Accessing system/maps/post_processing/old film/old_film.bmp from non-loading thread.
WARNING: WinFileSystem::getFileType: Accessing system/maps/post_processing/old film/old_film.bmp from non-loading thread.
WARNING: WinFileSystem::getFileType: Accessing system/maps/post_processing/old film/old_film.dds from non-loading thread.
WARNING: WinFileSystem::getFileType: Accessing system/maps/post_processing/old film/old_film.dds from non-loading thread.
WARNING: WinFileSystem::getFileType: Accessing system/maps/post_processing/old film/old_film.bmp from non-loading thread.
WARNING: WinFileSystem::getFileType: Accessing system/maps/post_processing/old film/old_film.bmp from non-loading thread.
WARNING: WinFileSystem::getFileType: Accessing system/maps/post_processing/old film/old_film.texformat from non-loading thread.
WARNING: WinFileSystem::getFileType: Accessing system/maps/post_processing/old film/old_film.texformat from non-loading thread.
WARNING: WinFileSystem::getFileType: Accessing system/maps/post_processing/old film/old_film.texanim from non-loading thread.
WARNING: WinFileSystem::getFileType: Accessing system/maps/post_processing/old film/old_film.texanim from non-loading thread.
WARNING: WinFileSystem::getFileType: Accessing system/maps/post_processing/quantise01/quantise02.bmp from non-loading thread.
WARNING: WinFileSystem::getFileType: Accessing system/maps/post_processing/quantise01/quantise02.bmp from non-loading thread.
WARNING: WinFileSystem::getFileType: Accessing system/maps/post_processing/quantise01/quantise02.bmp from non-loading thread.
WARNING: WinFileSystem::getFileType: Accessing system/maps/post_processing/quantise01/quantise02.bmp from non-loading thread.
WARNING: WinFileSystem::getFileType: Accessing system/maps/post_processing/quantise01/quantise02.dds from non-loading thread.
WARNING: WinFileSystem::getFileType: Accessing system/maps/post_processing/quantise01/quantise02.dds from non-loading thread.
WARNING: WinFileSystem::getFileType: Accessing system/maps/post_processing/quantise01/quantise02.bmp from non-loading thread.
WARNING: WinFileSystem::getFileType: Accessing system/maps/post_processing/quantise01/quantise02.bmp from non-loading thread.
WARNING: WinFileSystem::getFileType: Accessing system/maps/post_processing/quantise01/quantise02.texformat from non-loading thread.
WARNING: WinFileSystem::getFileType: Accessing system/maps/post_processing/quantise01/quantise02.texformat from non-loading thread.
WARNING: WinFileSystem::getFileType: Accessing system/maps/post_processing/quantise01/quantise02.texanim from non-loading thread.
WARNING: WinFileSystem::getFileType: Accessing system/maps/post_processing/quantise01/quantise02.texanim from non-loading thread.
WARNING: WinFileSystem::getFileType: Accessing system/maps/post_processing/old film/old_film.bmp from non-loading thread.
WARNING: WinFileSystem::getFileType: Accessing system/maps/post_processing/old film/old_film.bmp from non-loading thread.
WARNING: WinFileSystem::getFileType: Accessing system/maps/post_processing/old film/old_film.bmp from non-loading thread.
WARNING: WinFileSystem::getFileType: Accessing system/maps/post_processing/old film/old_film.bmp from non-loading thread.
WARNING: WinFileSystem::getFileType: Accessing system/maps/post_processing/old film/old_film.dds from non-loading thread.
WARNING: WinFileSystem::getFileType: Accessing system/maps/post_processing/old film/old_film.dds from non-loading thread.
WARNING: WinFileSystem::getFileType: Accessing system/maps/post_processing/old film/old_film.bmp from non-loading thread.
WARNING: WinFileSystem::getFileType: Accessing system/maps/post_processing/old film/old_film.bmp from non-loading thread.
WARNING: WinFileSystem::getFileType: Accessing system/maps/post_processing/old film/old_film.texformat from non-loading thread.
WARNING: WinFileSystem::getFileType: Accessing system/maps/post_processing/old film/old_film.texformat from non-loading thread.
WARNING: WinFileSystem::getFileType: Accessing system/maps/post_processing/old film/old_film.texanim from non-loading thread.
WARNING: WinFileSystem::getFileType: Accessing system/maps/post_processing/old film/old_film.texanim from non-loading thread.
WARNING: WinFileSystem::getFileType: Accessing system/maps/post_processing/quantise01/quantise02.bmp from non-loading thread.
WARNING: WinFileSystem::getFileType: Accessing system/maps/post_processing/quantise01/quantise02.bmp from non-loading thread.
WARNING: WinFileSystem::getFileType: Accessing system/maps/post_processing/quantise01/quantise02.bmp from non-loading thread.
WARNING: WinFileSystem::getFileType: Accessing system/maps/post_processing/quantise01/quantise02.bmp from non-loading thread.
WARNING: WinFileSystem::getFileType: Accessing system/maps/post_processing/quantise01/quantise02.dds from non-loading thread.
WARNING: WinFileSystem::getFileType: Accessing system/maps/post_processing/quantise01/quantise02.dds from non-loading thread.
WARNING: WinFileSystem::getFileType: Accessing system/maps/post_processing/quantise01/quantise02.bmp from non-loading thread.
WARNING: WinFileSystem::getFileType: Accessing system/maps/post_processing/quantise01/quantise02.bmp from non-loading thread.
WARNING: WinFileSystem::getFileType: Accessing system/maps/post_processing/quantise01/quantise02.texformat from non-loading thread.
WARNING: WinFileSystem::getFileType: Accessing system/maps/post_processing/quantise01/quantise02.texformat from non-loading thread.
WARNING: WinFileSystem::getFileType: Accessing system/maps/post_processing/quantise01/quantise02.texanim from non-loading thread.
WARNING: WinFileSystem::getFileType: Accessing system/maps/post_processing/quantise01/quantise02.texanim from non-loading thread.
WARNING: WinFileSystem::getFileType: Accessing system/maps/post_processing/spectrum/spectrum.bmp from non-loading thread.
WARNING: WinFileSystem::getFileType: Accessing system/maps/post_processing/spectrum/spectrum.bmp from non-loading thread.
WARNING: WinFileSystem::getFileType: Accessing system/maps/post_processing/spectrum/spectrum.bmp from non-loading thread.
WARNING: WinFileSystem::getFileType: Accessing system/maps/post_processing/spectrum/spectrum.bmp from non-loading thread.
WARNING: WinFileSystem::getFileType: Accessing system/maps/post_processing/spectrum/spectrum.dds from non-loading thread.
WARNING: WinFileSystem::getFileType: Accessing system/maps/post_processing/spectrum/spectrum.dds from non-loading thread.
WARNING: WinFileSystem::getFileType: Accessing system/maps/post_processing/spectrum/spectrum.bmp from non-loading thread.
WARNING: WinFileSystem::getFileType: Accessing system/maps/post_processing/spectrum/spectrum.bmp from non-loading thread.
WARNING: WinFileSystem::getFileType: Accessing system/maps/post_processing/spectrum/spectrum.texformat from non-loading thread.
WARNING: WinFileSystem::getFileType: Accessing system/maps/post_processing/spectrum/spectrum.texformat from non-loading thread.
WARNING: WinFileSystem::getFileType: Accessing system/maps/post_processing/spectrum/spectrum.texanim from non-loading thread.
WARNING: WinFileSystem::getFileType: Accessing system/maps/post_processing/spectrum/spectrum.texanim from non-loading thread.
WARNING: WinFileSystem::getFileType: Accessing system/maps/post_processing/spectrum/spectrum.bmp from non-loading thread.
WARNING: WinFileSystem::getFileType: Accessing system/maps/post_processing/spectrum/spectrum.bmp from non-loading thread.
WARNING: WinFileSystem::getFileType: Accessing system/maps/post_processing/spectrum/spectrum.bmp from non-loading thread.
WARNING: WinFileSystem::getFileType: Accessing system/maps/post_processing/spectrum/spectrum.bmp from non-loading thread.
WARNING: WinFileSystem::getFileType: Accessing system/maps/post_processing/spectrum/spectrum.dds from non-loading thread.
WARNING: WinFileSystem::getFileType: Accessing system/maps/post_processing/spectrum/spectrum.dds from non-loading thread.
WARNING: WinFileSystem::getFileType: Accessing system/maps/post_processing/spectrum/spectrum.bmp from non-loading thread.
WARNING: WinFileSystem::getFileType: Accessing system/maps/post_processing/spectrum/spectrum.bmp from non-loading thread.
WARNING: WinFileSystem::getFileType: Accessing system/maps/post_processing/spectrum/spectrum.texformat from non-loading thread.
WARNING: WinFileSystem::getFileType: Accessing system/maps/post_processing/spectrum/spectrum.texformat from non-loading thread.
WARNING: WinFileSystem::getFileType: Accessing system/maps/post_processing/spectrum/spectrum.texanim from non-loading thread.
WARNING: WinFileSystem::getFileType: Accessing system/maps/post_processing/spectrum/spectrum.texanim from non-loading thread.
WARNING: WinFileSystem::getFileType: Accessing system/maps/post_processing/spectrum/spectrum.bmp from non-loading thread.
WARNING: WinFileSystem::getFileType: Accessing system/maps/post_processing/spectrum/spectrum.bmp from non-loading thread.
WARNING: WinFileSystem::getFileType: Accessing system/maps/post_processing/spectrum/spectrum.bmp from non-loading thread.
WARNING: WinFileSystem::getFileType: Accessing system/maps/post_processing/spectrum/spectrum.bmp from non-loading thread.
WARNING: WinFileSystem::getFileType: Accessing system/maps/post_processing/spectrum/spectrum.dds from non-loading thread.
WARNING: WinFileSystem::getFileType: Accessing system/maps/post_processing/spectrum/spectrum.dds from non-loading thread.
WARNING: WinFileSystem::getFileType: Accessing system/maps/post_processing/spectrum/spectrum.bmp from non-loading thread.
WARNING: WinFileSystem::getFileType: Accessing system/maps/post_processing/spectrum/spectrum.bmp from non-loading thread.
WARNING: WinFileSystem::getFileType: Accessing system/maps/post_processing/spectrum/spectrum.texformat from non-loading thread.
WARNING: WinFileSystem::getFileType: Accessing system/maps/post_processing/spectrum/spectrum.texformat from non-loading thread.
WARNING: WinFileSystem::getFileType: Accessing system/maps/post_processing/spectrum/spectrum.texanim from non-loading thread.
WARNING: WinFileSystem::getFileType: Accessing system/maps/post_processing/spectrum/spectrum.texanim from non-loading thread.
WARNING: WinFileSystem::getFileType: Accessing system/maps/post_processing/quantise01/quantise02.bmp from non-loading thread.
WARNING: WinFileSystem::getFileType: Accessing system/maps/post_processing/quantise01/quantise02.bmp from non-loading thread.
WARNING: WinFileSystem::getFileType: Accessing system/maps/post_processing/quantise01/quantise02.bmp from non-loading thread.
WARNING: WinFileSystem::getFileType: Accessing system/maps/post_processing/quantise01/quantise02.bmp from non-loading thread.
WARNING: WinFileSystem::getFileType: Accessing system/maps/post_processing/quantise01/quantise02.dds from non-loading thread.
WARNING: WinFileSystem::getFileType: Accessing system/maps/post_processing/quantise01/quantise02.dds from non-loading thread.
WARNING: WinFileSystem::getFileType: Accessing system/maps/post_processing/quantise01/quantise02.bmp from non-loading thread.
WARNING: WinFileSystem::getFileType: Accessing system/maps/post_processing/quantise01/quantise02.bmp from non-loading thread.
WARNING: WinFileSystem::getFileType: Accessing system/maps/post_processing/quantise01/quantise02.texformat from non-loading thread.
WARNING: WinFileSystem::getFileType: Accessing system/maps/post_processing/quantise01/quantise02.texformat from non-loading thread.
WARNING: WinFileSystem::getFileType: Accessing system/maps/post_processing/quantise01/quantise02.texanim from non-loading thread.
WARNING: WinFileSystem::getFileType: Accessing system/maps/post_processing/quantise01/quantise02.texanim from non-loading thread.
WARNING: WinFileSystem::getFileType: Accessing system/maps/post_processing/old film/old_film.bmp from non-loading thread.
WARNING: WinFileSystem::getFileType: Accessing system/maps/post_processing/old film/old_film.bmp from non-loading thread.
WARNING: WinFileSystem::getFileType: Accessing system/maps/post_processing/old film/old_film.bmp from non-loading thread.
WARNING: WinFileSystem::getFileType: Accessing system/maps/post_processing/old film/old_film.bmp from non-loading thread.
WARNING: WinFileSystem::getFileType: Accessing system/maps/post_processing/old film/old_film.dds from non-loading thread.
WARNING: WinFileSystem::getFileType: Accessing system/maps/post_processing/old film/old_film.dds from non-loading thread.
WARNING: WinFileSystem::getFileType: Accessing system/maps/post_processing/old film/old_film.bmp from non-loading thread.
WARNING: WinFileSystem::getFileType: Accessing system/maps/post_processing/old film/old_film.bmp from non-loading thread.
WARNING: WinFileSystem::getFileType: Accessing system/maps/post_processing/old film/old_film.texformat from non-loading thread.
WARNING: WinFileSystem::getFileType: Accessing system/maps/post_processing/old film/old_film.texformat from non-loading thread.
WARNING: WinFileSystem::getFileType: Accessing system/maps/post_processing/old film/old_film.texanim from non-loading thread.
WARNING: WinFileSystem::getFileType: Accessing system/maps/post_processing/old film/old_film.texanim from non-loading thread.
WARNING: WinFileSystem::getFileType: Accessing system/maps/post_processing/night vision/night_vision.bmp from non-loading thread.
WARNING: WinFileSystem::getFileType: Accessing system/maps/post_processing/night vision/night_vision.bmp from non-loading thread.
WARNING: WinFileSystem::getFileType: Accessing system/maps/post_processing/night vision/night_vision.bmp from non-loading thread.
WARNING: WinFileSystem::getFileType: Accessing system/maps/post_processing/night vision/night_vision.bmp from non-loading thread.
WARNING: WinFileSystem::getFileType: Accessing system/maps/post_processing/night vision/night_vision.dds from non-loading thread.
WARNING: WinFileSystem::getFileType: Accessing system/maps/post_processing/night vision/night_vision.dds from non-loading thread.
WARNING: WinFileSystem::getFileType: Accessing system/maps/post_processing/night vision/night_vision.bmp from non-loading thread.
WARNING: WinFileSystem::getFileType: Accessing system/maps/post_processing/night vision/night_vision.bmp from non-loading thread.
WARNING: WinFileSystem::getFileType: Accessing system/maps/post_processing/night vision/night_vision.texformat from non-loading thread.
WARNING: WinFileSystem::getFileType: Accessing system/maps/post_processing/night vision/night_vision.texformat from non-loading thread.
WARNING: WinFileSystem::getFileType: Accessing system/maps/post_processing/night vision/night_vision.texanim from non-loading thread.
WARNING: WinFileSystem::getFileType: Accessing system/maps/post_processing/night vision/night_vision.texanim from non-loading thread.
WARNING: WinFileSystem::getFileType: Accessing system/maps/post_processing/heat/heat.bmp from non-loading thread.
WARNING: WinFileSystem::getFileType: Accessing system/maps/post_processing/heat/heat.bmp from non-loading thread.
WARNING: WinFileSystem::getFileType: Accessing system/maps/post_processing/heat/heat.bmp from non-loading thread.
WARNING: WinFileSystem::getFileType: Accessing system/maps/post_processing/heat/heat.bmp from non-loading thread.
WARNING: WinFileSystem::getFileType: Accessing system/maps/post_processing/heat/heat.dds from non-loading thread.
WARNING: WinFileSystem::getFileType: Accessing system/maps/post_processing/heat/heat.dds from non-loading thread.
WARNING: WinFileSystem::getFileType: Accessing system/maps/post_processing/heat/heat.bmp from non-loading thread.
WARNING: WinFileSystem::getFileType: Accessing system/maps/post_processing/heat/heat.bmp from non-loading thread.
WARNING: WinFileSystem::getFileType: Accessing system/maps/post_processing/heat/heat.texformat from non-loading thread.
WARNING: WinFileSystem::getFileType: Accessing system/maps/post_processing/heat/heat.texformat from non-loading thread.
WARNING: WinFileSystem::getFileType: Accessing system/maps/post_processing/heat/heat.texanim from non-loading thread.
WARNING: WinFileSystem::getFileType: Accessing system/maps/post_processing/heat/heat.texanim from non-loading thread.
WARNING: WinFileSystem::getFileType: Accessing system/maps/post_processing/blood_rage/blood_rage.bmp from non-loading thread.
WARNING: WinFileSystem::getFileType: Accessing system/maps/post_processing/blood_rage/blood_rage.bmp from non-loading thread.
WARNING: WinFileSystem::getFileType: Accessing system/maps/post_processing/blood_rage/blood_rage.bmp from non-loading thread.
WARNING: WinFileSystem::getFileType: Accessing system/maps/post_processing/blood_rage/blood_rage.bmp from non-loading thread.
WARNING: WinFileSystem::getFileType: Accessing system/maps/post_processing/blood_rage/blood_rage.dds from non-loading thread.
WARNING: WinFileSystem::getFileType: Accessing system/maps/post_processing/blood_rage/blood_rage.dds from non-loading thread.
WARNING: WinFileSystem::getFileType: Accessing system/maps/post_processing/blood_rage/blood_rage.bmp from non-loading thread.
WARNING: WinFileSystem::getFileType: Accessing system/maps/post_processing/blood_rage/blood_rage.bmp from non-loading thread.
WARNING: WinFileSystem::getFileType: Accessing system/maps/post_processing/blood_rage/blood_rage.texformat from non-loading thread.
WARNING: WinFileSystem::getFileType: Accessing system/maps/post_processing/blood_rage/blood_rage.texformat from non-loading thread.
WARNING: WinFileSystem::getFileType: Accessing system/maps/post_processing/blood_rage/blood_rage.texanim from non-loading thread.
WARNING: WinFileSystem::getFileType: Accessing system/maps/post_processing/blood_rage/blood_rage.texanim from non-loading thread.
WARNING: WinFileSystem::getFileType: Accessing system/maps/post_processing/s curve/s_curve.bmp from non-loading thread.
WARNING: WinFileSystem::getFileType: Accessing system/maps/post_processing/s curve/s_curve.bmp from non-loading thread.
WARNING: WinFileSystem::getFileType: Accessing system/maps/post_processing/s curve/s_curve.bmp from non-loading thread.
WARNING: WinFileSystem::getFileType: Accessing system/maps/post_processing/s curve/s_curve.bmp from non-loading thread.
WARNING: WinFileSystem::getFileType: Accessing system/maps/post_processing/s curve/s_curve.dds from non-loading thread.
WARNING: WinFileSystem::getFileType: Accessing system/maps/post_processing/s curve/s_curve.dds from non-loading thread.
WARNING: WinFileSystem::getFileType: Accessing system/maps/post_processing/s curve/s_curve.bmp from non-loading thread.
WARNING: WinFileSystem::getFileType: Accessing system/maps/post_processing/s curve/s_curve.bmp from non-loading thread.
WARNING: WinFileSystem::getFileType: Accessing system/maps/post_processing/s curve/s_curve.texformat from non-loading thread.
WARNING: WinFileSystem::getFileType: Accessing system/maps/post_processing/s curve/s_curve.texformat from non-loading thread.
WARNING: WinFileSystem::getFileType: Accessing system/maps/post_processing/s curve/s_curve.texanim from non-loading thread.
WARNING: WinFileSystem::getFileType: Accessing system/maps/post_processing/s curve/s_curve.texanim from non-loading thread.
WARNING: WinFileSystem::getFileType: Accessing system/maps/post_processing/s curve/s_curve.bmp from non-loading thread.
WARNING: WinFileSystem::getFileType: Accessing system/maps/post_processing/s curve/s_curve.bmp from non-loading thread.
WARNING: WinFileSystem::getFileType: Accessing system/maps/post_processing/s curve/s_curve.bmp from non-loading thread.
WARNING: WinFileSystem::getFileType: Accessing system/maps/post_processing/s curve/s_curve.bmp from non-loading thread.
WARNING: WinFileSystem::getFileType: Accessing system/maps/post_processing/s curve/s_curve.dds from non-loading thread.
WARNING: WinFileSystem::getFileType: Accessing system/maps/post_processing/s curve/s_curve.dds from non-loading thread.
WARNING: WinFileSystem::getFileType: Accessing system/maps/post_processing/s curve/s_curve.bmp from non-loading thread.
WARNING: WinFileSystem::getFileType: Accessing system/maps/post_processing/s curve/s_curve.bmp from non-loading thread.
WARNING: WinFileSystem::getFileType: Accessing system/maps/post_processing/s curve/s_curve.texformat from non-loading thread.
WARNING: WinFileSystem::getFileType: Accessing system/maps/post_processing/s curve/s_curve.texformat from non-loading thread.
WARNING: WinFileSystem::getFileType: Accessing system/maps/post_processing/s curve/s_curve.texanim from non-loading thread.
WARNING: WinFileSystem::getFileType: Accessing system/maps/post_processing/s curve/s_curve.texanim from non-loading thread.
WARNING: WinFileSystem::getFileType: Accessing scripts/client/FDGUI/Weather from non-loading thread.
WARNING: WinFileSystem::getFileType: Accessing scripts/client/FDGUI/Weather from non-loading thread.
WARNING: WinFileSystem::getFileType: Accessing scripts/client/FDGUI/Weather.py from non-loading thread.
WARNING: WinFileSystem::getFileType: Accessing scripts/client/FDGUI/Weather.py from non-loading thread.
WARNING: WinFileSystem::getFileType: Accessing scripts/client/FDGUI/Weather.pyc from non-loading thread.
WARNING: WinFileSystem::getFileType: Accessing scripts/client/FDGUI/Weather.pyc from non-loading thread.
WARNING: WinFileSystem::getFileType: Accessing scripts/client/FDGUI/Weather.pyd from non-loading thread.
WARNING: WinFileSystem::getFileType: Accessing scripts/client/FDGUI/Weather.pyd from non-loading thread.
WARNING: WinFileSystem::getFileType: Accessing shaders/post_processing from non-loading thread.
WARNING: WinFileSystem::getFileType: Accessing shaders/post_processing from non-loading thread.
WARNING: WinFileSystem::readDirectory: Accessing shaders/post_processing from non-loading thread.
WARNING: WinFileSystem::readDirectory: Accessing shaders/post_processing from non-loading thread.
WARNING: WinFileSystem::getFileType: Accessing shaders/post_processing/colour_scale.00.fxo from non-loading thread.
WARNING: WinFileSystem::getFileType: Accessing shaders/post_processing/colour_scale.00.fxo from non-loading thread.
WARNING: ZipFileSystem::getFileTypeEx: Accessing hash from non-loading thread.
WARNING: ZipFileSystem::readFile: Accessing hash from non-loading thread.
WARNING: ZipFileSystem::getFileTypeEx: Accessing effect from non-loading thread.
WARNING: ZipFileSystem::readFile: Accessing effect from non-loading thread.
WARNING: ZipFileSystem::readFile: Accessing  from non-loading thread.
WARNING: ZipFileSystem::readFile: Accessing  from non-loading thread.
WARNING: ZipFileSystem::readFile: Accessing  from non-loading thread.
WARNING: ZipFileSystem::readFile: Accessing  from non-loading thread.
WARNING: WinFileSystem::getFileType: Accessing post_processing.fxh from non-loading thread.
WARNING: WinFileSystem::getFileType: Accessing post_processing.fxh from non-loading thread.
WARNING: WinFileSystem::getFileType: Accessing shaders/post_processing/post_processing.fxh from non-loading thread.
WARNING: WinFileSystem::getFileType: Accessing shaders/post_processing/post_processing.fxh from non-loading thread.
WARNING: WinFileSystem::getFileType: Accessing d3d_state_mirror.fxh from non-loading thread.
WARNING: WinFileSystem::getFileType: Accessing d3d_state_mirror.fxh from non-loading thread.
WARNING: WinFileSystem::getFileType: Accessing shaders/post_processing/d3d_state_mirror.fxh from non-loading thread.
WARNING: WinFileSystem::getFileType: Accessing shaders/post_processing/d3d_state_mirror.fxh from non-loading thread.
WARNING: WinFileSystem::getFileType: Accessing shaders/std_effects/d3d_state_mirror.fxh from non-loading thread.
WARNING: WinFileSystem::getFileType: Accessing shaders/std_effects/d3d_state_mirror.fxh from non-loading thread.
WARNING: WinFileSystem::getFileType: Accessing material_helpers.fxh from non-loading thread.
WARNING: WinFileSystem::getFileType: Accessing material_helpers.fxh from non-loading thread.
WARNING: WinFileSystem::getFileType: Accessing shaders/post_processing/material_helpers.fxh from non-loading thread.
WARNING: WinFileSystem::getFileType: Accessing shaders/post_processing/material_helpers.fxh from non-loading thread.
WARNING: WinFileSystem::getFileType: Accessing shaders/std_effects/material_helpers.fxh from non-loading thread.
WARNING: WinFileSystem::getFileType: Accessing shaders/std_effects/material_helpers.fxh from non-loading thread.
WARNING: WinFileSystem::getFileType: Accessing depth_helpers.fxh from non-loading thread.
WARNING: WinFileSystem::getFileType: Accessing depth_helpers.fxh from non-loading thread.
WARNING: WinFileSystem::getFileType: Accessing shaders/post_processing/depth_helpers.fxh from non-loading thread.
WARNING: WinFileSystem::getFileType: Accessing shaders/post_processing/depth_helpers.fxh from non-loading thread.
WARNING: WinFileSystem::getFileType: Accessing shaders/std_effects/depth_helpers.fxh from non-loading thread.
WARNING: WinFileSystem::getFileType: Accessing shaders/std_effects/depth_helpers.fxh from non-loading thread.
WARNING: WinFileSystem::getFileType: Accessing shaders/post_processing/gaussian_blur.00.fxo from non-loading thread.
WARNING: WinFileSystem::getFileType: Accessing shaders/post_processing/gaussian_blur.00.fxo from non-loading thread.
WARNING: ZipFileSystem::getFileTypeEx: Accessing hash from non-loading thread.
WARNING: ZipFileSystem::readFile: Accessing hash from non-loading thread.
WARNING: ZipFileSystem::getFileTypeEx: Accessing effect from non-loading thread.
WARNING: ZipFileSystem::readFile: Accessing effect from non-loading thread.
WARNING: ZipFileSystem::readFile: Accessing  from non-loading thread.
WARNING: ZipFileSystem::readFile: Accessing  from non-loading thread.
WARNING: ZipFileSystem::readFile: Accessing  from non-loading thread.
WARNING: ZipFileSystem::readFile: Accessing  from non-loading thread.
WARNING: WinFileSystem::getFileType: Accessing post_processing.fxh from non-loading thread.
WARNING: WinFileSystem::getFileType: Accessing post_processing.fxh from non-loading thread.
WARNING: WinFileSystem::getFileType: Accessing shaders/post_processing/post_processing.fxh from non-loading thread.
WARNING: WinFileSystem::getFileType: Accessing shaders/post_processing/post_processing.fxh from non-loading thread.
WARNING: WinFileSystem::getFileType: Accessing d3d_state_mirror.fxh from non-loading thread.
WARNING: WinFileSystem::getFileType: Accessing d3d_state_mirror.fxh from non-loading thread.
WARNING: WinFileSystem::getFileType: Accessing shaders/post_processing/d3d_state_mirror.fxh from non-loading thread.
WARNING: WinFileSystem::getFileType: Accessing shaders/post_processing/d3d_state_mirror.fxh from non-loading thread.
WARNING: WinFileSystem::getFileType: Accessing shaders/std_effects/d3d_state_mirror.fxh from non-loading thread.
WARNING: WinFileSystem::getFileType: Accessing shaders/std_effects/d3d_state_mirror.fxh from non-loading thread.
WARNING: WinFileSystem::getFileType: Accessing material_helpers.fxh from non-loading thread.
WARNING: WinFileSystem::getFileType: Accessing material_helpers.fxh from non-loading thread.
WARNING: WinFileSystem::getFileType: Accessing shaders/post_processing/material_helpers.fxh from non-loading thread.
WARNING: WinFileSystem::getFileType: Accessing shaders/post_processing/material_helpers.fxh from non-loading thread.
WARNING: WinFileSystem::getFileType: Accessing shaders/std_effects/material_helpers.fxh from non-loading thread.
WARNING: WinFileSystem::getFileType: Accessing shaders/std_effects/material_helpers.fxh from non-loading thread.
WARNING: WinFileSystem::getFileType: Accessing depth_helpers.fxh from non-loading thread.
WARNING: WinFileSystem::getFileType: Accessing depth_helpers.fxh from non-loading thread.
WARNING: WinFileSystem::getFileType: Accessing shaders/post_processing/depth_helpers.fxh from non-loading thread.
WARNING: WinFileSystem::getFileType: Accessing shaders/post_processing/depth_helpers.fxh from non-loading thread.
WARNING: WinFileSystem::getFileType: Accessing shaders/std_effects/depth_helpers.fxh from non-loading thread.
WARNING: WinFileSystem::getFileType: Accessing shaders/std_effects/depth_helpers.fxh from non-loading thread.
WARNING: WinFileSystem::getFileType: Accessing shaders/post_processing/transfer.00.fxo from non-loading thread.
WARNING: WinFileSystem::getFileType: Accessing shaders/post_processing/transfer.00.fxo from non-loading thread.
WARNING: ZipFileSystem::getFileTypeEx: Accessing hash from non-loading thread.
WARNING: ZipFileSystem::readFile: Accessing hash from non-loading thread.
WARNING: ZipFileSystem::getFileTypeEx: Accessing effect from non-loading thread.
WARNING: ZipFileSystem::readFile: Accessing effect from non-loading thread.
WARNING: ZipFileSystem::readFile: Accessing  from non-loading thread.
WARNING: ZipFileSystem::readFile: Accessing  from non-loading thread.
WARNING: ZipFileSystem::readFile: Accessing  from non-loading thread.
WARNING: ZipFileSystem::readFile: Accessing  from non-loading thread.
WARNING: WinFileSystem::getFileType: Accessing post_processing.fxh from non-loading thread.
WARNING: WinFileSystem::getFileType: Accessing post_processing.fxh from non
/------------------------------------------------------------------------------\
BigWorld Release Client (compiled at 03:31:47 Oct  9 2010) starting on Wed Nov 11 23:24:29 2020
Trace: init: Initialising IME components
fantasydemo personality selected.
PostProcessing.init()
PostProcessing: total memory used by default RenderTargets : 0.00 MB
WARNING: WinFileSystem: Case mismatch opening C:/BigWorld_2.0.1/BigWorld/fantasydemo/res/speedtree/shrubs_flowers/elephant_ear/compositemap_Diffuse.dds (CompositeMap_Diffuse.dds)
WARNING: WinFileSystem: Case mismatch opening C:/BigWorld_2.0.1/BigWorld/fantasydemo/res/speedtree/shrubs_flowers/elephant_ear/compositemap_Normal.dds (CompositeMap_Normal.dds)
Entering space: spaces/eval_empty (server: offline)
PlayerAvatar::onBecomePlayer
PlayerAvatar::onEnterWorld: begin
WARNING: WinFileSystem::getFileType: Accessing gui/maps/icon_items/icon_staff.tga from non-loading thread.
WARNING: WinFileSystem::getFileType: Accessing gui/maps/icon_items/icon_staff.tga from non-loading thread.
WARNING: WinFileSystem::getFileType: Accessing gui/maps from non-loading thread.
WARNING: WinFileSystem::readDirectory: Accessing gui/maps from non-loading thread.
WARNING: WinFileSystem::readDirectory: Accessing gui/maps from non-loading thread.
WARNING: WinFileSystem::getFileType: Accessing gui/maps/icon_items from non-loading thread.
WARNING: WinFileSystem::readDirectory: Accessing gui/maps/icon_items from non-loading thread.
WARNING: WinFileSystem::readDirectory: Accessing gui/maps/icon_items from non-loading thread.
WARNING: WinFileSystem::getFileType: Accessing gui/maps/icon_items/icon_staff.texformat from non-loading thread.
WARNING: WinFileSystem::getFileType: Accessing gui/maps/icon_items/icon_staff.texformat from non-loading thread.
WARNING: WinFileSystem::getFileType: Accessing gui/maps/icon_items/icon_staff.dds from non-loading thread.
WARNING: WinFileSystem::getFileType: Accessing gui/maps/icon_items/icon_staff.tga from non-loading thread.
WARNING: WinFileSystem::getFileType: Accessing gui/maps/icon_items/icon_staff.texformat from non-loading thread.
WARNING: WinFileSystem::getFileType: Accessing gui/maps/icon_items/icon_staff.texformat from non-loading thread.
WARNING: WinFileSystem::getFileType: Accessing gui/maps/icon_items/icon_staff.texformat from non-loading thread.
WARNING: WinFileSystem::getFileType: Accessing gui/maps/icon_items/icon_staff.texformat from non-loading thread.
WARNING: WinFileSystem::getFileType: Accessing gui/maps/icon_items/icon_staff.texanim from non-loading thread.
WARNING: WinFileSystem::getFileType: Accessing gui/maps/icon_items/icon_staff.texanim from non-loading thread.
WARNING: WinFileSystem::getFileType: Accessing gui/maps/icon_items/icon_staff.dds from non-loading thread.
WARNING: WinFileSystem::readFile: Accessing gui/maps/icon_items/icon_staff.dds from non-loading thread.
WARNING: WinFileSystem::getFileType: Accessing gui/maps/icon_items/icon_food_drumstick.tga from non-loading thread.
WARNING: WinFileSystem::getFileType: Accessing gui/maps/icon_items/icon_food_drumstick.tga from non-loading thread.
WARNING: WinFileSystem::getFileType: Accessing gui/maps/icon_items/icon_food_drumstick.texformat from non-loading thread.
WARNING: WinFileSystem::getFileType: Accessing gui/maps/icon_items/icon_food_drumstick.texformat from non-loading thread.
WARNING: WinFileSystem::getFileType: Accessing gui/maps/icon_items/icon_food_drumstick.dds from non-loading thread.
WARNING: WinFileSystem::getFileType: Accessing gui/maps/icon_items/icon_food_drumstick.tga from non-loading thread.
WARNING: WinFileSystem::getFileType: Accessing gui/maps/icon_items/icon_food_drumstick.texformat from non-loading thread.
WARNING: WinFileSystem::getFileType: Accessing gui/maps/icon_items/icon_food_drumstick.texformat from non-loading thread.
WARNING: WinFileSystem::getFileType: Accessing gui/maps/icon_items/icon_food_drumstick.texformat from non-loading thread.
WARNING: WinFileSystem::getFileType: Accessing gui/maps/icon_items/icon_food_drumstick.texformat from non-loading thread.
WARNING: WinFileSystem::getFileType: Accessing gui/maps/icon_items/icon_food_drumstick.texanim from non-loading thread.
WARNING: WinFileSystem::getFileType: Accessing gui/maps/icon_items/icon_food_drumstick.texanim from non-loading thread.
WARNING: WinFileSystem::getFileType: Accessing gui/maps/icon_items/icon_food_drumstick.dds from non-loading thread.
WARNING: WinFileSystem::readFile: Accessing gui/maps/icon_items/icon_food_drumstick.dds from non-loading thread.
WARNING: WinFileSystem::getFileType: Accessing gui/maps/icon_items/icon_tek_binoc2.tga from non-loading thread.
WARNING: WinFileSystem::getFileType: Accessing gui/maps/icon_items/icon_tek_binoc2.tga from non-loading thread.
WARNING: WinFileSystem::getFileType: Accessing gui/maps/icon_items/icon_tek_binoc2.texformat from non-loading thread.
WARNING: WinFileSystem::getFileType: Accessing gui/maps/icon_items/icon_tek_binoc2.texformat from non-loading thread.
WARNING: WinFileSystem::getFileType: Accessing gui/maps/icon_items/icon_tek_binoc2.dds from non-loading thread.
WARNING: WinFileSystem::getFileType: Accessing gui/maps/icon_items/icon_tek_binoc2.tga from non-loading thread.
WARNING: WinFileSystem::getFileType: Accessing gui/maps/icon_items/icon_tek_binoc2.texformat from non-loading thread.
WARNING: WinFileSystem::getFileType: Accessing gui/maps/icon_items/icon_tek_binoc2.texformat from non-loading thread.
WARNING: WinFileSystem::getFileType: Accessing gui/maps/icon_items/icon_tek_binoc2.texformat from non-loading thread.
WARNING: WinFileSystem::getFileType: Accessing gui/maps/icon_items/icon_tek_binoc2.texformat from non-loading thread.
WARNING: WinFileSystem::getFileType: Accessing gui/maps/icon_items/icon_tek_binoc2.texanim from non-loading thread.
WARNING: WinFileSystem::getFileType: Accessing gui/maps/icon_items/icon_tek_binoc2.texanim from non-loading thread.
WARNING: WinFileSystem::getFileType: Accessing gui/maps/icon_items/icon_tek_binoc2.dds from non-loading thread.
WARNING: WinFileSystem::readFile: Accessing gui/maps/icon_items/icon_tek_binoc2.dds from non-loading thread.
WARNING: WinFileSystem::getFileType: Accessing gui/maps/icon_items/icon_sword_bastard.tga from non-loading thread.
WARNING: WinFileSystem::getFileType: Accessing gui/maps/icon_items/icon_sword_bastard.tga from non-loading thread.
WARNING: WinFileSystem::getFileType: Accessing gui/maps/icon_items/icon_sword_bastard.texformat from non-loading thread.
WARNING: WinFileSystem::getFileType: Accessing gui/maps/icon_items/icon_sword_bastard.texformat from non-loading thread.
WARNING: WinFileSystem::getFileType: Accessing gui/maps/icon_items/icon_sword_bastard.dds from non-loading thread.
WARNING: WinFileSystem::getFileType: Accessing gui/maps/icon_items/icon_sword_bastard.tga from non-loading thread.
WARNING: WinFileSystem::getFileType: Accessing gui/maps/icon_items/icon_sword_bastard.texformat from non-loading thread.
WARNING: WinFileSystem::getFileType: Accessing gui/maps/icon_items/icon_sword_bastard.texformat from non-loading thread.
WARNING: WinFileSystem::getFileType: Accessing gui/maps/icon_items/icon_sword_bastard.texformat from non-loading thread.
WARNING: WinFileSystem::getFileType: Accessing gui/maps/icon_items/icon_sword_bastard.texformat from non-loading thread.
WARNING: WinFileSystem::getFileType: Accessing gui/maps/icon_items/icon_sword_bastard.texanim from non-loading thread.
WARNING: WinFileSystem::getFileType: Accessing gui/maps/icon_items/icon_sword_bastard.texanim from non-loading thread.
WARNING: WinFileSystem::getFileType: Accessing gui/maps/icon_items/icon_sword_bastard.dds from non-loading thread.
WARNING: WinFileSystem::readFile: Accessing gui/maps/icon_items/icon_sword_bastard.dds from non-loading thread.
WARNING: WinFileSystem::getFileType: Accessing gui/maps/icon_items/icon_sword_bastard_mithril.tga from non-loading thread.
WARNING: WinFileSystem::getFileType: Accessing gui/maps/icon_items/icon_sword_bastard_mithril.tga from non-loading thread.
WARNING: WinFileSystem::getFileType: Accessing gui/maps/icon_items/icon_sword_bastard_mithril.texformat from non-loading thread.
WARNING: WinFileSystem::getFileType: Accessing gui/maps/icon_items/icon_sword_bastard_mithril.texformat from non-loading thread.
WARNING: WinFileSystem::getFileType: Accessing gui/maps/icon_items/icon_sword_bastard_mithril.dds from non-loading thread.
WARNING: WinFileSystem::getFileType: Accessing gui/maps/icon_items/icon_sword_bastard_mithril.tga from non-loading thread.
WARNING: WinFileSystem::getFileType: Accessing gui/maps/icon_items/icon_sword_bastard_mithril.texformat from non-loading thread.
WARNING: WinFileSystem::getFileType: Accessing gui/maps/icon_items/icon_sword_bastard_mithril.texformat from non-loading thread.
WARNING: WinFileSystem::getFileType: Accessing gui/maps/icon_items/icon_sword_bastard_mithril.texformat from non-loading thread.
WARNING: WinFileSystem::getFileType: Accessing gui/maps/icon_items/icon_sword_bastard_mithril.texformat from non-loading thread.
WARNING: WinFileSystem::getFileType: Accessing gui/maps/icon_items/icon_sword_bastard_mithril.texanim from non-loading thread.
WARNING: WinFileSystem::getFileType: Accessing gui/maps/icon_items/icon_sword_bastard_mithril.texanim from non-loading thread.
WARNING: WinFileSystem::getFileType: Accessing gui/maps/icon_items/icon_sword_bastard_mithril.dds from non-loading thread.
WARNING: WinFileSystem::readFile: Accessing gui/maps/icon_items/icon_sword_bastard_mithril.dds from non-loading thread.
WARNING: WinFileSystem::getFileType: Accessing gui/maps/icon_items/icon_grail.tga from non-loading thread.
WARNING: WinFileSystem::getFileType: Accessing gui/maps/icon_items/icon_grail.tga from non-loading thread.
WARNING: WinFileSystem::getFileType: Accessing gui/maps/icon_items/icon_grail.texformat from non-loading thread.
WARNING: WinFileSystem::getFileType: Accessing gui/maps/icon_items/icon_grail.texformat from non-loading thread.
WARNING: WinFileSystem::getFileType: Accessing gui/maps/icon_items/icon_grail.dds from non-loading thread.
WARNING: WinFileSystem::getFileType: Accessing gui/maps/icon_items/icon_grail.tga from non-loading thread.
WARNING: WinFileSystem::getFileType: Accessing gui/maps/icon_items/icon_grail.texformat from non-loading thread.
WARNING: WinFileSystem::getFileType: Accessing gui/maps/icon_items/icon_grail.texformat from non-loading thread.
WARNING: WinFileSystem::getFileType: Accessing gui/maps/icon_items/icon_grail.texformat from non-loading thread.
WARNING: WinFileSystem::getFileType: Accessing gui/maps/icon_items/icon_grail.texformat from non-loading thread.
WARNING: WinFileSystem::getFileType: Accessing gui/maps/icon_items/icon_grail.texanim from non-loading thread.
WARNING: WinFileSystem::getFileType: Accessing gui/maps/icon_items/icon_grail.texanim from non-loading thread.
WARNING: WinFileSystem::getFileType: Accessing gui/maps/icon_items/icon_grail.dds from non-loading thread.
WARNING: WinFileSystem::readFile: Accessing gui/maps/icon_items/icon_grail.dds from non-loading thread.
WARNING: WinFileSystem::getFileType: Accessing scripts/client/Item from non-loading thread.
WARNING: WinFileSystem::getFileType: Accessing scripts/client/Item from non-loading thread.
WARNING: WinFileSystem::getFileType: Accessing scripts/client/Item.py from non-loading thread.
WARNING: WinFileSystem::getFileType: Accessing scripts/client/Item.pyc from non-loading thread.
WARNING: WinFileSystem::getFileType: Accessing scripts/client/Item.pyd from non-loading thread.
WARNING: WinFileSystem::getFileType: Accessing scripts/client/Item.pyd from non-loading thread.
WARNING: WinFileSystem::getFileType: Accessing scripts/client/Item.py from non-loading thread.
WARNING: WinFileSystem::getFileType: Accessing scripts/client/Item.pyc from non-loading thread.
WARNING: WinFileSystem::readFile: Accessing scripts/client/Item.pyc from non-loading thread.
WARNING: WinFileSystem::getFileType: Accessing gui/minimap_icon.gui from non-loading thread.
WARNING: WinFileSystem::readFile: Accessing gui/minimap_icon.gui from non-loading thread.
WARNING: WinFileSystem::getFileType: Accessing gui/maps/mini_map_player.tga from non-loading thread.
WARNING: WinFileSystem::getFileType: Accessing gui/maps/mini_map_player.tga from non-loading thread.
WARNING: WinFileSystem::getFileType: Accessing gui/maps from non-loading thread.
WARNING: WinFileSystem::readDirectory: Accessing gui/maps from non-loading thread.
WARNING: WinFileSystem::readDirectory: Accessing gui/maps from non-loading thread.
WARNING: WinFileSystem::getFileType: Accessing gui/maps/mini_map_player.texformat from non-loading thread.
WARNING: WinFileSystem::getFileType: Accessing gui/maps/mini_map_player.texformat from non-loading thread.
WARNING: WinFileSystem::getFileType: Accessing gui/maps/mini_map_player.dds from non-loading thread.
WARNING: WinFileSystem::getFileType: Accessing gui/maps/mini_map_player.tga from non-loading thread.
WARNING: WinFileSystem::getFileType: Accessing gui/maps/mini_map_player.texformat from non-loading thread.
WARNING: WinFileSystem::getFileType: Accessing gui/maps/mini_map_player.texformat from non-loading thread.
WARNING: WinFileSystem::getFileType: Accessing gui/maps/mini_map_player.texformat from non-loading thread.
WARNING: WinFileSystem::getFileType: Accessing gui/maps/mini_map_player.texformat from non-loading thread.
WARNING: WinFileSystem::getFileType: Accessing gui/maps/mini_map_player.texanim from non-loading thread.
WARNING: WinFileSystem::getFileType: Accessing gui/maps/mini_map_player.texanim from non-loading thread.
WARNING: WinFileSystem::getFileType: Accessing gui/maps/mini_map_player.dds from non-loading thread.
WARNING: WinFileSystem::readFile: Accessing gui/maps/mini_map_player.dds from non-loading thread.
WARNING: WinFileSystem::getFileType: Accessing sets from non-loading thread.
WARNING: WinFileSystem::readDirectory: Accessing sets from non-loading thread.
WARNING: WinFileSystem::readDirectory: Accessing sets from non-loading thread.
WARNING: WinFileSystem::getFileType: Accessing sets/global from non-loading thread.
WARNING: WinFileSystem::readDirectory: Accessing sets/global from non-loading thread.
WARNING: WinFileSystem::readDirectory: Accessing sets/global from non-loading thread.
WARNING: WinFileSystem::getFileType: Accessing sets/global/checker.model from non-loading thread.
WARNING: WinFileSystem::readFile: Accessing sets/global/checker.model from non-loading thread.
WARNING: WinFileSystem::getFileType: Accessing sets/global/checker.static.visual from non-loading thread.
WARNING: WinFileSystem::getFileType: Accessing sets/global/checker.static.visual from non-loading thread.
WARNING: WinFileSystem::getFileType: Accessing sets/global/checker.visual from non-loading thread.
WARNING: WinFileSystem::readFile: Accessing sets/global/checker.visual from non-loading thread.
WARNING: WinFileSystem::getFileType: Accessing sets/global/checker_bsp.visual from non-loading thread.
WARNING: WinFileSystem::getFileType: Accessing sets/global/checker_bsp.visual from non-loading thread.
WARNING: WinFileSystem::getFileType: Accessing sets/global/checker.primitives from non-loading thread.
WARNING: WinFileSystem::readFile: Accessing sets/global/checker.primitives from non-loading thread.
WARNING: WinFileSystem::getFileType: Accessing sets/global/checker.bmp from non-loading thread.
WARNING: WinFileSystem::getFileType: Accessing sets/global/checker.bmp from non-loading thread.
WARNING: WinFileSystem::getFileType: Accessing sets/global/checker.texformat from non-loading thread.
WARNING: WinFileSystem::getFileType: Accessing sets/global/checker.texformat from non-loading thread.
WARNING: WinFileSystem::getFileType: Accessing sets/global/checker.dds from non-loading thread.
WARNING: WinFileSystem::getFileType: Accessing sets/global/checker.bmp from non-loading thread.
WARNING: WinFileSystem::getFileType: Accessing sets/global/checker.texformat from non-loading thread.
WARNING: WinFileSystem::getFileType: Accessing sets/global/checker.texformat from non-loading thread.
WARNING: WinFileSystem::getFileType: Accessing sets/global/checker.texformat from non-loading thread.
WARNING: WinFileSystem::getFileType: Accessing sets/global/checker.texformat from non-loading thread.
WARNING: WinFileSystem::getFileType: Accessing sets/global/checker.texanim from non-loading thread.
WARNING: WinFileSystem::getFileType: Accessing sets/global/checker.texanim from non-loading thread.
WARNING: WinFileSystem::getFileType: Accessing sets/global/checker.dds from non-loading thread.
WARNING: WinFileSystem::readFile: Accessing sets/global/checker.dds from non-loading thread.
PlayerAvatar::onEnterWorld: end
WARNING: WinFileSystem::getFileType: Accessing maps/fx/fx_dirt01.tga from non-loading thread.
WARNING: WinFileSystem::getFileType: Accessing maps/fx/fx_dirt01.tga from non-loading thread.
WARNING: WinFileSystem::getFileType: Accessing maps from non-loading thread.
WARNING: WinFileSystem::readDirectory: Accessing maps from non-loading thread.
WARNING: WinFileSystem::readDirectory: Accessing maps from non-loading thread.
WARNING: WinFileSystem::getFileType: Accessing maps/fx from non-loading thread.
WARNING: WinFileSystem::readDirectory: Accessing maps/fx from non-loading thread.
WARNING: WinFileSystem::readDirectory: Accessing maps/fx from non-loading thread.
WARNING: WinFileSystem::getFileType: Accessing maps/fx/fx_dirt01.texformat from non-loading thread.
WARNING: WinFileSystem::getFileType: Accessing maps/fx/fx_dirt01.texformat from non-loading thread.
WARNING: WinFileSystem::getFileType: Accessing maps/fx/fx_dirt01.dds from non-loading thread.
WARNING: WinFileSystem::getFileType: Accessing maps/fx/fx_dirt01.tga from non-loading thread.
WARNING: WinFileSystem::getFileType: Accessing maps/fx/fx_dirt01.texformat from non-loading thread.
WARNING: WinFileSystem::getFileType: Accessing maps/fx/fx_dirt01.texformat from non-loading thread.
WARNING: WinFileSystem::getFileType: Accessing maps/fx/fx_dirt01.texformat from non-loading thread.
WARNING: WinFileSystem::getFileType: Accessing maps/fx/fx_dirt01.texformat from non-loading thread.
WARNING: WinFileSystem::getFileType: Accessing maps/fx/fx_dirt01.texanim from non-loading thread.
WARNING: WinFileSystem::readFile: Accessing maps/fx/fx_dirt01.texanim from non-loading thread.
WARNING: WinFileSystem::getFileType: Accessing maps/fx/fx_dirt01.tga from non-loading thread.
WARNING: WinFileSystem::getFileType: Accessing maps/fx/fx_dirt01.tga from non-loading thread.
WARNING: WinFileSystem::getFileType: Accessing maps/fx/fx_dirt01.texformat from non-loading thread.
WARNING: WinFileSystem::getFileType: Accessing maps/fx/fx_dirt01.texformat from non-loading thread.
WARNING: WinFileSystem::getFileType: Accessing maps/fx/fx_dirt01.dds from non-loading thread.
WARNING: WinFileSystem::getFileType: Accessing maps/fx/fx_dirt01.tga from non-loading thread.
WARNING: WinFileSystem::getFileType: Accessing maps/fx/fx_dirt01.texformat from non-loading thread.
WARNING: WinFileSystem::getFileType: Accessing maps/fx/fx_dirt01.texformat from non-loading thread.
WARNING: WinFileSystem::getFileType: Accessing maps/fx/fx_dirt01.texformat from non-loading thread.
WARNING: WinFileSystem::getFileType: Accessing maps/fx/fx_dirt01.texformat from non-loading thread.
WARNING: WinFileSystem::getFileType: Accessing maps/fx/fx_dirt01.dds from non-loading thread.
WARNING: WinFileSystem::readFile: Accessing maps/fx/fx_dirt01.dds from non-loading thread.
WARNING: WinFileSystem::getFileType: Accessing maps/fx/fx_dirt02.tga from non-loading thread.
WARNING: WinFileSystem::getFileType: Accessing maps/fx/fx_dirt02.tga from non-loading thread.
WARNING: WinFileSystem::getFileType: Accessing maps/fx/fx_dirt02.texformat from non-loading thread.
WARNING: WinFileSystem::getFileType: Accessing maps/fx/fx_dirt02.texformat from non-loading thread.
WARNING: WinFileSystem::getFileType: Accessing maps/fx/fx_dirt02.dds from non-loading thread.
WARNING: WinFileSystem::getFileType: Accessing maps/fx/fx_dirt02.tga from non-loading thread.
WARNING: WinFileSystem::getFileType: Accessing maps/fx/fx_dirt02.texformat from non-loading thread.
WARNING: WinFileSystem::getFileType: Accessing maps/fx/fx_dirt02.texformat from non-loading thread.
WARNING: WinFileSystem::getFileType: Accessing maps/fx/fx_dirt02.texformat from non-loading thread.
WARNING: WinFileSystem::getFileType: Accessing maps/fx/fx_dirt02.texformat from non-loading thread.
WARNING: WinFileSystem::getFileType: Accessing maps/fx/fx_dirt02.dds from non-loading thread.
WARNING: WinFileSystem::readFile: Accessing maps/fx/fx_dirt02.dds from non-loading thread.
WARNING: WinFileSystem::getFileType: Accessing maps/fx/fx_dirt03.tga from non-loading thread.
WARNING: WinFileSystem::getFileType: Accessing maps/fx/fx_dirt03.tga from non-loading thread.
WARNING: WinFileSystem::getFileType: Accessing maps/fx/fx_dirt03.texformat from non-loading thread.
WARNING: WinFileSystem::getFileType: Accessing maps/fx/fx_dirt03.texformat from non-loading thread.
WARNING: WinFileSystem::getFileType: Accessing maps/fx/fx_dirt03.dds from non-loading thread.
WARNING: WinFileSystem::getFileType: Accessing maps/fx/fx_dirt03.tga from non-loading thread.
WARNING: WinFileSystem::getFileType: Accessing maps/fx/fx_dirt03.texformat from non-loading thread.
WARNING: WinFileSystem::getFileType: Accessing maps/fx/fx_dirt03.texformat from non-loading thread.
WARNING: WinFileSystem::getFileType: Accessing maps/fx/fx_dirt03.texformat from non-loading thread.
WARNING: WinFileSystem::getFileType: Accessing maps/fx/fx_dirt03.texformat from non-loading thread.
WARNING: WinFileSystem::getFileType: Accessing maps/fx/fx_dirt03.dds from non-loading thread.
WARNING: WinFileSystem::readFile: Accessing maps/fx/fx_dirt03.dds from non-loading thread.
WARNING: WinFileSystem::getFileType: Accessing maps/fx/fx_dirt04.tga from non-loading thread.
WARNING: WinFileSystem::getFileType: Accessing maps/fx/fx_dirt04.tga from non-loading thread.
WARNING: WinFileSystem::getFileType: Accessing maps/fx/fx_dirt04.texformat from non-loading thread.
WARNING: WinFileSystem::getFileType: Accessing maps/fx/fx_dirt04.texformat from non-loading thread.
WARNING: WinFileSystem::getFileType: Accessing maps/fx/fx_dirt04.dds from non-loading thread.
WARNING: WinFileSystem::getFileType: Accessing maps/fx/fx_dirt04.tga from non-loading thread.
WARNING: WinFileSystem::getFileType: Accessing maps/fx/fx_dirt04.texformat from non-loading thread.
WARNING: WinFileSystem::getFileType: Accessing maps/fx/fx_dirt04.texformat from non-loading thread.
WARNING: WinFileSystem::getFileType: Accessing maps/fx/fx_dirt04.texformat from non-loading thread.
WARNING: WinFileSystem::getFileType: Accessing maps/fx/fx_dirt04.texformat from non-loading thread.
WARNING: WinFileSystem::getFileType: Accessing maps/fx/fx_dirt04.dds from non-loading thread.
WARNING: WinFileSystem::readFile: Accessing maps/fx/fx_dirt04.dds from non-loading thread.
WARNING: WinFileSystem::getFileType: Accessing maps/fx/fx_dirt05.tga from non-loading thread.
WARNING: WinFileSystem::getFileType: Accessing maps/fx/fx_dirt05.tga from non-loading thread.
WARNING: WinFileSystem::getFileType: Accessing maps/fx/fx_dirt05.texformat from non-loading thread.
WARNING: WinFileSystem::getFileType: Accessing maps/fx/fx_dirt05.texformat from non-loading thread.
WARNING: WinFileSystem::getFileType: Accessing maps/fx/fx_dirt05.dds from non-loading thread.
WARNING: WinFileSystem::getFileType: Accessing maps/fx/fx_dirt05.tga from non-loading thread.
WARNING: WinFileSystem::getFileType: Accessing maps/fx/fx_dirt05.texformat from non-loading thread.
WARNING: WinFileSystem::getFileType: Accessing maps/fx/fx_dirt05.texformat from non-loading thread.
WARNING: WinFileSystem::getFileType: Accessing maps/fx/fx_dirt05.texformat from non-loading thread.
WARNING: WinFileSystem::getFileType: Accessing maps/fx/fx_dirt05.texformat from non-loading thread.
WARNING: WinFileSystem::getFileType: Accessing maps/fx/fx_dirt05.dds from non-loading thread.
WARNING: WinFileSystem::readFile: Accessing maps/fx/fx_dirt05.dds from non-loading thread.
WARNING: WinFileSystem::getFileType: Accessing maps/fx/fx_dirt06.tga from non-loading thread.
WARNING: WinFileSystem::getFileType: Accessing maps/fx/fx_dirt06.tga from non-loading thread.
WARNING: WinFileSystem::getFileType: Accessing maps/fx/fx_dirt06.texformat from non-loading thread.
WARNING: WinFileSystem::getFileType: Accessing maps/fx/fx_dirt06.texformat from non-loading thread.
WARNING: WinFileSystem::getFileType: Accessing maps/fx/fx_dirt06.dds from non-loading thread.
WARNING: WinFileSystem::getFileType: Accessing maps/fx/fx_dirt06.tga from non-loading thread.
WARNING: WinFileSystem::getFileType: Accessing maps/fx/fx_dirt06.texformat from non-loading thread.
WARNING: WinFileSystem::getFileType: Accessing maps/fx/fx_dirt06.texformat from non-loading thread.
WARNING: WinFileSystem::getFileType: Accessing maps/fx/fx_dirt06.texformat from non-loading thread.
WARNING: WinFileSystem::getFileType: Accessing maps/fx/fx_dirt06.texformat from non-loading thread.
WARNING: WinFileSystem::getFileType: Accessing maps/fx/fx_dirt06.dds from non-loading thread.
WARNING: WinFileSystem::readFile: Accessing maps/fx/fx_dirt06.dds from non-loading thread.
WARNING: WinFileSystem::getFileType: Accessing maps/fx/fx_dirt07.tga from non-loading thread.
WARNING: WinFileSystem::getFileType: Accessing maps/fx/fx_dirt07.tga from non-loading thread.
WARNING: WinFileSystem::getFileType: Accessing maps/fx/fx_dirt07.texformat from non-loading thread.
WARNING: WinFileSystem::getFileType: Accessing maps/fx/fx_dirt07.texformat from non-loading thread.
WARNING: WinFileSystem::getFileType: Accessing maps/fx/fx_dirt07.dds from non-loading thread.
WARNING: WinFileSystem::getFileType: Accessing maps/fx/fx_dirt07.tga from non-loading thread.
WARNING: WinFileSystem::getFileType: Accessing maps/fx/fx_dirt07.texformat from non-loading thread.
WARNING: WinFileSystem::getFileType: Accessing maps/fx/fx_dirt07.texformat from non-loading thread.
WARNING: WinFileSystem::getFileType: Accessing maps/fx/fx_dirt07.texformat from non-loading thread.
WARNING: WinFileSystem::getFileType: Accessing maps/fx/fx_dirt07.texformat from non-loading thread.
WARNING: WinFileSystem::getFileType: Accessing maps/fx/fx_dirt07.dds from non-loading thread.
WARNING: WinFileSystem::readFile: Accessing maps/fx/fx_dirt07.dds from non-loading thread.
WARNING: WinFileSystem::getFileType: Accessing maps/fx/fx_dirt08.tga from non-loading thread.
WARNING: WinFileSystem::getFileType: Accessing maps/fx/fx_dirt08.tga from non-loading thread.
WARNING: WinFileSystem::getFileType: Accessing maps/fx/fx_dirt08.texformat from non-loading thread.
WARNING: WinFileSystem::getFileType: Accessing maps/fx/fx_dirt08.texformat from non-loading thread.
WARNING: WinFileSystem::getFileType: Accessing maps/fx/fx_dirt08.dds from non-loading thread.
WARNING: WinFileSystem::getFileType: Accessing maps/fx/fx_dirt08.tga from non-loading thread.
WARNING: WinFileSystem::getFileType: Accessing maps/fx/fx_dirt08.texformat from non-loading thread.
WARNING: WinFileSystem::getFileType: Accessing maps/fx/fx_dirt08.texformat from non-loading thread.
WARNING: WinFileSystem::getFileType: Accessing maps/fx/fx_dirt08.texformat from non-loading thread.
WARNING: WinFileSystem::getFileType: Accessing maps/fx/fx_dirt08.texformat from non-loading thread.
WARNING: WinFileSystem::getFileType: Accessing maps/fx/fx_dirt08.dds from non-loading thread.
WARNING: WinFileSystem::readFile: Accessing maps/fx/fx_dirt08.dds from non-loading thread.
WARNING: WinFileSystem::getFileType: Accessing sets/desert/maps/des_sandstorm_wirlwindchunks.bmp from non-loading thread.
WARNING: WinFileSystem::getFileType: Accessing sets/desert/maps/des_sandstorm_wirlwindchunks.bmp from non-loading thread.
WARNING: WinFileSystem::getFileType: Accessing sets\desert\maps\des_sandstorm_wirlwindchunks.tga from non-loading thread.
WARNING: WinFileSystem::getFileType: Accessing sets/desert/maps/des_sandstorm_wirlwindchunks.bmp from non-loading thread.
WARNING: WinFileSystem::getFileType: Accessing sets/desert/maps/des_sandstorm_wirlwindchunks.bmp from non-loading thread.
WARNING: WinFileSystem::getFileType: Accessing sets\desert\maps\des_sandstorm_wirlwindchunks.tga from non-loading thread.
WARNING: WinFileSystem::getFileType: Accessing sets from non-loading thread.
WARNING: WinFileSystem::readDirectory: Accessing sets from non-loading thread.
WARNING: WinFileSystem::readDirectory: Accessing sets from non-loading thread.
WARNING: WinFileSystem::getFileType: Accessing sets/desert from non-loading thread.
WARNING: WinFileSystem::readDirectory: Accessing sets/desert from non-loading thread.
WARNING: WinFileSystem::readDirectory: Accessing sets/desert from non-loading thread.
WARNING: WinFileSystem::getFileType: Accessing sets/desert/maps from non-loading thread.
WARNING: WinFileSystem::readDirectory: Accessing sets/desert/maps from non-loading thread.
WARNING: WinFileSystem::readDirectory: Accessing sets/desert/maps from non-loading thread.
WARNING: WinFileSystem::getFileType: Accessing sets/desert/maps/des_sandstorm_wirlwindchunks.texformat from non-loading thread.
WARNING: WinFileSystem::getFileType: Accessing sets/desert/maps/des_sandstorm_wirlwindchunks.texformat from non-loading thread.
WARNING: WinFileSystem::getFileType: Accessing sets/desert/maps/des_sandstorm_wirlwindchunks.dds from non-loading thread.
WARNING: WinFileSystem::getFileType: Accessing sets/desert/maps/des_sandstorm_wirlwindchunks.tga from non-loading thread.
WARNING: WinFileSystem::getFileType: Accessing sets/desert/maps/des_sandstorm_wirlwindchunks.texformat from non-loading thread.
WARNING: WinFileSystem::getFileType: Accessing sets/desert/maps/des_sandstorm_wirlwindchunks.texformat from non-loading thread.
WARNING: WinFileSystem::getFileType: Accessing sets/desert/maps/des_sandstorm_wirlwindchunks.texformat from non-loading thread.
WARNING: WinFileSystem::getFileType: Accessing sets/desert/maps/des_sandstorm_wirlwindchunks.texformat from non-loading thread.
WARNING: WinFileSystem::getFileType: Accessing sets/desert/maps/des_sandstorm_wirlwindchunks.texanim from non-loading thread.
WARNING: WinFileSystem::getFileType: Accessing sets/desert/maps/des_sandstorm_wirlwindchunks.texanim from non-loading thread.
WARNING: WinFileSystem::getFileType: Accessing sets/desert/maps/des_sandstorm_wirlwindchunks.dds from non-loading thread.
WARNING: WinFileSystem::readFile: Accessing sets/desert/maps/des_sandstorm_wirlwindchunks.dds from non-loading thread.
WARNING: WinFileSystem: Case mismatch opening C:/BigWorld_2.0.1/BigWorld/fantasydemo/res/speedtree/shrubs_flowers/american_boxwood/compositemap_Diffuse.dds (CompositeMap_Diffuse.dds)
WARNING: WinFileSystem: Case mismatch opening C:/BigWorld_2.0.1/BigWorld/fantasydemo/res/speedtree/shrubs_flowers/american_boxwood/compositemap_Normal.dds (CompositeMap_Normal.dds)
ERROR: Model::get: Could not open model resource characters/npc/striff/striff.model
ERROR: Entity::onEnterWorld:  py_resource: Requested resource had previously failed to load. (<type 'exceptions.ValueError'>)
Traceback (most recent call last):
  File "scripts/client/VehicleExample.py", line 29, in onEnterWorld
    self.model = prereqs[VehicleExample.stdModel]
ValueError: py_resource: Requested resource had previously failed to load.
WARNING: WinFileSystem::getFileType: Accessing sets from non-loading thread.
WARNING: WinFileSystem::readDirectory: Accessing sets from non-loading thread.
WARNING: WinFileSystem::readDirectory: Accessing sets from non-loading thread.
WARNING: WinFileSystem::getFileType: Accessing sets/vehicles/razor_flare.model from non-loading thread.
WARNING: WinFileSystem::readFile: Accessing sets/vehicles/razor_flare.model from non-loading thread.
WARNING: WinFileSystem::getFileType: Accessing sets/vehicles/razor_flare.visual from non-loading thread.
WARNING: WinFileSystem::readFile: Accessing sets/vehicles/razor_flare.visual from non-loading thread.
WARNING: WinFileSystem::getFileType: Accessing sets/vehicles/razor_flare_bsp.visual from non-loading thread.
WARNING: WinFileSystem::getFileType: Accessing sets/vehicles/razor_flare_bsp.visual from non-loading thread.
WARNING: WinFileSystem::getFileType: Accessing shaders/std_effects from non-loading thread.
WARNING: WinFileSystem::getFileType: Accessing shaders/std_effects from non-loading thread.
WARNING: WinFileSystem::readDirectory: Accessing shaders/std_effects from non-loading thread.
WARNING: WinFileSystem::readDirectory: Accessing shaders/std_effects from non-loading thread.
WARNING: WinFileSystem::getFileType: Accessing shaders/std_effects/lightonly_normal_add.00.fxo from non-loading thread.
WARNING: WinFileSystem::getFileType: Accessing shaders/std_effects/lightonly_normal_add.00.fxo from non-loading thread.
WARNING: ZipFileSystem::getFileTypeEx: Accessing hash from non-loading thread.
WARNING: ZipFileSystem::readFile: Accessing hash from non-loading thread.
WARNING: ZipFileSystem::getFileTypeEx: Accessing effect from non-loading thread.
WARNING: ZipFileSystem::readFile: Accessing effect from non-loading thread.
WARNING: ZipFileSystem::readFile: Accessing  from non-loading thread.
WARNING: ZipFileSystem::readFile: Accessing  from non-loading thread.
WARNING: ZipFileSystem::readFile: Accessing  from non-loading thread.
WARNING: ZipFileSystem::readFile: Accessing  from non-loading thread.
WARNING: ZipFileSystem::readFile: Accessing  from non-loading thread.
WARNING: ZipFileSystem::readFile: Accessing  from non-loading thread.
WARNING: ZipFileSystem::readFile: Accessing  from non-loading thread.
WARNING: ZipFileSystem::readFile: Accessing  from non-loading thread.
WARNING: ZipFileSystem::readFile: Accessing  from non-loading thread.
WARNING: ZipFileSystem::readFile: Accessing  from non-loading thread.
WARNING: ZipFileSystem::readFile: Accessing  from non-loading thread.
WARNING: ZipFileSystem::readFile: Accessing  from non-loading thread.
WARNING: ZipFileSystem::readFile: Accessing  from non-loading thread.
WARNING: ZipFileSystem::readFile: Accessing  from non-loading thread.
WARNING: WinFileSystem::getFileType: Accessing stdinclude.fxh from non-loading thread.
WARNING: WinFileSystem::getFileType: Accessing stdinclude.fxh from non-loading thread.
WARNING: WinFileSystem::getFileType: Accessing shaders/std_effects/stdinclude.fxh from non-loading thread.
WARNING: WinFileSystem::getFileType: Accessing shaders/std_effects/stdinclude.fxh from non-loading thread.
WARNING: WinFileSystem::getFileType: Accessing optinclude.fxh from non-loading thread.
WARNING: WinFileSystem::getFileType: Accessing optinclude.fxh from non-loading thread.
WARNING: WinFileSystem::getFileType: Accessing shaders/std_effects/optinclude.fxh from non-loading thread.
WARNING: WinFileSystem::getFileType: Accessing shaders/std_effects/optinclude.fxh from non-loading thread.
WARNING: WinFileSystem::getFileType: Accessing d3d_state_mirror.fxh from non-loading thread.
WARNING: WinFileSystem::getFileType: Accessing d3d_state_mirror.fxh from non-loading thread.
WARNING: WinFileSystem::getFileType: Accessing shaders/std_effects/d3d_state_mirror.fxh from non-loading thread.
WARNING: WinFileSystem::getFileType: Accessing shaders/std_effects/d3d_state_mirror.fxh from non-loading thread.
WARNING: WinFileSystem::getFileType: Accessing lighting_helpers.fxh from non-loading thread.
WARNING: WinFileSystem::getFileType: Accessing lighting_helpers.fxh from non-loading thread.
WARNING: WinFileSystem::getFileType: Accessing shaders/std_effects/lighting_helpers.fxh from non-loading thread.
WARNING: WinFileSystem::getFileType: Accessing shaders/std_effects/lighting_helpers.fxh from non-loading thread.
WARNING: WinFileSystem::getFileType: Accessing fog_helpers.fxh from non-loading thread.
WARNING: WinFileSystem::getFileType: Accessing fog_helpers.fxh from non-loading thread.
WARNING: WinFileSystem::getFileType: Accessing shaders/std_effects/fog_helpers.fxh from non-loading thread.
WARNING: WinFileSystem::getFileType: Accessing shaders/std_effects/fog_helpers.fxh from non-loading thread.
WARNING: WinFileSystem::getFileType: Accessing vertex_declarations.fxh from non-loading thread.
WARNING: WinFileSystem::getFileType: Accessing vertex_declarations.fxh from non-loading thread.
WARNING: WinFileSystem::getFileType: Accessing shaders/std_effects/vertex_declarations.fxh from non-loading thread.
WARNING: WinFileSystem::getFileType: Accessing shaders/std_effects/vertex_declarations.fxh from non-loading thread.
WARNING: WinFileSystem::getFileType: Accessing material_helpers.fxh from non-loading thread.
WARNING: WinFileSystem::getFileType: Accessing material_helpers.fxh from non-loading thread.
WARNING: WinFileSystem::getFileType: Accessing shaders/std_effects/material_helpers.fxh from non-loading thread.
WARNING: WinFileSystem::getFileType: Accessing shaders/std_effects/material_helpers.fxh from non-loading thread.
WARNING: WinFileSystem::getFileType: Accessing sky_light_map_helpers.fxh from non-loading thread.
WARNING: WinFileSystem::getFileType: Accessing sky_light_map_helpers.fxh from non-loading thread.
WARNING: WinFileSystem::getFileType: Accessing shaders/std_effects/sky_light_map_helpers.fxh from non-loading thread.
WARNING: WinFileSystem::getFileType: Accessing shaders/std_effects/sky_light_map_helpers.fxh from non-loading thread.
WARNING: WinFileSystem::getFileType: Accessing fresnel_helpers.fxh from non-loading thread.
WARNING: WinFileSystem::getFileType: Accessing fresnel_helpers.fxh from non-loading thread.
WARNING: WinFileSystem::getFileType: Accessing shaders/std_effects/fresnel_helpers.fxh from non-loading thread.
WARNING: WinFileSystem::getFileType: Accessing shaders/std_effects/fresnel_helpers.fxh from non-loading thread.
WARNING: WinFileSystem::getFileType: Accessing depth_helpers.fxh from non-loading thread.
WARNING: WinFileSystem::getFileType: Accessing depth_helpers.fxh from non-loading thread.
WARNING: WinFileSystem::getFileType: Accessing shaders/std_effects/depth_helpers.fxh from non-loading thread.
WARNING: WinFileSystem::getFileType: Accessing shaders/std_effects/depth_helpers.fxh from non-loading thread.
WARNING: WinFileSystem::getFileType: Accessing unskinned_effect_include.fxh from non-loading thread.
WARNING: WinFileSystem::getFileType: Accessing unskinned_effect_include.fxh from non-loading thread.
WARNING: WinFileSystem::getFileType: Accessing shaders/std_effects/unskinned_effect_include.fxh from non-loading thread.
WARNING: WinFileSystem::getFileType: Accessing shaders/std_effects/unskinned_effect_include.fxh from non-loading thread.
WARNING: WinFileSystem::getFileType: Accessing lightonly_normal.fxh from non-loading thread.
WARNING: WinFileSystem::getFileType: Accessing lightonly_normal.fxh from non-loading thread.
WARNING: WinFileSystem::getFileType: Accessing shaders/std_effects/lightonly_normal.fxh from non-loading thread.
WARNING: WinFileSystem::getFileType: Accessing shaders/std_effects/lightonly_normal.fxh from non-loading thread.
WARNING: WinFileSystem::getFileType: Accessing lightonly_2uv.fxh from non-loading thread.
WARNING: WinFileSystem::getFileType: Accessing lightonly_2uv.fxh from non-loading thread.
WARNING: WinFileSystem::getFileType: Accessing shaders/std_effects/lightonly_2uv.fxh from non-loading thread.
WARNING: WinFileSystem::getFileType: Accessing shaders/std_effects/lightonly_2uv.fxh from non-loading thread.
WARNING: WinFileSystem::getFileType: Accessing shader_combination_helpers.fxh from non-loading thread.
WARNING: WinFileSystem::getFileType: Accessing shader_combination_helpers.fxh from non-loading thread.
WARNING: WinFileSystem::getFileType: Accessing shaders/std_effects/shader_combination_helpers.fxh from non-loading thread.
WARNING: WinFileSystem::getFileType: Accessing shaders/std_effects/shader_combination_helpers.fxh from non-loading thread.
WARNING: WinFileSystem::getFileType: Accessing sets/vehicles/ref_spot6_falloff.bmp from non-loading thread.
WARNING: WinFileSystem::getFileType: Accessing sets/vehicles/ref_spot6_falloff.bmp from non-loading thread.
WARNING: WinFileSystem::getFileType: Accessing sets/vehicles/ref_spot6_falloff.texformat from non-loading thread.
WARNING: WinFileSystem::getFileType: Accessing sets/vehicles/ref_spot6_falloff.texformat from non-loading thread.
WARNING: WinFileSystem::getFileType: Accessing sets/vehicles/ref_spot6_falloff.dds from non-loading thread.
WARNING: WinFileSystem::getFileType: Accessing sets/vehicles/ref_spot6_falloff.bmp from non-loading thread.
WARNING: WinFileSystem::getFileType: Accessing sets/vehicles/ref_spot6_falloff.texformat from non-loading thread.
WARNING: WinFileSystem::getFileType: Accessing sets/vehicles/ref_spot6_falloff.texformat from non-loading thread.
WARNING: WinFileSystem::getFileType: Accessing sets/vehicles/ref_spot6_falloff.texformat from non-loading thread.
WARNING: WinFileSystem::getFileType: Accessing sets/vehicles/ref_spot6_falloff.texformat from non-loading thread.
WARNING: WinFileSystem::getFileType: Accessing sets/vehicles/ref_spot6_falloff.texanim from non-loading thread.
WARNING: WinFileSystem::getFileType: Accessing sets/vehicles/ref_spot6_falloff.texanim from non-loading thread.
WARNING: WinFileSystem::getFileType: Accessing sets/vehicles/ref_spot6_falloff.dds from non-loading thread.
WARNING: WinFileSystem::readFile: Accessing sets/vehicles/ref_spot6_falloff.dds from non-loading thread.
WARNING: WinFileSystem::getFileType: Accessing sets/vehicles/AFX_razflare.bmp from non-loading thread.
WARNING: WinFileSystem::getFileType: Accessing sets/vehicles/AFX_razflare.bmp from non-loading thread.
WARNING: WinFileSystem::getFileType: Accessing sets/vehicles/AFX_razflare.texformat from non-loading thread.
WARNING: WinFileSystem::getFileType: Accessing sets/vehicles/AFX_razflare.texformat from non-loading thread.
WARNING: WinFileSystem::getFileType: Accessing sets/vehicles/AFX_razflare.dds from non-loading thread.
WARNING: WinFileSystem::getFileType: Accessing sets/vehicles/AFX_razflare.bmp from non-loading thread.
WARNING: WinFileSystem::getFileType: Accessing sets/vehicles/AFX_razflare.texformat from non-loading thread.
WARNING: WinFileSystem::getFileType: Accessing sets/vehicles/AFX_razflare.texformat from non-loading thread.
WARNING: WinFileSystem::getFileType: Accessing sets/vehicles/AFX_razflare.texformat from non-loading thread.
WARNING: WinFileSystem::getFileType: Accessing sets/vehicles/AFX_razflare.texformat from non-loading thread.
WARNING: WinFileSystem::getFileType: Accessing sets/vehicles/AFX_razflare.texanim from non-loading thread.
WARNING: WinFileSystem::getFileType: Accessing sets/vehicles/AFX_razflare.texanim from non-loading thread.
WARNING: WinFileSystem::getFileType: Accessing sets/vehicles/AFX_razflare.dds from non-loading thread.
WARNING: WinFileSystem::readFile: Accessing sets/vehicles/AFX_razflare.dds from non-loading thread.
WARNING: WinFileSystem::getFileType: Accessing sets/vehicles/razor_flare_anim.animation from non-loading thread.
WARNING: WinFileSystem::getFileType: Accessing sets/vehicles/razor_flare_anim.animation from non-loading thread.
WARNING: WinFileSystem::getFileType: Accessing sets/vehicles/razor_flare_anim.animation from non-loading thread.
WARNING: WinFileSystem::getFileType: Accessing sets/vehicles/razor_flare_anim.animation from non-loading thread.
WARNING: WinFileSystem::getFileType: Accessing sets/vehicles/razor_flare_anim.animation from non-loading thread.
PlayerAvatar::onBecomePlayer
PlayerAvatar::onEnterWorld: begin
WARNING: WinFileSystem::getFileType: Accessing scripts/client/Item from non-loading thread.
WARNING: WinFileSystem::getFileType: Accessing scripts/client/Item from non-loading thread.
WARNING: WinFileSystem::getFileType: Accessing scripts/client/Item.py from non-loading thread.
WARNING: WinFileSystem::getFileType: Accessing scripts/client/Item.pyc from non-loading thread.
WARNING: WinFileSystem::getFileType: Accessing scripts/client/Item.pyd from non-loading thread.
WARNING: WinFileSystem::getFileType: Accessing scripts/client/Item.pyd from non-loading thread.
WARNING: WinFileSystem::getFileType: Accessing scripts/client/Item.py from non-loading thread.
WARNING: WinFileSystem::getFileType: Accessing scripts/client/Item.pyc from non-loading thread.
WARNING: WinFileSystem::readFile: Accessing scripts/client/Item.pyc from non-loading thread.
WARNING: WinFileSystem::getFileType: Accessing gui/minimap_icon.gui from non-loading thread.
WARNING: WinFileSystem::readFile: Accessing gui/minimap_icon.gui from non-loading thread.
PlayerAvatar::onEnterWorld: end
WARNING: WinFileSystem::getFileType: Accessing sets/vehicles/razor_flare_bsp.visual from non-loading thread.
WARNING: WinFileSystem::getFileType: Accessing sets/vehicles/razor_flare_bsp.visual from non-loading thread.
WARNING: WinFileSystem::getFileType: Accessing stdinclude.fxh from non-loading thread.
WARNING: WinFileSystem::getFileType: Accessing stdinclude.fxh from non-loading thread.
WARNING: WinFileSystem::getFileType: Accessing shaders/std_effects/stdinclude.fxh from non-loading thread.
WARNING: WinFileSystem::getFileType: Accessing shaders/std_effects/stdinclude.fxh from non-loading thread.
WARNING: WinFileSystem::getFileType: Accessing optinclude.fxh from non-loading thread.
WARNING: WinFileSystem::getFileType: Accessing optinclude.fxh from non-loading thread.
WARNING: WinFileSystem::getFileType: Accessing shaders/std_effects/optinclude.fxh from non-loading thread.
WARNING: WinFileSystem::getFileType: Accessing shaders/std_effects/optinclude.fxh from non-loading thread.
WARNING: WinFileSystem::getFileType: Accessing d3d_state_mirror.fxh from non-loading thread.
WARNING: WinFileSystem::getFileType: Accessing d3d_state_mirror.fxh from non-loading thread.
WARNING: WinFileSystem::getFileType: Accessing shaders/std_effects/d3d_state_mirror.fxh from non-loading thread.
WARNING: WinFileSystem::getFileType: Accessing shaders/std_effects/d3d_state_mirror.fxh from non-loading thread.
WARNING: WinFileSystem::getFileType: Accessing lighting_helpers.fxh from non-loading thread.
WARNING: WinFileSystem::getFileType: Accessing lighting_helpers.fxh from non-loading thread.
WARNING: WinFileSystem::getFileType: Accessing shaders/std_effects/lighting_helpers.fxh from non-loading thread.
WARNING: WinFileSystem::getFileType: Accessing shaders/std_effects/lighting_helpers.fxh from non-loading thread.
WARNING: WinFileSystem::getFileType: Accessing fog_helpers.fxh from non-loading thread.
WARNING: WinFileSystem::getFileType: Accessing fog_helpers.fxh from non-loading thread.
WARNING: WinFileSystem::getFileType: Accessing shaders/std_effects/fog_helpers.fxh from non-loading thread.
WARNING: WinFileSystem::getFileType: Accessing shaders/std_effects/fog_helpers.fxh from non-loading thread.
WARNING: WinFileSystem::getFileType: Accessing vertex_declarations.fxh from non-loading thread.
WARNING: WinFileSystem::getFileType: Accessing vertex_declarations.fxh from non-loading thread.
WARNING: WinFileSystem::getFileType: Accessing shaders/std_effects/vertex_declarations.fxh from non-loading thread.
WARNING: WinFileSystem::getFileType: Accessing shaders/std_effects/vertex_declarations.fxh from non-loading thread.
WARNING: WinFileSystem::getFileType: Accessing material_helpers.fxh from non-loading thread.
WARNING: WinFileSystem::getFileType: Accessing material_helpers.fxh from non-loading thread.
WARNING: WinFileSystem::getFileType: Accessing shaders/std_effects/material_helpers.fxh from non-loading thread.
WARNING: WinFileSystem::getFileType: Accessing shaders/std_effects/material_helpers.fxh from non-loading thread.
WARNING: WinFileSystem::getFileType: Accessing sky_light_map_helpers.fxh from non-loading thread.
WARNING: WinFileSystem::getFileType: Accessing sky_light_map_helpers.fxh from non-loading thread.
WARNING: WinFileSystem::getFileType: Accessing shaders/std_effects/sky_light_map_helpers.fxh from non-loading thread.
WARNING: WinFileSystem::getFileType: Accessing shaders/std_effects/sky_light_map_helpers.fxh from non-loading thread.
WARNING: WinFileSystem::getFileType: Accessing fresnel_helpers.fxh from non-loading thread.
WARNING: WinFileSystem::getFileType: Accessing fresnel_helpers.fxh from non-loading thread.
WARNING: WinFileSystem::getFileType: Accessing shaders/std_effects/fresnel_helpers.fxh from non-loading thread.
WARNING: WinFileSystem::getFileType: Accessing shaders/std_effects/fresnel_helpers.fxh from non-loading thread.
WARNING: WinFileSystem::getFileType: Accessing depth_helpers.fxh from non-loading thread.
WARNING: WinFileSystem::getFileType: Accessing depth_helpers.fxh from non-loading thread.
WARNING: WinFileSystem::getFileType: Accessing shaders/std_effects/depth_helpers.fxh from non-loading thread.
WARNING: WinFileSystem::getFileType: Accessing shaders/std_effects/depth_helpers.fxh from non-loading thread.
WARNING: WinFileSystem::getFileType: Accessing unskinned_effect_include.fxh from non-loading thread.
WARNING: WinFileSystem::getFileType: Accessing unskinned_effect_include.fxh from non-loading thread.
WARNING: WinFileSystem::getFileType: Accessing shaders/std_effects/unskinned_effect_include.fxh from non-loading thread.
WARNING: WinFileSystem::getFileType: Accessing shaders/std_effects/unskinned_effect_include.fxh from non-loading thread.
WARNING: WinFileSystem::getFileType: Accessing lightonly_normal.fxh from non-loading thread.
WARNING: WinFileSystem::getFileType: Accessing lightonly_normal.fxh from non-loading thread.
WARNING: WinFileSystem::getFileType: Accessing shaders/std_effects/lightonly_normal.fxh from non-loading thread.
WARNING: WinFileSystem::getFileType: Accessing shaders/std_effects/lightonly_normal.fxh from non-loading thread.
WARNING: WinFileSystem::getFileType: Accessing lightonly_2uv.fxh from non-loading thread.
WARNING: WinFileSystem::getFileType: Accessing lightonly_2uv.fxh from non-loading thread.
WARNING: WinFileSystem::getFileType: Accessing shaders/std_effects/lightonly_2uv.fxh from non-loading thread.
WARNING: WinFileSystem::getFileType: Accessing shaders/std_effects/lightonly_2uv.fxh from non-loading thread.
WARNING: WinFileSystem::getFileType: Accessing shader_combination_helpers.fxh from non-loading thread.
WARNING: WinFileSystem::getFileType: Accessing shader_combination_helpers.fxh from non-loading thread.
WARNING: WinFileSystem::getFileType: Accessing shaders/std_effects/shader_combination_helpers.fxh from non-loading thread.
WARNING: WinFileSystem::getFileType: Accessing shaders/std_effects/shader_combination_helpers.fxh from non-loading thread.
WARNING: WinFileSystem::getFileType: Accessing sets/vehicles/ref_spot6_falloff.bmp from non-loading thread.
WARNING: WinFileSystem::getFileType: Accessing sets/vehicles/ref_spot6_falloff.bmp from non-loading thread.
WARNING: WinFileSystem::getFileType: Accessing sets/vehicles/ref_spot6_falloff.texformat from non-loading thread.
WARNING: WinFileSystem::getFileType: Accessing sets/vehicles/ref_spot6_falloff.texformat from non-loading thread.
WARNING: WinFileSystem::getFileType: Accessing sets/vehicles/ref_spot6_falloff.dds from non-loading thread.
WARNING: WinFileSystem::getFileType: Accessing sets/vehicles/ref_spot6_falloff.bmp from non-loading thread.
WARNING: WinFileSystem::getFileType: Accessing sets/vehicles/ref_spot6_falloff.texformat from non-loading thread.
WARNING: WinFileSystem::getFileType: Accessing sets/vehicles/ref_spot6_falloff.texformat from non-loading thread.
WARNING: WinFileSystem::getFileType: Accessing sets/vehicles/ref_spot6_falloff.texformat from non-loading thread.
WARNING: WinFileSystem::getFileType: Accessing sets/vehicles/ref_spot6_falloff.texformat from non-loading thread.
WARNING: WinFileSystem::getFileType: Accessing sets/vehicles/ref_spot6_falloff.texanim from non-loading thread.
WARNING: WinFileSystem::getFileType: Accessing sets/vehicles/ref_spot6_falloff.texanim from non-loading thread.
WARNING: WinFileSystem::getFileType: Accessing sets/vehicles/AFX_razflare.bmp from non-loading thread.
WARNING: WinFileSystem::getFileType: Accessing sets/vehicles/AFX_razflare.bmp from non-loading thread.
WARNING: WinFileSystem::getFileType: Accessing sets/vehicles/AFX_razflare.texformat from non-loading thread.
WARNING: WinFileSystem::getFileType: Accessing sets/vehicles/AFX_razflare.texformat from non-loading thread.
WARNING: WinFileSystem::getFileType: Accessing sets/vehicles/AFX_razflare.dds from non-loading thread.
WARNING: WinFileSystem::getFileType: Accessing sets/vehicles/AFX_razflare.bmp from non-loading thread.
WARNING: WinFileSystem::getFileType: Accessing sets/vehicles/AFX_razflare.texformat from non-loading thread.
WARNING: WinFileSystem::getFileType: Accessing sets/vehicles/AFX_razflare.texformat from non-loading thread.
WARNING: WinFileSystem::getFileType: Accessing sets/vehicles/AFX_razflare.texformat from non-loading thread.
WARNING: WinFileSystem::getFileType: Accessing sets/vehicles/AFX_razflare.texformat from non-loading thread.
WARNING: WinFileSystem::getFileType: Accessing sets/vehicles/AFX_razflare.texanim from non-loading thread.
WARNING: WinFileSystem::getFileType: Accessing sets/vehicles/AFX_razflare.texanim from non-loading thread.
WARNING: WinFileSystem::getFileType: Accessing sets/vehicles/razor_flare_anim.animation from non-loading thread.
WARNING: WinFileSystem::getFileType: Accessing sets/vehicles/razor_flare_anim.animation from non-loading thread.
WARNING: WinFileSystem::getFileType: Accessing sets/vehicles/razor_flare_anim.animation from non-loading thread.
WARNING: WinFileSystem::getFileType: Accessing sets/vehicles/razor_flare_anim.animation from non-loading thread.
WARNING: WinFileSystem::getFileType: Accessing sets/vehicles/razor_flare_anim.animation from non-loading thread.
PostProcessing.fini()
RenderTargets.fini()
PostProcessing.Phases.fini()
\--------------------------------------------------------------------------------/
